# using desi_quicklya.py -v --ab-magnitude r=23 --total-exptime 1000 --nexp 1 --prefix spec-civ
# run by abault
# on 2025-10-24
# Lyman-alpha forest S/N per Ang for mean quasar with mean forest
# INFILE= /global/cfs/cdirs/desi/users/abault/bao-civ-qso/forecast/spec-civ.dat
# BAND= r
# MAG= 21.25
# EXPTIME= 1000.0
# NEXP= 1
#
# Wave SN(z=1.4291666666666667) SN(z=1.4874999999999998) SN(z=1.5458333333333334) SN(z=1.6041666666666665) SN(z=1.6625) SN(z=1.7208333333333332) SN(z=1.7791666666666668) SN(z=1.8375) SN(z=1.8958333333333335) SN(z=1.9541666666666666) SN(z=2.0125) SN(z=2.0708333333333337)
  3569.45      0.00      0.00      0.00      0.00      0.00      0.00      0.00      0.00      0.00      0.00      0.00      0.00
  3570.45      0.00      0.00      0.00      0.00      0.00      0.00      0.00      0.00      0.00      0.00      0.00      0.00
  3571.45      0.00      0.00      0.00      0.00      0.00      0.00      0.00      0.00      0.00      0.00      0.00      0.00
  3572.45      0.00      0.00      0.00      0.00      0.00      0.00      0.00      0.00      0.00      0.00      0.00      0.00
  3573.45      0.00      0.00      0.00      0.00      0.00      0.00      0.00      0.00      0.00      0.00      0.00      0.00
  3574.45      0.00      0.00      0.00      0.00      0.00      0.00      0.00      0.00      0.00      0.00      0.00      0.00
  3575.45      0.00      0.00      0.00      0.00      0.00      0.00      0.00      0.00      0.00      0.00      0.00      0.00
  3576.45      0.00      0.00      0.00      0.00      0.00      0.00      0.00      0.00      0.00      0.00      0.00      0.00
  3577.45      0.00      0.00      0.00      0.00      0.00      0.00      0.00      0.00      0.00      0.00      0.00      0.00
  3578.45      0.00      0.00      0.00      0.00      0.00      0.00      0.00      0.00      0.00      0.00      0.00      0.00
  3579.45      0.00      0.00      0.00      0.00      0.00      0.00      0.00      0.00      0.00      0.00      0.00      0.00
  3580.45      0.00      0.00      0.00      0.00      0.00      0.00      0.00      0.00      0.00      0.00      0.00      0.00
  3581.45      0.00      0.00      0.00      0.00      0.00      0.00      0.00      0.00      0.00      0.00      0.00      0.00
  3582.45      0.00      0.00      0.00      0.00      0.00      0.00      0.00      0.00      0.00      0.00      0.00      0.00
  3583.45      0.00      0.00      0.00      0.00      0.00      0.00      0.00      0.00      0.00      0.00      0.00      0.00
  3584.45      0.00      0.00      0.00      0.00      0.00      0.00      0.00      0.00      0.00      0.00      0.00      0.00
  3585.45      0.00      0.00      0.00      0.00      0.00      0.00      0.00      0.00      0.00      0.00      0.00      0.00
  3586.45      0.00      0.00      0.00      0.00      0.00      0.00      0.00      0.00      0.00      0.00      0.00      0.00
  3587.45      0.00      0.00      0.00      0.00      0.00      0.00      0.00      0.00      0.00      0.00      0.00      0.00
  3588.45      0.00      0.00      0.00      0.00      0.00      0.00      0.00      0.00      0.00      0.00      0.00      0.00
  3589.45      0.00      0.00      0.00      0.00      0.00      0.00      0.00      0.00      0.00      0.00      0.00      0.00
  3590.45      0.00      0.00      0.00      0.00      0.00      0.00      0.00      0.00      0.00      0.00      0.00      0.00
  3591.45      0.00      0.00      0.00      0.00      0.00      0.00      0.00      0.00      0.00      0.00      0.00      0.00
  3592.45      0.00      0.00      0.00      0.00      0.00      0.00      0.00      0.00      0.00      0.00      0.00      0.00
  3593.45      0.00      0.00      0.00      0.00      0.00      0.00      0.00      0.00      0.00      0.00      0.00      0.00
  3594.45      0.00      0.00      0.00      0.00      0.00      0.00      0.00      0.00      0.00      0.00      0.00      0.00
  3595.45      0.00      0.00      0.00      0.00      0.00      0.00      0.00      0.00      0.00      0.00      0.00      0.00
  3596.45      0.00      0.00      0.00      0.00      0.00      0.00      0.00      0.00      0.00      0.00      0.00      0.00
  3597.45      0.00      0.00      0.00      0.00      0.00      0.00      0.00      0.00      0.00      0.00      0.00      0.00
  3598.45      0.00      0.00      0.00      0.00      0.00      0.00      0.00      0.00      0.01      0.01      0.01      0.00
  3599.45      0.03      0.03      0.04      0.04      0.03      0.03      0.04      0.04      0.06      0.10      0.05      0.03
  3600.45      0.09      0.09      0.10      0.10      0.09      0.09      0.10      0.11      0.16      0.28      0.14      0.09
  3601.45      0.12      0.12      0.13      0.13      0.12      0.12      0.13      0.14      0.21      0.36      0.18      0.12
  3602.45      0.12      0.12      0.13      0.14      0.12      0.12      0.14      0.14      0.21      0.36      0.18      0.12
  3603.45      0.12      0.12      0.13      0.14      0.12      0.12      0.14      0.15      0.21      0.35      0.19      0.12
  3604.45      0.12      0.12      0.13      0.14      0.12      0.12      0.14      0.15      0.21      0.35      0.19      0.13
  3605.45      0.13      0.12      0.13      0.14      0.13      0.13      0.14      0.15      0.22      0.35      0.20      0.13
  3606.45      0.13      0.12      0.14      0.15      0.13      0.13      0.14      0.15      0.22      0.35      0.20      0.13
  3607.45      0.13      0.12      0.14      0.15      0.13      0.13      0.15      0.15      0.21      0.34      0.20      0.13
  3608.45      0.13      0.12      0.14      0.15      0.13      0.13      0.15      0.15      0.21      0.34      0.20      0.13
  3609.45      0.13      0.13      0.14      0.16      0.13      0.14      0.15      0.15      0.22      0.34      0.21      0.14
  3610.45      0.14      0.13      0.14      0.16      0.13      0.14      0.15      0.15      0.22      0.34      0.22      0.14
  3611.45      0.13      0.13      0.14      0.16      0.13      0.14      0.15      0.15      0.21      0.33      0.22      0.14
  3612.45      0.13      0.13      0.14      0.16      0.13      0.14      0.15      0.15      0.21      0.33      0.22      0.14
  3613.45      0.13      0.13      0.14      0.16      0.14      0.14      0.15      0.15      0.21      0.32      0.23      0.14
  3614.45      0.14      0.13      0.15      0.17      0.14      0.14      0.16      0.15      0.21      0.33      0.24      0.15
  3615.45      0.14      0.13      0.14      0.17      0.14      0.14      0.16      0.15      0.21      0.32      0.24      0.15
  3616.45      0.13      0.13      0.13      0.16      0.13      0.14      0.15      0.14      0.20      0.30      0.22      0.14
  3617.45      0.13      0.12      0.13      0.15      0.13      0.13      0.14      0.14      0.19      0.29      0.22      0.13
  3618.45      0.13      0.13      0.13      0.16      0.13      0.13      0.15      0.14      0.19      0.29      0.23      0.14
  3619.45      0.14      0.13      0.14      0.17      0.13      0.14      0.16      0.15      0.20      0.30      0.24      0.14
  3620.45      0.14      0.13      0.14      0.17      0.14      0.15      0.16      0.15      0.20      0.30      0.25      0.15
  3621.45      0.14      0.13      0.14      0.17      0.14      0.15      0.16      0.15      0.20      0.30      0.25      0.15
  3622.45      0.14      0.13      0.14      0.17      0.14      0.15      0.16      0.15      0.20      0.30      0.26      0.15
  3623.45      0.14      0.13      0.14      0.17      0.14      0.14      0.16      0.15      0.20      0.29      0.26      0.15
  3624.45      0.14      0.13      0.14      0.17      0.14      0.15      0.16      0.15      0.20      0.29      0.26      0.15
  3625.45      0.14      0.13      0.14      0.17      0.14      0.15      0.16      0.15      0.20      0.29      0.27      0.15
  3626.45      0.14      0.13      0.14      0.18      0.14      0.15      0.16      0.15      0.20      0.29      0.27      0.15
  3627.45      0.14      0.13      0.14      0.18      0.14      0.15      0.16      0.15      0.20      0.29      0.28      0.15
  3628.45      0.14      0.14      0.14      0.18      0.14      0.15      0.16      0.15      0.20      0.29      0.28      0.16
  3629.45      0.15      0.14      0.15      0.18      0.14      0.15      0.17      0.16      0.20      0.29      0.29      0.16
  3630.45      0.15      0.14      0.15      0.18      0.14      0.15      0.17      0.16      0.20      0.29      0.30      0.16
  3631.45      0.15      0.14      0.15      0.18      0.15      0.15      0.17      0.16      0.20      0.29      0.30      0.16
  3632.45      0.15      0.14      0.15      0.19      0.15      0.16      0.17      0.16      0.20      0.29      0.31      0.17
  3633.45      0.15      0.14      0.15      0.19      0.15      0.16      0.17      0.16      0.20      0.29      0.32      0.16
  3634.45      0.15      0.14      0.15      0.19      0.15      0.15      0.17      0.16      0.20      0.29      0.32      0.16
  3635.45      0.15      0.14      0.14      0.18      0.14      0.15      0.16      0.15      0.20      0.28      0.32      0.16
  3636.45      0.14      0.14      0.14      0.18      0.14      0.15      0.16      0.15      0.19      0.28      0.32      0.16
  3637.45      0.15      0.14      0.14      0.18      0.15      0.15      0.16      0.16      0.19      0.28      0.33      0.16
  3638.45      0.15      0.14      0.15      0.19      0.15      0.16      0.17      0.16      0.20      0.29      0.35      0.17
  3639.45      0.15      0.15      0.15      0.20      0.15      0.16      0.17      0.16      0.20      0.30      0.36      0.17
  3640.45      0.16      0.15      0.16      0.20      0.16      0.17      0.17      0.17      0.21      0.30      0.37      0.18
  3641.45      0.16      0.15      0.16      0.20      0.16      0.16      0.17      0.17      0.21      0.30      0.38      0.18
  3642.45      0.16      0.15      0.15      0.20      0.16      0.16      0.17      0.17      0.20      0.30      0.39      0.18
  3643.45      0.16      0.15      0.15      0.20      0.16      0.16      0.17      0.17      0.21      0.30      0.40      0.18
  3644.45      0.17      0.16      0.16      0.21      0.16      0.17      0.18      0.17      0.21      0.31      0.42      0.19
  3645.45      0.17      0.16      0.17      0.21      0.17      0.18      0.19      0.18      0.22      0.32      0.44      0.20
  3646.45      0.17      0.16      0.17      0.21      0.17      0.18      0.18      0.18      0.22      0.32      0.45      0.20
  3647.45      0.18      0.17      0.17      0.22      0.17      0.18      0.18      0.18      0.22      0.33      0.47      0.20
  3648.45      0.18      0.17      0.17      0.22      0.18      0.19      0.19      0.19      0.23      0.34      0.50      0.21
  3649.45      0.18      0.17      0.17      0.22      0.18      0.18      0.19      0.18      0.23      0.34      0.51      0.21
  3650.45      0.18      0.17      0.17      0.22      0.18      0.18      0.19      0.18      0.22      0.33      0.52      0.21
  3651.45      0.18      0.17      0.17      0.22      0.18      0.18      0.19      0.19      0.22      0.34      0.54      0.22
  3652.45      0.19      0.18      0.18      0.23      0.18      0.19      0.20      0.19      0.23      0.34      0.56      0.22
  3653.45      0.19      0.18      0.18      0.23      0.19      0.19      0.19      0.19      0.23      0.35      0.57      0.23
  3654.45      0.19      0.18      0.18      0.23      0.19      0.19      0.19      0.19      0.23      0.35      0.58      0.23
  3655.45      0.19      0.17      0.18      0.22      0.18      0.18      0.19      0.19      0.22      0.34      0.58      0.23
  3656.45      0.19      0.18      0.18      0.22      0.18      0.18      0.19      0.19      0.23      0.35      0.59      0.23
  3657.45      0.19      0.18      0.18      0.22      0.19      0.18      0.19      0.19      0.23      0.35      0.60      0.23
  3658.45      0.19      0.18      0.18      0.22      0.19      0.18      0.19      0.19      0.23      0.34      0.60      0.23
  3659.45      0.19      0.18      0.18      0.22      0.19      0.18      0.19      0.19      0.22      0.34      0.61      0.23
  3660.45      0.19      0.18      0.18      0.22      0.19      0.18      0.19      0.19      0.23      0.34      0.61      0.24
  3661.45      0.19      0.18      0.18      0.22      0.19      0.19      0.19      0.20      0.23      0.35      0.62      0.24
  3662.45      0.20      0.18      0.18      0.22      0.20      0.19      0.19      0.20      0.23      0.35      0.62      0.25
  3663.45      0.20      0.18      0.18      0.22      0.19      0.19      0.19      0.20      0.23      0.35      0.62      0.25
  3664.45      0.20      0.18      0.18      0.22      0.20      0.19      0.19      0.20      0.23      0.35      0.62      0.25
  3665.45      0.20      0.19      0.19      0.22      0.20      0.19      0.20      0.20      0.23      0.35      0.63      0.26
  3666.45      0.21      0.19      0.19      0.23      0.20      0.20      0.20      0.21      0.24      0.35      0.64      0.26
  3667.45      0.21      0.19      0.19      0.23      0.21      0.20      0.21      0.21      0.24      0.36      0.65      0.27
  3668.45      0.22      0.20      0.20      0.24      0.21      0.21      0.21      0.22      0.25      0.37      0.66      0.28
  3669.45      0.22      0.20      0.20      0.24      0.22      0.21      0.21      0.22      0.24      0.37      0.65      0.29
  3670.45      0.22      0.20      0.20      0.24      0.22      0.21      0.21      0.22      0.24      0.36      0.64      0.29
  3671.45      0.22      0.20      0.20      0.24      0.22      0.21      0.22      0.22      0.24      0.36      0.63      0.29
  3672.45      0.23      0.21      0.20      0.24      0.22      0.21      0.22      0.23      0.24      0.36      0.62      0.29
  3673.45      0.23      0.21      0.20      0.24      0.23      0.21      0.22      0.23      0.25      0.36      0.62      0.30
  3674.45      0.23      0.21      0.21      0.24      0.23      0.22      0.22      0.23      0.25      0.37      0.61      0.31
  3675.45      0.24      0.22      0.21      0.24      0.23      0.22      0.23      0.24      0.25      0.37      0.60      0.32
  3676.45      0.24      0.22      0.21      0.24      0.24      0.22      0.23      0.24      0.25      0.37      0.59      0.32
  3677.45      0.24      0.22      0.21      0.24      0.24      0.22      0.23      0.24      0.25      0.37      0.59      0.33
  3678.45      0.25      0.23      0.22      0.25      0.24      0.23      0.24      0.25      0.26      0.37      0.59      0.34
  3679.45      0.25      0.23      0.22      0.25      0.25      0.23      0.24      0.25      0.26      0.37      0.58      0.34
  3680.45      0.26      0.23      0.22      0.25      0.25      0.23      0.24      0.26      0.26      0.37      0.58      0.36
  3681.45      0.26      0.24      0.23      0.26      0.26      0.24      0.25      0.26      0.27      0.38      0.58      0.37
  3682.45      0.27      0.24      0.23      0.26      0.26      0.24      0.25      0.26      0.26      0.37      0.57      0.37
  3683.45      0.26      0.23      0.22      0.25      0.26      0.24      0.25      0.26      0.26      0.36      0.56      0.37
  3684.45      0.26      0.23      0.22      0.25      0.25      0.23      0.24      0.26      0.26      0.35      0.54      0.36
  3685.45      0.27      0.24      0.22      0.25      0.26      0.24      0.25      0.26      0.26      0.36      0.54      0.38
  3686.45      0.28      0.25      0.23      0.26      0.28      0.25      0.26      0.27      0.27      0.37      0.56      0.40
  3687.45      0.28      0.25      0.24      0.27      0.28      0.26      0.26      0.28      0.27      0.38      0.56      0.41
  3688.45      0.29      0.25      0.24      0.27      0.28      0.25      0.26      0.28      0.27      0.37      0.55      0.41
  3689.45      0.29      0.25      0.24      0.27      0.28      0.25      0.27      0.28      0.27      0.37      0.54      0.42
  3690.45      0.29      0.25      0.24      0.26      0.28      0.25      0.26      0.28      0.27      0.36      0.54      0.42
  3691.45      0.29      0.25      0.23      0.26      0.28      0.25      0.26      0.28      0.27      0.36      0.53      0.42
  3692.45      0.29      0.25      0.24      0.26      0.28      0.25      0.26      0.28      0.27      0.36      0.52      0.43
  3693.45      0.30      0.25      0.24      0.26      0.29      0.26      0.27      0.28      0.27      0.36      0.52      0.45
  3694.45      0.30      0.26      0.24      0.27      0.29      0.26      0.27      0.29      0.27      0.36      0.52      0.45
  3695.45      0.30      0.26      0.24      0.27      0.30      0.26      0.27      0.29      0.27      0.36      0.52      0.46
  3696.45      0.31      0.26      0.25      0.27      0.30      0.26      0.27      0.29      0.27      0.36      0.52      0.46
  3697.45      0.31      0.26      0.24      0.27      0.30      0.26      0.27      0.29      0.27      0.35      0.52      0.47
  3698.45      0.30      0.25      0.23      0.26      0.29      0.25      0.26      0.28      0.26      0.34      0.49      0.45
  3699.45      0.29      0.24      0.22      0.24      0.28      0.24      0.25      0.27      0.25      0.32      0.47      0.44
  3700.45      0.29      0.24      0.22      0.24      0.28      0.24      0.25      0.27      0.25      0.32      0.46      0.45
  3701.45      0.29      0.24      0.22      0.24      0.28      0.24      0.26      0.27      0.25      0.32      0.46      0.46
  3702.45      0.30      0.24      0.23      0.25      0.29      0.24      0.26      0.27      0.26      0.32      0.47      0.47
  3703.45      0.30      0.25      0.23      0.25      0.29      0.24      0.26      0.27      0.26      0.33      0.47      0.48
  3704.45      0.31      0.25      0.23      0.25      0.29      0.25      0.26      0.27      0.26      0.33      0.47      0.50
  3705.45      0.31      0.25      0.23      0.25      0.30      0.25      0.27      0.28      0.26      0.33      0.48      0.51
  3706.45      0.32      0.26      0.24      0.26      0.31      0.26      0.27      0.29      0.27      0.34      0.49      0.53
  3707.45      0.33      0.26      0.25      0.26      0.32      0.26      0.28      0.29      0.27      0.34      0.50      0.55
  3708.45      0.34      0.26      0.25      0.26      0.32      0.27      0.28      0.29      0.27      0.34      0.50      0.55
  3709.45      0.34      0.27      0.25      0.27      0.32      0.27      0.28      0.30      0.28      0.35      0.50      0.57
  3710.45      0.35      0.27      0.25      0.27      0.32      0.27      0.29      0.30      0.28      0.35      0.50      0.58
  3711.45      0.34      0.26      0.25      0.27      0.32      0.27      0.28      0.29      0.27      0.34      0.50      0.59
  3712.45      0.35      0.26      0.25      0.26      0.32      0.27      0.28      0.29      0.27      0.34      0.49      0.59
  3713.45      0.35      0.26      0.24      0.26      0.32      0.26      0.28      0.29      0.27      0.33      0.48      0.60
  3714.45      0.34      0.26      0.24      0.26      0.32      0.26      0.27      0.28      0.27      0.33      0.48      0.60
  3715.45      0.36      0.27      0.25      0.27      0.33      0.27      0.28      0.29      0.28      0.33      0.50      0.64
  3716.45      0.38      0.28      0.26      0.28      0.34      0.28      0.30      0.30      0.29      0.35      0.51      0.68
  3717.45      0.39      0.29      0.27      0.28      0.35      0.29      0.30      0.31      0.30      0.36      0.53      0.71
  3718.45      0.39      0.29      0.27      0.28      0.35      0.29      0.31      0.31      0.30      0.36      0.53      0.73
  3719.45      0.40      0.29      0.28      0.29      0.36      0.30      0.31      0.31      0.30      0.36      0.54      0.76
  3720.45      0.42      0.30      0.29      0.30      0.37      0.31      0.32      0.32      0.31      0.38      0.56      0.81
  3721.45      0.43      0.31      0.29      0.30      0.38      0.32      0.33      0.33      0.32      0.39      0.58      0.85
  3722.45      0.44      0.32      0.30      0.31      0.38      0.32      0.33      0.34      0.32      0.39      0.58      0.88
  3723.45      0.44      0.31      0.29      0.30      0.37      0.31      0.32      0.33      0.32      0.38      0.57      0.88
  3724.45      0.44      0.31      0.29      0.30      0.37      0.31      0.32      0.32      0.32      0.38      0.57      0.89
  3725.45      0.45      0.31      0.29      0.30      0.38      0.32      0.32      0.32      0.32      0.38      0.57      0.90
  3726.45      0.43      0.30      0.27      0.29      0.36      0.30      0.31      0.31      0.30      0.36      0.55      0.87
  3727.45      0.43      0.29      0.27      0.28      0.35      0.30      0.30      0.30      0.30      0.35      0.54      0.87
  3728.45      0.46      0.31      0.29      0.30      0.37      0.31      0.32      0.32      0.31      0.37      0.56      0.92
  3729.45      0.45      0.30      0.28      0.29      0.36      0.30      0.31      0.31      0.30      0.36      0.55      0.90
  3730.45      0.45      0.30      0.27      0.28      0.36      0.30      0.31      0.30      0.30      0.35      0.54      0.89
  3731.45      0.47      0.31      0.28      0.29      0.37      0.31      0.31      0.31      0.31      0.36      0.55      0.92
  3732.45      0.47      0.30      0.28      0.29      0.36      0.30      0.31      0.31      0.31      0.36      0.55      0.91
  3733.45      0.49      0.31      0.29      0.30      0.37      0.31      0.32      0.31      0.31      0.36      0.56      0.94
  3734.45      0.52      0.33      0.30      0.31      0.39      0.33      0.33      0.33      0.33      0.38      0.59      0.99
  3735.45      0.55      0.35      0.32      0.33      0.41      0.35      0.35      0.35      0.35      0.40      0.62      1.03
  3736.45      0.57      0.36      0.33      0.34      0.41      0.36      0.36      0.36      0.36      0.41      0.63      1.05
  3737.45      0.56      0.35      0.32      0.33      0.40      0.35      0.35      0.35      0.35      0.40      0.61      1.03
  3738.45      0.54      0.33      0.31      0.31      0.38      0.33      0.33      0.33      0.33      0.38      0.58      0.97
  3739.45      0.53      0.32      0.29      0.30      0.36      0.32      0.32      0.31      0.32      0.36      0.55      0.93
  3740.45      0.53      0.32      0.29      0.30      0.36      0.32      0.32      0.31      0.32      0.36      0.55      0.91
  3741.45      0.55      0.32      0.30      0.30      0.37      0.32      0.33      0.32      0.33      0.36      0.55      0.92
  3742.45      0.57      0.33      0.30      0.31      0.37      0.33      0.33      0.32      0.34      0.37      0.56      0.92
  3743.45      0.59      0.34      0.31      0.32      0.38      0.34      0.34      0.33      0.35      0.38      0.57      0.92
  3744.45      0.60      0.35      0.32      0.32      0.38      0.35      0.34      0.34      0.35      0.38      0.57      0.91
  3745.45      0.62      0.35      0.32      0.33      0.39      0.36      0.35      0.35      0.35      0.39      0.57      0.90
  3746.45      0.63      0.36      0.32      0.33      0.39      0.36      0.35      0.35      0.36      0.39      0.58      0.89
  3747.45      0.63      0.35      0.32      0.33      0.39      0.36      0.35      0.35      0.36      0.38      0.56      0.86
  3748.45      0.67      0.37      0.34      0.34      0.40      0.38      0.36      0.36      0.37      0.40      0.59      0.89
  3749.45      0.71      0.39      0.36      0.36      0.43      0.40      0.39      0.38      0.40      0.42      0.62      0.92
  3750.45      0.70      0.39      0.35      0.35      0.41      0.40      0.38      0.38      0.39      0.41      0.60      0.88
  3751.45      0.68      0.37      0.34      0.34      0.39      0.38      0.36      0.36      0.38      0.39      0.57      0.83
  3752.45      0.71      0.39      0.35      0.35      0.40      0.39      0.37      0.37      0.39      0.40      0.58      0.84
  3753.45      0.73      0.40      0.36      0.36      0.41      0.40      0.38      0.38      0.40      0.41      0.59      0.84
  3754.45      0.71      0.39      0.35      0.35      0.40      0.39      0.37      0.37      0.39      0.40      0.56      0.81
  3755.45      0.67      0.36      0.32      0.32      0.37      0.37      0.35      0.34      0.36      0.37      0.52      0.74
  3756.45      0.67      0.36      0.33      0.32      0.37      0.37      0.35      0.34      0.36      0.37      0.52      0.73
  3757.45      0.71      0.39      0.35      0.35      0.39      0.39      0.37      0.37      0.39      0.39      0.54      0.77
  3758.45      0.76      0.41      0.37      0.37      0.41      0.42      0.39      0.39      0.41      0.42      0.57      0.80
  3759.45      0.76      0.42      0.37      0.37      0.41      0.42      0.39      0.39      0.41      0.42      0.57      0.80
  3760.45      0.74      0.40      0.36      0.36      0.40      0.41      0.38      0.38      0.40      0.40      0.55      0.77
  3761.45      0.74      0.41      0.37      0.36      0.40      0.41      0.38      0.39      0.40      0.40      0.55      0.76
  3762.45      0.75      0.42      0.38      0.37      0.41      0.43      0.39      0.40      0.42      0.41      0.56      0.77
  3763.45      0.76      0.43      0.38      0.37      0.41      0.43      0.40      0.40      0.43      0.41      0.56      0.77
  3764.45      0.76      0.43      0.38      0.37      0.41      0.43      0.40      0.40      0.43      0.41      0.55      0.77
  3765.45      0.75      0.42      0.38      0.37      0.40      0.43      0.39      0.40      0.42      0.41      0.54      0.75
  3766.45      0.75      0.43      0.39      0.37      0.41      0.44      0.40      0.40      0.43      0.41      0.55      0.75
  3767.45      0.76      0.44      0.39      0.38      0.41      0.45      0.41      0.41      0.44      0.42      0.55      0.76
  3768.45      0.77      0.45      0.40      0.39      0.42      0.46      0.42      0.42      0.45      0.43      0.57      0.77
  3769.45      0.77      0.46      0.41      0.39      0.43      0.47      0.42      0.43      0.46      0.44      0.57      0.78
  3770.45      0.77      0.46      0.41      0.40      0.43      0.47      0.43      0.44      0.46      0.44      0.57      0.78
  3771.45      0.75      0.46      0.40      0.39      0.42      0.46      0.42      0.43      0.45      0.43      0.55      0.76
  3772.45      0.70      0.43      0.38      0.36      0.39      0.44      0.39      0.40      0.42      0.40      0.52      0.71
  3773.45      0.66      0.41      0.36      0.34      0.37      0.42      0.37      0.38      0.40      0.37      0.48      0.67
  3774.45      0.64      0.40      0.35      0.34      0.36      0.41      0.36      0.38      0.39      0.37      0.47      0.66
  3775.45      0.64      0.41      0.35      0.34      0.36      0.41      0.37      0.38      0.40      0.37      0.47      0.65
  3776.45      0.63      0.41      0.36      0.34      0.36      0.42      0.37      0.38      0.40      0.37      0.47      0.65
  3777.45      0.64      0.42      0.37      0.35      0.37      0.43      0.38      0.39      0.40      0.38      0.48      0.67
  3778.45      0.63      0.42      0.37      0.35      0.37      0.43      0.37      0.39      0.40      0.38      0.48      0.66
  3779.45      0.64      0.44      0.38      0.35      0.38      0.44      0.38      0.40      0.41      0.39      0.49      0.68
  3780.45      0.65      0.45      0.39      0.36      0.39      0.46      0.40      0.41      0.43      0.40      0.51      0.70
  3781.45      0.64      0.45      0.39      0.37      0.39      0.46      0.40      0.41      0.43      0.40      0.51      0.70
  3782.45      0.64      0.46      0.39      0.37      0.39      0.47      0.40      0.41      0.43      0.40      0.50      0.70
  3783.45      0.63      0.46      0.39      0.37      0.39      0.47      0.40      0.42      0.43      0.40      0.50      0.70
  3784.45      0.59      0.44      0.37      0.35      0.37      0.45      0.38      0.39      0.40      0.38      0.47      0.66
  3785.45      0.57      0.44      0.36      0.35      0.36      0.44      0.38      0.39      0.40      0.37      0.46      0.65
  3786.45      0.61      0.46      0.39      0.37      0.39      0.47      0.40      0.42      0.42      0.39      0.49      0.69
  3787.45      0.64      0.50      0.42      0.39      0.42      0.51      0.43      0.45      0.45      0.43      0.53      0.74
  3788.45      0.66      0.53      0.44      0.41      0.43      0.53      0.45      0.46      0.47      0.45      0.55      0.77
  3789.45      0.66      0.54      0.44      0.42      0.44      0.54      0.46      0.47      0.48      0.45      0.55      0.79
  3790.45      0.64      0.53      0.43      0.41      0.42      0.53      0.44      0.46      0.47      0.44      0.54      0.77
  3791.45      0.61      0.51      0.41      0.39      0.41      0.51      0.43      0.44      0.44      0.42      0.52      0.74
  3792.45      0.60      0.51      0.41      0.39      0.40      0.50      0.42      0.43      0.44      0.41      0.51      0.73
  3793.45      0.60      0.52      0.41      0.39      0.41      0.51      0.43      0.44      0.44      0.42      0.51      0.73
  3794.45      0.60      0.53      0.42      0.40      0.41      0.51      0.44      0.45      0.45      0.43      0.52      0.75
  3795.45      0.59      0.53      0.42      0.40      0.41      0.51      0.44      0.45      0.45      0.43      0.52      0.75
  3796.45      0.59      0.54      0.42      0.40      0.41      0.52      0.44      0.45      0.45      0.43      0.52      0.75
  3797.45      0.60      0.56      0.43      0.41      0.43      0.54      0.46      0.46      0.46      0.44      0.53      0.77
  3798.45      0.63      0.59      0.46      0.43      0.45      0.57      0.48      0.48      0.48      0.47      0.56      0.81
  3799.45      0.65      0.62      0.48      0.45      0.46      0.59      0.50      0.50      0.50      0.48      0.58      0.84
  3800.45      0.64      0.62      0.47      0.45      0.46      0.59      0.49      0.50      0.50      0.48      0.57      0.83
  3801.45      0.61      0.60      0.45      0.43      0.44      0.56      0.47      0.48      0.47      0.46      0.54      0.80
  3802.45      0.59      0.59      0.44      0.42      0.43      0.55      0.46      0.47      0.46      0.45      0.53      0.78
  3803.45      0.57      0.58      0.43      0.41      0.41      0.54      0.45      0.45      0.45      0.44      0.52      0.76
  3804.45      0.54      0.56      0.41      0.39      0.39      0.51      0.43      0.43      0.43      0.42      0.49      0.73
  3805.45      0.55      0.57      0.42      0.40      0.40      0.52      0.44      0.43      0.43      0.43      0.50      0.74
  3806.45      0.57      0.60      0.44      0.42      0.42      0.55      0.46      0.45      0.45      0.45      0.52      0.77
  3807.45      0.59      0.63      0.46      0.43      0.44      0.57      0.47      0.47      0.46      0.46      0.54      0.79
  3808.45      0.59      0.64      0.46      0.44      0.44      0.57      0.48      0.48      0.47      0.47      0.54      0.80
  3809.45      0.58      0.64      0.46      0.43      0.44      0.56      0.47      0.47      0.46      0.47      0.53      0.78
  3810.45      0.56      0.63      0.45      0.42      0.43      0.55      0.46      0.46      0.45      0.46      0.52      0.76
  3811.45      0.57      0.65      0.45      0.43      0.43      0.55      0.47      0.46      0.46      0.46      0.52      0.76
  3812.45      0.58      0.67      0.46      0.44      0.44      0.57      0.48      0.48      0.47      0.47      0.54      0.78
  3813.45      0.56      0.66      0.45      0.42      0.42      0.55      0.47      0.46      0.45      0.46      0.51      0.75
  3814.45      0.53      0.64      0.43      0.41      0.41      0.52      0.45      0.44      0.43      0.44      0.49      0.72
  3815.45      0.54      0.65      0.44      0.41      0.41      0.53      0.46      0.44      0.44      0.44      0.50      0.72
  3816.45      0.55      0.68      0.46      0.42      0.43      0.55      0.48      0.46      0.45      0.46      0.51      0.74
  3817.45      0.56      0.69      0.46      0.43      0.44      0.55      0.48      0.47      0.46      0.46      0.52      0.74
  3818.45      0.54      0.68      0.45      0.42      0.42      0.54      0.47      0.45      0.45      0.45      0.51      0.72
  3819.45      0.53      0.68      0.44      0.41      0.41      0.52      0.46      0.45      0.44      0.45      0.49      0.70
  3820.45      0.55      0.71      0.47      0.43      0.43      0.55      0.49      0.47      0.46      0.47      0.51      0.72
  3821.45      0.58      0.76      0.49      0.46      0.46      0.58      0.52      0.49      0.48      0.50      0.54      0.76
  3822.45      0.58      0.78      0.50      0.47      0.47      0.58      0.52      0.50      0.49      0.50      0.55      0.76
  3823.45      0.59      0.79      0.51      0.47      0.47      0.59      0.53      0.51      0.49      0.51      0.55      0.76
  3824.45      0.60      0.82      0.52      0.48      0.48      0.60      0.54      0.52      0.51      0.52      0.56      0.77
  3825.45      0.61      0.86      0.54      0.50      0.49      0.62      0.56      0.53      0.52      0.54      0.58      0.78
  3826.45      0.62      0.88      0.55      0.51      0.50      0.63      0.57      0.54      0.53      0.55      0.59      0.79
  3827.45      0.61      0.88      0.54      0.51      0.50      0.62      0.57      0.54      0.53      0.55      0.58      0.77
  3828.45      0.60      0.87      0.53      0.49      0.48      0.60      0.56      0.52      0.51      0.53      0.56      0.75
  3829.45      0.55      0.83      0.49      0.46      0.45      0.55      0.52      0.49      0.48      0.50      0.52      0.69
  3830.45      0.52      0.79      0.47      0.43      0.42      0.52      0.49      0.45      0.45      0.47      0.48      0.65
  3831.45      0.50      0.78      0.45      0.42      0.41      0.50      0.47      0.44      0.44      0.46      0.47      0.62
  3832.45      0.51      0.80      0.47      0.43      0.42      0.51      0.49      0.45      0.45      0.47      0.48      0.63
  3833.45      0.53      0.84      0.48      0.45      0.43      0.52      0.50      0.47      0.46      0.49      0.49      0.65
  3834.45      0.53      0.86      0.49      0.45      0.44      0.53      0.52      0.47      0.47      0.50      0.50      0.65
  3835.45      0.52      0.85      0.48      0.45      0.44      0.52      0.51      0.47      0.46      0.49      0.49      0.64
  3836.45      0.53      0.88      0.50      0.46      0.45      0.53      0.52      0.48      0.48      0.50      0.50      0.65
  3837.45      0.55      0.92      0.52      0.47      0.46      0.55      0.54      0.50      0.50      0.52      0.52      0.67
  3838.45      0.55      0.94      0.52      0.48      0.47      0.55      0.55      0.50      0.50      0.53      0.52      0.67
  3839.45      0.58      0.99      0.54      0.50      0.49      0.57      0.57      0.53      0.52      0.55      0.54      0.69
  3840.45      0.60      1.03      0.57      0.53      0.50      0.59      0.60      0.55      0.55      0.58      0.57      0.72
  3841.45      0.59      1.02      0.56      0.52      0.49      0.58      0.59      0.54      0.54      0.57      0.55      0.70
  3842.45      0.56      0.97      0.53      0.49      0.47      0.55      0.56      0.51      0.51      0.54      0.52      0.66
  3843.45      0.56      0.99      0.54      0.49      0.48      0.55      0.57      0.51      0.51      0.55      0.53      0.66
  3844.45      0.58      1.02      0.55      0.51      0.49      0.57      0.59      0.53      0.53      0.56      0.54      0.68
  3845.45      0.57      1.02      0.55      0.51      0.49      0.56      0.59      0.53      0.53      0.56      0.54      0.67
  3846.45      0.54      0.97      0.53      0.49      0.46      0.53      0.57      0.50      0.51      0.54      0.51      0.64
  3847.45      0.56      1.00      0.54      0.50      0.48      0.54      0.58      0.52      0.52      0.55      0.53      0.65
  3848.45      0.58      1.04      0.57      0.53      0.50      0.57      0.61      0.54      0.55      0.58      0.55      0.68
  3849.45      0.60      1.07      0.59      0.54      0.51      0.59      0.63      0.56      0.57      0.60      0.57      0.70
  3850.45      0.59      1.07      0.59      0.54      0.51      0.58      0.63      0.56      0.56      0.59      0.56      0.69
  3851.45      0.57      1.04      0.57      0.52      0.49      0.56      0.62      0.54      0.55      0.58      0.54      0.66
  3852.45      0.59      1.07      0.59      0.54      0.51      0.58      0.64      0.56      0.56      0.60      0.56      0.68
  3853.45      0.60      1.09      0.61      0.56      0.52      0.59      0.66      0.57      0.58      0.61      0.57      0.70
  3854.45      0.60      1.08      0.61      0.56      0.52      0.59      0.66      0.57      0.58      0.61      0.57      0.69
  3855.45      0.60      1.07      0.61      0.56      0.52      0.59      0.66      0.57      0.58      0.60      0.57      0.69
  3856.45      0.59      1.07      0.61      0.56      0.52      0.58      0.66      0.57      0.58      0.60      0.56      0.68
  3857.45      0.61      1.09      0.63      0.58      0.54      0.60      0.69      0.59      0.60      0.62      0.58      0.70
  3858.45      0.63      1.12      0.66      0.60      0.56      0.62      0.72      0.62      0.62      0.64      0.61      0.73
  3859.45      0.65      1.14      0.68      0.61      0.57      0.63      0.73      0.63      0.64      0.66      0.62      0.74
  3860.45      0.66      1.15      0.69      0.62      0.58      0.64      0.75      0.64      0.65      0.67      0.63      0.75
  3861.45      0.66      1.14      0.70      0.63      0.58      0.65      0.76      0.64      0.65      0.67      0.64      0.76
  3862.45      0.64      1.10      0.68      0.61      0.56      0.62      0.73      0.62      0.63      0.65      0.61      0.73
  3863.45      0.63      1.07      0.67      0.60      0.55      0.61      0.72      0.61      0.62      0.63      0.60      0.71
  3864.45      0.63      1.06      0.67      0.60      0.55      0.61      0.73      0.61      0.62      0.63      0.60      0.71
  3865.45      0.62      1.04      0.67      0.60      0.55      0.61      0.73      0.60      0.62      0.63      0.59      0.70
  3866.45      0.62      1.02      0.67      0.59      0.55      0.60      0.72      0.60      0.62      0.63      0.59      0.70
  3867.45      0.61      1.00      0.67      0.59      0.54      0.59      0.72      0.60      0.61      0.62      0.59      0.69
  3868.45      0.61      0.99      0.67      0.59      0.54      0.59      0.72      0.60      0.61      0.61      0.59      0.69
  3869.45      0.61      0.98      0.68      0.59      0.54      0.59      0.72      0.60      0.61      0.61      0.59      0.68
  3870.45      0.63      1.00      0.71      0.61      0.56      0.61      0.75      0.62      0.63      0.63      0.61      0.71
  3871.45      0.66      1.03      0.74      0.64      0.59      0.64      0.79      0.65      0.66      0.66      0.64      0.74
  3872.45      0.68      1.05      0.77      0.66      0.61      0.66      0.81      0.67      0.68      0.68      0.66      0.77
  3873.45      0.67      1.03      0.76      0.65      0.60      0.65      0.80      0.66      0.67      0.67      0.65      0.75
  3874.45      0.64      0.97      0.73      0.62      0.57      0.61      0.76      0.64      0.64      0.63      0.62      0.71
  3875.45      0.63      0.95      0.73      0.61      0.56      0.61      0.76      0.63      0.63      0.62      0.61      0.70
  3876.45      0.64      0.95      0.75      0.62      0.57      0.62      0.77      0.64      0.64      0.63      0.62      0.71
  3877.45      0.66      0.97      0.77      0.64      0.59      0.63      0.80      0.65      0.65      0.65      0.63      0.73
  3878.45      0.68      0.98      0.80      0.66      0.60      0.65      0.82      0.67      0.68      0.67      0.65      0.75
  3879.45      0.68      0.98      0.81      0.66      0.61      0.66      0.83      0.68      0.68      0.67      0.66      0.76
  3880.45      0.68      0.96      0.81      0.66      0.61      0.65      0.82      0.68      0.67      0.66      0.66      0.75
  3881.45      0.68      0.95      0.81      0.66      0.61      0.65      0.82      0.68      0.67      0.66      0.66      0.74
  3882.45      0.68      0.95      0.82      0.67      0.62      0.66      0.83      0.68      0.67      0.67      0.67      0.75
  3883.45      0.69      0.95      0.83      0.67      0.62      0.66      0.84      0.69      0.68      0.67      0.67      0.75
  3884.45      0.68      0.93      0.83      0.66      0.61      0.65      0.83      0.68      0.67      0.67      0.66      0.74
  3885.45      0.67      0.92      0.83      0.66      0.60      0.65      0.83      0.68      0.66      0.66      0.66      0.73
  3886.45      0.69      0.94      0.87      0.68      0.62      0.67      0.85      0.70      0.69      0.68      0.68      0.76
  3887.45      0.72      0.96      0.90      0.71      0.65      0.69      0.88      0.72      0.71      0.70      0.71      0.78
  3888.45      0.69      0.93      0.88      0.68      0.63      0.67      0.85      0.70      0.68      0.67      0.68      0.75
  3889.45      0.64      0.86      0.82      0.64      0.58      0.62      0.79      0.65      0.63      0.63      0.64      0.69
  3890.45      0.65      0.86      0.83      0.64      0.58      0.62      0.80      0.66      0.64      0.63      0.64      0.69
  3891.45      0.66      0.87      0.86      0.65      0.60      0.63      0.81      0.67      0.65      0.64      0.65      0.70
  3892.45      0.66      0.86      0.86      0.65      0.60      0.63      0.81      0.66      0.65      0.64      0.65      0.70
  3893.45      0.66      0.85      0.86      0.65      0.60      0.62      0.80      0.66      0.64      0.64      0.65      0.70
  3894.45      0.66      0.84      0.87      0.65      0.60      0.62      0.80      0.66      0.64      0.63      0.65      0.69
  3895.45      0.65      0.83      0.87      0.64      0.59      0.62      0.80      0.67      0.64      0.63      0.65      0.69
  3896.45      0.65      0.83      0.88      0.65      0.59      0.62      0.80      0.67      0.64      0.63      0.65      0.69
  3897.45      0.65      0.82      0.88      0.64      0.59      0.62      0.79      0.66      0.63      0.63      0.65      0.68
  3898.45      0.64      0.81      0.88      0.64      0.58      0.61      0.78      0.66      0.62      0.62      0.64      0.66
  3899.45      0.62      0.78      0.86      0.62      0.56      0.59      0.76      0.64      0.61      0.60      0.62      0.64
  3900.45      0.62      0.77      0.86      0.61      0.55      0.58      0.74      0.64      0.60      0.59      0.62      0.63
  3901.45      0.63      0.78      0.89      0.63      0.57      0.60      0.76      0.65      0.61      0.61      0.64      0.65
  3902.45      0.63      0.78      0.89      0.63      0.57      0.60      0.75      0.65      0.61      0.61      0.64      0.64
  3903.45      0.63      0.77      0.90      0.63      0.57      0.59      0.74      0.65      0.61      0.60      0.63      0.64
  3904.45      0.63      0.77      0.92      0.63      0.58      0.60      0.75      0.65      0.62      0.61      0.64      0.64
  3905.45      0.61      0.74      0.90      0.61      0.56      0.58      0.72      0.63      0.59      0.59      0.62      0.62
  3906.45      0.61      0.73      0.90      0.61      0.55      0.57      0.71      0.63      0.59      0.59      0.62      0.61
  3907.45      0.60      0.72      0.90      0.60      0.55      0.57      0.70      0.63      0.58      0.58      0.61      0.61
  3908.45      0.57      0.69      0.87      0.58      0.52      0.54      0.67      0.60      0.55      0.55      0.59      0.58
  3909.45      0.57      0.68      0.88      0.57      0.52      0.54      0.66      0.60      0.55      0.55      0.58      0.57
  3910.45      0.58      0.69      0.90      0.59      0.53      0.55      0.68      0.61      0.56      0.56      0.59      0.58
  3911.45      0.59      0.70      0.92      0.60      0.54      0.56      0.68      0.62      0.57      0.57      0.60      0.58
  3912.45      0.58      0.68      0.91      0.58      0.53      0.54      0.66      0.60      0.56      0.56      0.59      0.57
  3913.45      0.50      0.58      0.79      0.50      0.45      0.46      0.57      0.52      0.48      0.48      0.51      0.49
  3914.45      0.44      0.51      0.71      0.44      0.40      0.41      0.50      0.46      0.42      0.42      0.45      0.43
  3915.45      0.51      0.59      0.83      0.52      0.47      0.48      0.58      0.54      0.49      0.50      0.52      0.50
  3916.45      0.61      0.71      1.00      0.62      0.56      0.57      0.69      0.65      0.59      0.59      0.62      0.60
  3917.45      0.64      0.74      1.06      0.65      0.59      0.60      0.71      0.69      0.62      0.62      0.66      0.63
  3918.45      0.61      0.70      1.02      0.62      0.56      0.57      0.68      0.66      0.59      0.59      0.63      0.60
  3919.45      0.60      0.68      1.01      0.61      0.55      0.56      0.66      0.65      0.58      0.58      0.62      0.59
  3920.45      0.65      0.74      1.10      0.67      0.60      0.61      0.72      0.70      0.63      0.63      0.67      0.63
  3921.45      0.68      0.78      1.17      0.71      0.63      0.65      0.75      0.74      0.67      0.67      0.71      0.66
  3922.45      0.69      0.78      1.19      0.71      0.64      0.65      0.76      0.75      0.67      0.68      0.72      0.67
  3923.45      0.69      0.77      1.20      0.71      0.64      0.65      0.75      0.75      0.67      0.68      0.72      0.67
  3924.45      0.69      0.78      1.21      0.72      0.65      0.65      0.76      0.76      0.68      0.69      0.72      0.67
  3925.45      0.71      0.79      1.25      0.73      0.66      0.66      0.77      0.78      0.69      0.70      0.74      0.68
  3926.45      0.72      0.80      1.28      0.75      0.68      0.67      0.78      0.79      0.70      0.71      0.76      0.69
  3927.45      0.74      0.82      1.32      0.77      0.69      0.69      0.80      0.81      0.72      0.74      0.78      0.71
  3928.45      0.75      0.83      1.36      0.79      0.71      0.71      0.81      0.83      0.73      0.75      0.79      0.73
  3929.45      0.76      0.84      1.38      0.80      0.71      0.71      0.81      0.85      0.74      0.76      0.80      0.74
  3930.45      0.78      0.87      1.44      0.83      0.74      0.74      0.84      0.88      0.77      0.79      0.84      0.77
  3931.45      0.80      0.88      1.47      0.85      0.76      0.75      0.86      0.90      0.79      0.81      0.85      0.78
  3932.45      0.76      0.83      1.41      0.81      0.72      0.71      0.81      0.86      0.75      0.77      0.80      0.74
  3933.45      0.73      0.80      1.36      0.78      0.70      0.68      0.78      0.82      0.72      0.74      0.77      0.71
  3934.45      0.75      0.82      1.41      0.81      0.72      0.70      0.80      0.85      0.74      0.76      0.79      0.73
  3935.45      0.79      0.86      1.49      0.86      0.76      0.75      0.84      0.91      0.78      0.81      0.84      0.77
  3936.45      0.81      0.87      1.52      0.87      0.77      0.76      0.86      0.93      0.79      0.82      0.85      0.78
  3937.45      0.79      0.85      1.48      0.85      0.75      0.73      0.83      0.91      0.77      0.80      0.83      0.75
  3938.45      0.77      0.83      1.45      0.84      0.74      0.72      0.81      0.89      0.76      0.78      0.81      0.74
  3939.45      0.76      0.81      1.43      0.82      0.72      0.70      0.79      0.87      0.74      0.76      0.79      0.72
  3940.45      0.73      0.77      1.37      0.78      0.69      0.67      0.76      0.84      0.71      0.73      0.75      0.69
  3941.45      0.71      0.75      1.34      0.77      0.68      0.66      0.73      0.82      0.69      0.71      0.73      0.67
  3942.45      0.71      0.75      1.33      0.77      0.68      0.65      0.73      0.82      0.69      0.71      0.72      0.67
  3943.45      0.69      0.73      1.31      0.76      0.66      0.64      0.71      0.81      0.68      0.70      0.71      0.66
  3944.45      0.69      0.73      1.29      0.76      0.66      0.63      0.70      0.81      0.67      0.70      0.70      0.65
  3945.45      0.71      0.74      1.32      0.78      0.68      0.65      0.72      0.83      0.69      0.71      0.72      0.67
  3946.45      0.70      0.73      1.29      0.76      0.67      0.64      0.71      0.82      0.68      0.70      0.71      0.66
  3947.45      0.69      0.72      1.28      0.76      0.66      0.64      0.70      0.82      0.67      0.70      0.70      0.65
  3948.45      0.70      0.73      1.27      0.77      0.66      0.64      0.70      0.82      0.67      0.70      0.70      0.66
  3949.45      0.71      0.74      1.29      0.79      0.67      0.65      0.71      0.84      0.69      0.71      0.71      0.67
  3950.45      0.74      0.76      1.32      0.82      0.70      0.68      0.74      0.87      0.72      0.74      0.74      0.69
  3951.45      0.74      0.77      1.32      0.83      0.71      0.68      0.74      0.88      0.73      0.74      0.74      0.70
  3952.45      0.73      0.75      1.29      0.82      0.70      0.67      0.73      0.86      0.71      0.73      0.72      0.69
  3953.45      0.75      0.77      1.31      0.85      0.72      0.69      0.75      0.90      0.73      0.75      0.74      0.71
  3954.45      0.78      0.80      1.34      0.89      0.75      0.72      0.78      0.93      0.76      0.77      0.76      0.73
  3955.45      0.78      0.79      1.31      0.88      0.74      0.71      0.77      0.93      0.75      0.77      0.76      0.72
  3956.45      0.78      0.79      1.30      0.88      0.74      0.71      0.77      0.93      0.75      0.76      0.75      0.72
  3957.45      0.79      0.80      1.30      0.90      0.75      0.71      0.78      0.94      0.76      0.77      0.76      0.73
  3958.45      0.79      0.81      1.29      0.91      0.75      0.72      0.78      0.95      0.76      0.77      0.77      0.74
  3959.45      0.81      0.82      1.29      0.93      0.76      0.73      0.79      0.96      0.77      0.78      0.77      0.75
  3960.45      0.80      0.81      1.27      0.93      0.76      0.73      0.79      0.96      0.77      0.78      0.77      0.74
  3961.45      0.81      0.81      1.26      0.93      0.76      0.73      0.78      0.96      0.77      0.78      0.77      0.75
  3962.45      0.84      0.84      1.30      0.98      0.79      0.76      0.82      1.00      0.81      0.81      0.80      0.78
  3963.45      0.88      0.88      1.34      1.03      0.83      0.79      0.85      1.05      0.84      0.84      0.83      0.82
  3964.45      0.90      0.89      1.35      1.06      0.85      0.81      0.87      1.07      0.86      0.86      0.85      0.84
  3965.45      0.92      0.90      1.34      1.07      0.85      0.82      0.88      1.08      0.87      0.87      0.86      0.85
  3966.45      0.93      0.92      1.35      1.10      0.87      0.84      0.90      1.10      0.89      0.89      0.87      0.86
  3967.45      0.96      0.94      1.38      1.14      0.90      0.86      0.92      1.13      0.92      0.91      0.90      0.89
  3968.45      0.95      0.93      1.34      1.12      0.89      0.85      0.90      1.11      0.90      0.89      0.88      0.88
  3969.45      0.94      0.91      1.30      1.11      0.87      0.84      0.89      1.09      0.89      0.87      0.86      0.86
  3970.45      0.94      0.92      1.30      1.12      0.88      0.84      0.89      1.10      0.90      0.87      0.87      0.87
  3971.45      0.93      0.90      1.26      1.11      0.86      0.82      0.87      1.07      0.88      0.86      0.85      0.85
  3972.45      0.90      0.87      1.21      1.08      0.84      0.80      0.85      1.04      0.86      0.84      0.83      0.83
  3973.45      0.88      0.86      1.18      1.07      0.82      0.78      0.83      1.02      0.84      0.82      0.81      0.81
  3974.45      0.86      0.83      1.14      1.05      0.79      0.76      0.80      1.00      0.81      0.79      0.78      0.79
  3975.45      0.84      0.81      1.11      1.03      0.77      0.74      0.78      0.97      0.79      0.77      0.76      0.77
  3976.45      0.82      0.79      1.08      1.02      0.75      0.72      0.76      0.95      0.78      0.76      0.75      0.75
  3977.45      0.83      0.80      1.08      1.04      0.76      0.73      0.77      0.96      0.79      0.76      0.76      0.76
  3978.45      0.82      0.79      1.06      1.03      0.76      0.72      0.76      0.95      0.78      0.75      0.75      0.75
  3979.45      0.81      0.78      1.04      1.03      0.75      0.71      0.75      0.93      0.77      0.74      0.73      0.75
  3980.45      0.80      0.78      1.02      1.02      0.74      0.71      0.75      0.92      0.77      0.74      0.73      0.74
  3981.45      0.77      0.75      0.98      1.00      0.71      0.68      0.72      0.89      0.74      0.71      0.70      0.72
  3982.45      0.78      0.76      0.99      1.02      0.72      0.69      0.72      0.90      0.75      0.72      0.71      0.73
  3983.45      0.81      0.79      1.02      1.07      0.76      0.72      0.75      0.93      0.78      0.75      0.74      0.76
  3984.45      0.82      0.79      1.02      1.08      0.76      0.73      0.76      0.93      0.79      0.75      0.74      0.76
  3985.45      0.81      0.78      1.00      1.08      0.75      0.72      0.75      0.91      0.78      0.74      0.74      0.76
  3986.45      0.83      0.80      1.02      1.11      0.78      0.74      0.77      0.94      0.80      0.76      0.76      0.78
  3987.45      0.84      0.82      1.04      1.14      0.79      0.76      0.79      0.95      0.82      0.78      0.77      0.80
  3988.45      0.82      0.80      1.01      1.12      0.77      0.73      0.77      0.93      0.80      0.76      0.75      0.78
  3989.45      0.79      0.77      0.97      1.10      0.74      0.71      0.74      0.89      0.77      0.73      0.73      0.76
  3990.45      0.81      0.79      0.98      1.13      0.76      0.73      0.75      0.91      0.79      0.74      0.74      0.77
  3991.45      0.83      0.81      1.00      1.17      0.79      0.75      0.78      0.93      0.82      0.77      0.77      0.80
  3992.45      0.83      0.81      1.00      1.19      0.80      0.76      0.78      0.93      0.83      0.78      0.77      0.80
  3993.45      0.83      0.81      1.00      1.20      0.79      0.75      0.77      0.92      0.83      0.78      0.77      0.81
  3994.45      0.81      0.80      0.98      1.19      0.78      0.74      0.76      0.90      0.82      0.77      0.76      0.80
  3995.45      0.82      0.81      0.99      1.22      0.80      0.76      0.78      0.91      0.83      0.78      0.77      0.81
  3996.45      0.84      0.83      1.01      1.27      0.82      0.78      0.80      0.93      0.86      0.80      0.79      0.83
  3997.45      0.85      0.84      1.01      1.29      0.82      0.78      0.80      0.93      0.86      0.80      0.80      0.84
  3998.45      0.85      0.84      1.01      1.30      0.83      0.79      0.80      0.93      0.87      0.80      0.81      0.84
  3999.45      0.81      0.81      0.97      1.27      0.80      0.76      0.77      0.89      0.84      0.77      0.78      0.81
  4000.45      0.76      0.76      0.91      1.21      0.76      0.71      0.73      0.84      0.79      0.73      0.73      0.76
  4001.45      0.78      0.79      0.93      1.26      0.78      0.73      0.75      0.86      0.82      0.75      0.76      0.79
  4002.45      0.81      0.82      0.97      1.32      0.82      0.77      0.78      0.89      0.86      0.78      0.79      0.83
  4003.45      0.80      0.81      0.95      1.31      0.80      0.76      0.77      0.87      0.85      0.77      0.78      0.81
  4004.45      0.78      0.80      0.93      1.30      0.79      0.74      0.76      0.86      0.83      0.76      0.77      0.80
  4005.45      0.79      0.81      0.94      1.33      0.80      0.76      0.77      0.87      0.85      0.77      0.78      0.81
  4006.45      0.81      0.82      0.95      1.37      0.82      0.77      0.78      0.88      0.87      0.79      0.80      0.83
  4007.45      0.82      0.83      0.96      1.40      0.83      0.79      0.79      0.89      0.88      0.80      0.81      0.84
  4008.45      0.79      0.81      0.93      1.37      0.81      0.76      0.76      0.86      0.86      0.77      0.78      0.81
  4009.45      0.76      0.77      0.89      1.33      0.78      0.73      0.73      0.82      0.82      0.74      0.75      0.78
  4010.45      0.76      0.77      0.88      1.34      0.77      0.72      0.73      0.81      0.83      0.74      0.75      0.77
  4011.45      0.76      0.78      0.89      1.37      0.78      0.73      0.73      0.82      0.84      0.75      0.76      0.78
  4012.45      0.77      0.78      0.89      1.39      0.79      0.74      0.74      0.82      0.85      0.75      0.77      0.78
  4013.45      0.76      0.78      0.88      1.39      0.79      0.74      0.73      0.81      0.85      0.74      0.76      0.77
  4014.45      0.76      0.78      0.88      1.40      0.79      0.74      0.73      0.81      0.85      0.74      0.76      0.77
  4015.45      0.77      0.79      0.89      1.43      0.80      0.75      0.74      0.82      0.86      0.75      0.78      0.78
  4016.45      0.78      0.80      0.90      1.47      0.82      0.76      0.75      0.83      0.87      0.77      0.79      0.79
  4017.45      0.79      0.80      0.90      1.49      0.83      0.77      0.75      0.83      0.88      0.77      0.80      0.80
  4018.45      0.81      0.83      0.92      1.54      0.85      0.78      0.77      0.85      0.91      0.79      0.82      0.82
  4019.45      0.81      0.82      0.91      1.55      0.85      0.78      0.78      0.85      0.91      0.79      0.81      0.81
  4020.45      0.78      0.80      0.88      1.51      0.82      0.76      0.75      0.82      0.89      0.77      0.79      0.78
  4021.45      0.78      0.79      0.87      1.51      0.82      0.76      0.74      0.81      0.89      0.76      0.78      0.77
  4022.45      0.79      0.80      0.88      1.54      0.83      0.78      0.75      0.82      0.91      0.77      0.79      0.78
  4023.45      0.81      0.82      0.91      1.59      0.86      0.80      0.78      0.84      0.93      0.80      0.82      0.81
  4024.45      0.82      0.84      0.92      1.62      0.88      0.81      0.79      0.85      0.95      0.81      0.83      0.82
  4025.45      0.82      0.84      0.91      1.61      0.87      0.80      0.79      0.85      0.95      0.81      0.83      0.81
  4026.45      0.82      0.83      0.91      1.61      0.87      0.80      0.78      0.84      0.95      0.80      0.82      0.81
  4027.45      0.82      0.83      0.91      1.61      0.87      0.80      0.78      0.84      0.96      0.81      0.82      0.80
  4028.45      0.82      0.83      0.90      1.61      0.88      0.81      0.78      0.84      0.96      0.81      0.82      0.80
  4029.45      0.81      0.83      0.89      1.60      0.87      0.80      0.77      0.83      0.96      0.80      0.81      0.79
  4030.45      0.82      0.83      0.90      1.61      0.88      0.81      0.78      0.84      0.97      0.80      0.82      0.79
  4031.45      0.87      0.89      0.95      1.70      0.94      0.86      0.83      0.89      1.03      0.86      0.88      0.84
  4032.45      0.89      0.91      0.97      1.73      0.97      0.89      0.85      0.91      1.05      0.88      0.89      0.86
  4033.45      0.88      0.90      0.95      1.69      0.96      0.87      0.83      0.89      1.04      0.86      0.87      0.84
  4034.45      0.86      0.88      0.94      1.67      0.95      0.86      0.82      0.88      1.03      0.85      0.86      0.83
  4035.45      0.84      0.86      0.91      1.61      0.93      0.84      0.80      0.85      1.00      0.83      0.83      0.80
  4036.45      0.82      0.84      0.89      1.58      0.91      0.82      0.78      0.84      0.98      0.81      0.82      0.79
  4037.45      0.81      0.83      0.88      1.55      0.91      0.81      0.77      0.83      0.97      0.81      0.81      0.78
  4038.45      0.81      0.82      0.88      1.53      0.91      0.81      0.77      0.82      0.97      0.81      0.81      0.77
  4039.45      0.81      0.83      0.88      1.53      0.91      0.81      0.78      0.81      0.97      0.81      0.81      0.77
  4040.45      0.84      0.86      0.91      1.57      0.95      0.84      0.80      0.84      1.01      0.84      0.84      0.80
  4041.45      0.84      0.86      0.90      1.55      0.95      0.84      0.80      0.85      1.01      0.84      0.83      0.79
  4042.45      0.80      0.83      0.86      1.47      0.92      0.80      0.77      0.81      0.97      0.80      0.79      0.76
  4043.45      0.77      0.80      0.83      1.41      0.89      0.78      0.74      0.78      0.94      0.77      0.76      0.74
  4044.45      0.79      0.82      0.85      1.42      0.91      0.79      0.76      0.79      0.96      0.78      0.78      0.75
  4045.45      0.81      0.85      0.87      1.46      0.95      0.82      0.78      0.82      0.99      0.81      0.80      0.77
  4046.45      0.85      0.89      0.92      1.51      1.00      0.86      0.82      0.86      1.04      0.86      0.84      0.80
  4047.45      0.84      0.89      0.92      1.49      1.00      0.86      0.82      0.85      1.04      0.85      0.83      0.80
  4048.45      0.78      0.83      0.85      1.37      0.94      0.79      0.76      0.79      0.97      0.79      0.77      0.74
  4049.45      0.79      0.84      0.86      1.37      0.96      0.80      0.77      0.80      0.98      0.80      0.78      0.75
  4050.45      0.82      0.86      0.89      1.40      0.99      0.83      0.80      0.83      1.01      0.83      0.81      0.78
  4051.45      0.79      0.84      0.86      1.34      0.97      0.81      0.78      0.81      0.99      0.81      0.79      0.76
  4052.45      0.81      0.86      0.88      1.35      1.00      0.83      0.79      0.82      1.01      0.83      0.81      0.77
  4053.45      0.86      0.93      0.94      1.43      1.08      0.89      0.85      0.88      1.08      0.89      0.86      0.83
  4054.45      0.87      0.93      0.94      1.41      1.09      0.89      0.85      0.88      1.08      0.89      0.87      0.83
  4055.45      0.84      0.91      0.92      1.37      1.07      0.87      0.83      0.86      1.05      0.87      0.84      0.81
  4056.45      0.87      0.94      0.95      1.40      1.11      0.90      0.86      0.89      1.08      0.90      0.87      0.84
  4057.45      0.90      0.98      0.98      1.43      1.16      0.93      0.90      0.92      1.12      0.93      0.90      0.87
  4058.45      0.90      0.98      0.98      1.42      1.17      0.93      0.90      0.92      1.12      0.94      0.90      0.87
  4059.45      0.86      0.94      0.94      1.35      1.13      0.90      0.86      0.88      1.07      0.90      0.87      0.83
  4060.45      0.81      0.89      0.89      1.26      1.07      0.85      0.81      0.83      1.01      0.85      0.81      0.78
  4061.45      0.79      0.88      0.87      1.22      1.05      0.83      0.79      0.81      0.99      0.83      0.80      0.76
  4062.45      0.79      0.89      0.87      1.22      1.07      0.84      0.80      0.82      0.99      0.84      0.80      0.77
  4063.45      0.82      0.92      0.91      1.25      1.12      0.87      0.82      0.85      1.03      0.88      0.83      0.80
  4064.45      0.84      0.95      0.93      1.28      1.16      0.89      0.85      0.87      1.05      0.91      0.86      0.83
  4065.45      0.81      0.91      0.89      1.22      1.11      0.85      0.81      0.83      1.00      0.87      0.82      0.79
  4066.45      0.77      0.88      0.86      1.16      1.08      0.82      0.78      0.80      0.96      0.83      0.79      0.76
  4067.45      0.81      0.93      0.91      1.21      1.14      0.87      0.83      0.84      1.01      0.87      0.82      0.80
  4068.45      0.82      0.94      0.92      1.22      1.17      0.89      0.84      0.86      1.02      0.89      0.84      0.82
  4069.45      0.80      0.92      0.90      1.18      1.15      0.86      0.81      0.83      0.98      0.87      0.81      0.80
  4070.45      0.80      0.92      0.90      1.18      1.16      0.86      0.82      0.83      0.98      0.88      0.81      0.80
  4071.45      0.82      0.95      0.93      1.20      1.21      0.89      0.85      0.86      1.01      0.91      0.85      0.83
  4072.45      0.86      1.00      0.97      1.26      1.28      0.94      0.89      0.90      1.06      0.96      0.89      0.88
  4073.45      0.90      1.04      1.01      1.30      1.34      0.98      0.93      0.94      1.10      1.00      0.93      0.91
  4074.45      0.92      1.06      1.03      1.32      1.38      1.01      0.95      0.96      1.12      1.03      0.95      0.93
  4075.45      0.88      1.02      1.00      1.27      1.34      0.97      0.92      0.93      1.07      0.99      0.92      0.90
  4076.45      0.80      0.93      0.91      1.15      1.23      0.89      0.84      0.84      0.97      0.91      0.83      0.81
  4077.45      0.77      0.90      0.88      1.10      1.21      0.86      0.81      0.81      0.94      0.88      0.80      0.79
  4078.45      0.83      0.97      0.94      1.18      1.31      0.92      0.87      0.87      1.01      0.95      0.87      0.85
  4079.45      0.87      1.01      0.98      1.22      1.37      0.96      0.91      0.91      1.05      0.99      0.91      0.89
  4080.45      0.83      0.97      0.94      1.16      1.32      0.92      0.87      0.87      1.00      0.95      0.87      0.86
  4081.45      0.77      0.90      0.88      1.08      1.25      0.86      0.82      0.81      0.93      0.89      0.81      0.80
  4082.45      0.78      0.91      0.89      1.09      1.27      0.87      0.83      0.82      0.93      0.90      0.82      0.82
  4083.45      0.81      0.95      0.93      1.13      1.35      0.92      0.87      0.86      0.98      0.95      0.86      0.86
  4084.45      0.84      0.98      0.96      1.16      1.40      0.94      0.89      0.89      1.00      0.98      0.88      0.88
  4085.45      0.84      0.98      0.97      1.17      1.42      0.96      0.90      0.90      1.00      0.99      0.90      0.89
  4086.45      0.82      0.96      0.94      1.14      1.41      0.94      0.88      0.87      0.97      0.98      0.88      0.87
  4087.45      0.80      0.93      0.92      1.10      1.38      0.91      0.86      0.85      0.95      0.95      0.85      0.85
  4088.45      0.81      0.93      0.92      1.10      1.40      0.92      0.86      0.85      0.95      0.96      0.86      0.86
  4089.45      0.82      0.94      0.94      1.11      1.44      0.93      0.88      0.87      0.97      0.98      0.87      0.88
  4090.45      0.82      0.94      0.94      1.11      1.45      0.94      0.88      0.87      0.97      0.98      0.87      0.88
  4091.45      0.83      0.95      0.95      1.12      1.49      0.96      0.90      0.88      0.98      1.00      0.89      0.89
  4092.45      0.83      0.96      0.96      1.13      1.51      0.97      0.91      0.89      0.98      1.02      0.90      0.90
  4093.45      0.84      0.97      0.98      1.14      1.54      0.98      0.92      0.90      0.99      1.03      0.91      0.92
  4094.45      0.84      0.96      0.97      1.13      1.56      0.98      0.92      0.90      0.98      1.03      0.90      0.92
  4095.45      0.85      0.96      0.98      1.13      1.58      0.99      0.93      0.91      0.98      1.04      0.91      0.92
  4096.45      0.86      0.98      0.99      1.15      1.62      1.00      0.94      0.92      1.00      1.06      0.93      0.94
  4097.45      0.87      0.98      1.00      1.15      1.65      1.01      0.95      0.93      1.00      1.08      0.94      0.95
  4098.45      0.88      0.99      1.01      1.16      1.69      1.03      0.96      0.94      1.01      1.10      0.95      0.96
  4099.45      0.89      1.01      1.03      1.18      1.73      1.05      0.98      0.95      1.03      1.12      0.97      0.98
  4100.45      0.88      0.99      1.01      1.16      1.72      1.04      0.97      0.93      1.01      1.11      0.95      0.96
  4101.45      0.89      1.01      1.03      1.17      1.76      1.06      0.98      0.95      1.02      1.13      0.96      0.98
  4102.45      0.93      1.05      1.08      1.22      1.85      1.11      1.03      0.99      1.06      1.18      1.01      1.02
  4103.45      0.93      1.06      1.09      1.23      1.89      1.12      1.04      1.00      1.07      1.20      1.02      1.03
  4104.45      0.93      1.05      1.09      1.21      1.89      1.12      1.04      1.00      1.06      1.20      1.02      1.02
  4105.45      0.92      1.04      1.07      1.20      1.89      1.11      1.03      0.99      1.05      1.19      1.01      1.01
  4106.45      0.90      1.02      1.05      1.17      1.88      1.09      1.01      0.97      1.03      1.17      0.99      0.99
  4107.45      0.88      1.00      1.03      1.14      1.86      1.07      1.00      0.95      1.01      1.15      0.97      0.97
  4108.45      0.87      0.98      1.02      1.12      1.84      1.06      0.98      0.93      0.99      1.14      0.95      0.95
  4109.45      0.87      0.98      1.02      1.12      1.85      1.06      0.98      0.94      0.99      1.14      0.95      0.95
  4110.45      0.88      0.99      1.03      1.13      1.88      1.07      0.99      0.94      1.00      1.15      0.96      0.96
  4111.45      0.89      1.00      1.04      1.14      1.92      1.09      1.01      0.95      1.01      1.18      0.98      0.97
  4112.45      0.88      0.99      1.03      1.12      1.91      1.08      1.00      0.94      1.00      1.17      0.97      0.96
  4113.45      0.87      0.99      1.02      1.11      1.90      1.07      1.00      0.94      0.99      1.17      0.96      0.95
  4114.45      0.86      0.97      1.01      1.10      1.89      1.06      0.98      0.93      0.97      1.15      0.95      0.94
  4115.45      0.85      0.96      1.00      1.08      1.87      1.05      0.97      0.91      0.96      1.14      0.93      0.92
  4116.45      0.86      0.97      1.00      1.08      1.88      1.07      0.98      0.92      0.96      1.14      0.94      0.93
  4117.45      0.86      0.98      1.01      1.09      1.90      1.08      0.98      0.93      0.97      1.15      0.95      0.93
  4118.45      0.87      0.99      1.02      1.10      1.92      1.10      1.00      0.94      0.98      1.17      0.97      0.94
  4119.45      0.89      1.01      1.05      1.12      1.96      1.13      1.02      0.96      1.00      1.21      0.99      0.96
  4120.45      0.90      1.01      1.05      1.12      1.96      1.13      1.03      0.96      1.00      1.21      0.99      0.96
  4121.45      0.88      0.99      1.03      1.10      1.92      1.11      1.01      0.95      0.98      1.19      0.97      0.94
  4122.45      0.87      0.99      1.03      1.08      1.91      1.11      1.01      0.94      0.97      1.18      0.97      0.94
  4123.45      0.87      0.98      1.02      1.08      1.90      1.11      1.00      0.94      0.97      1.18      0.96      0.93
  4124.45      0.86      0.97      1.01      1.07      1.87      1.10      0.99      0.92      0.96      1.17      0.95      0.92
  4125.45      0.85      0.96      1.00      1.05      1.84      1.09      0.98      0.92      0.95      1.16      0.94      0.91
  4126.45      0.85      0.97      1.00      1.05      1.83      1.10      0.98      0.92      0.94      1.16      0.94      0.91
  4127.45      0.86      0.98      1.01      1.06      1.84      1.12      0.99      0.93      0.95      1.18      0.95      0.92
  4128.45      0.85      0.97      1.00      1.05      1.81      1.11      0.98      0.92      0.94      1.16      0.95      0.91
  4129.45      0.84      0.97      1.00      1.04      1.79      1.11      0.98      0.91      0.93      1.15      0.94      0.90
  4130.45      0.87      0.99      1.02      1.07      1.82      1.14      1.00      0.93      0.95      1.18      0.96      0.92
  4131.45      0.88      0.99      1.04      1.08      1.82      1.15      1.01      0.94      0.96      1.20      0.97      0.93
  4132.45      0.88      1.00      1.05      1.08      1.82      1.17      1.02      0.95      0.97      1.21      0.98      0.94
  4133.45      0.89      1.01      1.05      1.09      1.81      1.19      1.03      0.96      0.98      1.22      0.99      0.95
  4134.45      0.89      1.00      1.05      1.08      1.79      1.19      1.02      0.95      0.97      1.22      0.99      0.94
  4135.45      0.88      1.00      1.05      1.07      1.76      1.19      1.02      0.95      0.96      1.21      0.99      0.93
  4136.45      0.85      0.97      1.01      1.04      1.69      1.16      0.98      0.92      0.93      1.17      0.96      0.90
  4137.45      0.83      0.94      0.98      1.01      1.62      1.13      0.96      0.89      0.91      1.13      0.93      0.88
  4138.45      0.84      0.94      0.99      1.01      1.61      1.14      0.97      0.90      0.91      1.14      0.93      0.88
  4139.45      0.84      0.95      1.00      1.01      1.61      1.16      0.97      0.90      0.92      1.14      0.94      0.88
  4140.45      0.85      0.95      1.01      1.02      1.59      1.17      0.98      0.90      0.92      1.15      0.94      0.89
  4141.45      0.86      0.96      1.02      1.03      1.60      1.19      0.99      0.92      0.93      1.16      0.96      0.90
  4142.45      0.88      0.99      1.06      1.06      1.62      1.24      1.02      0.95      0.96      1.20      0.99      0.93
  4143.45      0.92      1.03      1.10      1.11      1.66      1.29      1.06      0.99      0.99      1.24      1.04      0.97
  4144.45      0.95      1.06      1.13      1.14      1.69      1.34      1.09      1.02      1.02      1.27      1.07      0.99
  4145.45      0.92      1.03      1.10      1.10      1.63      1.31      1.06      0.99      1.00      1.23      1.04      0.96
  4146.45      0.88      0.98      1.05      1.05      1.54      1.26      1.02      0.94      0.95      1.17      0.99      0.92
  4147.45      0.89      0.98      1.06      1.05      1.52      1.26      1.02      0.94      0.95      1.17      1.00      0.92
  4148.45      0.90      0.99      1.07      1.06      1.52      1.29      1.03      0.95      0.96      1.18      1.01      0.93
  4149.45      0.88      0.97      1.06      1.05      1.49      1.28      1.02      0.94      0.94      1.16      1.00      0.92
  4150.45      0.89      0.98      1.07      1.07      1.49      1.30      1.03      0.96      0.96      1.17      1.01      0.93
  4151.45      0.92      1.01      1.11      1.10      1.52      1.35      1.06      0.99      0.99      1.20      1.05      0.96
  4152.45      0.93      1.01      1.12      1.11      1.53      1.37      1.07      1.00      1.00      1.20      1.06      0.97
  4153.45      0.93      1.01      1.12      1.10      1.52      1.37      1.07      0.99      0.99      1.19      1.06      0.96
  4154.45      0.92      0.99      1.11      1.09      1.48      1.36      1.05      0.98      0.98      1.17      1.05      0.95
  4155.45      0.89      0.97      1.08      1.05      1.42      1.34      1.02      0.95      0.95      1.13      1.02      0.92
  4156.45      0.85      0.92      1.04      1.00      1.35      1.29      0.97      0.91      0.91      1.07      0.98      0.88
  4157.45      0.85      0.92      1.04      1.00      1.34      1.30      0.98      0.91      0.90      1.07      0.97      0.88
  4158.45      0.85      0.92      1.05      1.01      1.35      1.32      0.99      0.91      0.91      1.08      0.99      0.88
  4159.45      0.84      0.91      1.03      0.99      1.32      1.31      0.98      0.90      0.89      1.06      0.97      0.87
  4160.45      0.86      0.93      1.06      1.02      1.33      1.35      1.00      0.92      0.91      1.08      1.00      0.89
  4161.45      0.87      0.93      1.07      1.03      1.33      1.37      1.01      0.93      0.92      1.08      1.01      0.90
  4162.45      0.86      0.91      1.06      1.01      1.30      1.36      0.99      0.92      0.90      1.06      0.99      0.89
  4163.45      0.88      0.92      1.08      1.03      1.32      1.39      1.01      0.94      0.92      1.07      1.01      0.91
  4164.45      0.85      0.90      1.05      1.00      1.28      1.36      0.98      0.92      0.90      1.04      0.99      0.89
  4165.45      0.81      0.85      0.99      0.94      1.20      1.30      0.93      0.86      0.84      0.98      0.94      0.83
  4166.45      0.81      0.84      0.99      0.95      1.19      1.31      0.93      0.87      0.85      0.98      0.94      0.83
  4167.45      0.83      0.87      1.03      0.98      1.23      1.37      0.97      0.90      0.88      1.01      0.98      0.86
  4168.45      0.84      0.87      1.03      0.98      1.22      1.38      0.98      0.90      0.88      1.01      0.98      0.86
  4169.45      0.81      0.85      1.00      0.95      1.18      1.36      0.95      0.87      0.85      0.98      0.96      0.84
  4170.45      0.83      0.86      1.01      0.96      1.19      1.39      0.96      0.89      0.86      0.98      0.98      0.85
  4171.45      0.85      0.88      1.04      0.99      1.22      1.44      0.99      0.91      0.89      1.01      1.01      0.88
  4172.45      0.87      0.89      1.06      1.01      1.23      1.47      1.01      0.93      0.90      1.02      1.03      0.90
  4173.45      0.86      0.89      1.05      1.00      1.22      1.47      1.01      0.93      0.90      1.01      1.03      0.89
  4174.45      0.87      0.90      1.07      1.02      1.23      1.51      1.03      0.94      0.91      1.03      1.05      0.91
  4175.45      0.89      0.92      1.09      1.04      1.25      1.55      1.05      0.97      0.93      1.05      1.08      0.92
  4176.45      0.89      0.91      1.07      1.03      1.23      1.55      1.04      0.96      0.92      1.03      1.07      0.91
  4177.45      0.90      0.92      1.09      1.04      1.24      1.59      1.06      0.97      0.93      1.05      1.09      0.93
  4178.45      0.90      0.91      1.08      1.04      1.23      1.59      1.06      0.97      0.93      1.04      1.10      0.93
  4179.45      0.89      0.90      1.07      1.03      1.22      1.59      1.05      0.96      0.92      1.02      1.09      0.92
  4180.45      0.91      0.93      1.10      1.06      1.25      1.64      1.08      0.99      0.94      1.05      1.12      0.95
  4181.45      0.92      0.93      1.11      1.06      1.25      1.67      1.09      1.00      0.95      1.05      1.13      0.96
  4182.45      0.92      0.93      1.10      1.06      1.24      1.68      1.09      1.00      0.95      1.05      1.14      0.96
  4183.45      0.92      0.93      1.10      1.06      1.24      1.70      1.09      1.00      0.95      1.05      1.14      0.96
  4184.45      0.93      0.94      1.10      1.07      1.24      1.72      1.10      1.00      0.95      1.05      1.15      0.96
  4185.45      0.94      0.94      1.11      1.08      1.24      1.75      1.11      1.02      0.96      1.07      1.17      0.97
  4186.45      0.90      0.91      1.07      1.05      1.20      1.71      1.07      0.99      0.93      1.03      1.13      0.94
  4187.45      0.91      0.92      1.08      1.06      1.21      1.74      1.09      1.00      0.94      1.03      1.14      0.95
  4188.45      0.97      0.97      1.14      1.12      1.27      1.85      1.16      1.06      1.00      1.09      1.22      1.01
  4189.45      0.98      0.98      1.14      1.13      1.28      1.88      1.17      1.07      1.01      1.11      1.24      1.02
  4190.45      0.95      0.95      1.11      1.09      1.24      1.85      1.14      1.04      0.98      1.07      1.21      0.99
  4191.45      0.94      0.94      1.10      1.09      1.22      1.85      1.14      1.04      0.97      1.06      1.20      0.98
  4192.45      0.95      0.94      1.10      1.09      1.22      1.88      1.14      1.04      0.97      1.06      1.21      0.98
  4193.45      0.93      0.93      1.07      1.07      1.19      1.86      1.12      1.02      0.96      1.04      1.19      0.97
  4194.45      0.94      0.94      1.08      1.09      1.20      1.90      1.13      1.04      0.97      1.05      1.20      0.98
  4195.45      0.96      0.96      1.10      1.11      1.22      1.95      1.16      1.06      0.99      1.07      1.24      1.00
  4196.45      0.98      0.98      1.13      1.13      1.25      2.02      1.20      1.09      1.01      1.10      1.27      1.03
  4197.45      1.00      1.00      1.15      1.16      1.28      2.07      1.23      1.11      1.04      1.12      1.30      1.05
  4198.45      1.02      1.01      1.17      1.18      1.29      2.11      1.25      1.13      1.06      1.13      1.32      1.06
  4199.45      1.03      1.03      1.19      1.19      1.31      2.16      1.27      1.15      1.07      1.15      1.34      1.08
  4200.45      1.00      1.00      1.15      1.16      1.26      2.12      1.24      1.12      1.04      1.11      1.31      1.06
  4201.45      0.97      0.97      1.12      1.12      1.22      2.07      1.20      1.08      1.00      1.08      1.27      1.02
  4202.45      0.98      0.98      1.12      1.13      1.22      2.10      1.22      1.09      1.01      1.08      1.28      1.03
  4203.45      1.01      1.01      1.16      1.18      1.27      2.18      1.27      1.13      1.05      1.12      1.33      1.07
  4204.45      1.02      1.01      1.16      1.18      1.27      2.19      1.28      1.14      1.06      1.12      1.34      1.07
  4205.45      1.01      1.00      1.15      1.17      1.25      2.18      1.26      1.13      1.05      1.10      1.33      1.06
  4206.45      0.98      0.97      1.12      1.14      1.21      2.13      1.23      1.10      1.02      1.07      1.29      1.03
  4207.45      0.95      0.94      1.08      1.10      1.17      2.06      1.19      1.06      0.97      1.03      1.25      0.99
  4208.45      0.92      0.90      1.04      1.06      1.12      2.00      1.16      1.03      0.94      1.00      1.21      0.96
  4209.45      0.92      0.91      1.05      1.06      1.12      2.00      1.16      1.03      0.94      1.00      1.21      0.96
  4210.45      0.96      0.95      1.09      1.10      1.17      2.08      1.22      1.08      0.99      1.04      1.26      1.01
  4211.45      0.98      0.97      1.12      1.13      1.19      2.13      1.25      1.11      1.01      1.07      1.30      1.03
  4212.45      0.98      0.96      1.11      1.13      1.18      2.10      1.25      1.10      1.01      1.06      1.29      1.03
  4213.45      0.97      0.95      1.10      1.11      1.17      2.08      1.24      1.09      1.00      1.05      1.27      1.02
  4214.45      0.96      0.94      1.09      1.11      1.16      2.06      1.24      1.08      0.99      1.04      1.26      1.02
  4215.45      0.97      0.95      1.10      1.12      1.17      2.07      1.25      1.09      1.00      1.05      1.28      1.03
  4216.45      0.98      0.97      1.12      1.14      1.18      2.09      1.28      1.11      1.01      1.06      1.30      1.05
  4217.45      0.97      0.95      1.10      1.12      1.16      2.05      1.27      1.10      1.00      1.05      1.28      1.03
  4218.45      0.98      0.95      1.11      1.13      1.16      2.04      1.28      1.10      1.00      1.05      1.28      1.03
  4219.45      0.98      0.96      1.12      1.13      1.17      2.04      1.29      1.11      1.01      1.05      1.29      1.04
  4220.45      0.99      0.97      1.12      1.14      1.17      2.04      1.31      1.12      1.01      1.06      1.30      1.05
  4221.45      0.97      0.96      1.11      1.13      1.16      2.00      1.29      1.10      1.00      1.04      1.28      1.04
  4222.45      0.96      0.94      1.09      1.11      1.14      1.96      1.28      1.08      0.99      1.03      1.26      1.02
  4223.45      0.98      0.96      1.11      1.13      1.16      1.97      1.31      1.10      1.01      1.05      1.28      1.04
  4224.45      1.02      1.01      1.16      1.18      1.20      2.03      1.37      1.15      1.05      1.09      1.33      1.08
  4225.45      1.04      1.03      1.18      1.20      1.22      2.04      1.40      1.17      1.07      1.11      1.34      1.11
  4226.45      1.04      1.02      1.18      1.20      1.22      2.02      1.40      1.17      1.06      1.11      1.34      1.11
  4227.45      1.10      1.08      1.25      1.27      1.29      2.10      1.49      1.24      1.12      1.17      1.41      1.18
  4228.45      1.12      1.10      1.27      1.30      1.31      2.12      1.53      1.26      1.15      1.19      1.44      1.20
  4229.45      1.05      1.02      1.19      1.22      1.23      1.97      1.44      1.18      1.08      1.11      1.34      1.13
  4230.45      1.01      0.98      1.14      1.16      1.17      1.87      1.39      1.12      1.03      1.06      1.28      1.08
  4231.45      1.00      0.97      1.12      1.15      1.15      1.82      1.37      1.11      1.01      1.04      1.25      1.06
  4232.45      1.00      0.96      1.12      1.15      1.15      1.79      1.38      1.11      1.01      1.04      1.25      1.07
  4233.45      1.03      0.99      1.15      1.18      1.18      1.82      1.43      1.14      1.04      1.06      1.27      1.10
  4234.45      1.07      1.03      1.19      1.22      1.22      1.85      1.48      1.18      1.07      1.10      1.31      1.14
  4235.45      1.06      1.02      1.17      1.21      1.21      1.82      1.48      1.17      1.06      1.09      1.30      1.13
  4236.45      1.05      1.01      1.16      1.20      1.19      1.79      1.47      1.16      1.05      1.08      1.28      1.12
  4237.45      1.06      1.02      1.17      1.22      1.20      1.79      1.50      1.17      1.07      1.09      1.29      1.14
  4238.45      1.05      1.01      1.16      1.22      1.19      1.75      1.50      1.16      1.06      1.08      1.27      1.13
  4239.45      1.05      1.02      1.16      1.22      1.19      1.74      1.51      1.16      1.06      1.08      1.27      1.14
  4240.45      1.08      1.04      1.19      1.24      1.22      1.76      1.55      1.19      1.08      1.10      1.29      1.16
  4241.45      1.08      1.04      1.19      1.25      1.22      1.75      1.56      1.20      1.09      1.11      1.29      1.17
  4242.45      1.06      1.03      1.17      1.23      1.21      1.71      1.55      1.18      1.08      1.09      1.27      1.16
  4243.45      1.08      1.05      1.18      1.25      1.22      1.72      1.58      1.20      1.09      1.11      1.28      1.18
  4244.45      1.08      1.04      1.18      1.25      1.22      1.71      1.59      1.20      1.09      1.11      1.27      1.18
  4245.45      1.04      1.01      1.14      1.21      1.18      1.63      1.55      1.16      1.05      1.07      1.22      1.14
  4246.45      1.02      0.99      1.11      1.19      1.15      1.59      1.52      1.13      1.03      1.04      1.19      1.12
  4247.45      1.00      0.98      1.09      1.18      1.14      1.56      1.51      1.12      1.02      1.03      1.17      1.11
  4248.45      1.02      0.99      1.11      1.19      1.15      1.56      1.54      1.14      1.03      1.04      1.18      1.13
  4249.45      1.04      1.01      1.13      1.22      1.17      1.59      1.59      1.16      1.06      1.07      1.20      1.16
  4250.45      1.05      1.02      1.14      1.24      1.18      1.59      1.62      1.18      1.07      1.08      1.21      1.17
  4251.45      1.06      1.03      1.14      1.25      1.19      1.59      1.64      1.19      1.08      1.08      1.22      1.18
  4252.45      1.03      1.00      1.12      1.23      1.16      1.54      1.61      1.16      1.05      1.06      1.18      1.15
  4253.45      1.01      0.98      1.09      1.20      1.13      1.50      1.58      1.13      1.03      1.03      1.14      1.13
  4254.45      1.02      0.99      1.09      1.22      1.15      1.50      1.61      1.14      1.04      1.04      1.15      1.15
  4255.45      1.05      1.02      1.12      1.25      1.18      1.53      1.67      1.18      1.07      1.07      1.18      1.19
  4256.45      1.04      1.02      1.11      1.25      1.17      1.52      1.67      1.18      1.06      1.06      1.18      1.19
  4257.45      1.02      1.00      1.09      1.23      1.15      1.48      1.65      1.15      1.04      1.04      1.15      1.17
  4258.45      1.02      1.00      1.09      1.23      1.15      1.48      1.67      1.16      1.05      1.03      1.14      1.17
  4259.45      1.03      1.02      1.09      1.24      1.16      1.48      1.70      1.17      1.06      1.05      1.16      1.19
  4260.45      1.06      1.05      1.13      1.28      1.20      1.52      1.76      1.21      1.10      1.09      1.20      1.23
  4261.45      1.11      1.10      1.18      1.35      1.26      1.59      1.86      1.28      1.15      1.14      1.26      1.30
  4262.45      1.12      1.11      1.18      1.35      1.26      1.58      1.88      1.28      1.15      1.15      1.25      1.31
  4263.45      1.08      1.07      1.14      1.31      1.22      1.53      1.84      1.24      1.12      1.11      1.21      1.28
  4264.45      1.06      1.06      1.13      1.29      1.21      1.50      1.84      1.23      1.11      1.09      1.19      1.27
  4265.45      1.06      1.06      1.12      1.29      1.21      1.50      1.85      1.23      1.11      1.09      1.19      1.27
  4266.45      1.05      1.05      1.10      1.28      1.19      1.47      1.84      1.22      1.10      1.08      1.18      1.26
  4267.45      1.02      1.02      1.08      1.25      1.16      1.43      1.82      1.19      1.07      1.05      1.14      1.24
  4268.45      1.02      1.01      1.07      1.24      1.16      1.41      1.82      1.18      1.07      1.04      1.13      1.23
  4269.45      1.03      1.03      1.09      1.26      1.18      1.43      1.86      1.20      1.08      1.06      1.15      1.25
  4270.45      1.05      1.06      1.11      1.29      1.21      1.46      1.92      1.24      1.12      1.09      1.18      1.29
  4271.45      1.10      1.11      1.16      1.34      1.26      1.52      2.01      1.29      1.17      1.14      1.22      1.35
  4272.45      1.14      1.16      1.21      1.39      1.31      1.57      2.11      1.35      1.22      1.18      1.27      1.41
  4273.45      1.12      1.13      1.18      1.37      1.28      1.54      2.10      1.33      1.20      1.16      1.25      1.39
  4274.45      1.09      1.10      1.15      1.33      1.25      1.49      2.07      1.30      1.17      1.13      1.21      1.35
  4275.45      1.10      1.11      1.16      1.33      1.25      1.50      2.10      1.31      1.18      1.14      1.22      1.36
  4276.45      1.07      1.08      1.13      1.30      1.22      1.45      2.07      1.28      1.15      1.11      1.19      1.33
  4277.45      1.03      1.04      1.08      1.25      1.18      1.40      2.02      1.23      1.11      1.07      1.14      1.29
  4278.45      1.02      1.03      1.07      1.23      1.17      1.38      2.01      1.23      1.11      1.06      1.13      1.29
  4279.45      1.03      1.04      1.08      1.24      1.18      1.38      2.04      1.24      1.12      1.07      1.13      1.30
  4280.45      1.06      1.07      1.11      1.27      1.22      1.42      2.12      1.28      1.15      1.10      1.17      1.34
  4281.45      1.08      1.10      1.14      1.30      1.25      1.45      2.19      1.32      1.18      1.13      1.20      1.38
  4282.45      1.08      1.10      1.13      1.28      1.24      1.44      2.19      1.31      1.18      1.12      1.19      1.37
  4283.45      1.07      1.10      1.12      1.28      1.24      1.43      2.21      1.31      1.17      1.12      1.19      1.37
  4284.45      1.07      1.10      1.12      1.27      1.24      1.42      2.23      1.32      1.17      1.12      1.18      1.37
  4285.45      1.05      1.08      1.10      1.25      1.22      1.39      2.21      1.30      1.16      1.11      1.16      1.35
  4286.45      1.07      1.09      1.12      1.27      1.23      1.41      2.25      1.32      1.17      1.12      1.17      1.37
  4287.45      1.09      1.11      1.14      1.29      1.25      1.43      2.31      1.35      1.20      1.14      1.20      1.41
  4288.45      1.08      1.11      1.13      1.28      1.24      1.42      2.32      1.34      1.20      1.13      1.19      1.40
  4289.45      1.09      1.12      1.14      1.28      1.26      1.43      2.35      1.36      1.22      1.15      1.20      1.42
  4290.45      1.13      1.16      1.18      1.33      1.31      1.48      2.44      1.42      1.26      1.19      1.24      1.47
  4291.45      1.12      1.15      1.17      1.31      1.30      1.46      2.44      1.41      1.25      1.18      1.23      1.46
  4292.45      1.08      1.11      1.12      1.26      1.24      1.39      2.36      1.36      1.20      1.13      1.18      1.40
  4293.45      1.05      1.08      1.10      1.23      1.22      1.36      2.33      1.33      1.17      1.10      1.15      1.37
  4294.45      1.05      1.08      1.10      1.23      1.22      1.36      2.34      1.33      1.18      1.10      1.15      1.37
  4295.45      1.06      1.09      1.11      1.24      1.23      1.37      2.38      1.35      1.19      1.12      1.16      1.39
  4296.45      1.05      1.08      1.10      1.23      1.22      1.36      2.36      1.35      1.18      1.11      1.15      1.38
  4297.45      1.06      1.09      1.10      1.24      1.23      1.36      2.37      1.36      1.19      1.12      1.16      1.38
  4298.45      1.09      1.12      1.13      1.28      1.26      1.40      2.43      1.40      1.23      1.15      1.19      1.42
  4299.45      1.14      1.18      1.19      1.34      1.33      1.47      2.55      1.48      1.29      1.21      1.25      1.50
  4300.45      1.18      1.22      1.24      1.40      1.38      1.52      2.63      1.54      1.34      1.25      1.29      1.55
  4301.45      1.20      1.25      1.26      1.42      1.41      1.54      2.67      1.57      1.36      1.27      1.32      1.58
  4302.45      1.21      1.26      1.27      1.43      1.42      1.54      2.69      1.59      1.37      1.28      1.32      1.59
  4303.45      1.21      1.26      1.27      1.43      1.41      1.54      2.69      1.60      1.37      1.28      1.32      1.59
  4304.45      1.19      1.23      1.25      1.41      1.39      1.51      2.65      1.58      1.36      1.26      1.30      1.56
  4305.45      1.17      1.21      1.23      1.38      1.37      1.49      2.60      1.56      1.33      1.24      1.27      1.53
  4306.45      1.16      1.20      1.21      1.37      1.36      1.47      2.56      1.55      1.32      1.23      1.26      1.51
  4307.45      1.14      1.18      1.18      1.33      1.33      1.43      2.49      1.52      1.29      1.20      1.23      1.47
  4308.45      1.12      1.16      1.17      1.32      1.31      1.42      2.46      1.51      1.28      1.18      1.21      1.45
  4309.45      1.13      1.16      1.17      1.32      1.31      1.41      2.45      1.52      1.28      1.18      1.21      1.45
  4310.45      1.12      1.16      1.16      1.32      1.32      1.41      2.43      1.53      1.28      1.19      1.21      1.45
  4311.45      1.12      1.17      1.17      1.32      1.32      1.41      2.42      1.53      1.28      1.19      1.21      1.44
  4312.45      1.11      1.16      1.16      1.31      1.30      1.40      2.38      1.52      1.27      1.18      1.20      1.42
  4313.45      1.09      1.14      1.14      1.29      1.28      1.37      2.33      1.51      1.24      1.16      1.18      1.39
  4314.45      1.06      1.10      1.10      1.25      1.24      1.32      2.23      1.46      1.20      1.12      1.13      1.34
  4315.45      1.02      1.06      1.06      1.20      1.20      1.27      2.14      1.42      1.16      1.08      1.09      1.29
  4316.45      1.01      1.05      1.04      1.19      1.18      1.25      2.10      1.41      1.14      1.06      1.08      1.27
  4317.45      0.98      1.02      1.01      1.16      1.15      1.22      2.02      1.38      1.11      1.04      1.05      1.23
  4318.45      0.97      1.01      1.01      1.15      1.14      1.20      1.98      1.37      1.10      1.02      1.04      1.22
  4319.45      1.00      1.04      1.03      1.18      1.17      1.23      2.01      1.41      1.13      1.04      1.06      1.23
  4320.45      1.01      1.05      1.04      1.19      1.18      1.25      2.01      1.44      1.14      1.06      1.08      1.24
  4321.45      1.01      1.04      1.04      1.19      1.18      1.24      1.97      1.44      1.13      1.06      1.07      1.23
  4322.45      1.02      1.06      1.06      1.21      1.20      1.25      1.98      1.47      1.15      1.08      1.08      1.25
  4323.45      1.07      1.12      1.11      1.27      1.26      1.31      2.05      1.55      1.22      1.13      1.14      1.30
  4324.45      1.16      1.21      1.20      1.37      1.37      1.42      2.18      1.69      1.32      1.23      1.23      1.40
  4325.45      1.18      1.22      1.21      1.38      1.38      1.43      2.17      1.71      1.32      1.23      1.24      1.41
  4326.45      1.13      1.18      1.16      1.33      1.33      1.38      2.08      1.66      1.28      1.19      1.20      1.35
  4327.45      1.09      1.14      1.13      1.29      1.29      1.33      2.00      1.62      1.24      1.15      1.16      1.30
  4328.45      1.07      1.11      1.10      1.25      1.26      1.30      1.93      1.59      1.21      1.12      1.13      1.27
  4329.45      1.05      1.09      1.08      1.23      1.23      1.28      1.87      1.57      1.19      1.10      1.11      1.24
  4330.45      1.03      1.07      1.06      1.21      1.21      1.25      1.83      1.55      1.16      1.09      1.09      1.21
  4331.45      1.02      1.07      1.05      1.19      1.20      1.24      1.79      1.54      1.15      1.08      1.08      1.20
  4332.45      1.02      1.07      1.05      1.19      1.21      1.24      1.78      1.55      1.16      1.08      1.08      1.19
  4333.45      1.02      1.07      1.05      1.19      1.21      1.24      1.76      1.56      1.16      1.09      1.08      1.19
  4334.45      1.03      1.07      1.05      1.19      1.21      1.24      1.75      1.58      1.16      1.09      1.08      1.18
  4335.45      1.03      1.07      1.05      1.19      1.21      1.24      1.75      1.59      1.16      1.09      1.08      1.18
  4336.45      1.01      1.06      1.04      1.17      1.20      1.22      1.71      1.58      1.15      1.08      1.06      1.17
  4337.45      1.01      1.06      1.04      1.16      1.20      1.22      1.69      1.59      1.15      1.07      1.06      1.15
  4338.45      1.04      1.10      1.08      1.21      1.25      1.26      1.73      1.66      1.20      1.11      1.10      1.20
  4339.45      1.08      1.14      1.12      1.25      1.29      1.30      1.77      1.72      1.24      1.15      1.14      1.23
  4340.45      1.10      1.16      1.14      1.27      1.32      1.33      1.79      1.77      1.26      1.17      1.16      1.25
  4341.45      1.10      1.16      1.14      1.27      1.32      1.33      1.78      1.78      1.26      1.17      1.16      1.25
  4342.45      1.08      1.14      1.12      1.24      1.30      1.31      1.74      1.76      1.24      1.15      1.13      1.23
  4343.45      1.04      1.10      1.08      1.20      1.26      1.26      1.67      1.71      1.19      1.11      1.09      1.18
  4344.45      1.01      1.07      1.04      1.16      1.22      1.22      1.62      1.67      1.16      1.08      1.05      1.14
  4345.45      0.99      1.05      1.03      1.14      1.20      1.19      1.58      1.66      1.14      1.06      1.04      1.12
  4346.45      0.97      1.03      1.01      1.11      1.18      1.17      1.54      1.64      1.13      1.04      1.02      1.10
  4347.45      0.96      1.02      1.00      1.09      1.18      1.16      1.52      1.64      1.12      1.02      1.01      1.08
  4348.45      0.96      1.02      1.00      1.09      1.18      1.16      1.50      1.65      1.11      1.02      1.01      1.08
  4349.45      0.94      0.99      0.98      1.06      1.16      1.13      1.46      1.63      1.09      1.00      0.98      1.05
  4350.45      0.91      0.97      0.96      1.04      1.13      1.10      1.42      1.61      1.06      0.98      0.96      1.02
  4351.45      0.95      1.01      1.00      1.08      1.18      1.15      1.47      1.68      1.11      1.02      1.00      1.06
  4352.45      1.00      1.06      1.05      1.13      1.24      1.21      1.54      1.77      1.18      1.07      1.05      1.11
  4353.45      0.99      1.06      1.05      1.13      1.24      1.21      1.52      1.78      1.17      1.07      1.05      1.10
  4354.45      0.96      1.03      1.02      1.09      1.21      1.17      1.47      1.74      1.13      1.04      1.02      1.07
  4355.45      0.95      1.02      1.01      1.08      1.19      1.15      1.45      1.73      1.12      1.03      1.00      1.06
  4356.45      0.94      1.00      0.99      1.06      1.17      1.13      1.42      1.73      1.11      1.01      0.99      1.04
  4357.45      0.91      0.96      0.96      1.02      1.13      1.10      1.36      1.69      1.07      0.98      0.95      1.00
  4358.45      0.86      0.91      0.91      0.96      1.07      1.04      1.29      1.62      1.02      0.93      0.90      0.95
  4359.45      0.84      0.89      0.89      0.94      1.05      1.02      1.26      1.61      1.00      0.91      0.88      0.93
  4360.45      0.87      0.92      0.93      0.98      1.09      1.06      1.30      1.68      1.04      0.95      0.92      0.97
  4361.45      0.88      0.93      0.93      0.98      1.10      1.07      1.31      1.70      1.05      0.96      0.92      0.97
  4362.45      0.86      0.91      0.91      0.95      1.08      1.05      1.27      1.68      1.03      0.94      0.90      0.95
  4363.45      0.87      0.92      0.92      0.96      1.08      1.06      1.27      1.71      1.04      0.95      0.91      0.96
  4364.45      0.90      0.95      0.96      1.00      1.12      1.10      1.32      1.78      1.08      0.98      0.94      0.99
  4365.45      0.91      0.95      0.96      1.00      1.12      1.10      1.32      1.80      1.09      0.99      0.95      0.99
  4366.45      0.90      0.94      0.95      0.99      1.11      1.09      1.30      1.79      1.08      0.98      0.94      0.98
  4367.45      0.91      0.95      0.96      1.00      1.12      1.10      1.31      1.82      1.09      0.99      0.95      0.99
  4368.45      0.90      0.94      0.95      0.98      1.11      1.09      1.29      1.82      1.09      0.98      0.94      0.98
  4369.45      0.87      0.91      0.92      0.95      1.07      1.05      1.24      1.78      1.06      0.95      0.90      0.94
  4370.45      0.90      0.94      0.95      0.98      1.10      1.08      1.27      1.84      1.09      0.98      0.93      0.96
  4371.45      0.94      0.98      0.99      1.02      1.15      1.13      1.33      1.94      1.14      1.02      0.98      1.00
  4372.45      0.94      0.98      1.00      1.02      1.15      1.13      1.33      1.96      1.14      1.03      0.98      1.01
  4373.45      0.93      0.97      0.98      1.01      1.14      1.12      1.31      1.95      1.13      1.02      0.97      1.00
  4374.45      0.94      0.98      0.99      1.01      1.14      1.13      1.31      1.99      1.15      1.03      0.98      1.01
  4375.45      0.97      1.00      1.02      1.04      1.17      1.16      1.33      2.05      1.18      1.06      1.00      1.03
  4376.45      0.97      0.99      1.02      1.04      1.16      1.15      1.33      2.06      1.18      1.06      1.00      1.02
  4377.45      0.93      0.95      0.98      1.00      1.12      1.11      1.27      2.01      1.14      1.02      0.96      0.98
  4378.45      0.90      0.92      0.95      0.96      1.08      1.07      1.23      1.96      1.11      0.99      0.93      0.95
  4379.45      0.90      0.93      0.95      0.96      1.08      1.08      1.23      1.98      1.11      1.00      0.94      0.96
  4380.45      0.91      0.93      0.96      0.97      1.08      1.09      1.24      2.01      1.12      1.00      0.94      0.96
  4381.45      0.93      0.95      0.98      0.99      1.11      1.12      1.26      2.07      1.15      1.03      0.96      0.99
  4382.45      0.95      0.97      1.00      1.01      1.12      1.14      1.28      2.12      1.18      1.05      0.98      1.01
  4383.45      0.98      1.00      1.04      1.03      1.16      1.17      1.31      2.19      1.22      1.09      1.01      1.03
  4384.45      1.04      1.07      1.10      1.10      1.23      1.24      1.39      2.33      1.30      1.16      1.08      1.10
  4385.45      1.07      1.10      1.13      1.13      1.26      1.28      1.43      2.40      1.34      1.19      1.12      1.12
  4386.45      1.03      1.06      1.09      1.10      1.22      1.23      1.38      2.33      1.31      1.16      1.08      1.08
  4387.45      1.00      1.02      1.06      1.06      1.17      1.19      1.33      2.26      1.27      1.12      1.04      1.05
  4388.45      1.01      1.03      1.07      1.07      1.18      1.21      1.34      2.29      1.29      1.13      1.05      1.06
  4389.45      1.04      1.06      1.10      1.09      1.21      1.23      1.37      2.35      1.33      1.15      1.08      1.09
  4390.45      1.04      1.06      1.10      1.10      1.22      1.24      1.37      2.36      1.34      1.16      1.08      1.09
  4391.45      1.04      1.06      1.10      1.09      1.21      1.24      1.37      2.36      1.34      1.16      1.08      1.08
  4392.45      1.03      1.05      1.09      1.08      1.20      1.23      1.35      2.34      1.33      1.15      1.06      1.07
  4393.45      1.01      1.03      1.07      1.06      1.17      1.21      1.32      2.30      1.31      1.13      1.05      1.05
  4394.45      1.00      1.01      1.06      1.04      1.16      1.19      1.30      2.26      1.30      1.11      1.03      1.03
  4395.45      1.01      1.02      1.07      1.05      1.17      1.20      1.32      2.28      1.32      1.12      1.04      1.05
  4396.45      1.03      1.04      1.08      1.07      1.19      1.22      1.34      2.32      1.35      1.15      1.06      1.06
  4397.45      1.02      1.03      1.08      1.07      1.18      1.21      1.32      2.30      1.34      1.14      1.05      1.06
  4398.45      1.02      1.03      1.08      1.07      1.18      1.21      1.32      2.28      1.35      1.14      1.05      1.06
  4399.45      1.03      1.04      1.09      1.08      1.19      1.23      1.33      2.30      1.38      1.15      1.07      1.07
  4400.45      1.04      1.05      1.10      1.09      1.21      1.24      1.34      2.30      1.40      1.16      1.08      1.07
  4401.45      1.06      1.06      1.11      1.10      1.22      1.25      1.36      2.31      1.42      1.18      1.10      1.09
  4402.45      1.05      1.06      1.10      1.09      1.22      1.24      1.34      2.27      1.42      1.17      1.09      1.08
  4403.45      1.01      1.02      1.07      1.05      1.17      1.20      1.29      2.18      1.38      1.13      1.04      1.04
  4404.45      1.01      1.02      1.07      1.05      1.17      1.20      1.29      2.16      1.38      1.13      1.04      1.04
  4405.45      1.04      1.05      1.10      1.08      1.20      1.23      1.32      2.20      1.42      1.16      1.07      1.07
  4406.45      1.02      1.03      1.08      1.06      1.18      1.21      1.29      2.14      1.40      1.14      1.05      1.05
  4407.45      0.98      0.99      1.04      1.02      1.14      1.18      1.25      2.05      1.36      1.10      1.02      1.01
  4408.45      1.00      1.01      1.05      1.03      1.15      1.20      1.27      2.06      1.39      1.11      1.04      1.03
  4409.45      0.99      1.00      1.05      1.02      1.15      1.19      1.26      2.02      1.39      1.10      1.03      1.02
  4410.45      0.98      0.99      1.04      1.02      1.14      1.18      1.24      1.98      1.39      1.09      1.02      1.01
  4411.45      1.01      1.02      1.07      1.05      1.17      1.21      1.27      2.01      1.43      1.13      1.05      1.04
  4412.45      0.98      0.99      1.04      1.02      1.14      1.18      1.24      1.94      1.40      1.10      1.02      1.01
  4413.45      0.95      0.96      1.01      0.99      1.11      1.14      1.20      1.86      1.36      1.07      0.98      0.97
  4414.45      0.98      1.00      1.04      1.03      1.15      1.18      1.24      1.90      1.43      1.10      1.02      1.01
  4415.45      1.03      1.04      1.09      1.07      1.19      1.24      1.29      1.96      1.50      1.15      1.07      1.06
  4416.45      1.02      1.03      1.08      1.06      1.19      1.23      1.28      1.93      1.50      1.15      1.07      1.05
  4417.45      1.00      1.01      1.06      1.04      1.16      1.20      1.25      1.86      1.47      1.13      1.04      1.03
  4418.45      1.03      1.04      1.10      1.08      1.21      1.25      1.29      1.91      1.53      1.17      1.08      1.06
  4419.45      1.06      1.07      1.12      1.10      1.24      1.28      1.32      1.94      1.57      1.20      1.11      1.08
  4420.45      1.04      1.05      1.10      1.08      1.21      1.26      1.29      1.89      1.55      1.17      1.08      1.06
  4421.45      1.01      1.02      1.08      1.05      1.17      1.22      1.26      1.82      1.52      1.14      1.05      1.04
  4422.45      1.02      1.04      1.10      1.07      1.19      1.25      1.28      1.83      1.55      1.17      1.08      1.05
  4423.45      1.06      1.08      1.14      1.11      1.24      1.30      1.33      1.88      1.62      1.21      1.12      1.09
  4424.45      1.08      1.10      1.16      1.13      1.26      1.32      1.35      1.90      1.66      1.23      1.14      1.10
  4425.45      1.06      1.08      1.14      1.11      1.24      1.29      1.32      1.85      1.64      1.21      1.12      1.09
  4426.45      1.03      1.05      1.11      1.07      1.19      1.25      1.28      1.78      1.60      1.17      1.08      1.06
  4427.45      1.02      1.04      1.10      1.06      1.18      1.25      1.27      1.74      1.60      1.16      1.07      1.05
  4428.45      1.03      1.05      1.11      1.07      1.19      1.26      1.28      1.74      1.63      1.17      1.08      1.06
  4429.45      1.05      1.07      1.13      1.10      1.22      1.29      1.31      1.76      1.67      1.20      1.11      1.08
  4430.45      1.09      1.11      1.17      1.14      1.26      1.34      1.35      1.81      1.73      1.24      1.15      1.12
  4431.45      1.12      1.14      1.21      1.17      1.30      1.38      1.39      1.85      1.80      1.28      1.19      1.15
  4432.45      1.08      1.11      1.17      1.14      1.25      1.34      1.35      1.78      1.76      1.25      1.15      1.12
  4433.45      1.06      1.09      1.15      1.11      1.23      1.31      1.32      1.74      1.74      1.23      1.13      1.09
  4434.45      1.09      1.12      1.19      1.14      1.26      1.35      1.35      1.77      1.80      1.26      1.16      1.12
  4435.45      1.13      1.16      1.23      1.18      1.30      1.40      1.40      1.81      1.87      1.30      1.20      1.15
  4436.45      1.14      1.17      1.24      1.20      1.31      1.41      1.41      1.82      1.90      1.31      1.20      1.17
  4437.45      1.11      1.13      1.21      1.17      1.27      1.38      1.37      1.76      1.86      1.28      1.17      1.13
  4438.45      1.08      1.10      1.18      1.13      1.23      1.34      1.33      1.70      1.82      1.25      1.14      1.10
  4439.45      1.05      1.08      1.15      1.11      1.20      1.32      1.30      1.65      1.80      1.22      1.12      1.07
  4440.45      1.05      1.08      1.15      1.11      1.20      1.32      1.31      1.65      1.81      1.22      1.13      1.08
  4441.45      1.08      1.11      1.18      1.15      1.24      1.37      1.35      1.69      1.88      1.26      1.16      1.11
  4442.45      1.12      1.15      1.22      1.18      1.27      1.42      1.39      1.73      1.95      1.30      1.20      1.15
  4443.45      1.13      1.15      1.23      1.20      1.28      1.44      1.40      1.74      1.99      1.32      1.21      1.16
  4444.45      1.15      1.16      1.24      1.21      1.29      1.45      1.41      1.75      2.02      1.33      1.23      1.17
  4445.45      1.13      1.15      1.23      1.20      1.27      1.43      1.39      1.71      2.01      1.32      1.21      1.16
  4446.45      1.07      1.09      1.17      1.13      1.21      1.37      1.32      1.62      1.92      1.25      1.16      1.09
  4447.45      1.05      1.07      1.15      1.11      1.18      1.34      1.30      1.59      1.90      1.23      1.14      1.07
  4448.45      1.08      1.10      1.18      1.14      1.21      1.38      1.33      1.62      1.96      1.27      1.16      1.10
  4449.45      1.10      1.12      1.20      1.16      1.22      1.40      1.35      1.64      2.01      1.29      1.18      1.12
  4450.45      1.10      1.12      1.21      1.17      1.23      1.41      1.36      1.64      2.03      1.30      1.19      1.13
  4451.45      1.10      1.12      1.21      1.17      1.22      1.41      1.36      1.63      2.05      1.30      1.20      1.13
  4452.45      1.11      1.13      1.21      1.17      1.23      1.42      1.36      1.63      2.08      1.31      1.20      1.13
  4453.45      1.14      1.16      1.25      1.21      1.26      1.46      1.40      1.66      2.15      1.35      1.24      1.17
  4454.45      1.17      1.18      1.27      1.23      1.28      1.48      1.43      1.69      2.20      1.37      1.27      1.19
  4455.45      1.18      1.19      1.28      1.25      1.29      1.50      1.45      1.71      2.25      1.39      1.28      1.21
  4456.45      1.19      1.20      1.29      1.26      1.30      1.51      1.46      1.71      2.28      1.41      1.29      1.22
  4457.45      1.19      1.20      1.29      1.26      1.30      1.50      1.45      1.70      2.30      1.41      1.29      1.21
  4458.45      1.19      1.20      1.29      1.26      1.30      1.50      1.46      1.69      2.32      1.41      1.30      1.21
  4459.45      1.19      1.20      1.29      1.26      1.30      1.51      1.46      1.69      2.34      1.42      1.31      1.22
  4460.45      1.20      1.21      1.29      1.27      1.30      1.51      1.46      1.69      2.38      1.43      1.32      1.22
  4461.45      1.18      1.18      1.26      1.24      1.27      1.48      1.43      1.65      2.35      1.40      1.29      1.20
  4462.45      1.15      1.15      1.23      1.22      1.24      1.44      1.40      1.60      2.32      1.37      1.27      1.17
  4463.45      1.17      1.17      1.25      1.23      1.25      1.46      1.42      1.62      2.37      1.39      1.28      1.18
  4464.45      1.17      1.17      1.25      1.23      1.25      1.46      1.41      1.61      2.39      1.40      1.28      1.18
  4465.45      1.19      1.19      1.27      1.25      1.27      1.48      1.43      1.63      2.45      1.42      1.30      1.20
  4466.45      1.21      1.21      1.29      1.27      1.28      1.50      1.46      1.65      2.51      1.45      1.32      1.22
  4467.45      1.22      1.21      1.29      1.28      1.29      1.50      1.47      1.66      2.54      1.46      1.34      1.23
  4468.45      1.21      1.20      1.28      1.27      1.27      1.49      1.46      1.64      2.53      1.46      1.33      1.22
  4469.45      1.20      1.20      1.27      1.26      1.26      1.47      1.45      1.63      2.53      1.45      1.32      1.21
  4470.45      1.23      1.22      1.30      1.29      1.29      1.50      1.48      1.66      2.61      1.48      1.35      1.24
  4471.45      1.24      1.23      1.30      1.30      1.30      1.51      1.49      1.66      2.65      1.50      1.36      1.25
  4472.45      1.21      1.21      1.27      1.27      1.27      1.47      1.45      1.62      2.61      1.47      1.33      1.22
  4473.45      1.19      1.18      1.25      1.25      1.24      1.44      1.43      1.58      2.58      1.45      1.31      1.20
  4474.45      1.18      1.16      1.22      1.23      1.22      1.42      1.40      1.55      2.56      1.43      1.29      1.17
  4475.45      1.15      1.14      1.20      1.20      1.19      1.38      1.37      1.52      2.52      1.41      1.26      1.15
  4476.45      1.17      1.15      1.21      1.22      1.20      1.39      1.39      1.53      2.55      1.43      1.27      1.17
  4477.45      1.19      1.17      1.23      1.25      1.23      1.42      1.41      1.56      2.61      1.46      1.30      1.19
  4478.45      1.19      1.17      1.23      1.24      1.22      1.41      1.41      1.55      2.61      1.46      1.30      1.18
  4479.45      1.19      1.17      1.23      1.24      1.22      1.41      1.42      1.54      2.61      1.46      1.29      1.18
  4480.45      1.21      1.19      1.25      1.26      1.24      1.42      1.44      1.56      2.65      1.49      1.31      1.20
  4481.45      1.24      1.22      1.27      1.29      1.27      1.45      1.47      1.60      2.71      1.54      1.35      1.23
  4482.45      1.26      1.23      1.29      1.30      1.28      1.46      1.49      1.60      2.73      1.56      1.36      1.24
  4483.45      1.25      1.21      1.27      1.29      1.26      1.44      1.47      1.58      2.70      1.54      1.34      1.23
  4484.45      1.21      1.18      1.23      1.25      1.22      1.40      1.42      1.53      2.62      1.50      1.30      1.19
  4485.45      1.19      1.16      1.20      1.22      1.19      1.37      1.39      1.50      2.56      1.47      1.28      1.17
  4486.45      1.19      1.16      1.20      1.22      1.19      1.36      1.39      1.50      2.55      1.48      1.28      1.17
  4487.45      1.20      1.16      1.20      1.23      1.20      1.37      1.40      1.50      2.55      1.50      1.29      1.18
  4488.45      1.22      1.18      1.22      1.24      1.21      1.38      1.42      1.52      2.58      1.52      1.30      1.20
  4489.45      1.25      1.21      1.26      1.28      1.24      1.42      1.46      1.55      2.62      1.57      1.34      1.22
  4490.45      1.26      1.22      1.26      1.28      1.25      1.43      1.46      1.55      2.61      1.59      1.34      1.23
  4491.45      1.24      1.20      1.24      1.26      1.23      1.41      1.45      1.53      2.56      1.58      1.32      1.21
  4492.45      1.23      1.19      1.23      1.25      1.22      1.39      1.43      1.51      2.53      1.56      1.31      1.20
  4493.45      1.23      1.18      1.22      1.24      1.21      1.39      1.42      1.50      2.50      1.56      1.30      1.20
  4494.45      1.23      1.19      1.22      1.25      1.21      1.39      1.43      1.50      2.48      1.57      1.31      1.21
  4495.45      1.27      1.22      1.26      1.28      1.25      1.43      1.47      1.54      2.52      1.62      1.35      1.24
  4496.45      1.26      1.21      1.24      1.27      1.24      1.41      1.45      1.52      2.48      1.62      1.33      1.22
  4497.45      1.24      1.19      1.22      1.25      1.21      1.39      1.43      1.49      2.41      1.60      1.31      1.19
  4498.45      1.24      1.18      1.22      1.24      1.20      1.39      1.43      1.49      2.38      1.60      1.31      1.19
  4499.45      1.23      1.18      1.21      1.24      1.19      1.38      1.42      1.48      2.35      1.60      1.30      1.19
  4500.45      1.23      1.18      1.21      1.24      1.20      1.38      1.41      1.47      2.32      1.60      1.30      1.19
  4501.45      1.24      1.18      1.21      1.24      1.21      1.38      1.42      1.48      2.31      1.62      1.31      1.19
  4502.45      1.26      1.20      1.23      1.27      1.23      1.41      1.45      1.50      2.32      1.66      1.33      1.22
  4503.45      1.26      1.20      1.22      1.26      1.22      1.40      1.45      1.49      2.28      1.66      1.33      1.21
  4504.45      1.22      1.16      1.19      1.22      1.18      1.36      1.40      1.44      2.20      1.62      1.29      1.17
  4505.45      1.22      1.16      1.18      1.21      1.17      1.36      1.40      1.43      2.16      1.63      1.28      1.17
  4506.45      1.22      1.16      1.18      1.21      1.17      1.35      1.40      1.43      2.14      1.63      1.28      1.17
  4507.45      1.20      1.14      1.17      1.20      1.16      1.33      1.38      1.41      2.09      1.62      1.26      1.15
  4508.45      1.22      1.15      1.18      1.21      1.17      1.35      1.39      1.43      2.09      1.65      1.28      1.17
  4509.45      1.25      1.18      1.21      1.25      1.21      1.38      1.43      1.46      2.12      1.70      1.31      1.21
  4510.45      1.27      1.20      1.22      1.26      1.22      1.40      1.45      1.47      2.12      1.73      1.33      1.22
  4511.45      1.26      1.19      1.22      1.25      1.21      1.39      1.45      1.46      2.09      1.73      1.32      1.20
  4512.45      1.27      1.20      1.22      1.26      1.22      1.40      1.45      1.47      2.08      1.75      1.33      1.21
  4513.45      1.29      1.21      1.24      1.28      1.23      1.42      1.47      1.49      2.09      1.78      1.35      1.23
  4514.45      1.29      1.22      1.24      1.28      1.23      1.43      1.47      1.49      2.07      1.79      1.35      1.24
  4515.45      1.29      1.22      1.24      1.28      1.24      1.43      1.47      1.49      2.06      1.80      1.36      1.24
  4516.45      1.29      1.22      1.24      1.28      1.24      1.43      1.48      1.49      2.05      1.82      1.36      1.24
  4517.45      1.30      1.21      1.25      1.29      1.24      1.43      1.49      1.49      2.03      1.83      1.36      1.25
  4518.45      1.30      1.22      1.25      1.29      1.24      1.44      1.49      1.50      2.02      1.85      1.37      1.25
  4519.45      1.31      1.23      1.26      1.30      1.25      1.45      1.50      1.51      2.02      1.87      1.38      1.26
  4520.45      1.31      1.23      1.26      1.30      1.25      1.45      1.50      1.50      2.00      1.88      1.38      1.25
  4521.45      1.29      1.21      1.24      1.29      1.24      1.43      1.49      1.48      1.97      1.87      1.36      1.24
  4522.45      1.27      1.19      1.22      1.27      1.21      1.40      1.47      1.46      1.93      1.85      1.34      1.22
  4523.45      1.27      1.19      1.22      1.27      1.21      1.40      1.47      1.45      1.91      1.86      1.34      1.22
  4524.45      1.28      1.20      1.22      1.28      1.22      1.40      1.48      1.46      1.91      1.88      1.35      1.23
  4525.45      1.29      1.21      1.24      1.29      1.23      1.41      1.49      1.47      1.91      1.91      1.36      1.24
  4526.45      1.32      1.23      1.26      1.31      1.25      1.44      1.51      1.50      1.93      1.96      1.39      1.27
  4527.45      1.32      1.23      1.26      1.31      1.25      1.44      1.52      1.50      1.92      1.97      1.39      1.27
  4528.45      1.30      1.21      1.25      1.30      1.23      1.42      1.51      1.48      1.88      1.96      1.38      1.26
  4529.45      1.32      1.23      1.26      1.32      1.25      1.44      1.52      1.50      1.89      2.00      1.40      1.27
  4530.45      1.33      1.24      1.27      1.33      1.26      1.44      1.54      1.51      1.89      2.03      1.41      1.28
  4531.45      1.31      1.22      1.26      1.32      1.25      1.43      1.53      1.49      1.87      2.02      1.40      1.27
  4532.45      1.29      1.20      1.24      1.30      1.23      1.40      1.51      1.46      1.83      2.01      1.37      1.26
  4533.45      1.26      1.17      1.21      1.27      1.20      1.37      1.47      1.43      1.78      1.97      1.34      1.23
  4534.45      1.26      1.17      1.21      1.27      1.21      1.37      1.48      1.43      1.77      1.99      1.35      1.23
  4535.45      1.29      1.20      1.23      1.29      1.23      1.39      1.51      1.46      1.79      2.04      1.38      1.25
  4536.45      1.30      1.21      1.24      1.30      1.24      1.40      1.52      1.47      1.80      2.07      1.39      1.26
  4537.45      1.28      1.19      1.23      1.28      1.21      1.37      1.50      1.44      1.76      2.05      1.37      1.24
  4538.45      1.26      1.16      1.20      1.26      1.19      1.35      1.48      1.42      1.72      2.03      1.35      1.23
  4539.45      1.26      1.16      1.19      1.25      1.19      1.34      1.48      1.41      1.71      2.04      1.35      1.22
  4540.45      1.26      1.17      1.20      1.26      1.20      1.35      1.49      1.41      1.71      2.06      1.35      1.23
  4541.45      1.29      1.19      1.22      1.29      1.22      1.37      1.52      1.44      1.72      2.12      1.38      1.25
  4542.45      1.29      1.18      1.22      1.29      1.22      1.36      1.52      1.44      1.71      2.13      1.38      1.25
  4543.45      1.25      1.15      1.19      1.25      1.18      1.32      1.48      1.40      1.65      2.09      1.34      1.23
  4544.45      1.25      1.14      1.19      1.25      1.18      1.31      1.47      1.39      1.64      2.09      1.34      1.22
  4545.45      1.27      1.17      1.21      1.27      1.20      1.33      1.50      1.41      1.67      2.15      1.37      1.25
  4546.45      1.30      1.19      1.23      1.30      1.23      1.35      1.53      1.44      1.69      2.21      1.40      1.27
  4547.45      1.30      1.19      1.23      1.30      1.23      1.36      1.54      1.44      1.69      2.23      1.41      1.27
  4548.45      1.29      1.18      1.22      1.29      1.22      1.34      1.53      1.43      1.67      2.23      1.40      1.27
  4549.45      1.33      1.22      1.26      1.33      1.26      1.37      1.57      1.47      1.71      2.31      1.44      1.30
  4550.45      1.37      1.26      1.30      1.37      1.30      1.41      1.61      1.52      1.76      2.40      1.49      1.35
  4551.45      1.35      1.23      1.27      1.34      1.28      1.38      1.58      1.49      1.72      2.38      1.47      1.32
  4552.45      1.32      1.21      1.24      1.31      1.24      1.35      1.54      1.46      1.68      2.35      1.44      1.29
  4553.45      1.34      1.22      1.25      1.33      1.26      1.37      1.56      1.47      1.69      2.39      1.46      1.31
  4554.45      1.34      1.22      1.25      1.32      1.25      1.36      1.56      1.47      1.67      2.41      1.45      1.31
  4555.45      1.34      1.22      1.25      1.32      1.25      1.36      1.55      1.46      1.67      2.43      1.46      1.31
  4556.45      1.38      1.24      1.28      1.35      1.28      1.38      1.58      1.50      1.70      2.50      1.49      1.34
  4557.45      1.40      1.26      1.29      1.37      1.30      1.40      1.60      1.52      1.71      2.54      1.52      1.36
  4558.45      1.37      1.22      1.26      1.33      1.26      1.35      1.56      1.48      1.66      2.50      1.48      1.33
  4559.45      1.34      1.20      1.23      1.30      1.24      1.32      1.53      1.45      1.62      2.47      1.45      1.30
  4560.45      1.34      1.20      1.22      1.29      1.24      1.31      1.52      1.44      1.61      2.49      1.45      1.29
  4561.45      1.35      1.21      1.23      1.30      1.25      1.32      1.52      1.45      1.62      2.53      1.47      1.30
  4562.45      1.36      1.22      1.24      1.31      1.26      1.33      1.53      1.46      1.62      2.56      1.48      1.31
  4563.45      1.36      1.22      1.24      1.31      1.26      1.33      1.52      1.45      1.61      2.57      1.49      1.31
  4564.45      1.39      1.24      1.25      1.32      1.27      1.35      1.54      1.47      1.63      2.62      1.51      1.33
  4565.45      1.42      1.26      1.28      1.35      1.30      1.37      1.57      1.50      1.66      2.67      1.55      1.36
  4566.45      1.44      1.27      1.29      1.36      1.31      1.37      1.58      1.52      1.67      2.70      1.56      1.38
  4567.45      1.43      1.26      1.28      1.35      1.30      1.36      1.56      1.51      1.65      2.69      1.56      1.37
  4568.45      1.42      1.25      1.27      1.32      1.29      1.34      1.54      1.49      1.62      2.67      1.54      1.35
  4569.45      1.41      1.24      1.26      1.31      1.28      1.33      1.52      1.48      1.61      2.66      1.54      1.33
  4570.45      1.43      1.25      1.27      1.32      1.28      1.33      1.52      1.49      1.61      2.68      1.55      1.34
  4571.45      1.44      1.26      1.27      1.33      1.29      1.34      1.53      1.49      1.63      2.69      1.57      1.35
  4572.45      1.47      1.28      1.29      1.35      1.32      1.36      1.55      1.52      1.65      2.73      1.60      1.37
  4573.45      1.49      1.29      1.30      1.36      1.33      1.37      1.57      1.53      1.66      2.76      1.62      1.38
  4574.45      1.46      1.27      1.28      1.33      1.30      1.34      1.53      1.50      1.61      2.70      1.59      1.36
  4575.45      1.47      1.27      1.27      1.32      1.30      1.34      1.52      1.50      1.61      2.69      1.60      1.35
  4576.45      1.49      1.28      1.28      1.33      1.31      1.34      1.53      1.51      1.61      2.70      1.62      1.36
  4577.45      1.48      1.27      1.27      1.33      1.30      1.34      1.52      1.50      1.60      2.67      1.62      1.35
  4578.45      1.48      1.26      1.26      1.31      1.29      1.33      1.51      1.49      1.59      2.65      1.61      1.35
  4579.45      1.50      1.27      1.28      1.32      1.30      1.33      1.51      1.50      1.60      2.65      1.62      1.36
  4580.45      1.51      1.29      1.28      1.32      1.30      1.34      1.52      1.51      1.60      2.66      1.64      1.36
  4581.45      1.53      1.30      1.29      1.34      1.32      1.35      1.53      1.52      1.61      2.66      1.66      1.38
  4582.45      1.55      1.31      1.31      1.35      1.34      1.37      1.55      1.53      1.62      2.67      1.69      1.40
  4583.45      1.54      1.30      1.30      1.33      1.32      1.35      1.53      1.52      1.61      2.62      1.68      1.38
  4584.45      1.54      1.30      1.29      1.33      1.32      1.35      1.53      1.52      1.60      2.59      1.69      1.37
  4585.45      1.55      1.31      1.29      1.34      1.32      1.35      1.53      1.53      1.60      2.58      1.70      1.38
  4586.45      1.54      1.30      1.28      1.32      1.31      1.34      1.52      1.52      1.58      2.53      1.69      1.37
  4587.45      1.56      1.30      1.29      1.32      1.32      1.34      1.52      1.52      1.59      2.52      1.71      1.38
  4588.45      1.57      1.31      1.30      1.33      1.32      1.35      1.53      1.53      1.60      2.51      1.73      1.39
  4589.45      1.56      1.31      1.29      1.32      1.31      1.33      1.52      1.52      1.58      2.46      1.72      1.38
  4590.45      1.54      1.29      1.27      1.30      1.29      1.31      1.49      1.49      1.55      2.41      1.70      1.36
  4591.45      1.57      1.31      1.28      1.31      1.31      1.33      1.51      1.51      1.57      2.42      1.73      1.38
  4592.45      1.61      1.34      1.31      1.34      1.34      1.36      1.54      1.55      1.60      2.44      1.78      1.40
  4593.45      1.63      1.35      1.32      1.36      1.36      1.37      1.55      1.56      1.61      2.43      1.81      1.42
  4594.45      1.61      1.34      1.31      1.34      1.34      1.35      1.53      1.54      1.59      2.38      1.80      1.41
  4595.45      1.62      1.34      1.31      1.33      1.33      1.35      1.53      1.54      1.59      2.34      1.80      1.41
  4596.45      1.66      1.38      1.34      1.36      1.36      1.39      1.57      1.58      1.63      2.37      1.86      1.44
  4597.45      1.67      1.39      1.34      1.37      1.37      1.39      1.58      1.59      1.63      2.36      1.88      1.44
  4598.45      1.66      1.37      1.33      1.35      1.36      1.37      1.56      1.57      1.61      2.32      1.87      1.43
  4599.45      1.66      1.37      1.33      1.35      1.36      1.37      1.56      1.57      1.61      2.30      1.88      1.43
  4600.45      1.67      1.37      1.34      1.35      1.36      1.37      1.57      1.58      1.60      2.28      1.89      1.43
  4601.45      1.70      1.40      1.36      1.38      1.38      1.40      1.59      1.60      1.62      2.30      1.93      1.46
  4602.45      1.70      1.40      1.36      1.38      1.38      1.39      1.59      1.60      1.62      2.28      1.94      1.46
  4603.45      1.68      1.39      1.34      1.36      1.37      1.37      1.57      1.58      1.60      2.23      1.92      1.44
  4604.45      1.66      1.36      1.31      1.33      1.34      1.35      1.54      1.55      1.57      2.17      1.90      1.41
  4605.45      1.65      1.36      1.30      1.32      1.33      1.33      1.53      1.54      1.56      2.13      1.90      1.41
  4606.45      1.69      1.38      1.33      1.34      1.35      1.36      1.56      1.58      1.59      2.15      1.95      1.44
  4607.45      1.71      1.39      1.34      1.35      1.36      1.37      1.57      1.59      1.60      2.15      1.98      1.45
  4608.45      1.70      1.39      1.33      1.34      1.35      1.37      1.56      1.58      1.59      2.12      1.98      1.44
  4609.45      1.68      1.36      1.30      1.32      1.33      1.34      1.53      1.55      1.56      2.07      1.96      1.42
  4610.45      1.65      1.33      1.27      1.28      1.30      1.31      1.49      1.52      1.52      2.01      1.92      1.38
  4611.45      1.66      1.33      1.28      1.29      1.30      1.31      1.50      1.52      1.52      2.00      1.94      1.38
  4612.45      1.71      1.38      1.32      1.33      1.35      1.35      1.55      1.56      1.56      2.04      2.00      1.43
  4613.45      1.74      1.40      1.34      1.35      1.37      1.37      1.58      1.59      1.59      2.06      2.05      1.46
  4614.45      1.79      1.43      1.37      1.38      1.40      1.40      1.61      1.62      1.62      2.09      2.10      1.48
  4615.45      1.79      1.43      1.37      1.38      1.39      1.40      1.60      1.63      1.62      2.07      2.11      1.49
  4616.45      1.77      1.41      1.34      1.35      1.37      1.37      1.58      1.61      1.59      2.03      2.09      1.46
  4617.45      1.76      1.39      1.32      1.33      1.35      1.36      1.56      1.59      1.57      1.99      2.08      1.44
  4618.45      1.76      1.40      1.33      1.34      1.35      1.36      1.56      1.59      1.57      1.98      2.09      1.45
  4619.45      1.78      1.41      1.34      1.35      1.36      1.38      1.57      1.60      1.58      1.98      2.12      1.46
  4620.45      1.81      1.43      1.36      1.37      1.38      1.39      1.59      1.63      1.60      2.00      2.16      1.49
  4621.45      1.79      1.42      1.34      1.36      1.38      1.37      1.57      1.62      1.58      1.97      2.15      1.47
  4622.45      1.78      1.41      1.33      1.34      1.36      1.36      1.55      1.60      1.56      1.94      2.15      1.46
  4623.45      1.80      1.41      1.33      1.35      1.36      1.36      1.56      1.61      1.57      1.93      2.17      1.47
  4624.45      1.79      1.41      1.32      1.34      1.36      1.35      1.55      1.60      1.56      1.91      2.18      1.46
  4625.45      1.79      1.40      1.32      1.34      1.36      1.35      1.54      1.60      1.56      1.89      2.19      1.46
  4626.45      1.79      1.41      1.33      1.34      1.38      1.37      1.55      1.62      1.57      1.89      2.22      1.48
  4627.45      1.78      1.40      1.32      1.34      1.37      1.36      1.54      1.61      1.56      1.88      2.22      1.47
  4628.45      1.76      1.39      1.31      1.32      1.35      1.34      1.52      1.59      1.54      1.85      2.21      1.45
  4629.45      1.77      1.39      1.31      1.32      1.35      1.34      1.52      1.59      1.54      1.84      2.22      1.45
  4630.45      1.80      1.42      1.34      1.35      1.38      1.37      1.55      1.63      1.57      1.87      2.28      1.49
  4631.45      1.82      1.44      1.35      1.37      1.40      1.39      1.57      1.66      1.59      1.89      2.33      1.51
  4632.45      1.80      1.42      1.33      1.36      1.38      1.38      1.55      1.65      1.58      1.85      2.32      1.50
  4633.45      1.78      1.41      1.32      1.35      1.37      1.37      1.53      1.64      1.56      1.83      2.31      1.48
  4634.45      1.80      1.42      1.34      1.36      1.39      1.38      1.55      1.66      1.58      1.84      2.36      1.50
  4635.45      1.81      1.44      1.35      1.37      1.40      1.39      1.55      1.68      1.59      1.85      2.39      1.52
  4636.45      1.81      1.45      1.36      1.38      1.41      1.40      1.55      1.69      1.60      1.85      2.43      1.53
  4637.45      1.82      1.45      1.36      1.39      1.42      1.41      1.56      1.70      1.60      1.86      2.46      1.54
  4638.45      1.83      1.46      1.37      1.39      1.43      1.41      1.57      1.71      1.61      1.86      2.49      1.55
  4639.45      1.85      1.48      1.39      1.41      1.45      1.43      1.59      1.74      1.63      1.88      2.54      1.58
  4640.45      1.85      1.49      1.39      1.42      1.46      1.44      1.59      1.75      1.64      1.87      2.57      1.59
  4641.45      1.82      1.47      1.38      1.40      1.45      1.42      1.57      1.72      1.61      1.84      2.56      1.58
  4642.45      1.81      1.47      1.37      1.40      1.44      1.42      1.57      1.72      1.61      1.83      2.58      1.58
  4643.45      1.79      1.46      1.36      1.39      1.43      1.41      1.55      1.70      1.59      1.81      2.57      1.57
  4644.45      1.79      1.47      1.36      1.40      1.44      1.42      1.55      1.71      1.61      1.81      2.61      1.58
  4645.45      1.81      1.49      1.39      1.42      1.47      1.44      1.57      1.75      1.64      1.84      2.69      1.62
  4646.45      1.83      1.51      1.41      1.44      1.49      1.47      1.59      1.78      1.66      1.86      2.75      1.64
  4647.45      1.86      1.55      1.44      1.47      1.52      1.50      1.63      1.82      1.70      1.89      2.83      1.68
  4648.45      1.88      1.58      1.47      1.50      1.55      1.53      1.65      1.85      1.73      1.92      2.90      1.72
  4649.45      1.87      1.57      1.46      1.50      1.55      1.53      1.65      1.84      1.72      1.91      2.92      1.71
  4650.45      1.79      1.52      1.41      1.44      1.49      1.47      1.58      1.77      1.65      1.83      2.84      1.65
  4651.45      1.72      1.47      1.37      1.39      1.44      1.43      1.53      1.71      1.60      1.77      2.78      1.61
  4652.45      1.71      1.47      1.37      1.39      1.45      1.43      1.52      1.72      1.60      1.76      2.81      1.61
  4653.45      1.72      1.49      1.38      1.41      1.46      1.44      1.54      1.73      1.62      1.78      2.85      1.64
  4654.45      1.71      1.50      1.39      1.42      1.46      1.45      1.54      1.73      1.62      1.78      2.87      1.65
  4655.45      1.70      1.50      1.39      1.42      1.47      1.45      1.54      1.73      1.63      1.78      2.90      1.66
  4656.45      1.68      1.49      1.38      1.41      1.46      1.44      1.53      1.72      1.62      1.76      2.90      1.66
  4657.45      1.67      1.49      1.38      1.40      1.45      1.44      1.51      1.71      1.62      1.75      2.90      1.66
  4658.45      1.64      1.48      1.36      1.39      1.43      1.42      1.49      1.69      1.60      1.73      2.88      1.65
  4659.45      1.60      1.45      1.33      1.36      1.40      1.40      1.46      1.65      1.56      1.69      2.84      1.62
  4660.45      1.56      1.43      1.32      1.33      1.38      1.38      1.44      1.62      1.54      1.65      2.80      1.59
  4661.45      1.55      1.43      1.31      1.33      1.37      1.37      1.44      1.62      1.54      1.64      2.80      1.59
  4662.45      1.57      1.45      1.33      1.34      1.39      1.39      1.45      1.63      1.55      1.66      2.83      1.62
  4663.45      1.58      1.47      1.34      1.36      1.40      1.41      1.46      1.64      1.57      1.68      2.86      1.65
  4664.45      1.61      1.51      1.38      1.39      1.44      1.44      1.49      1.67      1.61      1.71      2.92      1.70
  4665.45      1.62      1.54      1.40      1.42      1.46      1.46      1.52      1.70      1.63      1.73      2.96      1.73
  4666.45      1.62      1.54      1.40      1.42      1.46      1.46      1.52      1.69      1.64      1.73      2.96      1.74
  4667.45      1.64      1.58      1.43      1.45      1.49      1.49      1.54      1.72      1.67      1.76      3.00      1.78
  4668.45      1.67      1.63      1.48      1.49      1.53      1.54      1.58      1.76      1.71      1.81      3.07      1.84
  4669.45      1.66      1.63      1.47      1.48      1.52      1.54      1.57      1.75      1.71      1.80      3.05      1.84
  4670.45      1.61      1.59      1.43      1.44      1.48      1.50      1.54      1.70      1.66      1.74      2.97      1.80
  4671.45      1.56      1.54      1.39      1.40      1.43      1.45      1.49      1.65      1.62      1.69      2.87      1.75
  4672.45      1.53      1.53      1.37      1.38      1.41      1.42      1.47      1.62      1.60      1.66      2.82      1.74
  4673.45      1.52      1.52      1.37      1.37      1.41      1.42      1.46      1.62      1.59      1.66      2.80      1.75
  4674.45      1.53      1.55      1.39      1.40      1.43      1.45      1.48      1.64      1.62      1.68      2.82      1.78
  4675.45      1.53      1.57      1.39      1.40      1.43      1.45      1.48      1.63      1.61      1.68      2.80      1.79
  4676.45      1.51      1.55      1.38      1.38      1.41      1.43      1.46      1.61      1.59      1.65      2.75      1.77
  4677.45      1.50      1.56      1.38      1.38      1.41      1.44      1.46      1.61      1.60      1.65      2.74      1.78
  4678.45      1.50      1.57      1.39      1.39      1.41      1.44      1.46      1.62      1.61      1.65      2.72      1.80
  4679.45      1.52      1.60      1.42      1.41      1.43      1.47      1.48      1.64      1.64      1.68      2.74      1.84
  4680.45      1.54      1.63      1.44      1.43      1.46      1.49      1.51      1.66      1.66      1.70      2.74      1.88
  4681.45      1.53      1.64      1.44      1.43      1.45      1.49      1.51      1.66      1.66      1.70      2.71      1.88
  4682.45      1.51      1.63      1.43      1.41      1.44      1.48      1.49      1.64      1.65      1.68      2.65      1.88
  4683.45      1.50      1.63      1.42      1.40      1.43      1.46      1.48      1.63      1.64      1.66      2.61      1.87
  4684.45      1.48      1.61      1.41      1.39      1.41      1.45      1.46      1.62      1.62      1.64      2.56      1.86
  4685.45      1.46      1.61      1.40      1.39      1.39      1.44      1.45      1.61      1.61      1.63      2.52      1.86
  4686.45      1.46      1.62      1.40      1.39      1.40      1.45      1.46      1.61      1.61      1.63      2.50      1.88
  4687.45      1.49      1.66      1.44      1.42      1.43      1.48      1.49      1.65      1.65      1.66      2.52      1.94
  4688.45      1.53      1.72      1.49      1.46      1.48      1.53      1.54      1.70      1.70      1.71      2.57      2.00
  4689.45      1.52      1.72      1.48      1.46      1.47      1.52      1.53      1.69      1.69      1.71      2.54      2.01
  4690.45      1.47      1.68      1.45      1.42      1.43      1.48      1.49      1.64      1.65      1.66      2.45      1.97
  4691.45      1.46      1.68      1.44      1.40      1.42      1.47      1.47      1.63      1.64      1.65      2.41      1.96
  4692.45      1.48      1.71      1.46      1.43      1.43      1.49      1.49      1.66      1.66      1.67      2.42      2.00
  4693.45      1.49      1.73      1.47      1.44      1.45      1.50      1.51      1.68      1.68      1.68      2.42      2.03
  4694.45      1.48      1.73      1.47      1.44      1.45      1.50      1.50      1.68      1.68      1.68      2.40      2.03
  4695.45      1.49      1.75      1.49      1.46      1.46      1.52      1.51      1.69      1.69      1.69      2.40      2.06
  4696.45      1.47      1.75      1.49      1.45      1.45      1.51      1.51      1.68      1.69      1.68      2.37      2.06
  4697.45      1.45      1.74      1.47      1.43      1.43      1.49      1.49      1.65      1.67      1.65      2.32      2.05
  4698.45      1.46      1.75      1.47      1.43      1.43      1.50      1.49      1.66      1.68      1.65      2.30      2.07
  4699.45      1.47      1.78      1.49      1.45      1.45      1.52      1.51      1.68      1.70      1.68      2.32      2.11
  4700.45      1.48      1.79      1.51      1.46      1.46      1.53      1.52      1.70      1.71      1.68      2.32      2.14
  4701.45      1.47      1.80      1.52      1.46      1.46      1.53      1.52      1.70      1.72      1.69      2.31      2.16
  4702.45      1.48      1.82      1.53      1.47      1.47      1.54      1.53      1.72      1.73      1.70      2.31      2.18
  4703.45      1.47      1.81      1.52      1.47      1.47      1.53      1.52      1.71      1.71      1.69      2.28      2.18
  4704.45      1.48      1.82      1.53      1.48      1.47      1.55      1.53      1.72      1.73      1.70      2.27      2.21
  4705.45      1.47      1.82      1.53      1.47      1.46      1.54      1.53      1.71      1.72      1.69      2.25      2.21
  4706.45      1.44      1.80      1.49      1.44      1.43      1.50      1.50      1.68      1.69      1.65      2.19      2.18
  4707.45      1.43      1.80      1.49      1.44      1.42      1.50      1.49      1.67      1.69      1.65      2.17      2.19
  4708.45      1.45      1.83      1.52      1.47      1.45      1.52      1.52      1.70      1.71      1.68      2.19      2.24
  4709.45      1.44      1.83      1.52      1.46      1.44      1.52      1.51      1.69      1.71      1.67      2.17      2.24
  4710.45      1.44      1.84      1.53      1.47      1.45      1.52      1.51      1.70      1.71      1.67      2.16      2.26
  4711.45      1.44      1.84      1.53      1.46      1.44      1.52      1.51      1.69      1.72      1.66      2.15      2.27
  4712.45      1.43      1.84      1.52      1.46      1.44      1.51      1.51      1.69      1.71      1.65      2.13      2.28
  4713.45      1.45      1.87      1.55      1.48      1.46      1.54      1.53      1.72      1.74      1.68      2.15      2.32
  4714.45      1.46      1.90      1.57      1.49      1.47      1.55      1.55      1.74      1.76      1.70      2.16      2.37
  4715.45      1.47      1.92      1.59      1.50      1.49      1.57      1.56      1.75      1.79      1.72      2.16      2.41
  4716.45      1.46      1.92      1.58      1.50      1.48      1.56      1.55      1.74      1.78      1.71      2.14      2.41
  4717.45      1.45      1.90      1.56      1.48      1.47      1.55      1.54      1.72      1.77      1.68      2.11      2.40
  4718.45      1.43      1.89      1.54      1.47      1.45      1.53      1.52      1.70      1.75      1.67      2.08      2.39
  4719.45      1.40      1.86      1.52      1.44      1.42      1.50      1.49      1.67      1.72      1.64      2.02      2.37
  4720.45      1.38      1.85      1.50      1.43      1.40      1.48      1.47      1.65      1.69      1.61      1.99      2.36
  4721.45      1.41      1.89      1.54      1.46      1.43      1.52      1.50      1.68      1.73      1.64      2.02      2.43
  4722.45      1.44      1.95      1.58      1.50      1.48      1.56      1.54      1.72      1.79      1.69      2.07      2.50
  4723.45      1.45      1.96      1.59      1.51      1.49      1.57      1.55      1.73      1.80      1.70      2.07      2.53
  4724.45      1.44      1.95      1.57      1.49      1.47      1.56      1.53      1.70      1.78      1.67      2.04      2.52
  4725.45      1.39      1.89      1.52      1.44      1.41      1.50      1.48      1.65      1.73      1.61      1.97      2.46
  4726.45      1.37      1.88      1.51      1.42      1.39      1.49      1.46      1.62      1.70      1.59      1.93      2.45
  4727.45      1.39      1.92      1.53      1.44      1.42      1.51      1.49      1.65      1.74      1.63      1.96      2.51
  4728.45      1.44      1.99      1.58      1.49      1.47      1.56      1.54      1.71      1.80      1.68      2.01      2.61
  4729.45      1.46      2.03      1.62      1.52      1.50      1.60      1.57      1.74      1.84      1.72      2.04      2.68
  4730.45      1.45      2.03      1.62      1.52      1.50      1.60      1.57      1.73      1.84      1.71      2.03      2.69
  4731.45      1.43      2.00      1.59      1.49      1.48      1.57      1.55      1.70      1.82      1.68      2.00      2.68
  4732.45      1.41      1.98      1.57      1.47      1.46      1.55      1.53      1.67      1.80      1.66      1.96      2.66
  4733.45      1.39      1.96      1.55      1.46      1.44      1.54      1.51      1.65      1.78      1.64      1.93      2.66
  4734.45      1.38      1.96      1.55      1.45      1.43      1.53      1.50      1.64      1.78      1.63      1.91      2.66
  4735.45      1.40      1.98      1.57      1.47      1.45      1.55      1.51      1.65      1.80      1.65      1.93      2.71
  4736.45      1.41      2.00      1.58      1.48      1.46      1.56      1.52      1.67      1.82      1.66      1.94      2.75
  4737.45      1.43      2.02      1.60      1.50      1.48      1.59      1.55      1.68      1.85      1.68      1.96      2.81
  4738.45      1.42      2.02      1.60      1.50      1.48      1.58      1.55      1.68      1.85      1.68      1.95      2.84
  4739.45      1.40      1.99      1.57      1.47      1.45      1.56      1.53      1.65      1.81      1.65      1.91      2.82
  4740.45      1.41      2.01      1.59      1.49      1.47      1.58      1.55      1.67      1.83      1.66      1.92      2.88
  4741.45      1.45      2.06      1.64      1.53      1.51      1.62      1.59      1.71      1.88      1.71      1.96      2.97
  4742.45      1.45      2.06      1.64      1.53      1.52      1.63      1.59      1.71      1.88      1.71      1.96      2.99
  4743.45      1.43      2.03      1.63      1.51      1.50      1.61      1.57      1.68      1.86      1.69      1.94      2.98
  4744.45      1.42      2.03      1.62      1.50      1.49      1.60      1.57      1.67      1.84      1.68      1.92      2.98
  4745.45      1.42      2.03      1.63      1.51      1.50      1.61      1.58      1.67      1.85      1.69      1.92      3.00
  4746.45      1.42      2.03      1.63      1.51      1.50      1.61      1.58      1.67      1.85      1.69      1.91      3.02
  4747.45      1.40      1.99      1.60      1.48      1.48      1.58      1.55      1.64      1.82      1.66      1.88      2.99
  4748.45      1.40      1.99      1.60      1.48      1.48      1.59      1.55      1.64      1.82      1.66      1.88      3.00
  4749.45      1.44      2.04      1.64      1.52      1.52      1.64      1.60      1.68      1.87      1.71      1.92      3.08
  4750.45      1.44      2.04      1.65      1.53      1.52      1.64      1.61      1.68      1.87      1.71      1.92      3.10
  4751.45      1.41      2.01      1.63      1.51      1.50      1.62      1.58      1.65      1.84      1.69      1.90      3.07
  4752.45      1.40      1.99      1.62      1.50      1.49      1.61      1.57      1.63      1.83      1.68      1.88      3.05
  4753.45      1.41      1.99      1.62      1.50      1.50      1.62      1.58      1.64      1.82      1.68      1.88      3.05
  4754.45      1.41      1.99      1.63      1.51      1.50      1.62      1.59      1.64      1.83      1.69      1.88      3.07
  4755.45      1.43      2.02      1.66      1.53      1.53      1.65      1.61      1.67      1.86      1.72      1.91      3.11
  4756.45      1.44      2.01      1.67      1.54      1.54      1.65      1.62      1.67      1.86      1.72      1.91      3.12
  4757.45      1.45      2.01      1.67      1.55      1.55      1.66      1.62      1.68      1.87      1.73      1.91      3.13
  4758.45      1.46      2.01      1.68      1.56      1.56      1.67      1.64      1.68      1.88      1.74      1.92      3.13
  4759.45      1.44      1.99      1.67      1.54      1.54      1.66      1.63      1.66      1.86      1.73      1.90      3.09
  4760.45      1.42      1.95      1.65      1.52      1.52      1.63      1.60      1.64      1.83      1.71      1.86      3.04
  4761.45      1.42      1.94      1.65      1.52      1.52      1.63      1.60      1.64      1.82      1.71      1.86      3.04
  4762.45      1.44      1.95      1.68      1.54      1.54      1.65      1.62      1.66      1.84      1.74      1.89      3.07
  4763.45      1.45      1.96      1.69      1.56      1.55      1.67      1.63      1.67      1.85      1.75      1.90      3.07
  4764.45      1.43      1.93      1.68      1.55      1.54      1.65      1.62      1.65      1.82      1.72      1.87      3.02
  4765.45      1.43      1.92      1.69      1.55      1.54      1.65      1.63      1.65      1.82      1.73      1.87      3.00
  4766.45      1.44      1.91      1.69      1.55      1.54      1.66      1.63      1.65      1.82      1.74      1.87      2.98
  4767.45      1.45      1.91      1.71      1.57      1.55      1.67      1.65      1.66      1.82      1.75      1.88      2.98
  4768.45      1.46      1.91      1.72      1.58      1.56      1.68      1.66      1.67      1.83      1.76      1.89      2.97
  4769.45      1.46      1.90      1.72      1.58      1.56      1.67      1.66      1.66      1.83      1.76      1.90      2.95
  4770.45      1.43      1.86      1.70      1.55      1.53      1.64      1.64      1.64      1.80      1.73      1.87      2.88
  4771.45      1.41      1.81      1.67      1.52      1.50      1.61      1.60      1.61      1.76      1.70      1.83      2.80
  4772.45      1.41      1.82      1.68      1.53      1.51      1.62      1.61      1.61      1.77      1.71      1.83      2.78
  4773.45      1.41      1.81      1.69      1.53      1.51      1.62      1.62      1.61      1.77      1.72      1.82      2.76
  4774.45      1.40      1.78      1.68      1.52      1.49      1.60      1.60      1.60      1.75      1.70      1.80      2.71
  4775.45      1.39      1.76      1.67      1.51      1.48      1.58      1.58      1.58      1.73      1.68      1.78      2.66
  4776.45      1.38      1.74      1.67      1.51      1.48      1.57      1.58      1.57      1.72      1.67      1.78      2.62
  4777.45      1.39      1.75      1.68      1.51      1.49      1.58      1.59      1.59      1.73      1.69      1.79      2.61
  4778.45      1.37      1.72      1.67      1.50      1.47      1.57      1.57      1.57      1.72      1.67      1.77      2.56
  4779.45      1.37      1.72      1.67      1.50      1.47      1.57      1.57      1.57      1.72      1.68      1.76      2.54
  4780.45      1.39      1.73      1.70      1.53      1.49      1.59      1.60      1.59      1.75      1.70      1.79      2.55
  4781.45      1.39      1.72      1.71      1.53      1.50      1.58      1.60      1.59      1.75      1.69      1.78      2.52
  4782.45      1.37      1.69      1.69      1.51      1.47      1.56      1.58      1.56      1.72      1.67      1.75      2.47
  4783.45      1.37      1.68      1.69      1.51      1.47      1.56      1.58      1.56      1.72      1.67      1.75      2.45
  4784.45      1.38      1.69      1.71      1.53      1.48      1.57      1.59      1.57      1.74      1.69      1.77      2.45
  4785.45      1.40      1.71      1.75      1.55      1.51      1.59      1.62      1.59      1.77      1.72      1.79      2.47
  4786.45      1.41      1.72      1.77      1.57      1.52      1.61      1.63      1.61      1.79      1.73      1.80      2.47
  4787.45      1.42      1.72      1.78      1.57      1.53      1.61      1.64      1.61      1.79      1.74      1.81      2.46
  4788.45      1.41      1.71      1.78      1.58      1.53      1.61      1.64      1.61      1.78      1.73      1.81      2.44
  4789.45      1.42      1.71      1.80      1.58      1.54      1.61      1.64      1.61      1.79      1.74      1.81      2.43
  4790.45      1.44      1.72      1.82      1.60      1.55      1.63      1.66      1.63      1.81      1.76      1.83      2.44
  4791.45      1.42      1.69      1.81      1.58      1.53      1.61      1.64      1.62      1.79      1.74      1.81      2.39
  4792.45      1.39      1.65      1.77      1.55      1.50      1.57      1.61      1.58      1.75      1.70      1.77      2.33
  4793.45      1.38      1.64      1.77      1.55      1.49      1.57      1.60      1.57      1.74      1.70      1.76      2.31
  4794.45      1.40      1.65      1.80      1.57      1.51      1.58      1.62      1.58      1.76      1.71      1.78      2.31
  4795.45      1.40      1.64      1.80      1.57      1.50      1.57      1.62      1.58      1.76      1.71      1.78      2.29
  4796.45      1.40      1.64      1.82      1.57      1.51      1.58      1.62      1.59      1.77      1.72      1.77      2.28
  4797.45      1.42      1.65      1.84      1.58      1.52      1.59      1.63      1.60      1.78      1.74      1.78      2.28
  4798.45      1.41      1.65      1.85      1.59      1.52      1.59      1.64      1.60      1.79      1.74      1.78      2.27
  4799.45      1.43      1.67      1.88      1.62      1.55      1.61      1.66      1.62      1.82      1.76      1.81      2.28
  4800.45      1.45      1.68      1.91      1.64      1.57      1.63      1.68      1.65      1.84      1.79      1.83      2.30
  4801.45      1.45      1.68      1.92      1.65      1.58      1.63      1.68      1.65      1.85      1.80      1.84      2.30
  4802.45      1.45      1.68      1.93      1.65      1.58      1.63      1.68      1.65      1.84      1.80      1.84      2.29
  4803.45      1.46      1.68      1.94      1.66      1.59      1.65      1.69      1.66      1.85      1.81      1.84      2.29
  4804.45      1.47      1.68      1.96      1.67      1.60      1.66      1.71      1.67      1.86      1.82      1.85      2.29
  4805.45      1.48      1.68      1.98      1.68      1.60      1.66      1.71      1.68      1.87      1.83      1.85      2.28
  4806.45      1.49      1.70      2.01      1.71      1.63      1.68      1.73      1.70      1.89      1.86      1.87      2.30
  4807.45      1.51      1.71      2.03      1.72      1.64      1.69      1.74      1.71      1.91      1.87      1.89      2.30
  4808.45      1.52      1.71      2.04      1.73      1.65      1.70      1.75      1.71      1.92      1.88      1.90      2.31
  4809.45      1.51      1.70      2.04      1.73      1.64      1.70      1.75      1.71      1.92      1.88      1.89      2.29
  4810.45      1.50      1.69      2.04      1.73      1.64      1.69      1.75      1.70      1.91      1.87      1.88      2.27
  4811.45      1.50      1.69      2.05      1.73      1.64      1.68      1.75      1.70      1.91      1.88      1.88      2.26
  4812.45      1.50      1.68      2.05      1.73      1.63      1.68      1.74      1.70      1.90      1.88      1.88      2.25
  4813.45      1.49      1.67      2.05      1.72      1.62      1.67      1.73      1.68      1.89      1.86      1.87      2.22
  4814.45      1.48      1.66      2.05      1.71      1.62      1.67      1.72      1.68      1.88      1.86      1.86      2.21
  4815.45      1.48      1.65      2.04      1.71      1.61      1.66      1.71      1.67      1.87      1.86      1.85      2.19
  4816.45      1.46      1.63      2.02      1.69      1.59      1.63      1.69      1.65      1.84      1.84      1.82      2.15
  4817.45      1.44      1.60      2.00      1.67      1.57      1.61      1.67      1.63      1.82      1.82      1.80      2.11
  4818.45      1.44      1.60      2.01      1.67      1.57      1.60      1.67      1.63      1.82      1.82      1.80      2.10
  4819.45      1.45      1.60      2.02      1.68      1.57      1.61      1.68      1.64      1.82      1.83      1.81      2.10
  4820.45      1.45      1.60      2.02      1.68      1.57      1.61      1.68      1.64      1.81      1.83      1.80      2.09
  4821.45      1.44      1.59      2.02      1.68      1.57      1.61      1.68      1.63      1.81      1.83      1.80      2.07
  4822.45      1.42      1.57      2.02      1.67      1.56      1.60      1.66      1.61      1.79      1.82      1.78      2.04
  4823.45      1.45      1.60      2.06      1.70      1.58      1.63      1.69      1.64      1.82      1.86      1.81      2.07
  4824.45      1.49      1.64      2.12      1.76      1.63      1.67      1.74      1.69      1.87      1.91      1.86      2.12
  4825.45      1.49      1.63      2.11      1.74      1.62      1.66      1.73      1.68      1.86      1.90      1.85      2.10
  4826.45      1.47      1.61      2.09      1.72      1.60      1.64      1.71      1.66      1.83      1.88      1.82      2.07
  4827.45      1.47      1.61      2.10      1.72      1.60      1.64      1.72      1.67      1.83      1.90      1.83      2.07
  4828.45      1.47      1.61      2.11      1.73      1.60      1.65      1.72      1.67      1.83      1.90      1.83      2.07
  4829.45      1.46      1.58      2.09      1.72      1.59      1.63      1.71      1.65      1.81      1.88      1.81      2.04
  4830.45      1.48      1.60      2.13      1.74      1.61      1.65      1.73      1.68      1.83      1.91      1.83      2.05
  4831.45      1.50      1.63      2.16      1.77      1.64      1.68      1.76      1.70      1.86      1.94      1.86      2.08
  4832.45      1.50      1.63      2.17      1.77      1.64      1.68      1.77      1.70      1.85      1.95      1.86      2.07
  4833.45      1.49      1.61      2.16      1.76      1.62      1.66      1.75      1.68      1.83      1.93      1.85      2.05
  4834.45      1.45      1.57      2.12      1.71      1.58      1.62      1.70      1.64      1.78      1.89      1.80      2.00
  4835.45      1.45      1.57      2.13      1.72      1.58      1.62      1.71      1.64      1.78      1.89      1.80      1.99
  4836.45      1.49      1.61      2.19      1.77      1.63      1.67      1.76      1.69      1.82      1.94      1.85      2.04
  4837.45      1.50      1.62      2.21      1.77      1.63      1.68      1.77      1.70      1.83      1.96      1.86      2.05
  4838.45      1.47      1.59      2.18      1.75      1.60      1.65      1.74      1.67      1.80      1.92      1.83      2.01
  4839.45      1.47      1.58      2.17      1.74      1.59      1.63      1.73      1.67      1.78      1.91      1.82      1.99
  4840.45      1.48      1.59      2.20      1.75      1.61      1.65      1.74      1.68      1.79      1.92      1.84      2.00
  4841.45      1.49      1.60      2.22      1.77      1.63      1.67      1.76      1.70      1.81      1.94      1.85      2.01
  4842.45      1.49      1.60      2.21      1.76      1.62      1.67      1.76      1.69      1.80      1.93      1.85      2.00
  4843.45      1.47      1.57      2.18      1.74      1.59      1.64      1.74      1.67      1.77      1.90      1.82      1.97
  4844.45      1.48      1.58      2.21      1.76      1.61      1.65      1.76      1.68      1.78      1.91      1.83      1.98
  4845.45      1.50      1.60      2.24      1.79      1.63      1.68      1.79      1.71      1.80      1.94      1.85      2.00
  4846.45      1.50      1.60      2.24      1.78      1.63      1.68      1.78      1.71      1.79      1.93      1.84      1.99
  4847.45      1.47      1.57      2.20      1.75      1.60      1.65      1.76      1.68      1.75      1.89      1.81      1.95
  4848.45      1.47      1.56      2.20      1.75      1.60      1.65      1.75      1.68      1.75      1.88      1.82      1.95
  4849.45      1.52      1.62      2.27      1.81      1.65      1.70      1.81      1.74      1.81      1.94      1.88      2.00
  4850.45      1.56      1.66      2.33      1.86      1.70      1.75      1.86      1.79      1.86      1.99      1.93      2.06
  4851.45      1.55      1.65      2.32      1.85      1.68      1.74      1.85      1.77      1.84      1.98      1.91      2.04
  4852.45      1.53      1.62      2.29      1.82      1.65      1.72      1.82      1.74      1.81      1.95      1.88      2.00
  4853.45      1.52      1.62      2.28      1.81      1.65      1.71      1.81      1.74      1.80      1.94      1.88      1.99
  4854.45      1.54      1.64      2.31      1.84      1.67      1.73      1.83      1.77      1.82      1.95      1.91      2.01
  4855.45      1.59      1.69      2.38      1.90      1.73      1.80      1.90      1.83      1.88      2.02      1.97      2.08
  4856.45      1.65      1.74      2.45      1.97      1.79      1.86      1.97      1.89      1.94      2.08      2.03      2.14
  4857.45      1.64      1.74      2.44      1.97      1.78      1.86      1.97      1.89      1.93      2.06      2.03      2.14
  4858.45      1.62      1.72      2.41      1.95      1.77      1.83      1.95      1.87      1.91      2.04      2.01      2.11
  4859.45      1.64      1.74      2.44      1.98      1.79      1.86      1.97      1.89      1.93      2.06      2.04      2.13
  4860.45      1.67      1.77      2.48      2.01      1.83      1.89      2.01      1.94      1.96      2.09      2.07      2.17
  4861.45      1.64      1.73      2.43      1.97      1.79      1.85      1.97      1.90      1.92      2.04      2.02      2.12
  4862.45      1.54      1.63      2.29      1.86      1.69      1.74      1.85      1.79      1.81      1.92      1.91      1.99
  4863.45      1.58      1.67      2.33      1.89      1.72      1.78      1.88      1.82      1.84      1.95      1.95      2.03
  4864.45      1.65      1.74      2.42      1.98      1.80      1.86      1.96      1.90      1.92      2.04      2.04      2.12
  4865.45      1.66      1.75      2.41      1.99      1.80      1.87      1.97      1.91      1.92      2.04      2.05      2.13
  4866.45      1.64      1.72      2.38      1.97      1.78      1.84      1.95      1.89      1.90      2.01      2.03      2.10
  4867.45      1.63      1.71      2.36      1.96      1.77      1.83      1.94      1.88      1.89      2.00      2.02      2.08
  4868.45      1.62      1.69      2.33      1.95      1.76      1.81      1.93      1.87      1.87      1.99      2.01      2.06
  4869.45      1.60      1.67      2.29      1.92      1.74      1.79      1.90      1.84      1.84      1.96      1.97      2.03
  4870.45      1.56      1.64      2.24      1.90      1.71      1.75      1.86      1.80      1.81      1.92      1.94      1.99
  4871.45      1.59      1.66      2.26      1.93      1.74      1.78      1.89      1.84      1.83      1.94      1.96      2.02
  4872.45      1.67      1.75      2.36      2.02      1.83      1.88      1.99      1.94      1.93      2.04      2.07      2.12
  4873.45      1.70      1.77      2.38      2.05      1.85      1.90      2.02      1.97      1.95      2.07      2.10      2.15
  4874.45      1.65      1.72      2.30      1.99      1.80      1.85      1.95      1.91      1.90      2.02      2.04      2.09
  4875.45      1.61      1.69      2.23      1.96      1.76      1.81      1.91      1.87      1.85      1.97      2.00      2.04
  4876.45      1.60      1.68      2.21      1.95      1.75      1.79      1.90      1.86      1.84      1.96      1.99      2.02
  4877.45      1.60      1.67      2.19      1.94      1.75      1.79      1.89      1.85      1.83      1.95      1.98      2.01
  4878.45      1.57      1.64      2.14      1.92      1.73      1.77      1.86      1.83      1.80      1.93      1.95      1.98
  4879.45      1.57      1.63      2.13      1.92      1.72      1.76      1.85      1.82      1.79      1.92      1.94      1.97
  4880.45      1.53      1.59      2.07      1.87      1.67      1.71      1.80      1.78      1.75      1.88      1.90      1.92
  4881.45      1.50      1.55      2.01      1.83      1.64      1.67      1.76      1.73      1.71      1.83      1.86      1.88
  4882.45      1.51      1.57      2.02      1.85      1.65      1.69      1.77      1.75      1.73      1.84      1.88      1.89
  4883.45      1.52      1.58      2.02      1.88      1.67      1.70      1.79      1.77      1.74      1.86      1.90      1.91
  4884.45      1.51      1.58      2.00      1.87      1.66      1.69      1.78      1.76      1.73      1.86      1.88      1.89
  4885.45      1.52      1.58      2.00      1.89      1.67      1.70      1.78      1.77      1.74      1.87      1.89      1.90
  4886.45      1.53      1.58      2.00      1.90      1.68      1.71      1.79      1.78      1.74      1.87      1.90      1.91
  4887.45      1.54      1.59      2.00      1.92      1.70      1.72      1.80      1.79      1.75      1.89      1.91      1.92
  4888.45      1.53      1.59      1.99      1.92      1.70      1.71      1.80      1.79      1.75      1.88      1.91      1.91
  4889.45      1.52      1.58      1.97      1.91      1.69      1.71      1.79      1.78      1.74      1.87      1.91      1.91
  4890.45      1.54      1.59      1.99      1.94      1.71      1.73      1.80      1.80      1.76      1.89      1.93      1.93
  4891.45      1.54      1.60      1.98      1.95      1.72      1.73      1.81      1.81      1.77      1.90      1.95      1.94
  4892.45      1.56      1.62      1.99      1.98      1.74      1.75      1.83      1.83      1.79      1.93      1.97      1.95
  4893.45      1.56      1.61      1.98      1.98      1.74      1.75      1.82      1.82      1.78      1.92      1.96      1.94
  4894.45      1.54      1.59      1.95      1.96      1.72      1.73      1.80      1.80      1.76      1.90      1.94      1.92
  4895.45      1.54      1.59      1.94      1.96      1.71      1.72      1.79      1.79      1.76      1.90      1.93      1.91
  4896.45      1.52      1.57      1.90      1.94      1.69      1.70      1.76      1.77      1.73      1.87      1.91      1.89
  4897.45      1.50      1.55      1.88      1.93      1.67      1.68      1.75      1.75      1.71      1.85      1.89      1.87
  4898.45      1.51      1.56      1.88      1.95      1.68      1.70      1.76      1.76      1.71      1.86      1.90      1.88
  4899.45      1.54      1.59      1.90      1.99      1.72      1.72      1.78      1.79      1.74      1.90      1.94      1.91
  4900.45      1.58      1.63      1.94      2.05      1.76      1.77      1.83      1.84      1.79      1.95      1.99      1.96
  4901.45      1.59      1.65      1.96      2.08      1.78      1.79      1.84      1.86      1.81      1.97      2.02      1.98
  4902.45      1.56      1.62      1.92      2.04      1.75      1.75      1.81      1.82      1.78      1.93      1.99      1.94
  4903.45      1.57      1.62      1.92      2.06      1.77      1.77      1.82      1.83      1.79      1.94      2.00      1.94
  4904.45      1.61      1.66      1.96      2.12      1.81      1.81      1.86      1.88      1.83      1.99      2.04      1.99
  4905.45      1.59      1.63      1.92      2.10      1.80      1.79      1.84      1.86      1.80      1.97      2.02      1.97
  4906.45      1.54      1.59      1.86      2.05      1.75      1.74      1.78      1.81      1.75      1.91      1.97      1.91
  4907.45      1.55      1.60      1.87      2.07      1.76      1.74      1.78      1.81      1.76      1.92      1.98      1.92
  4908.45      1.58      1.63      1.90      2.12      1.79      1.78      1.81      1.85      1.79      1.95      2.02      1.95
  4909.45      1.60      1.65      1.92      2.16      1.82      1.81      1.85      1.88      1.82      1.98      2.05      1.98
  4910.45      1.62      1.67      1.93      2.19      1.84      1.83      1.87      1.90      1.84      2.00      2.07      2.01
  4911.45      1.62      1.68      1.93      2.19      1.85      1.83      1.88      1.90      1.84      2.01      2.08      2.01
  4912.45      1.62      1.67      1.92      2.20      1.85      1.83      1.87      1.90      1.84      2.01      2.08      2.01
  4913.45      1.61      1.66      1.90      2.20      1.85      1.82      1.86      1.89      1.83      2.00      2.08      1.99
  4914.45      1.60      1.65      1.89      2.19      1.83      1.81      1.85      1.87      1.82      1.98      2.07      1.98
  4915.45      1.58      1.63      1.86      2.17      1.81      1.79      1.82      1.85      1.79      1.95      2.04      1.95
  4916.45      1.56      1.61      1.83      2.15      1.79      1.77      1.80      1.82      1.77      1.93      2.01      1.93
  4917.45      1.56      1.61      1.83      2.16      1.80      1.77      1.80      1.83      1.77      1.93      2.02      1.93
  4918.45      1.58      1.64      1.86      2.21      1.83      1.80      1.83      1.86      1.81      1.96      2.06      1.97
  4919.45      1.64      1.70      1.92      2.29      1.90      1.86      1.89      1.93      1.88      2.03      2.14      2.04
  4920.45      1.70      1.76      1.98      2.38      1.97      1.93      1.97      2.00      1.95      2.10      2.22      2.11
  4921.45      1.72      1.79      2.00      2.41      2.00      1.95      1.99      2.03      1.97      2.12      2.26      2.13
  4922.45      1.71      1.77      1.98      2.39      1.98      1.93      1.97      2.01      1.95      2.09      2.24      2.11
  4923.45      1.69      1.75      1.96      2.38      1.96      1.91      1.95      1.99      1.92      2.07      2.22      2.08
  4924.45      1.71      1.77      1.97      2.41      1.98      1.94      1.96      2.01      1.94      2.09      2.25      2.10
  4925.45      1.69      1.75      1.94      2.39      1.97      1.92      1.94      1.99      1.92      2.06      2.23      2.08
  4926.45      1.68      1.73      1.92      2.38      1.95      1.90      1.92      1.97      1.90      2.04      2.21      2.06
  4927.45      1.69      1.74      1.94      2.41      1.97      1.92      1.94      1.98      1.92      2.06      2.24      2.08
  4928.45      1.68      1.74      1.92      2.40      1.97      1.91      1.93      1.98      1.91      2.04      2.23      2.06
  4929.45      1.67      1.74      1.91      2.40      1.97      1.90      1.93      1.98      1.90      2.03      2.22      2.05
  4930.45      1.67      1.73      1.90      2.39      1.96      1.89      1.92      1.97      1.90      2.02      2.21      2.05
  4931.45      1.67      1.73      1.90      2.41      1.97      1.90      1.93      1.99      1.91      2.03      2.22      2.06
  4932.45      1.66      1.72      1.89      2.40      1.95      1.89      1.92      1.98      1.90      2.00      2.20      2.05
  4933.45      1.66      1.72      1.88      2.41      1.96      1.89      1.92      1.97      1.90      2.00      2.21      2.05
  4934.45      1.71      1.77      1.93      2.48      2.02      1.94      1.96      2.02      1.95      2.05      2.27      2.09
  4935.45      1.73      1.79      1.95      2.51      2.04      1.96      1.98      2.05      1.97      2.07      2.29      2.12
  4936.45      1.70      1.76      1.92      2.48      2.01      1.93      1.96      2.02      1.95      2.04      2.25      2.09
  4937.45      1.69      1.75      1.91      2.47      2.00      1.92      1.95      2.01      1.93      2.02      2.24      2.08
  4938.45      1.68      1.74      1.89      2.46      1.99      1.91      1.94      2.00      1.92      2.00      2.22      2.06
  4939.45      1.69      1.75      1.90      2.49      2.01      1.92      1.95      2.02      1.94      2.01      2.24      2.07
  4940.45      1.75      1.81      1.96      2.57      2.08      1.98      2.01      2.09      2.01      2.08      2.32      2.14
  4941.45      1.75      1.81      1.95      2.58      2.08      1.98      2.01      2.10      2.00      2.07      2.31      2.14
  4942.45      1.73      1.79      1.92      2.56      2.05      1.95      1.99      2.07      1.98      2.04      2.28      2.11
  4943.45      1.72      1.78      1.91      2.55      2.04      1.93      1.98      2.05      1.96      2.02      2.25      2.10
  4944.45      1.71      1.77      1.90      2.55      2.03      1.93      1.96      2.04      1.96      2.00      2.24      2.09
  4945.45      1.72      1.77      1.90      2.56      2.04      1.94      1.97      2.05      1.96      2.01      2.25      2.09
  4946.45      1.74      1.80      1.92      2.60      2.07      1.96      2.00      2.08      1.99      2.03      2.27      2.12
  4947.45      1.76      1.82      1.94      2.64      2.09      1.97      2.03      2.10      2.00      2.05      2.29      2.14
  4948.45      1.73      1.78      1.91      2.61      2.06      1.94      2.00      2.07      1.97      2.01      2.24      2.10
  4949.45      1.70      1.75      1.87      2.57      2.03      1.92      1.97      2.04      1.94      1.98      2.20      2.07
  4950.45      1.70      1.74      1.86      2.57      2.02      1.91      1.95      2.03      1.93      1.97      2.19      2.07
  4951.45      1.72      1.77      1.89      2.60      2.05      1.93      1.98      2.06      1.96      1.99      2.21      2.10
  4952.45      1.72      1.78      1.89      2.61      2.06      1.93      1.99      2.07      1.97      1.99      2.21      2.10
  4953.45      1.71      1.76      1.88      2.60      2.05      1.92      1.97      2.05      1.96      1.97      2.18      2.09
  4954.45      1.70      1.75      1.86      2.59      2.03      1.91      1.96      2.04      1.94      1.95      2.16      2.07
  4955.45      1.71      1.76      1.87      2.62      2.04      1.92      1.97      2.06      1.95      1.96      2.17      2.08
  4956.45      1.73      1.79      1.89      2.65      2.07      1.95      2.00      2.08      1.98      1.99      2.19      2.11
  4957.45      1.75      1.81      1.90      2.68      2.09      1.97      2.01      2.10      2.01      2.01      2.20      2.13
  4958.45      1.79      1.84      1.95      2.73      2.13      2.00      2.05      2.14      2.05      2.05      2.24      2.17
  4959.45      1.77      1.82      1.93      2.71      2.11      1.98      2.03      2.12      2.03      2.02      2.21      2.15
  4960.45      1.70      1.75      1.85      2.62      2.04      1.91      1.95      2.04      1.95      1.94      2.13      2.08
  4961.45      1.68      1.73      1.83      2.58      2.01      1.89      1.93      2.02      1.93      1.92      2.09      2.05
  4962.45      1.69      1.73      1.83      2.59      2.01      1.89      1.94      2.02      1.94      1.93      2.09      2.05
  4963.45      1.68      1.73      1.82      2.58      2.01      1.88      1.94      2.02      1.93      1.92      2.08      2.04
  4964.45      1.66      1.70      1.79      2.54      1.97      1.85      1.90      1.98      1.90      1.88      2.05      2.01
  4965.45      1.64      1.69      1.77      2.52      1.96      1.83      1.89      1.96      1.89      1.86      2.03      1.99
  4966.45      1.66      1.70      1.79      2.54      1.98      1.85      1.90      1.98      1.90      1.86      2.04      2.01
  4967.45      1.65      1.69      1.77      2.52      1.97      1.84      1.89      1.96      1.88      1.85      2.03      2.00
  4968.45      1.63      1.67      1.75      2.48      1.95      1.82      1.87      1.94      1.86      1.83      2.00      1.98
  4969.45      1.65      1.68      1.77      2.51      1.96      1.84      1.89      1.96      1.88      1.84      2.02      2.00
  4970.45      1.67      1.71      1.79      2.53      1.99      1.86      1.90      1.99      1.90      1.86      2.05      2.02
  4971.45      1.67      1.71      1.79      2.52      1.99      1.86      1.90      1.99      1.91      1.87      2.05      2.02
  4972.45      1.64      1.68      1.76      2.47      1.95      1.83      1.87      1.95      1.88      1.84      2.01      1.99
  4973.45      1.64      1.67      1.75      2.46      1.95      1.83      1.86      1.94      1.87      1.83      2.00      1.99
  4974.45      1.66      1.70      1.77      2.49      1.98      1.85      1.89      1.97      1.90      1.85      2.03      2.01
  4975.45      1.67      1.71      1.78      2.49      1.99      1.86      1.91      1.98      1.91      1.86      2.04      2.02
  4976.45      1.66      1.70      1.76      2.46      1.99      1.85      1.89      1.96      1.90      1.84      2.02      2.01
  4977.45      1.67      1.70      1.76      2.46      1.99      1.85      1.89      1.96      1.90      1.84      2.02      2.01
  4978.45      1.67      1.69      1.76      2.45      1.99      1.86      1.89      1.96      1.91      1.84      2.03      2.01
  4979.45      1.69      1.71      1.78      2.46      2.02      1.88      1.91      1.98      1.93      1.86      2.05      2.03
  4980.45      1.71      1.73      1.80      2.47      2.04      1.90      1.93      1.99      1.94      1.88      2.07      2.05
  4981.45      1.71      1.74      1.80      2.46      2.04      1.90      1.93      1.99      1.95      1.88      2.08      2.06
  4982.45      1.73      1.76      1.82      2.47      2.06      1.92      1.95      2.01      1.97      1.90      2.10      2.08
  4983.45      1.78      1.81      1.87      2.53      2.12      1.98      2.00      2.07      2.03      1.95      2.16      2.15
  4984.45      1.82      1.84      1.91      2.56      2.18      2.02      2.04      2.11      2.08      2.00      2.21      2.20
  4985.45      1.82      1.84      1.90      2.54      2.17      2.01      2.04      2.10      2.07      1.99      2.20      2.19
  4986.45      1.80      1.81      1.87      2.50      2.15      1.99      2.02      2.08      2.04      1.96      2.18      2.16
  4987.45      1.76      1.78      1.84      2.45      2.11      1.95      1.98      2.03      2.01      1.93      2.14      2.12
  4988.45      1.72      1.74      1.79      2.37      2.07      1.90      1.93      1.97      1.95      1.87      2.08      2.07
  4989.45      1.71      1.72      1.77      2.33      2.06      1.89      1.91      1.96      1.94      1.86      2.06      2.06
  4990.45      1.73      1.74      1.79      2.34      2.08      1.91      1.93      1.98      1.95      1.88      2.09      2.08
  4991.45      1.73      1.74      1.79      2.33      2.09      1.91      1.94      1.98      1.95      1.88      2.09      2.08
  4992.45      1.73      1.74      1.79      2.32      2.10      1.92      1.94      1.98      1.95      1.88      2.09      2.09
  4993.45      1.72      1.73      1.77      2.29      2.08      1.90      1.92      1.96      1.93      1.86      2.08      2.07
  4994.45      1.73      1.73      1.78      2.29      2.09      1.90      1.93      1.97      1.94      1.87      2.08      2.08
  4995.45      1.74      1.75      1.79      2.30      2.11      1.93      1.94      1.98      1.96      1.89      2.10      2.10
  4996.45      1.74      1.74      1.79      2.28      2.10      1.93      1.94      1.97      1.95      1.88      2.09      2.09
  4997.45      1.74      1.74      1.78      2.26      2.11      1.93      1.94      1.97      1.96      1.88      2.09      2.10
  4998.45      1.75      1.74      1.79      2.26      2.13      1.94      1.95      1.98      1.97      1.89      2.11      2.11
  4999.45      1.76      1.75      1.80      2.25      2.14      1.94      1.95      1.98      1.97      1.89      2.11      2.11
  5000.45      1.76      1.76      1.80      2.25      2.15      1.94      1.95      1.99      1.98      1.90      2.12      2.12
  5001.45      1.77      1.77      1.80      2.25      2.16      1.95      1.96      1.99      1.98      1.90      2.13      2.13
  5002.45      1.77      1.76      1.79      2.24      2.17      1.95      1.96      1.99      1.98      1.90      2.13      2.14
  5003.45      1.78      1.76      1.80      2.24      2.19      1.97      1.97      2.00      1.99      1.92      2.14      2.15
  5004.45      1.78      1.76      1.81      2.23      2.18      1.97      1.97      1.99      1.99      1.91      2.13      2.15
  5005.45      1.76      1.75      1.79      2.20      2.17      1.95      1.95      1.97      1.97      1.88      2.11      2.13
  5006.45      1.76      1.75      1.79      2.19      2.19      1.96      1.96      1.97      1.98      1.89      2.12      2.14
  5007.45      1.78      1.77      1.81      2.20      2.22      1.99      1.98      1.99      2.00      1.91      2.14      2.16
  5008.45      1.78      1.76      1.80      2.18      2.22      1.97      1.97      1.98      1.98      1.90      2.12      2.15
  5009.45      1.76      1.75      1.78      2.16      2.21      1.96      1.96      1.96      1.97      1.89      2.12      2.14
  5010.45      1.76      1.73      1.76      2.14      2.20      1.95      1.94      1.95      1.96      1.88      2.11      2.14
  5011.45      1.77      1.74      1.77      2.14      2.21      1.96      1.95      1.96      1.97      1.88      2.11      2.15
  5012.45      1.79      1.76      1.80      2.16      2.26      1.99      1.98      1.99      1.99      1.91      2.14      2.18
  5013.45      1.82      1.80      1.84      2.20      2.31      2.03      2.02      2.02      2.04      1.95      2.17      2.23
  5014.45      1.84      1.82      1.85      2.21      2.33      2.05      2.03      2.04      2.06      1.97      2.19      2.25
  5015.45      1.85      1.83      1.86      2.21      2.36      2.06      2.05      2.06      2.07      1.97      2.20      2.27
  5016.45      1.83      1.80      1.83      2.17      2.34      2.03      2.02      2.03      2.04      1.95      2.17      2.24
  5017.45      1.81      1.78      1.81      2.14      2.32      2.02      2.00      2.01      2.02      1.92      2.14      2.22
  5018.45      1.83      1.80      1.83      2.16      2.35      2.05      2.02      2.02      2.04      1.95      2.16      2.25
  5019.45      1.87      1.84      1.88      2.20      2.41      2.10      2.07      2.06      2.09      2.00      2.20      2.31
  5020.45      1.85      1.82      1.86      2.17      2.40      2.08      2.05      2.04      2.07      1.98      2.18      2.29
  5021.45      1.83      1.80      1.83      2.14      2.38      2.05      2.02      2.01      2.04      1.95      2.16      2.27
  5022.45      1.85      1.81      1.85      2.16      2.41      2.08      2.04      2.04      2.07      1.97      2.18      2.30
  5023.45      1.87      1.84      1.87      2.17      2.45      2.10      2.07      2.06      2.09      1.99      2.20      2.33
  5024.45      1.87      1.84      1.87      2.17      2.45      2.11      2.07      2.06      2.09      2.00      2.19      2.32
  5025.45      1.87      1.83      1.87      2.16      2.45      2.10      2.06      2.06      2.08      1.99      2.18      2.31
  5026.45      1.87      1.84      1.88      2.16      2.47      2.12      2.07      2.07      2.10      2.00      2.19      2.33
  5027.45      1.89      1.86      1.90      2.18      2.50      2.14      2.10      2.08      2.12      2.02      2.21      2.35
  5028.45      1.92      1.88      1.93      2.20      2.54      2.16      2.12      2.10      2.15      2.04      2.23      2.37
  5029.45      1.93      1.89      1.93      2.20      2.56      2.18      2.12      2.12      2.15      2.05      2.23      2.38
  5030.45      1.89      1.85      1.89      2.15      2.52      2.14      2.09      2.08      2.12      2.02      2.19      2.34
  5031.45      1.86      1.83      1.86      2.12      2.49      2.12      2.06      2.05      2.09      1.99      2.15      2.31
  5032.45      1.86      1.82      1.86      2.10      2.49      2.11      2.06      2.04      2.09      1.98      2.15      2.30
  5033.45      1.86      1.81      1.85      2.09      2.50      2.11      2.05      2.04      2.08      1.97      2.14      2.29
  5034.45      1.84      1.80      1.83      2.07      2.48      2.09      2.03      2.01      2.07      1.96      2.11      2.27
  5035.45      1.84      1.80      1.83      2.07      2.49      2.10      2.03      2.02      2.07      1.96      2.10      2.27
  5036.45      1.87      1.83      1.87      2.10      2.54      2.14      2.07      2.06      2.11      2.00      2.13      2.31
  5037.45      1.90      1.85      1.90      2.12      2.57      2.17      2.09      2.08      2.14      2.03      2.16      2.34
  5038.45      1.86      1.82      1.86      2.08      2.54      2.13      2.06      2.05      2.10      2.00      2.11      2.29
  5039.45      1.85      1.81      1.85      2.06      2.53      2.12      2.05      2.04      2.09      1.98      2.10      2.26
  5040.45      1.88      1.84      1.88      2.09      2.59      2.16      2.08      2.07      2.12      2.02      2.12      2.30
  5041.45      1.91      1.87      1.91      2.12      2.63      2.19      2.10      2.10      2.15      2.05      2.15      2.33
  5042.45      1.94      1.90      1.94      2.15      2.68      2.23      2.14      2.14      2.19      2.08      2.19      2.36
  5043.45      1.93      1.89      1.93      2.14      2.67      2.23      2.14      2.13      2.19      2.07      2.17      2.35
  5044.45      1.87      1.83      1.87      2.06      2.60      2.16      2.07      2.06      2.12      2.01      2.10      2.28
  5045.45      1.85      1.81      1.85      2.03      2.57      2.14      2.04      2.04      2.11      1.99      2.08      2.24
  5046.45      1.84      1.80      1.85      2.03      2.57      2.13      2.04      2.03      2.10      1.98      2.06      2.22
  5047.45      1.83      1.79      1.83      2.01      2.56      2.12      2.03      2.02      2.08      1.96      2.04      2.20
  5048.45      1.83      1.80      1.83      2.01      2.58      2.13      2.03      2.02      2.08      1.97      2.04      2.20
  5049.45      1.86      1.83      1.86      2.04      2.62      2.16      2.06      2.05      2.12      2.00      2.07      2.23
  5050.45      1.88      1.84      1.88      2.06      2.66      2.19      2.08      2.08      2.14      2.02      2.09      2.24
  5051.45      1.88      1.83      1.87      2.05      2.65      2.18      2.07      2.07      2.13      2.02      2.08      2.23
  5052.45      1.87      1.84      1.87      2.04      2.66      2.19      2.07      2.07      2.14      2.02      2.07      2.23
  5053.45      1.88      1.85      1.88      2.05      2.69      2.20      2.08      2.08      2.15      2.03      2.08      2.23
  5054.45      1.87      1.84      1.87      2.04      2.68      2.18      2.07      2.07      2.15      2.02      2.07      2.21
  5055.45      1.86      1.83      1.86      2.03      2.68      2.17      2.06      2.07      2.14      2.01      2.05      2.20
  5056.45      1.86      1.82      1.85      2.01      2.67      2.17      2.05      2.06      2.13      2.00      2.04      2.18
  5057.45      1.85      1.82      1.85      2.01      2.68      2.17      2.05      2.06      2.13      2.00      2.04      2.17
  5058.45      1.85      1.82      1.85      2.01      2.69      2.17      2.05      2.06      2.13      2.01      2.04      2.17
  5059.45      1.85      1.81      1.85      2.01      2.69      2.17      2.04      2.05      2.13      2.00      2.03      2.16
  5060.45      1.85      1.82      1.85      2.01      2.71      2.18      2.05      2.06      2.13      2.01      2.04      2.16
  5061.45      1.86      1.84      1.87      2.03      2.74      2.20      2.07      2.08      2.15      2.03      2.05      2.18
  5062.45      1.86      1.84      1.87      2.01      2.74      2.20      2.07      2.08      2.14      2.02      2.04      2.18
  5063.45      1.86      1.84      1.86      2.01      2.74      2.20      2.06      2.07      2.14      2.02      2.04      2.17
  5064.45      1.87      1.85      1.88      2.03      2.76      2.21      2.07      2.09      2.15      2.04      2.05      2.18
  5065.45      1.91      1.89      1.92      2.06      2.82      2.25      2.11      2.13      2.20      2.08      2.09      2.23
  5066.45      1.94      1.93      1.95      2.09      2.87      2.29      2.14      2.16      2.24      2.11      2.12      2.26
  5067.45      1.92      1.90      1.93      2.07      2.85      2.27      2.12      2.14      2.21      2.09      2.10      2.23
  5068.45      1.91      1.89      1.92      2.06      2.85      2.27      2.12      2.13      2.20      2.08      2.09      2.22
  5069.45      1.92      1.91      1.93      2.06      2.86      2.27      2.13      2.14      2.21      2.09      2.10      2.23
  5070.45      1.92      1.90      1.92      2.06      2.85      2.26      2.12      2.14      2.20      2.09      2.09      2.22
  5071.45      1.89      1.88      1.90      2.04      2.82      2.24      2.10      2.12      2.17      2.06      2.06      2.20
  5072.45      1.90      1.89      1.92      2.05      2.83      2.25      2.11      2.13      2.18      2.07      2.07      2.22
  5073.45      1.93      1.92      1.95      2.08      2.88      2.29      2.15      2.16      2.22      2.12      2.11      2.26
  5074.45      1.94      1.93      1.95      2.09      2.88      2.29      2.15      2.17      2.22      2.12      2.11      2.26
  5075.45      1.94      1.93      1.95      2.09      2.88      2.30      2.15      2.18      2.22      2.13      2.10      2.26
  5076.45      1.94      1.94      1.95      2.09      2.87      2.30      2.16      2.18      2.22      2.13      2.10      2.26
  5077.45      1.92      1.92      1.94      2.07      2.85      2.28      2.14      2.15      2.20      2.11      2.09      2.24
  5078.45      1.89      1.89      1.91      2.03      2.81      2.25      2.11      2.12      2.17      2.08      2.06      2.21
  5079.45      1.88      1.88      1.90      2.01      2.79      2.25      2.10      2.11      2.15      2.07      2.04      2.20
  5080.45      1.91      1.91      1.93      2.05      2.83      2.29      2.13      2.14      2.18      2.11      2.07      2.24
  5081.45      1.94      1.94      1.96      2.08      2.86      2.31      2.16      2.17      2.21      2.13      2.10      2.27
  5082.45      1.91      1.91      1.94      2.05      2.83      2.28      2.13      2.14      2.17      2.10      2.07      2.24
  5083.45      1.88      1.88      1.90      2.01      2.78      2.24      2.10      2.10      2.14      2.07      2.03      2.20
  5084.45      1.88      1.87      1.89      2.00      2.77      2.23      2.09      2.09      2.13      2.06      2.02      2.20
  5085.45      1.88      1.89      1.90      2.01      2.77      2.25      2.10      2.09      2.14      2.07      2.03      2.21
  5086.45      1.86      1.88      1.89      1.99      2.73      2.24      2.09      2.08      2.12      2.05      2.01      2.20
  5087.45      1.85      1.87      1.87      1.97      2.70      2.22      2.07      2.07      2.10      2.04      2.00      2.18
  5088.45      1.84      1.86      1.85      1.97      2.69      2.21      2.07      2.06      2.09      2.04      1.99      2.17
  5089.45      1.85      1.87      1.86      1.97      2.69      2.22      2.07      2.07      2.10      2.05      2.00      2.18
  5090.45      1.85      1.86      1.87      1.97      2.68      2.22      2.08      2.07      2.11      2.04      2.00      2.18
  5091.45      1.83      1.85      1.86      1.95      2.65      2.20      2.06      2.04      2.09      2.03      1.99      2.16
  5092.45      1.83      1.85      1.86      1.95      2.63      2.21      2.06      2.05      2.08      2.03      1.99      2.16
  5093.45      1.84      1.85      1.86      1.95      2.62      2.22      2.06      2.05      2.08      2.03      1.99      2.16
  5094.45      1.83      1.85      1.85      1.94      2.60      2.21      2.05      2.04      2.07      2.02      1.97      2.15
  5095.45      1.83      1.85      1.85      1.94      2.58      2.22      2.05      2.04      2.07      2.02      1.98      2.16
  5096.45      1.84      1.86      1.87      1.96      2.58      2.24      2.07      2.05      2.08      2.04      1.99      2.17
  5097.45      1.85      1.88      1.89      1.97      2.60      2.26      2.10      2.07      2.09      2.05      2.01      2.20
  5098.45      1.89      1.92      1.92      2.01      2.63      2.31      2.14      2.12      2.13      2.09      2.05      2.24
  5099.45      1.91      1.94      1.94      2.03      2.64      2.33      2.17      2.14      2.15      2.12      2.07      2.27
  5100.45      1.92      1.96      1.95      2.03      2.63      2.35      2.17      2.15      2.16      2.13      2.08      2.28
  5101.45      1.90      1.93      1.92      2.00      2.59      2.32      2.15      2.12      2.13      2.10      2.04      2.25
  5102.45      1.87      1.90      1.90      1.97      2.54      2.29      2.12      2.09      2.09      2.07      2.01      2.21
  5103.45      1.86      1.89      1.89      1.96      2.52      2.28      2.11      2.08      2.09      2.07      2.01      2.20
  5104.45      1.87      1.91      1.90      1.97      2.52      2.30      2.12      2.09      2.10      2.08      2.02      2.21
  5105.45      1.88      1.93      1.91      1.99      2.52      2.32      2.14      2.11      2.11      2.09      2.04      2.23
  5106.45      1.89      1.93      1.91      1.99      2.51      2.33      2.14      2.12      2.11      2.09      2.04      2.24
  5107.45      1.90      1.94      1.92      2.01      2.51      2.36      2.16      2.14      2.12      2.11      2.06      2.26
  5108.45      1.93      1.98      1.95      2.04      2.54      2.40      2.21      2.18      2.17      2.14      2.09      2.29
  5109.45      1.95      2.00      1.98      2.06      2.56      2.44      2.24      2.20      2.19      2.17      2.12      2.31
  5110.45      1.94      2.00      1.97      2.05      2.54      2.43      2.23      2.18      2.18      2.16      2.10      2.30
  5111.45      1.95      2.01      1.98      2.06      2.55      2.45      2.24      2.20      2.19      2.18      2.11      2.31
  5112.45      1.93      1.99      1.96      2.03      2.51      2.43      2.22      2.17      2.17      2.16      2.09      2.28
  5113.45      1.89      1.94      1.91      1.98      2.44      2.38      2.17      2.12      2.12      2.11      2.04      2.22
  5114.45      1.88      1.94      1.91      1.97      2.41      2.38      2.16      2.11      2.11      2.10      2.03      2.21
  5115.45      1.90      1.96      1.92      1.99      2.43      2.41      2.18      2.13      2.12      2.12      2.05      2.24
  5116.45      1.91      1.98      1.94      2.01      2.44      2.44      2.20      2.15      2.14      2.13      2.06      2.25
  5117.45      1.90      1.98      1.93      2.01      2.42      2.44      2.20      2.14      2.14      2.12      2.06      2.24
  5118.45      1.88      1.95      1.91      1.98      2.37      2.41      2.17      2.12      2.11      2.09      2.03      2.21
  5119.45      1.86      1.93      1.89      1.96      2.34      2.40      2.16      2.10      2.09      2.08      2.01      2.19
  5120.45      1.87      1.94      1.89      1.96      2.33      2.41      2.16      2.10      2.09      2.08      2.02      2.19
  5121.45      1.88      1.95      1.90      1.97      2.34      2.43      2.18      2.11      2.10      2.10      2.04      2.20
  5122.45      1.88      1.96      1.91      1.97      2.35      2.45      2.19      2.13      2.10      2.11      2.05      2.20
  5123.45      1.88      1.97      1.91      1.98      2.34      2.47      2.20      2.14      2.10      2.11      2.06      2.20
  5124.45      1.89      1.98      1.92      1.99      2.35      2.49      2.22      2.15      2.12      2.13      2.07      2.22
  5125.45      1.91      2.00      1.94      2.01      2.36      2.52      2.24      2.17      2.14      2.14      2.08      2.23
  5126.45      1.91      2.00      1.94      2.02      2.36      2.54      2.25      2.17      2.15      2.15      2.09      2.23
  5127.45      1.90      2.00      1.94      2.00      2.34      2.54      2.25      2.17      2.14      2.15      2.08      2.22
  5128.45      1.89      1.99      1.93      1.98      2.32      2.53      2.23      2.15      2.13      2.14      2.07      2.20
  5129.45      1.88      1.98      1.92      1.98      2.31      2.53      2.23      2.15      2.12      2.13      2.07      2.19
  5130.45      1.88      1.98      1.92      1.98      2.30      2.54      2.24      2.15      2.12      2.14      2.07      2.18
  5131.45      1.85      1.96      1.90      1.96      2.26      2.52      2.21      2.11      2.09      2.11      2.04      2.15
  5132.45      1.82      1.92      1.86      1.91      2.21      2.47      2.17      2.08      2.05      2.07      2.00      2.10
  5133.45      1.80      1.90      1.84      1.90      2.19      2.47      2.16      2.07      2.03      2.05      1.98      2.08
  5134.45      1.80      1.91      1.83      1.89      2.18      2.47      2.16      2.06      2.03      2.05      1.98      2.07
  5135.45      1.79      1.91      1.83      1.89      2.16      2.48      2.16      2.06      2.03      2.05      1.98      2.06
  5136.45      1.78      1.89      1.82      1.87      2.14      2.47      2.14      2.04      2.01      2.04      1.97      2.05
  5137.45      1.79      1.90      1.83      1.89      2.14      2.49      2.16      2.05      2.02      2.05      1.98      2.06
  5138.45      1.82      1.93      1.86      1.92      2.17      2.54      2.19      2.08      2.05      2.09      2.00      2.09
  5139.45      1.83      1.94      1.87      1.93      2.18      2.55      2.20      2.09      2.06      2.10      2.01      2.09
  5140.45      1.86      1.98      1.91      1.96      2.21      2.61      2.25      2.13      2.10      2.14      2.05      2.12
  5141.45      1.86      1.97      1.90      1.96      2.20      2.61      2.25      2.13      2.09      2.14      2.05      2.11
  5142.45      1.81      1.92      1.85      1.91      2.14      2.56      2.19      2.07      2.04      2.09      1.99      2.06
  5143.45      1.82      1.94      1.86      1.92      2.16      2.58      2.21      2.09      2.05      2.11      2.00      2.06
  5144.45      1.83      1.96      1.88      1.94      2.17      2.61      2.23      2.11      2.07      2.13      2.02      2.07
  5145.45      1.82      1.95      1.86      1.93      2.15      2.60      2.22      2.10      2.06      2.11      2.01      2.06
  5146.45      1.82      1.95      1.86      1.93      2.15      2.60      2.22      2.09      2.06      2.12      2.02      2.06
  5147.45      1.83      1.96      1.87      1.94      2.15      2.62      2.23      2.10      2.07      2.14      2.03      2.07
  5148.45      1.83      1.96      1.87      1.94      2.15      2.64      2.24      2.11      2.08      2.14      2.04      2.07
  5149.45      1.84      1.97      1.88      1.95      2.15      2.66      2.26      2.12      2.09      2.15      2.04      2.08
  5150.45      1.85      1.98      1.89      1.96      2.15      2.67      2.27      2.13      2.10      2.15      2.05      2.08
  5151.45      1.85      1.98      1.89      1.96      2.15      2.68      2.28      2.12      2.10      2.15      2.05      2.08
  5152.45      1.84      1.97      1.89      1.95      2.15      2.68      2.28      2.12      2.10      2.15      2.05      2.07
  5153.45      1.84      1.98      1.89      1.96      2.15      2.69      2.29      2.13      2.10      2.16      2.05      2.07
  5154.45      1.84      1.98      1.88      1.96      2.14      2.69      2.29      2.13      2.10      2.17      2.05      2.06
  5155.45      1.84      1.98      1.89      1.97      2.14      2.71      2.29      2.13      2.11      2.17      2.07      2.07
  5156.45      1.84      1.98      1.90      1.97      2.14      2.72      2.30      2.13      2.11      2.17      2.07      2.07
  5157.45      1.85      1.98      1.90      1.97      2.13      2.72      2.30      2.14      2.11      2.17      2.07      2.07
  5158.45      1.84      1.98      1.89      1.96      2.12      2.72      2.30      2.13      2.10      2.17      2.06      2.06
  5159.45      1.84      1.97      1.89      1.96      2.12      2.72      2.29      2.13      2.10      2.17      2.06      2.05
  5160.45      1.84      1.99      1.90      1.97      2.12      2.74      2.30      2.13      2.11      2.18      2.07      2.05
  5161.45      1.85      2.00      1.91      1.98      2.13      2.76      2.31      2.14      2.12      2.19      2.08      2.05
  5162.45      1.85      1.99      1.91      1.97      2.13      2.77      2.31      2.14      2.12      2.19      2.08      2.05
  5163.45      1.87      2.01      1.93      1.98      2.14      2.80      2.33      2.15      2.14      2.21      2.10      2.07
  5164.45      1.88      2.02      1.94      2.00      2.16      2.82      2.36      2.17      2.15      2.22      2.12      2.08
  5165.45      1.87      2.01      1.93      1.99      2.15      2.82      2.35      2.16      2.15      2.22      2.11      2.07
  5166.45      1.87      2.01      1.93      1.99      2.14      2.83      2.35      2.16      2.15      2.22      2.11      2.07
  5167.45      1.90      2.04      1.96      2.03      2.18      2.89      2.40      2.20      2.18      2.25      2.15      2.10
  5168.45      1.99      2.14      2.06      2.12      2.28      3.03      2.51      2.30      2.29      2.36      2.26      2.20
  5169.45      2.01      2.16      2.07      2.14      2.28      3.05      2.52      2.32      2.30      2.37      2.27      2.21
  5170.45      1.95      2.10      2.01      2.09      2.22      2.98      2.46      2.26      2.24      2.31      2.21      2.16
  5171.45      1.90      2.05      1.96      2.04      2.17      2.93      2.41      2.21      2.19      2.24      2.16      2.11
  5172.45      1.94      2.09      2.00      2.08      2.21      2.99      2.45      2.24      2.23      2.28      2.20      2.15
  5173.45      2.04      2.20      2.11      2.18      2.32      3.14      2.58      2.36      2.34      2.40      2.31      2.26
  5174.45      2.05      2.20      2.12      2.19      2.33      3.16      2.59      2.36      2.36      2.41      2.32      2.26
  5175.45      1.94      2.08      2.01      2.07      2.20      3.00      2.44      2.24      2.23      2.28      2.19      2.14
  5176.45      1.85      1.99      1.91      1.97      2.09      2.87      2.33      2.14      2.12      2.17      2.09      2.04
  5177.45      1.83      1.96      1.89      1.95      2.06      2.84      2.30      2.11      2.09      2.14      2.06      2.00
  5178.45      1.82      1.95      1.89      1.94      2.05      2.84      2.30      2.10      2.10      2.14      2.06      1.99
  5179.45      1.82      1.95      1.89      1.94      2.05      2.85      2.30      2.11      2.10      2.14      2.06      1.99
  5180.45      1.83      1.96      1.90      1.96      2.06      2.87      2.31      2.12      2.11      2.15      2.08      2.00
  5181.45      1.84      1.98      1.91      1.97      2.08      2.89      2.33      2.14      2.12      2.16      2.09      2.02
  5182.45      1.87      2.01      1.93      2.00      2.10      2.92      2.36      2.17      2.14      2.18      2.12      2.05
  5183.45      1.93      2.07      2.00      2.06      2.18      3.01      2.44      2.24      2.22      2.25      2.19      2.11
  5184.45      2.05      2.20      2.13      2.20      2.32      3.19      2.60      2.38      2.36      2.39      2.33      2.24
  5185.45      2.09      2.23      2.17      2.24      2.36      3.25      2.65      2.41      2.40      2.43      2.38      2.28
  5186.45      1.99      2.12      2.06      2.13      2.23      3.10      2.51      2.30      2.28      2.31      2.26      2.16
  5187.45      1.88      2.01      1.94      2.01      2.11      2.93      2.38      2.17      2.15      2.18      2.13      2.05
  5188.45      1.77      1.89      1.83      1.89      1.98      2.77      2.24      2.04      2.02      2.06      2.00      1.93
  5189.45      1.76      1.87      1.82      1.87      1.96      2.74      2.22      2.02      2.00      2.04      1.98      1.91
  5190.45      1.79      1.91      1.86      1.91      2.00      2.79      2.27      2.07      2.04      2.08      2.03      1.95
  5191.45      1.79      1.92      1.86      1.91      2.00      2.79      2.27      2.07      2.04      2.07      2.03      1.95
  5192.45      1.86      1.98      1.93      1.97      2.07      2.88      2.35      2.15      2.12      2.15      2.10      2.02
  5193.45      1.94      2.07      2.01      2.06      2.16      2.99      2.46      2.25      2.21      2.25      2.20      2.11
  5194.45      1.95      2.08      2.02      2.07      2.17      3.00      2.48      2.25      2.22      2.25      2.20      2.12
  5195.45      1.91      2.03      1.98      2.03      2.12      2.93      2.43      2.20      2.17      2.20      2.15      2.07
  5196.45      1.92      2.04      1.99      2.05      2.13      2.94      2.44      2.22      2.18      2.21      2.16      2.08
  5197.45      1.82      1.93      1.88      1.93      2.02      2.78      2.31      2.10      2.06      2.09      2.05      1.97
  5198.45      1.32      1.40      1.37      1.40      1.46      2.04      1.68      1.52      1.50      1.51      1.49      1.42
  5199.45      1.06      1.13      1.10      1.12      1.17      1.64      1.35      1.22      1.21      1.21      1.19      1.14
  5200.45      1.25      1.34      1.31      1.33      1.39      1.93      1.61      1.45      1.43      1.44      1.42      1.36
  5201.45      1.26      1.34      1.31      1.33      1.39      1.93      1.61      1.46      1.44      1.44      1.42      1.36
  5202.45      1.38      1.47      1.44      1.46      1.52      2.10      1.77      1.60      1.57      1.58      1.56      1.49
  5203.45      1.67      1.78      1.74      1.78      1.84      2.52      2.15      1.94      1.90      1.92      1.89      1.82
  5204.45      1.70      1.80      1.77      1.81      1.87      2.54      2.18      1.98      1.93      1.94      1.92      1.85
  5205.45      1.81      1.92      1.89      1.93      2.00      2.69      2.33      2.11      2.05      2.07      2.05      1.97
  5206.45      1.93      2.05      2.02      2.06      2.12      2.85      2.48      2.25      2.18      2.21      2.19      2.10
  5207.45      1.95      2.07      2.04      2.08      2.15      2.86      2.52      2.27      2.21      2.23      2.22      2.12
  5208.45      1.92      2.04      2.01      2.05      2.11      2.80      2.48      2.24      2.18      2.19      2.19      2.09
  5209.45      1.90      2.01      1.98      2.03      2.09      2.75      2.45      2.21      2.16      2.16      2.16      2.06
  5210.45      1.87      1.99      1.96      2.00      2.06      2.70      2.42      2.18      2.12      2.13      2.13      2.04
  5211.45      1.86      1.97      1.95      1.98      2.04      2.67      2.42      2.17      2.11      2.11      2.11      2.03
  5212.45      1.84      1.96      1.93      1.96      2.03      2.63      2.40      2.15      2.10      2.10      2.10      2.00
  5213.45      1.83      1.95      1.92      1.95      2.01      2.61      2.39      2.16      2.10      2.09      2.09      1.99
  5214.45      1.82      1.94      1.92      1.95      2.00      2.59      2.39      2.16      2.09      2.09      2.08      1.99
  5215.45      1.83      1.96      1.93      1.96      2.01      2.59      2.41      2.17      2.10      2.10      2.09      2.00
  5216.45      1.87      1.99      1.96      2.00      2.05      2.63      2.46      2.21      2.13      2.13      2.13      2.04
  5217.45      1.87      1.99      1.96      1.99      2.05      2.61      2.46      2.21      2.13      2.13      2.13      2.04
  5218.45      1.82      1.93      1.91      1.93      1.98      2.52      2.40      2.15      2.08      2.07      2.07      1.99
  5219.45      1.80      1.92      1.89      1.92      1.96      2.49      2.39      2.13      2.06      2.05      2.05      1.97
  5220.45      1.79      1.91      1.89      1.91      1.96      2.48      2.39      2.13      2.06      2.04      2.05      1.96
  5221.45      1.79      1.90      1.89      1.91      1.96      2.46      2.39      2.13      2.05      2.04      2.04      1.95
  5222.45      1.79      1.91      1.91      1.92      1.97      2.46      2.42      2.15      2.07      2.05      2.06      1.97
  5223.45      1.79      1.91      1.91      1.92      1.97      2.45      2.42      2.14      2.07      2.05      2.06      1.97
  5224.45      1.74      1.85      1.84      1.85      1.90      2.35      2.34      2.07      1.99      1.99      1.99      1.90
  5225.45      1.66      1.77      1.76      1.77      1.82      2.24      2.25      1.98      1.90      1.90      1.90      1.82
  5226.45      1.76      1.87      1.86      1.88      1.92      2.36      2.38      2.10      2.01      2.00      2.01      1.92
  5227.45      1.88      2.00      2.00      2.01      2.05      2.51      2.55      2.25      2.16      2.14      2.15      2.06
  5228.45      1.93      2.05      2.05      2.06      2.10      2.56      2.63      2.30      2.21      2.19      2.20      2.11
  5229.45      1.89      2.01      2.02      2.02      2.06      2.51      2.60      2.27      2.17      2.15      2.17      2.07
  5230.45      1.86      1.98      1.98      1.98      2.03      2.45      2.56      2.24      2.14      2.12      2.13      2.04
  5231.45      1.84      1.96      1.96      1.96      2.01      2.43      2.54      2.22      2.13      2.10      2.12      2.02
  5232.45      1.80      1.92      1.92      1.92      1.97      2.37      2.50      2.18      2.07      2.06      2.08      1.98
  5233.45      1.79      1.90      1.91      1.91      1.95      2.34      2.50      2.17      2.06      2.04      2.06      1.96
  5234.45      1.87      1.99      2.00      2.01      2.04      2.44      2.61      2.27      2.16      2.13      2.16      2.05
  5235.45      1.90      2.01      2.03      2.04      2.07      2.46      2.65      2.30      2.19      2.16      2.19      2.08
  5236.45      1.87      1.99      2.01      2.01      2.04      2.42      2.63      2.28      2.17      2.14      2.17      2.06
  5237.45      1.86      1.98      1.99      1.99      2.02      2.39      2.62      2.26      2.16      2.12      2.16      2.05
  5238.45      1.83      1.94      1.96      1.96      1.99      2.35      2.59      2.23      2.12      2.08      2.12      2.01
  5239.45      1.70      1.81      1.83      1.82      1.85      2.19      2.43      2.07      1.97      1.94      1.98      1.87
  5240.45      1.64      1.75      1.77      1.76      1.79      2.11      2.36      2.00      1.91      1.88      1.91      1.81
  5241.45      1.77      1.89      1.91      1.90      1.93      2.26      2.55      2.17      2.06      2.03      2.06      1.96
  5242.45      1.85      1.97      2.00      1.98      2.01      2.35      2.66      2.26      2.15      2.10      2.14      2.04
  5243.45      1.87      1.99      2.02      2.01      2.03      2.37      2.69      2.30      2.17      2.13      2.17      2.06
  5244.45      1.90      2.01      2.05      2.04      2.06      2.39      2.73      2.34      2.21      2.17      2.21      2.09
  5245.45      1.91      2.02      2.07      2.05      2.07      2.40      2.76      2.36      2.22      2.19      2.23      2.11
  5246.45      1.90      2.01      2.05      2.03      2.06      2.38      2.75      2.34      2.20      2.17      2.22      2.10
  5247.45      1.89      2.00      2.04      2.02      2.05      2.37      2.76      2.33      2.19      2.16      2.21      2.09
  5248.45      1.89      2.00      2.05      2.02      2.05      2.36      2.77      2.33      2.20      2.16      2.21      2.09
  5249.45      1.87      1.98      2.03      2.00      2.03      2.33      2.75      2.31      2.19      2.14      2.19      2.07
  5250.45      1.83      1.94      1.99      1.96      1.99      2.28      2.71      2.27      2.14      2.11      2.15      2.03
  5251.45      1.82      1.92      1.97      1.94      1.97      2.25      2.69      2.26      2.12      2.09      2.13      2.02
  5252.45      1.85      1.95      2.01      1.98      2.00      2.28      2.74      2.31      2.15      2.12      2.17      2.06
  5253.45      1.85      1.96      2.01      1.98      2.01      2.28      2.75      2.31      2.16      2.12      2.17      2.06
  5254.45      1.84      1.95      2.00      1.96      2.00      2.26      2.74      2.29      2.14      2.11      2.17      2.04
  5255.45      1.82      1.92      1.97      1.94      1.97      2.22      2.72      2.27      2.11      2.08      2.14      2.01
  5256.45      1.74      1.84      1.89      1.86      1.89      2.13      2.62      2.18      2.02      2.00      2.05      1.93
  5257.45      1.63      1.72      1.77      1.74      1.76      1.99      2.46      2.04      1.89      1.87      1.92      1.80
  5258.45      1.67      1.77      1.82      1.78      1.81      2.04      2.54      2.10      1.95      1.92      1.98      1.86
  5259.45      1.76      1.86      1.92      1.88      1.92      2.15      2.67      2.22      2.05      2.03      2.09      1.96
  5260.45      1.79      1.89      1.95      1.91      1.95      2.17      2.72      2.25      2.08      2.06      2.12      1.99
  5261.45      1.80      1.90      1.96      1.92      1.95      2.18      2.73      2.26      2.09      2.07      2.12      1.99
  5262.45      1.82      1.92      1.99      1.95      1.98      2.20      2.77      2.29      2.12      2.10      2.15      2.02
  5263.45      1.87      1.96      2.03      1.99      2.03      2.25      2.83      2.36      2.17      2.16      2.21      2.08
  5264.45      1.90      2.00      2.07      2.03      2.06      2.28      2.89      2.40      2.21      2.19      2.25      2.12
  5265.45      1.92      2.02      2.09      2.06      2.09      2.30      2.93      2.43      2.24      2.22      2.28      2.15
  5266.45      1.93      2.03      2.10      2.07      2.10      2.31      2.96      2.44      2.25      2.23      2.29      2.16
  5267.45      1.94      2.04      2.11      2.07      2.11      2.31      2.98      2.45      2.25      2.24      2.30      2.17
  5268.45      1.92      2.01      2.09      2.04      2.08      2.28      2.95      2.42      2.22      2.21      2.27      2.14
  5269.45      1.90      1.98      2.07      2.02      2.05      2.25      2.93      2.40      2.19      2.19      2.24      2.12
  5270.45      1.94      2.03      2.11      2.06      2.09      2.30      2.99      2.45      2.24      2.23      2.29      2.16
  5271.45      1.94      2.03      2.11      2.06      2.09      2.30      3.00      2.45      2.24      2.24      2.29      2.16
  5272.45      1.87      1.96      2.03      1.98      2.02      2.21      2.90      2.37      2.16      2.16      2.21      2.08
  5273.45      1.83      1.92      2.00      1.95      1.98      2.17      2.86      2.33      2.12      2.12      2.17      2.05
  5274.45      1.84      1.93      2.01      1.96      2.00      2.18      2.89      2.35      2.14      2.12      2.18      2.07
  5275.45      1.82      1.91      1.98      1.94      1.98      2.14      2.86      2.32      2.10      2.10      2.15      2.04
  5276.45      1.75      1.83      1.91      1.87      1.90      2.06      2.77      2.24      2.03      2.02      2.07      1.96
  5277.45      1.71      1.79      1.86      1.82      1.86      2.01      2.72      2.19      1.98      1.97      2.02      1.91
  5278.45      1.74      1.81      1.89      1.85      1.89      2.04      2.77      2.22      2.01      2.00      2.04      1.94
  5279.45      1.80      1.88      1.95      1.91      1.95      2.10      2.87      2.29      2.08      2.07      2.11      2.00
  5280.45      1.82      1.90      1.97      1.93      1.97      2.12      2.90      2.31      2.10      2.10      2.13      2.02
  5281.45      1.82      1.91      1.98      1.94      1.98      2.13      2.92      2.32      2.10      2.10      2.14      2.04
  5282.45      1.85      1.93      2.01      1.97      2.01      2.16      2.96      2.35      2.13      2.13      2.16      2.07
  5283.45      1.87      1.94      2.02      1.99      2.02      2.17      2.99      2.38      2.15      2.14      2.18      2.08
  5284.45      1.89      1.96      2.05      2.01      2.04      2.19      3.02      2.40      2.17      2.16      2.20      2.10
  5285.45      1.90      1.98      2.06      2.02      2.06      2.20      3.04      2.42      2.19      2.18      2.21      2.12
  5286.45      1.87      1.95      2.03      1.99      2.03      2.17      3.01      2.38      2.16      2.15      2.17      2.09
  5287.45      1.85      1.92      2.01      1.97      2.01      2.14      2.98      2.36      2.13      2.12      2.14      2.06
  5288.45      1.84      1.91      2.00      1.96      2.00      2.14      2.98      2.35      2.11      2.11      2.13      2.05
  5289.45      1.84      1.92      2.00      1.96      2.00      2.14      2.99      2.36      2.12      2.12      2.14      2.06
  5290.45      1.86      1.94      2.01      1.98      2.02      2.15      3.02      2.37      2.15      2.13      2.15      2.07
  5291.45      1.85      1.92      2.00      1.96      2.01      2.13      3.00      2.36      2.13      2.12      2.14      2.06
  5292.45      1.82      1.90      1.98      1.94      1.98      2.10      2.97      2.34      2.10      2.10      2.11      2.03
  5293.45      1.82      1.90      1.98      1.94      1.98      2.10      2.97      2.34      2.11      2.10      2.11      2.04
  5294.45      1.82      1.90      1.98      1.94      1.97      2.10      2.97      2.33      2.11      2.09      2.11      2.04
  5295.45      1.80      1.87      1.95      1.92      1.95      2.07      2.94      2.30      2.08      2.06      2.08      2.02
  5296.45      1.81      1.89      1.97      1.93      1.97      2.09      2.96      2.32      2.10      2.08      2.09      2.03
  5297.45      1.84      1.91      2.00      1.97      2.00      2.12      3.00      2.36      2.13      2.11      2.12      2.06
  5298.45      1.86      1.93      2.02      1.99      2.02      2.14      3.03      2.38      2.16      2.13      2.14      2.08
  5299.45      1.81      1.89      1.97      1.94      1.97      2.08      2.96      2.33      2.10      2.08      2.08      2.03
  5300.45      1.74      1.82      1.89      1.87      1.90      2.00      2.85      2.24      2.02      2.00      2.00      1.95
  5301.45      1.76      1.84      1.91      1.89      1.92      2.03      2.87      2.27      2.05      2.02      2.03      1.97
  5302.45      1.80      1.88      1.96      1.93      1.96      2.07      2.94      2.32      2.09      2.07      2.07      2.01
  5303.45      1.81      1.88      1.96      1.93      1.96      2.06      2.94      2.33      2.09      2.06      2.07      2.02
  5304.45      1.79      1.86      1.94      1.91      1.95      2.03      2.91      2.31      2.08      2.04      2.05      2.00
  5305.45      1.76      1.84      1.91      1.89      1.92      2.01      2.87      2.28      2.05      2.02      2.02      1.97
  5306.45      1.76      1.83      1.91      1.88      1.92      2.01      2.86      2.27      2.05      2.02      2.01      1.97
  5307.45      1.76      1.84      1.91      1.89      1.92      2.01      2.85      2.28      2.05      2.02      2.02      1.97
  5308.45      1.77      1.84      1.92      1.89      1.92      2.02      2.85      2.29      2.06      2.03      2.02      1.98
  5309.45      1.77      1.84      1.93      1.90      1.93      2.02      2.85      2.30      2.06      2.03      2.02      1.98
  5310.45      1.77      1.85      1.92      1.90      1.93      2.02      2.84      2.30      2.07      2.03      2.02      1.99
  5311.45      1.77      1.85      1.92      1.90      1.92      2.01      2.83      2.29      2.07      2.03      2.02      1.98
  5312.45      1.74      1.83      1.89      1.88      1.90      1.99      2.78      2.26      2.05      2.00      1.99      1.96
  5313.45      1.71      1.80      1.87      1.85      1.87      1.96      2.72      2.23      2.02      1.97      1.96      1.92
  5314.45      1.68      1.77      1.84      1.82      1.84      1.93      2.67      2.21      1.99      1.94      1.93      1.89
  5315.45      1.72      1.81      1.88      1.86      1.89      1.97      2.72      2.26      2.03      1.99      1.97      1.94
  5316.45      1.77      1.86      1.92      1.92      1.94      2.02      2.78      2.33      2.09      2.05      2.02      1.99
  5317.45      1.78      1.88      1.94      1.93      1.95      2.03      2.79      2.35      2.11      2.07      2.04      2.01
  5318.45      1.77      1.87      1.92      1.92      1.94      2.02      2.75      2.33      2.09      2.05      2.02      2.00
  5319.45      1.75      1.84      1.90      1.89      1.91      1.99      2.70      2.31      2.07      2.02      1.99      1.98
  5320.45      1.75      1.84      1.90      1.89      1.92      1.99      2.69      2.32      2.07      2.02      2.00      1.98
  5321.45      1.76      1.84      1.91      1.90      1.92      1.98      2.68      2.33      2.07      2.02      2.00      1.98
  5322.45      1.77      1.85      1.92      1.92      1.93      2.00      2.69      2.35      2.08      2.04      2.01      2.00
  5323.45      1.76      1.85      1.91      1.91      1.93      2.00      2.67      2.35      2.08      2.04      2.01      1.99
  5324.45      1.75      1.84      1.90      1.90      1.93      1.98      2.64      2.34      2.07      2.02      2.00      1.98
  5325.45      1.77      1.86      1.92      1.92      1.94      2.00      2.65      2.36      2.10      2.05      2.01      2.00
  5326.45      1.76      1.86      1.92      1.92      1.94      2.00      2.63      2.37      2.10      2.05      2.02      2.01
  5327.45      1.77      1.87      1.93      1.93      1.94      2.01      2.63      2.38      2.12      2.06      2.03      2.01
  5328.45      1.82      1.93      1.99      2.00      2.00      2.07      2.69      2.45      2.18      2.11      2.09      2.07
  5329.45      1.91      2.02      2.08      2.10      2.10      2.17      2.80      2.58      2.29      2.22      2.19      2.17
  5330.45      1.87      1.97      2.03      2.04      2.05      2.12      2.73      2.53      2.24      2.17      2.13      2.13
  5331.45      1.73      1.82      1.87      1.88      1.89      1.96      2.53      2.36      2.07      2.01      1.97      1.97
  5332.45      1.70      1.79      1.84      1.85      1.86      1.92      2.47      2.31      2.03      1.97      1.93      1.93
  5333.45      1.77      1.86      1.92      1.93      1.94      1.99      2.56      2.42      2.12      2.05      2.01      2.01
  5334.45      1.81      1.90      1.96      1.98      1.99      2.04      2.60      2.48      2.17      2.10      2.06      2.06
  5335.45      1.79      1.88      1.94      1.96      1.97      2.02      2.57      2.46      2.16      2.08      2.04      2.04
  5336.45      1.78      1.88      1.93      1.95      1.96      2.01      2.54      2.45      2.15      2.08      2.04      2.03
  5337.45      1.79      1.89      1.94      1.96      1.97      2.03      2.54      2.48      2.17      2.09      2.05      2.05
  5338.45      1.80      1.90      1.95      1.97      1.98      2.04      2.54      2.50      2.17      2.10      2.05      2.05
  5339.45      1.80      1.90      1.94      1.97      1.97      2.02      2.53      2.50      2.17      2.09      2.04      2.05
  5340.45      1.81      1.91      1.96      1.99      1.99      2.04      2.54      2.53      2.19      2.11      2.06      2.08
  5341.45      1.86      1.96      2.01      2.05      2.04      2.09      2.59      2.60      2.25      2.17      2.12      2.14
  5342.45      1.87      1.95      2.01      2.04      2.04      2.09      2.58      2.61      2.26      2.18      2.13      2.14
  5343.45      1.82      1.90      1.96      1.99      1.99      2.04      2.51      2.55      2.21      2.12      2.08      2.08
  5344.45      1.79      1.87      1.93      1.97      1.96      2.00      2.46      2.53      2.18      2.08      2.04      2.05
  5345.45      1.78      1.87      1.93      1.97      1.95      2.00      2.45      2.53      2.18      2.07      2.03      2.05
  5346.45      1.79      1.88      1.93      1.98      1.95      2.00      2.45      2.55      2.19      2.09      2.04      2.06
  5347.45      1.78      1.87      1.93      1.97      1.94      1.99      2.44      2.55      2.18      2.08      2.04      2.06
  5348.45      1.78      1.85      1.92      1.96      1.94      1.98      2.42      2.55      2.17      2.07      2.03      2.05
  5349.45      1.79      1.87      1.93      1.97      1.96      1.99      2.42      2.58      2.19      2.09      2.04      2.06
  5350.45      1.78      1.86      1.92      1.97      1.95      1.98      2.40      2.57      2.18      2.08      2.03      2.05
  5351.45      1.74      1.83      1.88      1.93      1.90      1.94      2.35      2.53      2.15      2.04      1.99      2.02
  5352.45      1.75      1.83      1.88      1.94      1.90      1.95      2.34      2.55      2.15      2.05      2.00      2.03
  5353.45      1.77      1.85      1.91      1.97      1.93      1.97      2.37      2.59      2.18      2.08      2.02      2.05
  5354.45      1.78      1.86      1.92      1.98      1.94      1.98      2.38      2.61      2.19      2.09      2.02      2.07
  5355.45      1.77      1.84      1.90      1.96      1.92      1.96      2.35      2.59      2.18      2.07      2.00      2.04
  5356.45      1.75      1.82      1.88      1.95      1.91      1.94      2.32      2.58      2.17      2.05      1.99      2.03
  5357.45      1.74      1.81      1.87      1.94      1.90      1.93      2.30      2.58      2.15      2.04      1.98      2.01
  5358.45      1.73      1.80      1.86      1.93      1.89      1.92      2.28      2.58      2.14      2.03      1.97      2.01
  5359.45      1.75      1.81      1.87      1.94      1.90      1.94      2.29      2.60      2.16      2.05      1.98      2.02
  5360.45      1.77      1.83      1.89      1.97      1.92      1.95      2.31      2.63      2.19      2.06      2.01      2.05
  5361.45      1.78      1.84      1.90      1.98      1.93      1.95      2.32      2.64      2.21      2.07      2.02      2.06
  5362.45      1.78      1.85      1.90      1.98      1.93      1.96      2.31      2.66      2.21      2.07      2.02      2.06
  5363.45      1.79      1.86      1.92      2.00      1.95      1.98      2.33      2.70      2.23      2.09      2.04      2.08
  5364.45      1.81      1.88      1.93      2.02      1.97      1.99      2.34      2.72      2.25      2.11      2.06      2.10
  5365.45      1.81      1.88      1.93      2.01      1.97      2.00      2.33      2.73      2.26      2.11      2.07      2.10
  5366.45      1.82      1.89      1.94      2.03      1.97      2.01      2.34      2.75      2.27      2.12      2.07      2.11
  5367.45      1.81      1.87      1.93      2.02      1.96      2.00      2.32      2.74      2.26      2.11      2.06      2.09
  5368.45      1.79      1.86      1.90      2.00      1.94      1.98      2.29      2.72      2.24      2.09      2.04      2.07
  5369.45      1.80      1.86      1.90      2.01      1.94      1.98      2.29      2.73      2.24      2.09      2.05      2.08
  5370.45      1.82      1.88      1.92      2.03      1.97      2.01      2.31      2.77      2.27      2.11      2.07      2.10
  5371.45      1.85      1.92      1.96      2.06      2.01      2.04      2.34      2.83      2.31      2.15      2.10      2.14
  5372.45      1.87      1.93      1.98      2.08      2.03      2.06      2.36      2.86      2.33      2.17      2.12      2.16
  5373.45      1.84      1.91      1.95      2.05      1.99      2.03      2.31      2.82      2.31      2.14      2.09      2.14
  5374.45      1.81      1.88      1.92      2.02      1.96      2.00      2.27      2.79      2.27      2.11      2.07      2.10
  5375.45      1.81      1.86      1.90      2.01      1.95      1.98      2.26      2.78      2.26      2.09      2.05      2.08
  5376.45      1.79      1.86      1.89      1.99      1.94      1.97      2.24      2.77      2.25      2.08      2.03      2.07
  5377.45      1.81      1.86      1.90      2.01      1.94      1.99      2.25      2.78      2.27      2.09      2.04      2.07
  5378.45      1.83      1.89      1.93      2.04      1.97      2.02      2.27      2.83      2.30      2.11      2.07      2.10
  5379.45      1.84      1.90      1.94      2.05      1.99      2.03      2.29      2.86      2.31      2.13      2.09      2.11
  5380.45      1.83      1.89      1.92      2.04      1.97      2.01      2.26      2.85      2.30      2.12      2.07      2.09
  5381.45      1.84      1.89      1.92      2.04      1.97      2.01      2.26      2.86      2.31      2.13      2.08      2.09
  5382.45      1.86      1.92      1.95      2.07      2.00      2.03      2.28      2.89      2.33      2.15      2.10      2.12
  5383.45      1.85      1.91      1.95      2.07      2.00      2.04      2.28      2.90      2.33      2.15      2.10      2.12
  5384.45      1.86      1.92      1.96      2.08      2.00      2.05      2.28      2.91      2.34      2.16      2.12      2.13
  5385.45      1.86      1.92      1.96      2.08      2.01      2.05      2.28      2.92      2.34      2.15      2.12      2.13
  5386.45      1.84      1.90      1.94      2.06      1.98      2.02      2.25      2.90      2.32      2.12      2.09      2.10
  5387.45      1.84      1.90      1.93      2.05      1.97      2.02      2.25      2.90      2.31      2.12      2.08      2.10
  5388.45      1.83      1.89      1.92      2.05      1.97      2.01      2.24      2.91      2.30      2.12      2.08      2.09
  5389.45      1.84      1.90      1.92      2.06      1.97      2.02      2.24      2.93      2.31      2.13      2.09      2.10
  5390.45      1.85      1.91      1.94      2.08      1.99      2.03      2.25      2.96      2.34      2.14      2.10      2.11
  5391.45      1.85      1.91      1.94      2.07      1.99      2.02      2.24      2.96      2.33      2.13      2.09      2.10
  5392.45      1.85      1.91      1.94      2.06      2.00      2.03      2.24      2.97      2.33      2.13      2.09      2.09
  5393.45      1.85      1.91      1.94      2.06      2.00      2.03      2.24      2.98      2.33      2.14      2.09      2.08
  5394.45      1.86      1.91      1.94      2.06      1.99      2.03      2.24      2.99      2.34      2.15      2.10      2.08
  5395.45      1.86      1.92      1.94      2.07      1.99      2.04      2.25      3.02      2.35      2.16      2.11      2.09
  5396.45      1.86      1.92      1.94      2.07      2.00      2.04      2.25      3.03      2.35      2.15      2.11      2.08
  5397.45      1.85      1.91      1.94      2.07      2.00      2.03      2.24      3.02      2.34      2.15      2.10      2.08
  5398.45      1.86      1.93      1.95      2.09      2.02      2.05      2.26      3.04      2.36      2.16      2.12      2.09
  5399.45      1.85      1.91      1.93      2.07      2.00      2.03      2.23      3.03      2.35      2.15      2.09      2.08
  5400.45      1.83      1.89      1.90      2.04      1.97      2.01      2.20      3.00      2.32      2.12      2.06      2.05
  5401.45      1.84      1.90      1.92      2.05      1.98      2.02      2.20      3.01      2.32      2.13      2.07      2.06
  5402.45      1.84      1.91      1.92      2.06      1.99      2.02      2.21      3.03      2.33      2.14      2.07      2.06
  5403.45      1.83      1.90      1.91      2.05      1.98      2.01      2.19      3.02      2.33      2.12      2.07      2.05
  5404.45      1.85      1.92      1.93      2.07      2.00      2.03      2.21      3.05      2.35      2.14      2.09      2.07
  5405.45      1.89      1.96      1.97      2.11      2.04      2.07      2.26      3.11      2.39      2.19      2.13      2.12
  5406.45      1.91      1.97      1.98      2.13      2.06      2.08      2.28      3.13      2.41      2.20      2.14      2.13
  5407.45      1.89      1.95      1.96      2.11      2.04      2.06      2.25      3.10      2.38      2.18      2.12      2.10
  5408.45      1.85      1.91      1.92      2.07      1.99      2.03      2.21      3.05      2.34      2.14      2.07      2.06
  5409.45      1.84      1.90      1.91      2.05      1.98      2.01      2.19      3.03      2.33      2.13      2.06      2.05
  5410.45      1.85      1.91      1.92      2.06      1.99      2.03      2.20      3.05      2.35      2.15      2.08      2.05
  5411.45      1.86      1.92      1.93      2.07      2.00      2.04      2.21      3.05      2.36      2.16      2.09      2.06
  5412.45      1.85      1.91      1.92      2.06      2.00      2.03      2.20      3.03      2.35      2.15      2.08      2.05
  5413.45      1.83      1.89      1.90      2.04      1.98      2.01      2.18      3.01      2.33      2.13      2.06      2.02
  5414.45      1.81      1.88      1.88      2.02      1.96      1.99      2.16      2.98      2.31      2.12      2.04      2.01
  5415.45      1.82      1.89      1.89      2.04      1.97      2.00      2.16      2.99      2.32      2.13      2.05      2.02
  5416.45      1.84      1.91      1.91      2.05      1.98      2.02      2.17      3.01      2.34      2.14      2.07      2.03
  5417.45      1.82      1.89      1.89      2.04      1.97      2.00      2.16      2.98      2.32      2.12      2.06      2.02
  5418.45      1.81      1.87      1.88      2.03      1.96      1.99      2.14      2.95      2.31      2.11      2.05      2.01
  5419.45      1.82      1.88      1.89      2.04      1.97      2.00      2.15      2.96      2.33      2.12      2.06      2.02
  5420.45      1.83      1.89      1.90      2.04      1.97      2.01      2.16      2.97      2.34      2.14      2.06      2.02
  5421.45      1.84      1.90      1.90      2.04      1.98      2.02      2.16      2.97      2.35      2.15      2.06      2.02
  5422.45      1.83      1.90      1.90      2.04      1.98      2.01      2.15      2.95      2.35      2.15      2.05      2.02
  5423.45      1.83      1.90      1.90      2.04      1.98      2.01      2.15      2.94      2.36      2.15      2.06      2.02
  5424.45      1.85      1.91      1.92      2.06      2.00      2.03      2.17      2.96      2.39      2.17      2.08      2.04
  5425.45      1.88      1.95      1.96      2.09      2.04      2.06      2.21      2.99      2.43      2.21      2.12      2.08
  5426.45      1.88      1.95      1.96      2.09      2.04      2.07      2.21      2.98      2.43      2.22      2.11      2.08
  5427.45      1.86      1.92      1.93      2.06      2.02      2.04      2.18      2.92      2.40      2.19      2.09      2.05
  5428.45      1.84      1.91      1.92      2.05      2.00      2.03      2.17      2.89      2.38      2.17      2.08      2.03
  5429.45      1.87      1.93      1.94      2.08      2.03      2.05      2.19      2.91      2.42      2.19      2.11      2.05
  5430.45      1.91      1.97      1.98      2.13      2.08      2.09      2.24      2.97      2.48      2.25      2.16      2.10
  5431.45      1.93      1.99      2.00      2.14      2.10      2.12      2.26      2.98      2.50      2.27      2.18      2.11
  5432.45      1.89      1.94      1.96      2.09      2.05      2.08      2.21      2.90      2.46      2.23      2.14      2.06
  5433.45      1.87      1.93      1.95      2.08      2.04      2.06      2.20      2.86      2.45      2.22      2.12      2.05
  5434.45      1.88      1.94      1.95      2.09      2.05      2.07      2.20      2.85      2.46      2.23      2.13      2.06
  5435.45      1.89      1.95      1.96      2.09      2.06      2.07      2.21      2.84      2.47      2.24      2.13      2.07
  5436.45      1.88      1.93      1.95      2.08      2.05      2.06      2.19      2.82      2.47      2.22      2.12      2.06
  5437.45      1.86      1.91      1.93      2.06      2.03      2.04      2.17      2.78      2.45      2.20      2.09      2.04
  5438.45      1.85      1.90      1.92      2.05      2.01      2.03      2.15      2.75      2.44      2.19      2.08      2.03
  5439.45      1.83      1.88      1.91      2.03      2.00      2.01      2.13      2.70      2.42      2.18      2.07      2.01
  5440.45      1.81      1.86      1.88      2.01      1.98      1.99      2.11      2.66      2.40      2.15      2.05      1.99
  5441.45      1.81      1.86      1.87      2.00      1.97      1.99      2.09      2.65      2.40      2.15      2.04      1.98
  5442.45      1.81      1.86      1.87      2.00      1.96      1.98      2.08      2.63      2.41      2.15      2.03      1.98
  5443.45      1.80      1.85      1.87      1.98      1.95      1.97      2.07      2.61      2.40      2.14      2.02      1.96
  5444.45      1.80      1.85      1.87      1.98      1.96      1.97      2.08      2.60      2.41      2.14      2.03      1.96
  5445.45      1.80      1.85      1.87      1.99      1.97      1.98      2.09      2.60      2.42      2.15      2.03      1.97
  5446.45      1.83      1.87      1.89      2.01      1.99      2.00      2.11      2.61      2.45      2.18      2.06      1.99
  5447.45      1.86      1.90      1.92      2.04      2.02      2.03      2.14      2.64      2.50      2.22      2.10      2.03
  5448.45      1.88      1.92      1.94      2.05      2.04      2.05      2.16      2.65      2.54      2.24      2.11      2.05
  5449.45      1.84      1.89      1.90      2.02      2.01      2.02      2.12      2.59      2.51      2.20      2.07      2.01
  5450.45      1.80      1.84      1.85      1.98      1.97      1.98      2.07      2.53      2.46      2.16      2.03      1.96
  5451.45      1.78      1.81      1.83      1.95      1.95      1.95      2.04      2.48      2.43      2.14      2.01      1.94
  5452.45      1.78      1.81      1.82      1.95      1.94      1.94      2.04      2.47      2.43      2.14      2.00      1.93
  5453.45      1.80      1.82      1.85      1.97      1.96      1.96      2.05      2.47      2.46      2.16      2.02      1.96
  5454.45      1.81      1.83      1.86      1.98      1.98      1.97      2.07      2.48      2.49      2.18      2.03      1.97
  5455.45      1.82      1.84      1.87      1.99      1.99      1.97      2.07      2.48      2.52      2.19      2.04      1.98
  5456.45      1.85      1.88      1.90      2.02      2.02      2.01      2.10      2.52      2.57      2.23      2.08      2.03
  5457.45      1.86      1.89      1.91      2.04      2.04      2.02      2.12      2.53      2.59      2.25      2.10      2.04
  5458.45      1.82      1.85      1.87      1.99      2.00      1.98      2.08      2.47      2.55      2.21      2.05      1.99
  5459.45      1.78      1.81      1.83      1.94      1.95      1.93      2.03      2.41      2.50      2.16      2.01      1.94
  5460.45      1.73      1.76      1.78      1.88      1.89      1.87      1.96      2.33      2.43      2.09      1.94      1.88
  5461.45      1.66      1.68      1.71      1.80      1.80      1.80      1.87      2.22      2.35      2.01      1.86      1.80
  5462.45      1.64      1.65      1.68      1.77      1.78      1.77      1.85      2.18      2.32      1.98      1.83      1.78
  5463.45      1.70      1.72      1.75      1.85      1.86      1.84      1.93      2.27      2.42      2.07      1.92      1.86
  5464.45      1.81      1.82      1.85      1.96      1.97      1.95      2.04      2.39      2.56      2.20      2.03      1.97
  5465.45      1.84      1.86      1.88      2.00      2.01      1.99      2.08      2.43      2.62      2.25      2.07      2.01
  5466.45      1.83      1.84      1.86      1.98      2.00      1.98      2.06      2.40      2.61      2.23      2.06      1.99
  5467.45      1.83      1.84      1.86      1.98      2.00      1.98      2.06      2.40      2.61      2.23      2.05      1.99
  5468.45      1.83      1.84      1.86      1.97      2.01      1.97      2.06      2.39      2.62      2.23      2.05      1.99
  5469.45      1.81      1.83      1.84      1.96      1.99      1.96      2.05      2.36      2.61      2.22      2.04      1.98
  5470.45      1.81      1.83      1.85      1.95      1.99      1.95      2.04      2.35      2.62      2.21      2.03      1.97
  5471.45      1.82      1.85      1.86      1.97      2.01      1.96      2.05      2.36      2.65      2.23      2.05      1.99
  5472.45      1.84      1.86      1.87      1.98      2.03      1.98      2.07      2.37      2.67      2.26      2.06      2.01
  5473.45      1.86      1.88      1.88      2.00      2.05      2.00      2.09      2.39      2.70      2.28      2.08      2.03
  5474.45      1.88      1.90      1.90      2.02      2.06      2.02      2.11      2.40      2.74      2.30      2.10      2.04
  5475.45      1.88      1.90      1.90      2.03      2.07      2.02      2.12      2.40      2.75      2.31      2.10      2.05
  5476.45      1.89      1.90      1.91      2.03      2.06      2.02      2.12      2.40      2.76      2.32      2.11      2.05
  5477.45      1.92      1.93      1.94      2.05      2.10      2.06      2.14      2.43      2.81      2.36      2.14      2.09
  5478.45      1.94      1.96      1.96      2.08      2.13      2.09      2.17      2.45      2.84      2.38      2.17      2.11
  5479.45      1.92      1.93      1.94      2.06      2.11      2.06      2.15      2.41      2.81      2.36      2.14      2.09
  5480.45      1.90      1.91      1.91      2.03      2.09      2.04      2.12      2.37      2.79      2.33      2.11      2.06
  5481.45      1.89      1.90      1.90      2.02      2.07      2.02      2.11      2.36      2.78      2.33      2.10      2.05
  5482.45      1.90      1.91      1.91      2.03      2.09      2.03      2.12      2.37      2.80      2.34      2.11      2.07
  5483.45      1.90      1.91      1.91      2.03      2.09      2.03      2.12      2.36      2.81      2.34      2.11      2.07
  5484.45      1.88      1.89      1.89      2.01      2.07      2.01      2.10      2.33      2.80      2.32      2.09      2.05
  5485.45      1.86      1.87      1.87      1.99      2.05      1.99      2.08      2.31      2.78      2.30      2.07      2.03
  5486.45      1.86      1.86      1.86      1.97      2.04      1.97      2.07      2.30      2.77      2.29      2.06      2.02
  5487.45      1.86      1.86      1.85      1.97      2.04      1.97      2.06      2.30      2.77      2.29      2.06      2.02
  5488.45      1.88      1.88      1.87      1.99      2.06      2.00      2.08      2.30      2.80      2.31      2.08      2.03
  5489.45      1.89      1.89      1.89      2.01      2.08      2.02      2.10      2.32      2.83      2.33      2.10      2.05
  5490.45      1.89      1.89      1.89      2.00      2.07      2.01      2.10      2.31      2.83      2.33      2.08      2.03
  5491.45      1.86      1.86      1.86      1.98      2.05      1.97      2.07      2.27      2.81      2.30      2.05      2.01
  5492.45      1.84      1.84      1.84      1.94      2.02      1.95      2.04      2.23      2.78      2.27      2.03      1.98
  5493.45      1.84      1.84      1.84      1.94      2.02      1.95      2.04      2.23      2.79      2.27      2.03      1.98
  5494.45      1.86      1.85      1.85      1.96      2.04      1.97      2.05      2.25      2.81      2.29      2.05      2.00
  5495.45      1.85      1.85      1.85      1.95      2.03      1.96      2.04      2.24      2.80      2.29      2.04      1.99
  5496.45      1.83      1.84      1.83      1.94      2.02      1.95      2.03      2.22      2.79      2.27      2.02      1.97
  5497.45      1.83      1.83      1.82      1.93      2.01      1.94      2.02      2.21      2.79      2.26      2.01      1.96
  5498.45      1.83      1.83      1.82      1.93      2.01      1.94      2.02      2.20      2.80      2.26      2.01      1.96
  5499.45      1.82      1.82      1.81      1.92      1.99      1.93      2.01      2.18      2.79      2.24      2.00      1.95
  5500.45      1.79      1.79      1.78      1.88      1.97      1.90      1.98      2.13      2.76      2.21      1.97      1.93
  5501.45      1.79      1.79      1.77      1.87      1.97      1.89      1.97      2.12      2.77      2.20      1.96      1.92
  5502.45      1.81      1.81      1.80      1.89      1.99      1.91      1.99      2.15      2.81      2.24      1.98      1.94
  5503.45      1.82      1.82      1.81      1.91      2.01      1.92      2.01      2.17      2.83      2.26      2.00      1.95
  5504.45      1.82      1.82      1.81      1.91      2.00      1.92      2.01      2.16      2.83      2.26      2.00      1.95
  5505.45      1.82      1.81      1.79      1.89      1.99      1.91      1.99      2.15      2.82      2.24      1.99      1.94
  5506.45      1.81      1.81      1.79      1.89      1.99      1.91      1.99      2.14      2.82      2.23      1.99      1.93
  5507.45      1.82      1.82      1.81      1.90      2.00      1.92      2.00      2.15      2.85      2.24      2.00      1.94
  5508.45      1.84      1.84      1.83      1.92      2.02      1.94      2.03      2.17      2.88      2.26      2.02      1.96
  5509.45      1.84      1.84      1.82      1.91      2.01      1.94      2.02      2.15      2.88      2.26      2.01      1.95
  5510.45      1.83      1.82      1.81      1.90      2.00      1.92      2.01      2.14      2.87      2.25      2.00      1.94
  5511.45      1.83      1.82      1.80      1.89      2.00      1.91      2.01      2.13      2.87      2.25      1.99      1.93
  5512.45      1.83      1.82      1.80      1.89      2.00      1.91      2.00      2.13      2.87      2.25      2.00      1.93
  5513.45      1.84      1.84      1.82      1.91      2.01      1.93      2.02      2.15      2.90      2.26      2.01      1.95
  5514.45      1.86      1.85      1.83      1.92      2.02      1.95      2.04      2.16      2.92      2.28      2.03      1.97
  5515.45      1.85      1.85      1.83      1.91      2.02      1.94      2.03      2.15      2.92      2.27      2.02      1.96
  5516.45      1.85      1.84      1.83      1.91      2.02      1.94      2.03      2.15      2.92      2.27      2.02      1.96
  5517.45      1.86      1.85      1.83      1.92      2.02      1.94      2.03      2.15      2.92      2.27      2.03      1.96
  5518.45      1.86      1.84      1.82      1.91      2.02      1.94      2.02      2.14      2.92      2.27      2.02      1.95
  5519.45      1.85      1.83      1.81      1.90      2.01      1.93      2.01      2.14      2.91      2.26      2.01      1.94
  5520.45      1.85      1.83      1.82      1.90      2.01      1.93      2.01      2.14      2.92      2.26      2.02      1.94
  5521.45      1.86      1.84      1.83      1.91      2.02      1.94      2.02      2.15      2.93      2.28      2.03      1.95
  5522.45      1.87      1.85      1.83      1.91      2.03      1.95      2.02      2.15      2.93      2.29      2.04      1.96
  5523.45      1.87      1.86      1.84      1.92      2.03      1.96      2.04      2.15      2.94      2.30      2.04      1.97
  5524.45      1.88      1.86      1.84      1.92      2.04      1.96      2.04      2.15      2.94      2.30      2.05      1.97
  5525.45      1.88      1.86      1.84      1.92      2.04      1.96      2.04      2.15      2.94      2.31      2.06      1.98
  5526.45      1.88      1.85      1.84      1.92      2.03      1.96      2.04      2.14      2.93      2.31      2.05      1.97
  5527.45      1.87      1.85      1.83      1.91      2.02      1.95      2.03      2.13      2.91      2.29      2.04      1.96
  5528.45      1.90      1.87      1.85      1.93      2.05      1.97      2.05      2.15      2.94      2.31      2.06      1.98
  5529.45      1.94      1.91      1.89      1.97      2.09      2.01      2.10      2.20      2.99      2.37      2.11      2.03
  5530.45      1.94      1.91      1.90      1.98      2.09      2.02      2.11      2.21      2.99      2.38      2.13      2.04
  5531.45      1.92      1.88      1.87      1.94      2.06      1.99      2.07      2.17      2.94      2.35      2.10      2.01
  5532.45      1.91      1.87      1.86      1.93      2.05      1.98      2.06      2.16      2.92      2.34      2.09      1.99
  5533.45      1.91      1.88      1.86      1.93      2.06      1.98      2.06      2.17      2.91      2.34      2.08      1.99
  5534.45      1.91      1.87      1.85      1.93      2.06      1.97      2.06      2.16      2.89      2.34      2.08      1.99
  5535.45      1.91      1.88      1.86      1.93      2.06      1.98      2.06      2.15      2.88      2.35      2.08      2.00
  5536.45      1.92      1.89      1.86      1.94      2.06      2.00      2.07      2.16      2.88      2.37      2.10      2.01
  5537.45      1.92      1.88      1.86      1.93      2.05      1.98      2.06      2.15      2.87      2.36      2.10      2.00
  5538.45      1.90      1.86      1.83      1.91      2.03      1.96      2.04      2.12      2.83      2.34      2.08      1.98
  5539.45      1.89      1.85      1.82      1.90      2.02      1.95      2.02      2.11      2.79      2.33      2.07      1.97
  5540.45      1.89      1.85      1.82      1.90      2.01      1.95      2.02      2.11      2.77      2.33      2.07      1.97
  5541.45      1.88      1.83      1.81      1.88      2.00      1.94      2.01      2.10      2.74      2.32      2.06      1.95
  5542.45      1.83      1.78      1.76      1.83      1.94      1.88      1.96      2.04      2.65      2.26      2.01      1.89
  5543.45      1.73      1.68      1.66      1.73      1.83      1.78      1.85      1.92      2.50      2.14      1.90      1.79
  5544.45      1.71      1.67      1.65      1.72      1.82      1.76      1.84      1.90      2.47      2.13      1.88      1.79
  5545.45      1.68      1.64      1.62      1.69      1.79      1.74      1.81      1.87      2.43      2.10      1.85      1.76
  5546.45      1.66      1.61      1.60      1.66      1.76      1.71      1.78      1.84      2.38      2.07      1.82      1.73
  5547.45      1.77      1.71      1.70      1.77      1.87      1.82      1.90      1.96      2.51      2.21      1.94      1.84
  5548.45      1.84      1.78      1.77      1.84      1.95      1.90      1.97      2.03      2.59      2.30      2.01      1.92
  5549.45      1.83      1.77      1.76      1.83      1.94      1.88      1.96      2.02      2.56      2.29      2.00      1.91
  5550.45      1.80      1.73      1.73      1.79      1.90      1.85      1.92      1.98      2.50      2.25      1.97      1.87
  5551.45      1.80      1.73      1.72      1.79      1.90      1.85      1.92      1.98      2.49      2.27      1.97      1.87
  5552.45      1.82      1.75      1.74      1.81      1.92      1.87      1.94      1.99      2.50      2.29      2.00      1.89
  5553.45      1.83      1.76      1.75      1.82      1.93      1.88      1.95      2.00      2.50      2.31      2.01      1.90
  5554.45      1.84      1.77      1.76      1.83      1.94      1.89      1.96      2.01      2.50      2.33      2.03      1.91
  5555.45      1.86      1.78      1.77      1.84      1.95      1.90      1.97      2.02      2.51      2.35      2.04      1.93
  5556.45      1.87      1.80      1.78      1.86      1.97      1.92      1.98      2.04      2.52      2.38      2.06      1.95
  5557.45      1.87      1.79      1.77      1.85      1.96      1.91      1.97      2.03      2.49      2.37      2.05      1.94
  5558.45      1.86      1.78      1.76      1.84      1.95      1.91      1.96      2.01      2.46      2.36      2.04      1.93
  5559.45      1.86      1.79      1.77      1.85      1.96      1.91      1.97      2.02      2.46      2.37      2.05      1.93
  5560.45      1.85      1.78      1.76      1.83      1.94      1.90      1.96      2.00      2.44      2.36      2.04      1.91
  5561.45      1.86      1.78      1.76      1.84      1.94      1.90      1.96      2.00      2.43      2.38      2.05      1.91
  5562.45      1.86      1.79      1.76      1.84      1.95      1.91      1.96      2.01      2.43      2.39      2.06      1.92
  5563.45      1.84      1.77      1.74      1.82      1.92      1.89      1.94      1.99      2.39      2.37      2.04      1.90
  5564.45      1.72      1.65      1.62      1.70      1.80      1.76      1.82      1.86      2.22      2.23      1.91      1.78
  5565.45      1.59      1.52      1.50      1.56      1.65      1.62      1.68      1.71      2.04      2.06      1.76      1.65
  5566.45      1.71      1.64      1.61      1.68      1.77      1.74      1.81      1.83      2.18      2.23      1.90      1.77
  5567.45      1.85      1.78      1.76      1.83      1.93      1.90      1.97      1.99      2.36      2.43      2.07      1.92
  5568.45      1.89      1.81      1.78      1.87      1.95      1.93      1.99      2.01      2.39      2.47      2.10      1.95
  5569.45      1.88      1.79      1.77      1.85      1.94      1.92      1.98      2.00      2.36      2.46      2.09      1.93
  5570.45      1.82      1.74      1.71      1.80      1.89      1.87      1.92      1.94      2.30      2.40      2.04      1.88
  5571.45      1.82      1.74      1.71      1.80      1.89      1.87      1.91      1.95      2.29      2.41      2.04      1.88
  5572.45      1.87      1.79      1.76      1.84      1.93      1.91      1.96      2.00      2.34      2.48      2.09      1.93
  5573.45      1.91      1.82      1.79      1.87      1.97      1.95      1.99      2.03      2.37      2.52      2.12      1.96
  5574.45      1.92      1.83      1.80      1.89      1.99      1.97      2.01      2.05      2.39      2.55      2.15      1.98
  5575.45      1.80      1.72      1.69      1.77      1.86      1.85      1.89      1.92      2.23      2.41      2.02      1.86
  5576.45      1.22      1.16      1.13      1.19      1.25      1.25      1.28      1.30      1.51      1.64      1.36      1.25
  5577.45      0.27      0.25      0.24      0.26      0.27      0.27      0.28      0.28      0.33      0.36      0.29      0.27
  5578.45      0.07      0.06      0.06      0.07      0.07      0.07      0.07      0.07      0.08      0.09      0.08      0.07
  5579.45      0.07      0.07      0.07      0.07      0.07      0.07      0.07      0.07      0.09      0.10      0.08      0.07
  5580.45      0.31      0.29      0.28      0.30      0.31      0.31      0.32      0.32      0.37      0.42      0.35      0.31
  5581.45      1.32      1.26      1.22      1.29      1.35      1.35      1.39      1.40      1.60      1.81      1.49      1.35
  5582.45      1.75      1.67      1.62      1.71      1.79      1.79      1.83      1.85      2.10      2.38      1.96      1.79
  5583.45      1.85      1.77      1.72      1.80      1.89      1.90      1.93      1.96      2.21      2.52      2.08      1.89
  5584.45      1.92      1.84      1.79      1.87      1.97      1.98      2.00      2.03      2.29      2.63      2.17      1.97
  5585.45      1.95      1.86      1.81      1.90      2.00      2.00      2.03      2.05      2.31      2.66      2.20      2.00
  5586.45      1.96      1.87      1.82      1.90      2.00      2.01      2.03      2.05      2.32      2.67      2.21      2.00
  5587.45      1.98      1.88      1.83      1.91      2.01      2.03      2.05      2.06      2.33      2.70      2.23      2.02
  5588.45      1.98      1.89      1.84      1.93      2.02      2.04      2.06      2.08      2.34      2.72      2.24      2.03
  5589.45      1.88      1.78      1.74      1.82      1.91      1.93      1.94      1.96      2.20      2.58      2.11      1.91
  5590.45      1.69      1.61      1.56      1.64      1.72      1.73      1.74      1.77      1.99      2.34      1.90      1.72
  5591.45      1.76      1.67      1.62      1.70      1.78      1.80      1.81      1.84      2.06      2.43      1.97      1.78
  5592.45      1.89      1.80      1.75      1.84      1.93      1.95      1.95      1.98      2.21      2.62      2.14      1.93
  5593.45      1.92      1.83      1.78      1.87      1.96      1.98      1.99      2.01      2.24      2.67      2.17      1.97
  5594.45      1.92      1.83      1.78      1.86      1.96      1.98      1.99      2.01      2.23      2.68      2.18      1.97
  5595.45      1.92      1.84      1.78      1.86      1.96      1.99      1.99      2.01      2.23      2.68      2.18      1.97
  5596.45      1.93      1.83      1.78      1.86      1.95      1.98      1.99      2.01      2.22      2.68      2.18      1.96
  5597.45      1.89      1.79      1.74      1.81      1.91      1.94      1.95      1.96      2.16      2.63      2.13      1.91
  5598.45      1.83      1.74      1.68      1.75      1.85      1.88      1.88      1.90      2.10      2.56      2.06      1.85
  5599.45      1.80      1.70      1.65      1.72      1.81      1.84      1.84      1.86      2.06      2.52      2.03      1.81
  5600.45      1.86      1.77      1.71      1.79      1.88      1.92      1.91      1.94      2.13      2.61      2.11      1.88
  5601.45      1.90      1.82      1.75      1.83      1.92      1.96      1.96      1.99      2.17      2.68      2.16      1.93
  5602.45      1.93      1.84      1.77      1.84      1.94      1.99      1.99      2.00      2.19      2.72      2.19      1.95
  5603.45      1.93      1.85      1.78      1.85      1.95      2.00      2.00      2.01      2.19      2.73      2.19      1.95
  5604.45      1.91      1.82      1.76      1.84      1.93      1.97      1.97      1.98      2.16      2.70      2.17      1.93
  5605.45      1.79      1.70      1.64      1.71      1.80      1.84      1.83      1.85      2.01      2.53      2.02      1.81
  5606.45      1.59      1.51      1.46      1.51      1.60      1.64      1.63      1.65      1.79      2.27      1.80      1.61
  5607.45      1.65      1.57      1.52      1.57      1.66      1.70      1.69      1.71      1.86      2.37      1.88      1.67
  5608.45      1.83      1.74      1.68      1.74      1.84      1.89      1.87      1.89      2.05      2.62      2.08      1.85
  5609.45      1.89      1.80      1.73      1.80      1.90      1.95      1.93      1.95      2.10      2.70      2.14      1.90
  5610.45      1.89      1.80      1.73      1.81      1.90      1.95      1.93      1.96      2.10      2.72      2.15      1.91
  5611.45      1.90      1.80      1.74      1.81      1.90      1.95      1.94      1.96      2.11      2.73      2.16      1.91
  5612.45      1.89      1.80      1.73      1.80      1.89      1.94      1.93      1.95      2.10      2.73      2.15      1.90
  5613.45      1.88      1.79      1.72      1.78      1.88      1.94      1.92      1.94      2.08      2.72      2.13      1.89
  5614.45      1.88      1.79      1.72      1.79      1.88      1.94      1.92      1.95      2.08      2.73      2.13      1.89
  5615.45      1.92      1.83      1.76      1.83      1.91      1.98      1.96      1.99      2.11      2.79      2.18      1.94
  5616.45      1.98      1.88      1.81      1.88      1.97      2.04      2.02      2.04      2.17      2.87      2.24      1.99
  5617.45      1.97      1.87      1.81      1.87      1.96      2.04      2.01      2.03      2.15      2.86      2.22      1.98
  5618.45      1.87      1.77      1.71      1.77      1.86      1.93      1.91      1.93      2.05      2.73      2.11      1.88
  5619.45      1.88      1.78      1.72      1.77      1.86      1.93      1.91      1.93      2.05      2.75      2.11      1.88
  5620.45      1.94      1.83      1.77      1.83      1.92      1.99      1.96      1.99      2.11      2.83      2.17      1.95
  5621.45      1.95      1.85      1.79      1.84      1.93      2.00      1.98      2.01      2.12      2.86      2.19      1.96
  5622.45      1.95      1.85      1.79      1.84      1.93      2.00      1.98      2.01      2.12      2.88      2.20      1.96
  5623.45      1.93      1.83      1.76      1.82      1.91      1.98      1.95      1.99      2.09      2.85      2.17      1.93
  5624.45      1.81      1.72      1.64      1.70      1.79      1.86      1.82      1.86      1.96      2.67      2.04      1.81
  5625.45      1.72      1.63      1.56      1.61      1.69      1.75      1.73      1.76      1.86      2.54      1.93      1.72
  5626.45      1.87      1.77      1.70      1.75      1.83      1.90      1.88      1.91      2.01      2.75      2.10      1.87
  5627.45      1.98      1.87      1.81      1.86      1.95      2.02      1.99      2.02      2.13      2.91      2.22      1.98
  5628.45      1.99      1.89      1.81      1.87      1.95      2.03      2.00      2.04      2.15      2.93      2.24      1.99
  5629.45      1.98      1.88      1.80      1.86      1.93      2.02      1.99      2.03      2.12      2.92      2.23      1.98
  5630.45      1.97      1.86      1.78      1.85      1.92      2.01      1.98      2.01      2.10      2.90      2.21      1.97
  5631.45      1.98      1.87      1.79      1.85      1.93      2.02      1.99      2.02      2.10      2.91      2.21      1.98
  5632.45      1.99      1.88      1.80      1.86      1.93      2.03      2.00      2.02      2.12      2.92      2.22      1.99
  5633.45      1.98      1.87      1.80      1.86      1.93      2.03      1.99      2.02      2.11      2.91      2.22      1.99
  5634.45      2.00      1.89      1.81      1.87      1.94      2.04      1.99      2.04      2.12      2.93      2.24      2.00
  5635.45      2.00      1.89      1.81      1.87      1.95      2.04      2.00      2.04      2.12      2.93      2.25      2.00
  5636.45      2.01      1.89      1.81      1.88      1.95      2.05      2.01      2.04      2.12      2.93      2.26      2.00
  5637.45      2.01      1.89      1.81      1.87      1.95      2.05      2.01      2.04      2.12      2.93      2.26      2.00
  5638.45      2.02      1.90      1.82      1.88      1.95      2.06      2.01      2.04      2.13      2.93      2.26      2.01
  5639.45      2.01      1.89      1.81      1.86      1.94      2.04      2.00      2.02      2.11      2.90      2.24      2.00
  5640.45      1.94      1.82      1.75      1.79      1.86      1.97      1.93      1.96      2.04      2.81      2.17      1.93
  5641.45      1.94      1.82      1.75      1.80      1.86      1.97      1.93      1.97      2.04      2.80      2.18      1.94
  5642.45      2.00      1.88      1.80      1.86      1.92      2.03      1.99      2.03      2.10      2.87      2.25      2.01
  5643.45      1.99      1.88      1.80      1.85      1.91      2.02      1.99      2.02      2.09      2.85      2.24      2.00
  5644.45      1.96      1.85      1.77      1.82      1.88      1.98      1.96      1.98      2.05      2.80      2.20      1.96
  5645.45      1.90      1.80      1.71      1.76      1.83      1.92      1.90      1.93      1.99      2.71      2.14      1.90
  5646.45      1.79      1.70      1.62      1.66      1.72      1.82      1.79      1.82      1.88      2.56      2.02      1.80
  5647.45      1.81      1.71      1.63      1.67      1.73      1.83      1.80      1.83      1.88      2.57      2.04      1.81
  5648.45      1.89      1.78      1.70      1.75      1.80      1.91      1.87      1.90      1.96      2.66      2.13      1.90
  5649.45      1.91      1.80      1.72      1.77      1.82      1.93      1.89      1.92      1.98      2.68      2.15      1.92
  5650.45      1.91      1.82      1.73      1.78      1.84      1.93      1.90      1.93      1.99      2.68      2.17      1.93
  5651.45      1.93      1.83      1.75      1.80      1.85      1.95      1.92      1.95      2.00      2.69      2.19      1.95
  5652.45      1.92      1.83      1.74      1.80      1.84      1.95      1.92      1.94      2.00      2.67      2.20      1.95
  5653.45      1.91      1.82      1.72      1.78      1.83      1.93      1.90      1.93      1.98      2.63      2.18      1.93
  5654.45      1.70      1.61      1.53      1.57      1.62      1.71      1.69      1.72      1.76      2.34      1.94      1.71
  5655.45      0.95      0.90      0.86      0.88      0.91      0.96      0.95      0.96      0.99      1.32      1.10      0.96
  5656.45      0.65      0.61      0.58      0.60      0.61      0.65      0.64      0.65      0.67      0.89      0.75      0.65
  5657.45      0.81      0.77      0.73      0.74      0.77      0.81      0.81      0.82      0.84      1.11      0.94      0.82
  5658.45      1.55      1.47      1.39      1.43      1.48      1.56      1.54      1.56      1.60      2.09      1.79      1.57
  5659.45      1.81      1.73      1.63      1.68      1.73      1.83      1.80      1.84      1.87      2.42      2.10      1.84
  5660.45      1.79      1.71      1.61      1.66      1.71      1.81      1.78      1.81      1.85      2.38      2.08      1.83
  5661.45      1.90      1.82      1.72      1.77      1.82      1.93      1.90      1.93      1.97      2.52      2.22      1.95
  5662.45      1.97      1.89      1.78      1.84      1.88      2.00      1.97      2.00      2.04      2.60      2.30      2.03
  5663.45      2.05      1.97      1.85      1.91      1.96      2.08      2.05      2.08      2.12      2.68      2.40      2.12
  5664.45      2.08      2.00      1.88      1.94      2.00      2.12      2.08      2.11      2.15      2.70      2.44      2.15
  5665.45      2.06      1.98      1.87      1.92      1.98      2.10      2.07      2.09      2.12      2.67      2.43      2.13
  5666.45      2.08      2.00      1.89      1.95      2.00      2.12      2.10      2.12      2.13      2.69      2.47      2.16
  5667.45      2.11      2.02      1.91      1.97      2.02      2.14      2.13      2.15      2.16      2.71      2.50      2.19
  5668.45      2.13      2.05      1.93      1.99      2.04      2.16      2.14      2.17      2.19      2.72      2.53      2.21
  5669.45      2.10      2.03      1.91      1.97      2.02      2.13      2.11      2.14      2.16      2.68      2.51      2.18
  5670.45      2.00      1.93      1.81      1.86      1.92      2.02      2.00      2.03      2.05      2.54      2.39      2.07
  5671.45      1.95      1.89      1.76      1.82      1.87      1.98      1.96      1.99      2.01      2.47      2.35      2.03
  5672.45      1.96      1.90      1.78      1.84      1.89      2.00      1.98      2.01      2.03      2.48      2.37      2.05
  5673.45      1.96      1.90      1.77      1.83      1.88      1.99      1.98      2.00      2.02      2.46      2.37      2.05
  5674.45      1.96      1.91      1.78      1.84      1.89      1.99      1.99      2.01      2.02      2.46      2.39      2.06
  5675.45      1.98      1.93      1.80      1.86      1.91      2.02      2.01      2.03      2.04      2.48      2.43      2.08
  5676.45      2.00      1.95      1.82      1.88      1.93      2.03      2.03      2.04      2.05      2.49      2.46      2.10
  5677.45      1.99      1.94      1.81      1.87      1.92      2.03      2.02      2.03      2.04      2.48      2.46      2.10
  5678.45      1.96      1.92      1.79      1.84      1.90      2.00      1.99      2.02      2.02      2.44      2.43      2.08
  5679.45      1.94      1.90      1.77      1.82      1.87      1.98      1.97      1.99      2.00      2.39      2.41      2.05
  5680.45      1.92      1.89      1.76      1.81      1.86      1.96      1.95      1.98      1.98      2.37      2.40      2.04
  5681.45      1.90      1.86      1.74      1.78      1.84      1.93      1.93      1.95      1.95      2.34      2.38      2.03
  5682.45      1.86      1.83      1.71      1.75      1.81      1.90      1.90      1.91      1.91      2.29      2.35      1.99
  5683.45      1.85      1.83      1.70      1.74      1.80      1.89      1.89      1.90      1.91      2.28      2.35      1.98
  5684.45      1.86      1.83      1.70      1.75      1.81      1.90      1.90      1.91      1.92      2.28      2.37      2.00
  5685.45      1.83      1.80      1.67      1.72      1.78      1.86      1.87      1.87      1.88      2.23      2.33      1.96
  5686.45      1.79      1.77      1.64      1.68      1.75      1.83      1.84      1.84      1.85      2.17      2.30      1.92
  5687.45      1.79      1.77      1.64      1.69      1.74      1.83      1.84      1.84      1.85      2.16      2.31      1.92
  5688.45      1.82      1.80      1.66      1.71      1.76      1.86      1.87      1.87      1.88      2.19      2.34      1.95
  5689.45      1.79      1.78      1.64      1.69      1.74      1.83      1.85      1.85      1.85      2.16      2.32      1.94
  5690.45      1.75      1.74      1.60      1.64      1.70      1.78      1.80      1.80      1.80      2.09      2.27      1.90
  5691.45      1.76      1.75      1.61      1.65      1.71      1.79      1.81      1.81      1.81      2.10      2.29      1.91
  5692.45      1.75      1.74      1.60      1.64      1.70      1.78      1.80      1.80      1.80      2.08      2.28      1.89
  5693.45      1.74      1.73      1.59      1.63      1.69      1.78      1.79      1.80      1.79      2.06      2.28      1.89
  5694.45      1.76      1.76      1.62      1.66      1.72      1.80      1.82      1.82      1.82      2.09      2.32      1.93
  5695.45      1.79      1.79      1.64      1.68      1.74      1.83      1.85      1.85      1.84      2.12      2.36      1.97
  5696.45      1.78      1.78      1.64      1.68      1.74      1.83      1.85      1.84      1.84      2.11      2.37      1.96
  5697.45      1.74      1.74      1.60      1.64      1.70      1.79      1.80      1.80      1.80      2.06      2.32      1.91
  5698.45      1.72      1.72      1.58      1.62      1.68      1.77      1.78      1.78      1.78      2.03      2.30      1.89
  5699.45      1.75      1.75      1.61      1.64      1.71      1.79      1.81      1.80      1.79      2.06      2.35      1.92
  5700.45      1.76      1.75      1.61      1.64      1.71      1.79      1.81      1.81      1.80      2.06      2.36      1.93
  5701.45      1.74      1.74      1.60      1.63      1.69      1.77      1.80      1.80      1.79      2.04      2.34      1.92
  5702.45      1.74      1.74      1.60      1.63      1.69      1.77      1.80      1.80      1.78      2.03      2.35      1.92
  5703.45      1.73      1.74      1.60      1.62      1.69      1.76      1.80      1.79      1.78      2.02      2.35      1.91
  5704.45      1.72      1.73      1.59      1.62      1.68      1.76      1.79      1.78      1.77      2.00      2.34      1.91
  5705.45      1.72      1.73      1.58      1.61      1.68      1.76      1.79      1.77      1.77      1.99      2.34      1.91
  5706.45      1.73      1.73      1.59      1.62      1.68      1.76      1.80      1.78      1.76      1.99      2.35      1.91
  5707.45      1.73      1.74      1.60      1.62      1.69      1.77      1.81      1.79      1.77      1.99      2.37      1.92
  5708.45      1.72      1.74      1.59      1.62      1.69      1.76      1.80      1.78      1.77      1.98      2.36      1.92
  5709.45      1.73      1.74      1.59      1.62      1.69      1.76      1.80      1.78      1.77      1.98      2.37      1.92
  5710.45      1.74      1.76      1.61      1.63      1.70      1.78      1.82      1.80      1.79      2.00      2.40      1.93
  5711.45      1.73      1.76      1.60      1.62      1.69      1.77      1.81      1.79      1.78      1.98      2.40      1.92
  5712.45      1.72      1.74      1.59      1.61      1.67      1.76      1.80      1.78      1.76      1.96      2.38      1.91
  5713.45      1.71      1.73      1.58      1.60      1.66      1.74      1.79      1.77      1.75      1.94      2.37      1.90
  5714.45      1.69      1.70      1.56      1.58      1.64      1.71      1.77      1.74      1.73      1.91      2.34      1.88
  5715.45      1.68      1.70      1.55      1.57      1.64      1.71      1.77      1.73      1.73      1.90      2.34      1.88
  5716.45      1.69      1.71      1.56      1.58      1.65      1.72      1.78      1.74      1.74      1.91      2.36      1.89
  5717.45      1.68      1.71      1.56      1.58      1.63      1.72      1.77      1.74      1.73      1.90      2.36      1.88
  5718.45      1.66      1.69      1.54      1.56      1.61      1.70      1.76      1.71      1.71      1.87      2.34      1.85
  5719.45      1.66      1.68      1.53      1.55      1.61      1.69      1.75      1.71      1.71      1.87      2.34      1.85
  5720.45      1.66      1.68      1.53      1.55      1.61      1.68      1.75      1.71      1.71      1.87      2.35      1.85
  5721.45      1.66      1.69      1.54      1.55      1.61      1.69      1.76      1.71      1.71      1.86      2.36      1.85
  5722.45      1.65      1.68      1.54      1.54      1.60      1.68      1.75      1.70      1.70      1.85      2.35      1.84
  5723.45      1.63      1.67      1.52      1.53      1.58      1.66      1.74      1.68      1.69      1.83      2.34      1.83
  5724.45      1.63      1.67      1.52      1.53      1.58      1.67      1.74      1.68      1.69      1.83      2.35      1.83
  5725.45      1.64      1.68      1.53      1.54      1.59      1.68      1.74      1.69      1.69      1.83      2.36      1.84
  5726.45      1.63      1.67      1.53      1.53      1.59      1.67      1.74      1.68      1.69      1.82      2.37      1.84
  5727.45      1.63      1.67      1.53      1.53      1.59      1.67      1.74      1.68      1.69      1.82      2.38      1.84
  5728.45      1.63      1.67      1.53      1.53      1.59      1.66      1.74      1.69      1.68      1.81      2.39      1.83
  5729.45      1.64      1.68      1.53      1.54      1.60      1.67      1.75      1.69      1.69      1.82      2.40      1.84
  5730.45      1.64      1.68      1.54      1.55      1.60      1.67      1.75      1.69      1.69      1.83      2.41      1.84
  5731.45      1.63      1.68      1.53      1.54      1.60      1.66      1.74      1.69      1.68      1.82      2.40      1.84
  5732.45      1.64      1.68      1.53      1.54      1.60      1.68      1.75      1.70      1.69      1.81      2.42      1.84
  5733.45      1.65      1.69      1.55      1.56      1.61      1.69      1.76      1.71      1.71      1.82      2.44      1.86
  5734.45      1.64      1.68      1.54      1.54      1.59      1.68      1.75      1.69      1.69      1.81      2.44      1.85
  5735.45      1.62      1.67      1.52      1.52      1.57      1.66      1.74      1.68      1.67      1.79      2.42      1.83
  5736.45      1.61      1.65      1.50      1.51      1.56      1.64      1.72      1.66      1.65      1.78      2.40      1.81
  5737.45      1.60      1.66      1.51      1.51      1.56      1.63      1.72      1.66      1.65      1.78      2.40      1.81
  5738.45      1.62      1.67      1.52      1.52      1.57      1.64      1.74      1.67      1.67      1.79      2.42      1.83
  5739.45      1.62      1.67      1.52      1.52      1.57      1.64      1.74      1.68      1.67      1.78      2.42      1.83
  5740.45      1.61      1.66      1.51      1.51      1.56      1.64      1.72      1.66      1.66      1.76      2.40      1.82
  5741.45      1.61      1.67      1.52      1.52      1.56      1.64      1.73      1.66      1.66      1.77      2.41      1.83
  5742.45      1.61      1.67      1.52      1.52      1.57      1.64      1.73      1.66      1.66      1.77      2.42      1.84
  5743.45      1.56      1.61      1.47      1.48      1.52      1.58      1.68      1.61      1.61      1.71      2.35      1.78
  5744.45      1.54      1.59      1.45      1.45      1.49      1.56      1.66      1.59      1.58      1.67      2.31      1.74
  5745.45      1.56      1.62      1.48      1.47      1.52      1.59      1.68      1.62      1.61      1.70      2.35      1.77
  5746.45      1.56      1.61      1.48      1.46      1.52      1.59      1.68      1.61      1.61      1.70      2.35      1.77
  5747.45      1.55      1.60      1.47      1.47      1.51      1.58      1.67      1.60      1.61      1.69      2.34      1.76
  5748.45      1.56      1.61      1.47      1.47      1.51      1.59      1.68      1.61      1.61      1.70      2.34      1.77
  5749.45      1.56      1.61      1.48      1.48      1.52      1.58      1.68      1.62      1.61      1.71      2.35      1.79
  5750.45      1.55      1.61      1.47      1.47      1.51      1.57      1.67      1.61      1.60      1.69      2.33      1.78
  5751.45      1.54      1.60      1.45      1.46      1.50      1.55      1.66      1.59      1.59      1.68      2.30      1.76
  5752.45      1.54      1.60      1.45      1.45      1.50      1.55      1.66      1.58      1.58      1.67      2.30      1.76
  5753.45      1.54      1.60      1.45      1.45      1.50      1.56      1.65      1.58      1.58      1.67      2.29      1.76
  5754.45      1.53      1.60      1.46      1.45      1.49      1.56      1.65      1.58      1.58      1.66      2.28      1.76
  5755.45      1.52      1.59      1.45      1.43      1.48      1.54      1.64      1.57      1.58      1.65      2.26      1.75
  5756.45      1.51      1.57      1.43      1.42      1.47      1.52      1.62      1.56      1.56      1.63      2.23      1.73
  5757.45      1.49      1.56      1.42      1.40      1.45      1.51      1.60      1.54      1.54      1.62      2.19      1.71
  5758.45      1.51      1.57      1.43      1.42      1.46      1.52      1.62      1.55      1.56      1.63      2.20      1.73
  5759.45      1.61      1.68      1.52      1.52      1.56      1.62      1.72      1.66      1.66      1.73      2.33      1.84
  5760.45      1.71      1.78      1.61      1.62      1.66      1.72      1.83      1.77      1.76      1.84      2.47      1.96
  5761.45      1.72      1.79      1.62      1.63      1.66      1.72      1.84      1.77      1.77      1.84      2.47      1.98
  5762.45      1.73      1.81      1.64      1.64      1.68      1.74      1.86      1.78      1.79      1.86      2.47      2.00
  5763.45      1.74      1.82      1.65      1.65      1.68      1.75      1.87      1.79      1.81      1.87      2.48      2.02
  5764.45      1.74      1.82      1.64      1.64      1.68      1.75      1.86      1.78      1.80      1.86      2.46      2.01
  5765.45      1.71      1.79      1.62      1.63      1.65      1.72      1.83      1.76      1.77      1.83      2.41      1.99
  5766.45      1.70      1.78      1.61      1.61      1.64      1.70      1.81      1.75      1.75      1.81      2.37      1.98
  5767.45      1.70      1.78      1.60      1.61      1.64      1.70      1.81      1.75      1.75      1.81      2.36      1.98
  5768.45      1.69      1.77      1.59      1.59      1.63      1.68      1.80      1.73      1.73      1.79      2.33      1.97
  5769.45      1.67      1.75      1.58      1.57      1.62      1.66      1.78      1.72      1.72      1.77      2.30      1.96
  5770.45      1.67      1.75      1.58      1.57      1.61      1.66      1.78      1.72      1.72      1.77      2.28      1.95
  5771.45      1.71      1.78      1.62      1.61      1.64      1.70      1.82      1.75      1.75      1.81      2.32      2.00
  5772.45      1.74      1.82      1.64      1.64      1.67      1.73      1.85      1.78      1.78      1.84      2.35      2.05
  5773.45      1.75      1.84      1.66      1.66      1.69      1.74      1.87      1.80      1.80      1.86      2.35      2.08
  5774.45      1.77      1.86      1.68      1.68      1.71      1.76      1.89      1.82      1.82      1.87      2.36      2.10
  5775.45      1.78      1.88      1.69      1.69      1.72      1.77      1.89      1.83      1.84      1.89      2.37      2.12
  5776.45      1.79      1.89      1.70      1.70      1.73      1.79      1.90      1.85      1.85      1.90      2.38      2.14
  5777.45      1.78      1.87      1.70      1.70      1.72      1.77      1.90      1.84      1.83      1.89      2.35      2.14
  5778.45      1.77      1.85      1.68      1.68      1.70      1.75      1.89      1.83      1.82      1.87      2.32      2.12
  5779.45      1.77      1.86      1.68      1.68      1.71      1.75      1.88      1.82      1.82      1.87      2.31      2.13
  5780.45      1.78      1.88      1.70      1.70      1.73      1.76      1.90      1.84      1.83      1.88      2.32      2.15
  5781.45      1.80      1.90      1.72      1.71      1.75      1.77      1.92      1.86      1.86      1.90      2.33      2.17
  5782.45      1.81      1.91      1.73      1.72      1.75      1.79      1.93      1.88      1.87      1.91      2.34      2.20
  5783.45      1.83      1.93      1.75      1.74      1.76      1.82      1.95      1.89      1.88      1.92      2.35      2.23
  5784.45      1.85      1.95      1.77      1.75      1.78      1.83      1.97      1.90      1.89      1.94      2.36      2.26
  5785.45      1.86      1.96      1.77      1.76      1.79      1.84      1.97      1.91      1.91      1.95      2.36      2.28
  5786.45      1.87      1.97      1.78      1.77      1.80      1.86      1.98      1.92      1.92      1.96      2.37      2.30
  5787.45      1.88      1.98      1.79      1.77      1.81      1.87      1.99      1.94      1.93      1.97      2.37      2.32
  5788.45      1.87      1.97      1.79      1.76      1.80      1.86      1.99      1.92      1.92      1.96      2.35      2.31
  5789.45      1.86      1.95      1.78      1.75      1.78      1.84      1.97      1.91      1.90      1.94      2.32      2.30
  5790.45      1.84      1.93      1.76      1.74      1.76      1.82      1.95      1.89      1.88      1.91      2.29      2.29
  5791.45      1.82      1.91      1.73      1.72      1.74      1.80      1.92      1.87      1.86      1.89      2.25      2.27
  5792.45      1.82      1.91      1.74      1.72      1.75      1.80      1.93      1.88      1.86      1.90      2.25      2.29
  5793.45      1.85      1.94      1.77      1.73      1.77      1.82      1.95      1.90      1.89      1.92      2.26      2.32
  5794.45      1.86      1.94      1.77      1.74      1.78      1.83      1.95      1.90      1.90      1.92      2.27      2.33
  5795.45      1.88      1.97      1.80      1.78      1.81      1.85      1.98      1.93      1.93      1.95      2.30      2.38
  5796.45      1.93      2.01      1.84      1.81      1.85      1.89      2.03      1.99      1.97      1.99      2.34      2.44
  5797.45      1.93      2.00      1.84      1.80      1.84      1.89      2.02      1.98      1.96      1.98      2.32      2.45
  5798.45      1.84      1.92      1.76      1.72      1.76      1.80      1.93      1.89      1.88      1.89      2.21      2.34
  5799.45      1.87      1.95      1.79      1.76      1.79      1.84      1.96      1.93      1.91      1.93      2.24      2.38
  5800.45      1.66      1.74      1.59      1.56      1.59      1.63      1.74      1.71      1.70      1.72      1.99      2.11
  5801.45      1.33      1.39      1.26      1.26      1.27      1.29      1.38      1.38      1.37      1.37      1.57      1.70
  5802.45      1.25      1.31      1.18      1.19      1.20      1.22      1.31      1.30      1.29      1.29      1.47      1.60
  5803.45      1.24      1.31      1.18      1.18      1.19      1.23      1.31      1.30      1.29      1.29      1.47      1.60
  5804.45      1.26      1.31      1.19      1.18      1.19      1.23      1.32      1.31      1.30      1.30      1.47      1.61
  5805.45      1.28      1.33      1.21      1.22      1.21      1.25      1.34      1.33      1.32      1.33      1.50      1.65
  5806.45      1.30      1.35      1.24      1.24      1.24      1.28      1.37      1.35      1.34      1.35      1.52      1.69
  5807.45      1.31      1.36      1.26      1.25      1.26      1.30      1.39      1.36      1.36      1.37      1.53      1.71
  5808.45      1.33      1.37      1.27      1.27      1.27      1.31      1.40      1.37      1.37      1.38      1.55      1.74
  5809.45      1.35      1.39      1.29      1.28      1.28      1.32      1.41      1.39      1.37      1.39      1.56      1.76
  5810.45      1.36      1.40      1.30      1.28      1.29      1.32      1.41      1.41      1.38      1.40      1.57      1.78
  5811.45      1.38      1.42      1.31      1.30      1.31      1.34      1.43      1.43      1.41      1.42      1.58      1.81
  5812.45      1.40      1.43      1.33      1.32      1.33      1.36      1.45      1.45      1.43      1.44      1.60      1.83
  5813.45      1.41      1.45      1.35      1.34      1.34      1.38      1.47      1.47      1.46      1.45      1.62      1.86
  5814.45      1.44      1.48      1.37      1.36      1.37      1.41      1.49      1.50      1.48      1.48      1.64      1.90
  5815.45      1.46      1.50      1.39      1.37      1.38      1.43      1.51      1.52      1.49      1.51      1.65      1.93
  5816.45      1.49      1.52      1.42      1.40      1.41      1.46      1.54      1.55      1.51      1.53      1.68      1.97
  5817.45      1.51      1.54      1.45      1.43      1.43      1.48      1.57      1.58      1.55      1.55      1.71      2.00
  5818.45      1.53      1.56      1.47      1.44      1.44      1.50      1.58      1.59      1.56      1.56      1.72      2.03
  5819.45      1.53      1.56      1.47      1.44      1.44      1.50      1.58      1.59      1.56      1.57      1.73      2.04
  5820.45      1.55      1.58      1.48      1.45      1.46      1.52      1.59      1.61      1.58      1.59      1.74      2.06
  5821.45      1.57      1.60      1.50      1.47      1.48      1.54      1.61      1.63      1.60      1.61      1.75      2.10
  5822.45      1.58      1.61      1.51      1.48      1.49      1.54      1.63      1.64      1.60      1.62      1.76      2.12
  5823.45      1.60      1.62      1.52      1.50      1.51      1.55      1.64      1.65      1.62      1.64      1.78      2.14
  5824.45      1.61      1.64      1.54      1.52      1.52      1.57      1.65      1.67      1.64      1.65      1.78      2.16
  5825.45      1.63      1.66      1.56      1.54      1.55      1.59      1.68      1.70      1.66      1.68      1.80      2.20
  5826.45      1.67      1.69      1.60      1.56      1.57      1.63      1.71      1.74      1.70      1.72      1.84      2.25
  5827.45      1.69      1.71      1.62      1.58      1.59      1.65      1.73      1.76      1.72      1.74      1.86      2.28
  5828.45      1.71      1.74      1.64      1.60      1.61      1.68      1.76      1.79      1.75      1.75      1.88      2.32
  5829.45      1.74      1.77      1.67      1.63      1.64      1.71      1.79      1.82      1.77      1.79      1.92      2.37
  5830.45      1.77      1.79      1.69      1.66      1.67      1.73      1.82      1.85      1.79      1.81      1.93      2.41
  5831.45      1.79      1.81      1.71      1.68      1.69      1.74      1.84      1.86      1.81      1.83      1.95      2.44
  5832.45      1.81      1.83      1.72      1.70      1.70      1.76      1.85      1.87      1.83      1.84      1.96      2.47
  5833.45      1.82      1.84      1.74      1.70      1.69      1.77      1.86      1.88      1.84      1.85      1.98      2.49
  5834.45      1.85      1.87      1.77      1.73      1.72      1.81      1.90      1.92      1.87      1.89      2.02      2.55
  5835.45      1.86      1.88      1.79      1.74      1.74      1.82      1.91      1.94      1.89      1.91      2.03      2.57
  5836.45      1.86      1.88      1.79      1.73      1.74      1.81      1.90      1.94      1.88      1.90      2.02      2.57
  5837.45      1.89      1.90      1.82      1.75      1.76      1.83      1.92      1.96      1.90      1.91      2.04      2.60
  5838.45      1.92      1.93      1.84      1.78      1.79      1.86      1.95      1.99      1.92      1.93      2.06      2.65
  5839.45      1.94      1.95      1.86      1.80      1.81      1.88      1.97      2.02      1.95      1.96      2.07      2.69
  5840.45      1.94      1.94      1.86      1.81      1.82      1.88      1.98      2.03      1.95      1.97      2.08      2.69
  5841.45      1.94      1.95      1.87      1.82      1.82      1.89      1.99      2.04      1.96      1.98      2.09      2.72
  5842.45      1.96      1.97      1.89      1.84      1.83      1.91      2.00      2.06      1.98      2.00      2.11      2.75
  5843.45      1.99      2.00      1.91      1.85      1.84      1.93      2.03      2.08      2.00      2.02      2.13      2.79
  5844.45      2.03      2.03      1.95      1.88      1.88      1.95      2.06      2.12      2.03      2.05      2.16      2.84
  5845.45      2.03      2.03      1.95      1.88      1.88      1.96      2.06      2.12      2.03      2.05      2.15      2.86
  5846.45      2.03      2.03      1.95      1.89      1.88      1.96      2.06      2.11      2.03      2.05      2.15      2.87
  5847.45      2.05      2.05      1.98      1.91      1.91      1.99      2.09      2.14      2.06      2.07      2.18      2.91
  5848.45      2.04      2.03      1.97      1.90      1.89      1.98      2.07      2.13      2.05      2.06      2.16      2.89
  5849.45      2.04      2.02      1.96      1.89      1.88      1.96      2.06      2.12      2.04      2.05      2.15      2.88
  5850.45      2.04      2.03      1.95      1.89      1.88      1.96      2.06      2.12      2.05      2.05      2.15      2.88
  5851.45      2.07      2.06      1.98      1.92      1.91      1.99      2.08      2.15      2.08      2.08      2.18      2.92
  5852.45      2.10      2.10      2.02      1.95      1.94      2.01      2.11      2.18      2.11      2.11      2.20      2.96
  5853.45      2.02      2.01      1.94      1.87      1.86      1.93      2.03      2.10      2.03      2.03      2.12      2.86
  5854.45      1.90      1.88      1.82      1.75      1.74      1.81      1.90      1.98      1.91      1.91      1.99      2.69
  5855.45      2.06      2.04      1.97      1.91      1.89      1.97      2.07      2.14      2.06      2.07      2.15      2.90
  5856.45      2.19      2.17      2.10      2.02      2.01      2.09      2.20      2.28      2.18      2.20      2.29      3.08
  5857.45      2.19      2.17      2.11      2.02      2.01      2.09      2.19      2.28      2.18      2.19      2.29      3.08
  5858.45      2.21      2.19      2.12      2.04      2.03      2.11      2.20      2.30      2.20      2.21      2.30      3.10
  5859.45      2.22      2.20      2.13      2.05      2.04      2.12      2.21      2.31      2.21      2.21      2.30      3.10
  5860.45      2.19      2.17      2.11      2.03      2.01      2.10      2.19      2.29      2.18      2.19      2.27      3.07
  5861.45      2.18      2.15      2.09      2.02      2.00      2.08      2.17      2.27      2.16      2.17      2.25      3.04
  5862.45      2.19      2.16      2.10      2.02      2.00      2.07      2.17      2.26      2.16      2.18      2.26      3.04
  5863.45      2.21      2.17      2.12      2.04      2.02      2.07      2.19      2.28      2.18      2.20      2.28      3.06
  5864.45      2.20      2.17      2.11      2.02      2.02      2.06      2.18      2.28      2.17      2.19      2.27      3.04
  5865.45      2.12      2.08      2.02      1.94      1.93      1.98      2.09      2.18      2.08      2.09      2.17      2.93
  5866.45      1.82      1.79      1.74      1.66      1.65      1.69      1.78      1.87      1.77      1.79      1.85      2.52
  5867.45      1.62      1.58      1.54      1.47      1.46      1.50      1.57      1.65      1.57      1.58      1.64      2.23
  5868.45      1.61      1.58      1.53      1.46      1.45      1.49      1.56      1.64      1.57      1.58      1.63      2.22
  5869.45      1.59      1.56      1.51      1.45      1.44      1.48      1.54      1.63      1.55      1.56      1.61      2.19
  5870.45      1.79      1.76      1.70      1.63      1.62      1.67      1.74      1.84      1.75      1.76      1.81      2.44
  5871.45      2.02      1.98      1.93      1.85      1.83      1.89      1.97      2.07      1.98      1.99      2.05      2.73
  5872.45      2.17      2.12      2.07      2.00      1.97      2.03      2.13      2.23      2.12      2.14      2.20      2.91
  5873.45      2.13      2.08      2.03      1.95      1.92      1.98      2.08      2.18      2.07      2.09      2.15      2.83
  5874.45      2.06      2.01      1.96      1.88      1.86      1.91      2.02      2.10      2.00      2.02      2.08      2.73
  5875.45      2.14      2.08      2.04      1.95      1.94      1.99      2.09      2.19      2.08      2.10      2.16      2.82
  5876.45      2.17      2.10      2.06      1.97      1.96      2.01      2.10      2.20      2.11      2.12      2.17      2.83
  5877.45      2.21      2.15      2.11      2.02      2.00      2.07      2.15      2.26      2.16      2.18      2.22      2.88
  5878.45      2.29      2.23      2.18      2.10      2.08      2.15      2.23      2.35      2.24      2.26      2.31      2.97
  5879.45      2.32      2.25      2.21      2.12      2.11      2.17      2.26      2.38      2.26      2.29      2.34      2.98
  5880.45      2.33      2.25      2.21      2.13      2.11      2.17      2.26      2.38      2.26      2.28      2.34      2.97
  5881.45      2.34      2.26      2.23      2.15      2.12      2.18      2.27      2.40      2.27      2.29      2.35      2.98
  5882.45      2.36      2.28      2.25      2.16      2.13      2.19      2.28      2.41      2.28      2.31      2.35      2.98
  5883.45      2.35      2.28      2.25      2.16      2.13      2.19      2.28      2.40      2.29      2.30      2.35      2.96
  5884.45      2.36      2.28      2.25      2.16      2.14      2.20      2.28      2.41      2.30      2.30      2.36      2.96
  5885.45      2.35      2.28      2.25      2.16      2.15      2.20      2.28      2.41      2.31      2.31      2.36      2.95
  5886.45      2.34      2.27      2.24      2.15      2.14      2.19      2.27      2.40      2.29      2.30      2.34      2.92
  5887.45      2.29      2.21      2.18      2.09      2.09      2.14      2.22      2.34      2.23      2.25      2.28      2.83
  5888.45      1.95      1.87      1.85      1.76      1.76      1.80      1.86      1.97      1.87      1.90      1.92      2.39
  5889.45      1.34      1.28      1.27      1.20      1.20      1.22      1.26      1.34      1.28      1.29      1.31      1.64
  5890.45      0.78      0.75      0.74      0.70      0.69      0.71      0.74      0.78      0.75      0.75      0.76      0.96
  5891.45      0.47      0.45      0.44      0.41      0.41      0.42      0.44      0.47      0.45      0.45      0.45      0.57
  5892.45      0.74      0.71      0.70      0.66      0.66      0.67      0.70      0.74      0.71      0.71      0.71      0.90
  5893.45      1.79      1.73      1.72      1.63      1.63      1.65      1.72      1.83      1.74      1.74      1.76      2.17
  5894.45      2.28      2.19      2.19      2.08      2.07      2.11      2.18      2.32      2.21      2.22      2.25      2.73
  5895.45      1.92      1.85      1.85      1.75      1.74      1.78      1.83      1.95      1.86      1.87      1.89      2.29
  5896.45      1.12      1.08      1.08      1.01      1.00      1.03      1.06      1.13      1.07      1.08      1.09      1.34
  5897.45      0.70      0.67      0.67      0.63      0.62      0.64      0.66      0.70      0.66      0.67      0.67      0.83
  5898.45      1.02      0.99      0.98      0.92      0.92      0.94      0.98      1.04      0.98      0.98      0.99      1.21
  5899.45      2.03      1.97      1.96      1.86      1.85      1.89      1.95      2.07      1.97      1.97      1.99      2.38
  5900.45      2.43      2.36      2.36      2.24      2.23      2.27      2.34      2.48      2.38      2.38      2.40      2.85
  5901.45      2.48      2.41      2.41      2.29      2.28      2.32      2.40      2.53      2.43      2.44      2.46      2.91
  5902.45      2.49      2.42      2.42      2.31      2.29      2.34      2.41      2.54      2.44      2.45      2.48      2.91
  5903.45      2.49      2.41      2.42      2.30      2.29      2.33      2.40      2.54      2.44      2.44      2.47      2.89
  5904.45      2.39      2.32      2.32      2.20      2.19      2.24      2.30      2.44      2.35      2.35      2.37      2.77
  5905.45      2.37      2.31      2.31      2.19      2.18      2.22      2.28      2.43      2.33      2.33      2.35      2.74
  5906.45      2.44      2.39      2.38      2.27      2.24      2.29      2.35      2.50      2.41      2.41      2.42      2.81
  5907.45      2.29      2.24      2.23      2.13      2.10      2.14      2.20      2.33      2.26      2.26      2.27      2.63
  5908.45      2.15      2.10      2.10      2.00      1.97      2.01      2.07      2.19      2.12      2.11      2.12      2.46
  5909.45      2.35      2.29      2.29      2.18      2.15      2.19      2.27      2.40      2.31      2.29      2.32      2.67
  5910.45      2.33      2.27      2.28      2.17      2.14      2.18      2.26      2.38      2.29      2.28      2.30      2.64
  5911.45      2.23      2.18      2.18      2.08      2.06      2.09      2.16      2.29      2.19      2.19      2.20      2.53
  5912.45      2.42      2.37      2.38      2.27      2.24      2.27      2.35      2.49      2.38      2.39      2.39      2.74
  5913.45      2.50      2.45      2.47      2.35      2.32      2.35      2.43      2.58      2.47      2.47      2.47      2.83
  5914.45      2.47      2.41      2.43      2.31      2.29      2.31      2.40      2.53      2.44      2.43      2.43      2.78
  5915.45      2.23      2.18      2.20      2.09      2.06      2.09      2.16      2.29      2.20      2.20      2.19      2.51
  5916.45      1.66      1.62      1.63      1.55      1.52      1.55      1.60      1.70      1.63      1.63      1.63      1.86
  5917.45      1.64      1.61      1.62      1.53      1.50      1.53      1.58      1.68      1.62      1.61      1.61      1.84
  5918.45      2.14      2.10      2.11      2.01      1.97      2.01      2.07      2.20      2.12      2.11      2.12      2.38
  5919.45      2.37      2.33      2.34      2.25      2.19      2.25      2.30      2.45      2.36      2.36      2.36      2.64
  5920.45      2.42      2.37      2.38      2.29      2.24      2.30      2.34      2.49      2.41      2.40      2.40      2.68
  5921.45      2.40      2.36      2.37      2.27      2.22      2.28      2.33      2.47      2.40      2.38      2.38      2.66
  5922.45      2.38      2.34      2.36      2.26      2.21      2.25      2.31      2.46      2.39      2.36      2.36      2.64
  5923.45      2.37      2.33      2.34      2.24      2.19      2.24      2.30      2.44      2.37      2.34      2.34      2.61
  5924.45      2.32      2.28      2.28      2.19      2.14      2.18      2.25      2.38      2.32      2.29      2.28      2.55
  5925.45      2.11      2.08      2.08      1.99      1.95      1.98      2.04      2.16      2.11      2.09      2.07      2.32
  5926.45      1.94      1.91      1.91      1.82      1.79      1.82      1.87      1.98      1.95      1.92      1.90      2.13
  5927.45      2.18      2.15      2.15      2.06      2.01      2.05      2.11      2.23      2.19      2.16      2.15      2.39
  5928.45      2.38      2.35      2.35      2.25      2.20      2.24      2.31      2.43      2.39      2.35      2.33      2.59
  5929.45      2.39      2.36      2.37      2.27      2.22      2.26      2.33      2.45      2.40      2.36      2.35      2.60
  5930.45      2.39      2.35      2.37      2.26      2.21      2.25      2.33      2.45      2.40      2.35      2.35      2.59
  5931.45      2.39      2.36      2.37      2.27      2.21      2.26      2.33      2.46      2.41      2.36      2.35      2.59
  5932.45      2.29      2.25      2.26      2.17      2.11      2.16      2.23      2.35      2.30      2.26      2.25      2.48
  5933.45      1.83      1.80      1.80      1.74      1.67      1.72      1.77      1.87      1.83      1.80      1.79      1.98
  5934.45      1.43      1.40      1.40      1.35      1.29      1.33      1.37      1.45      1.42      1.39      1.38      1.53
  5935.45      1.72      1.69      1.68      1.62      1.56      1.60      1.65      1.74      1.71      1.67      1.67      1.83
  5936.45      2.18      2.16      2.14      2.07      2.01      2.05      2.11      2.23      2.20      2.14      2.14      2.33
  5937.45      2.35      2.32      2.31      2.24      2.18      2.21      2.28      2.40      2.37      2.31      2.31      2.50
  5938.45      2.40      2.37      2.36      2.29      2.22      2.26      2.32      2.45      2.41      2.36      2.36      2.55
  5939.45      2.42      2.39      2.37      2.31      2.23      2.28      2.35      2.47      2.44      2.37      2.38      2.57
  5940.45      2.42      2.39      2.37      2.31      2.23      2.27      2.35      2.46      2.44      2.37      2.38      2.58
  5941.45      2.41      2.39      2.36      2.30      2.23      2.27      2.34      2.45      2.43      2.37      2.36      2.57
  5942.45      2.42      2.39      2.37      2.32      2.23      2.28      2.35      2.47      2.44      2.38      2.37      2.56
  5943.45      2.45      2.42      2.40      2.35      2.26      2.31      2.38      2.50      2.48      2.42      2.41      2.58
  5944.45      2.45      2.42      2.40      2.35      2.28      2.32      2.38      2.51      2.49      2.42      2.42      2.59
  5945.45      2.41      2.39      2.37      2.32      2.24      2.29      2.34      2.47      2.44      2.38      2.37      2.54
  5946.45      2.24      2.22      2.19      2.15      2.07      2.12      2.17      2.28      2.26      2.21      2.19      2.36
  5947.45      1.99      1.98      1.94      1.91      1.83      1.88      1.92      2.02      2.01      1.96      1.95      2.09
  5948.45      2.13      2.12      2.08      2.05      1.98      2.02      2.07      2.18      2.16      2.11      2.10      2.24
  5949.45      2.39      2.37      2.32      2.30      2.21      2.25      2.32      2.44      2.42      2.35      2.34      2.50
  5950.45      2.49      2.47      2.42      2.40      2.30      2.34      2.41      2.54      2.52      2.45      2.44      2.60
  5951.45      2.49      2.47      2.42      2.40      2.30      2.34      2.41      2.53      2.52      2.46      2.45      2.60
  5952.45      2.45      2.43      2.38      2.35      2.26      2.30      2.37      2.49      2.49      2.41      2.40      2.55
  5953.45      2.27      2.26      2.21      2.18      2.10      2.13      2.20      2.31      2.30      2.23      2.22      2.35
  5954.45      1.74      1.73      1.69      1.67      1.60      1.62      1.68      1.76      1.76      1.70      1.70      1.79
  5955.45      1.64      1.62      1.58      1.57      1.49      1.52      1.57      1.65      1.65      1.59      1.59      1.68
  5956.45      2.13      2.11      2.07      2.06      1.96      1.99      2.06      2.16      2.16      2.09      2.09      2.21
  5957.45      2.44      2.42      2.36      2.36      2.26      2.28      2.37      2.48      2.48      2.40      2.40      2.53
  5958.45      2.52      2.50      2.43      2.44      2.34      2.36      2.44      2.56      2.57      2.48      2.47      2.61
  5959.45      2.50      2.49      2.41      2.42      2.31      2.35      2.42      2.53      2.56      2.46      2.44      2.58
  5960.45      2.47      2.46      2.39      2.39      2.28      2.33      2.40      2.50      2.53      2.43      2.41      2.55
  5961.45      2.50      2.49      2.41      2.42      2.31      2.34      2.42      2.53      2.56      2.46      2.45      2.58
  5962.45      2.53      2.52      2.44      2.44      2.34      2.36      2.45      2.57      2.59      2.48      2.49      2.62
  5963.45      2.55      2.54      2.46      2.46      2.36      2.38      2.47      2.59      2.61      2.50      2.51      2.63
  5964.45      2.53      2.52      2.45      2.46      2.35      2.38      2.46      2.57      2.61      2.50      2.50      2.61
  5965.45      2.52      2.51      2.43      2.45      2.34      2.37      2.44      2.55      2.59      2.48      2.48      2.59
  5966.45      2.52      2.50      2.41      2.44      2.33      2.35      2.43      2.54      2.58      2.47      2.47      2.57
  5967.45      2.51      2.49      2.40      2.43      2.31      2.34      2.42      2.53      2.56      2.46      2.46      2.56
  5968.45      2.32      2.30      2.23      2.24      2.14      2.16      2.23      2.34      2.38      2.27      2.26      2.36
  5969.45      2.16      2.15      2.08      2.09      2.00      2.01      2.07      2.18      2.22      2.12      2.11      2.21
  5970.45      2.28      2.27      2.20      2.21      2.12      2.12      2.18      2.29      2.34      2.24      2.24      2.32
  5971.45      2.17      2.16      2.09      2.11      2.00      2.01      2.07      2.18      2.24      2.13      2.13      2.21
  5972.45      2.18      2.17      2.10      2.12      2.01      2.02      2.09      2.19      2.25      2.14      2.13      2.22
  5973.45      2.41      2.40      2.31      2.34      2.23      2.24      2.31      2.43      2.48      2.36      2.36      2.46
  5974.45      2.50      2.49      2.39      2.43      2.31      2.33      2.40      2.52      2.57      2.45      2.44      2.54
  5975.45      2.49      2.48      2.39      2.43      2.31      2.33      2.39      2.51      2.56      2.45      2.44      2.54
  5976.45      2.44      2.44      2.34      2.38      2.27      2.28      2.34      2.45      2.52      2.40      2.40      2.48
  5977.45      2.25      2.24      2.15      2.19      2.08      2.08      2.14      2.25      2.31      2.19      2.20      2.27
  5978.45      1.90      1.88      1.81      1.84      1.74      1.75      1.80      1.89      1.94      1.84      1.84      1.91
  5979.45      2.03      2.00      1.92      1.96      1.85      1.86      1.91      2.01      2.07      1.96      1.96      2.03
  5980.45      2.36      2.35      2.25      2.29      2.17      2.18      2.25      2.36      2.42      2.29      2.29      2.38
  5981.45      2.44      2.43      2.33      2.37      2.25      2.26      2.33      2.44      2.50      2.37      2.37      2.46
  5982.45      2.45      2.43      2.33      2.38      2.26      2.27      2.32      2.44      2.49      2.38      2.38      2.46
  5983.45      2.46      2.45      2.35      2.38      2.27      2.28      2.34      2.45      2.52      2.40      2.40      2.47
  5984.45      2.49      2.49      2.38      2.41      2.30      2.31      2.37      2.49      2.56      2.43      2.43      2.50
  5985.45      2.52      2.52      2.42      2.44      2.33      2.33      2.41      2.53      2.59      2.46      2.47      2.53
  5986.45      2.54      2.53      2.43      2.46      2.34      2.35      2.42      2.54      2.60      2.47      2.48      2.55
  5987.45      2.52      2.52      2.40      2.45      2.33      2.33      2.40      2.51      2.59      2.45      2.46      2.53
  5988.45      2.54      2.53      2.41      2.47      2.34      2.34      2.41      2.52      2.60      2.46      2.47      2.54
  5989.45      2.54      2.53      2.41      2.47      2.35      2.34      2.41      2.52      2.60      2.47      2.48      2.54
  5990.45      2.53      2.52      2.40      2.47      2.34      2.34      2.40      2.52      2.60      2.46      2.47      2.52
  5991.45      2.53      2.53      2.40      2.47      2.34      2.34      2.40      2.52      2.60      2.46      2.47      2.53
  5992.45      2.55      2.55      2.43      2.49      2.37      2.36      2.42      2.54      2.63      2.49      2.49      2.55
  5993.45      2.57      2.58      2.45      2.51      2.39      2.37      2.44      2.56      2.64      2.51      2.50      2.56
  5994.45      2.57      2.57      2.43      2.50      2.37      2.36      2.43      2.55      2.64      2.50      2.49      2.55
  5995.45      2.57      2.57      2.43      2.51      2.38      2.36      2.43      2.55      2.64      2.50      2.49      2.54
  5996.45      2.57      2.58      2.43      2.51      2.38      2.37      2.43      2.54      2.64      2.50      2.49      2.54
  5997.45      2.56      2.57      2.42      2.50      2.38      2.36      2.42      2.53      2.63      2.48      2.48      2.52
  5998.45      2.48      2.49      2.34      2.42      2.30      2.28      2.34      2.45      2.54      2.41      2.41      2.44
  5999.45      2.38      2.40      2.25      2.32      2.21      2.19      2.24      2.35      2.44      2.32      2.31      2.34
  6000.45      2.49      2.50      2.35      2.43      2.31      2.30      2.35      2.45      2.55      2.42      2.41      2.45
  6001.45      2.60      2.62      2.46      2.55      2.42      2.41      2.47      2.56      2.66      2.53      2.52      2.56
  6002.45      2.63      2.65      2.49      2.58      2.45      2.44      2.50      2.59      2.68      2.56      2.55      2.59
  6003.45      2.61      2.63      2.47      2.56      2.43      2.42      2.48      2.58      2.66      2.54      2.54      2.58
  6004.45      2.48      2.50      2.34      2.42      2.30      2.29      2.35      2.45      2.53      2.40      2.40      2.44
  6005.45      2.26      2.28      2.13      2.20      2.09      2.08      2.14      2.22      2.31      2.19      2.18      2.22
  6006.45      2.41      2.44      2.28      2.35      2.23      2.23      2.28      2.38      2.47      2.34      2.34      2.37
  6007.45      2.63      2.67      2.49      2.57      2.45      2.44      2.49      2.60      2.70      2.57      2.57      2.59
  6008.45      2.68      2.72      2.53      2.63      2.51      2.49      2.55      2.65      2.75      2.62      2.61      2.64
  6009.45      2.72      2.75      2.57      2.66      2.54      2.52      2.58      2.68      2.79      2.65      2.64      2.67
  6010.45      2.71      2.74      2.56      2.66      2.52      2.52      2.57      2.66      2.78      2.64      2.63      2.65
  6011.45      2.69      2.73      2.55      2.64      2.51      2.50      2.55      2.64      2.75      2.62      2.61      2.62
  6012.45      2.68      2.73      2.54      2.64      2.50      2.50      2.55      2.63      2.75      2.61      2.60      2.63
  6013.45      2.70      2.76      2.55      2.66      2.53      2.52      2.57      2.64      2.77      2.64      2.62      2.66
  6014.45      2.73      2.79      2.58      2.69      2.55      2.55      2.59      2.68      2.79      2.67      2.66      2.69
  6015.45      2.75      2.79      2.60      2.70      2.57      2.56      2.61      2.70      2.81      2.68      2.68      2.69
  6016.45      2.74      2.78      2.59      2.69      2.56      2.55      2.61      2.68      2.80      2.67      2.67      2.67
  6017.45      2.73      2.79      2.59      2.69      2.56      2.55      2.60      2.68      2.80      2.68      2.67      2.67
  6018.45      2.76      2.82      2.62      2.72      2.59      2.57      2.62      2.71      2.83      2.70      2.69      2.69
  6019.45      2.76      2.82      2.61      2.72      2.59      2.57      2.62      2.70      2.83      2.70      2.69      2.70
  6020.45      2.78      2.83      2.62      2.72      2.60      2.58      2.63      2.71      2.83      2.71      2.71      2.71
  6021.45      2.83      2.88      2.66      2.77      2.64      2.62      2.67      2.76      2.88      2.75      2.76      2.74
  6022.45      2.86      2.91      2.69      2.81      2.67      2.66      2.70      2.79      2.91      2.79      2.79      2.77
  6023.45      2.87      2.92      2.70      2.82      2.69      2.67      2.71      2.79      2.92      2.80      2.79      2.78
  6024.45      2.84      2.89      2.68      2.79      2.66      2.65      2.68      2.77      2.89      2.78      2.76      2.76
  6025.45      2.83      2.88      2.67      2.79      2.66      2.65      2.68      2.77      2.89      2.76      2.76      2.75
  6026.45      2.80      2.86      2.64      2.77      2.63      2.62      2.64      2.73      2.85      2.72      2.72      2.71
  6027.45      2.56      2.63      2.42      2.53      2.41      2.39      2.42      2.51      2.61      2.49      2.49      2.48
  6028.45      2.37      2.43      2.23      2.34      2.23      2.21      2.24      2.32      2.41      2.30      2.30      2.29
  6029.45      2.54      2.58      2.38      2.50      2.38      2.37      2.40      2.47      2.58      2.46      2.47      2.44
  6030.45      2.67      2.72      2.50      2.63      2.50      2.49      2.52      2.59      2.71      2.59      2.60      2.57
  6031.45      2.76      2.81      2.59      2.73      2.58      2.57      2.62      2.68      2.81      2.69      2.69      2.66
  6032.45      2.79      2.85      2.62      2.77      2.62      2.60      2.66      2.72      2.84      2.73      2.72      2.70
  6033.45      2.78      2.85      2.61      2.76      2.61      2.59      2.64      2.71      2.83      2.72      2.71      2.69
  6034.45      2.67      2.74      2.52      2.66      2.51      2.50      2.53      2.61      2.72      2.62      2.59      2.58
  6035.45      2.50      2.57      2.37      2.49      2.35      2.33      2.37      2.45      2.54      2.45      2.42      2.41
  6036.45      2.56      2.62      2.43      2.56      2.42      2.39      2.44      2.50      2.61      2.51      2.49      2.47
  6037.45      2.71      2.76      2.56      2.70      2.56      2.53      2.58      2.64      2.76      2.64      2.62      2.61
  6038.45      2.76      2.81      2.61      2.76      2.61      2.59      2.62      2.69      2.81      2.70      2.69      2.66
  6039.45      2.76      2.81      2.60      2.76      2.61      2.58      2.61      2.69      2.81      2.70      2.69      2.66
  6040.45      2.75      2.81      2.60      2.76      2.61      2.57      2.61      2.68      2.81      2.70      2.68      2.66
  6041.45      2.74      2.81      2.60      2.75      2.60      2.57      2.61      2.68      2.81      2.70      2.66      2.65
  6042.45      2.75      2.81      2.60      2.75      2.60      2.57      2.61      2.68      2.80      2.70      2.67      2.65
  6043.45      2.76      2.81      2.61      2.77      2.61      2.59      2.62      2.69      2.81      2.72      2.69      2.66
  6044.45      2.77      2.82      2.61      2.78      2.62      2.59      2.62      2.70      2.82      2.73      2.70      2.66
  6045.45      2.78      2.84      2.63      2.79      2.64      2.61      2.64      2.71      2.84      2.74      2.71      2.68
  6046.45      2.81      2.86      2.66      2.82      2.68      2.64      2.67      2.75      2.86      2.77      2.73      2.71
  6047.45      2.80      2.85      2.65      2.80      2.67      2.63      2.66      2.74      2.84      2.76      2.73      2.69
  6048.45      2.76      2.81      2.61      2.77      2.63      2.58      2.62      2.70      2.79      2.73      2.69      2.66
  6049.45      2.77      2.81      2.61      2.78      2.64      2.58      2.63      2.70      2.80      2.72      2.69      2.66
  6050.45      2.80      2.84      2.64      2.81      2.67      2.61      2.66      2.73      2.84      2.75      2.72      2.68
  6051.45      2.82      2.85      2.66      2.83      2.69      2.63      2.67      2.74      2.86      2.77      2.74      2.70
  6052.45      2.81      2.84      2.65      2.82      2.68      2.62      2.67      2.72      2.85      2.76      2.72      2.70
  6053.45      2.80      2.83      2.64      2.81      2.67      2.61      2.65      2.71      2.83      2.74      2.70      2.68
  6054.45      2.81      2.84      2.65      2.83      2.69      2.62      2.66      2.72      2.84      2.77      2.72      2.69
  6055.45      2.82      2.84      2.65      2.82      2.69      2.62      2.66      2.73      2.84      2.78      2.73      2.69
  6056.45      2.80      2.82      2.64      2.81      2.67      2.61      2.64      2.72      2.82      2.77      2.71      2.69
  6057.45      2.83      2.85      2.66      2.83      2.69      2.64      2.67      2.75      2.84      2.79      2.73      2.70
  6058.45      2.85      2.87      2.69      2.86      2.72      2.67      2.69      2.77      2.87      2.82      2.76      2.73
  6059.45      2.85      2.88      2.69      2.86      2.73      2.67      2.69      2.77      2.88      2.83      2.76      2.73
  6060.45      2.84      2.86      2.68      2.85      2.72      2.66      2.68      2.76      2.87      2.82      2.75      2.73
  6061.45      2.86      2.88      2.70      2.87      2.73      2.67      2.70      2.78      2.88      2.83      2.77      2.74
  6062.45      2.84      2.86      2.69      2.85      2.72      2.66      2.68      2.77      2.86      2.82      2.75      2.73
  6063.45      2.78      2.80      2.63      2.78      2.66      2.60      2.62      2.70      2.80      2.75      2.69      2.66
  6064.45      2.79      2.80      2.64      2.78      2.66      2.59      2.62      2.70      2.80      2.74      2.69      2.65
  6065.45      2.85      2.87      2.70      2.85      2.73      2.65      2.69      2.77      2.87      2.80      2.76      2.72
  6066.45      2.90      2.92      2.75      2.90      2.78      2.70      2.73      2.83      2.92      2.87      2.81      2.77
  6067.45      2.87      2.89      2.72      2.87      2.76      2.67      2.70      2.80      2.89      2.85      2.78      2.74
  6068.45      2.75      2.77      2.61      2.76      2.65      2.56      2.59      2.69      2.77      2.74      2.66      2.63
  6069.45      2.72      2.74      2.57      2.73      2.61      2.53      2.56      2.65      2.73      2.71      2.63      2.60
  6070.45      2.81      2.83      2.66      2.81      2.69      2.60      2.63      2.73      2.82      2.79      2.71      2.68
  6071.45      2.87      2.89      2.71      2.86      2.75      2.66      2.69      2.78      2.88      2.85      2.76      2.74
  6072.45      2.89      2.91      2.73      2.88      2.78      2.69      2.72      2.81      2.90      2.88      2.78      2.76
  6073.45      2.92      2.94      2.77      2.91      2.82      2.72      2.74      2.84      2.94      2.92      2.82      2.80
  6074.45      2.93      2.95      2.78      2.91      2.83      2.73      2.76      2.85      2.95      2.94      2.84      2.81
  6075.45      2.94      2.96      2.80      2.92      2.84      2.75      2.78      2.87      2.97      2.95      2.86      2.83
  6076.45      2.97      2.98      2.82      2.95      2.86      2.76      2.80      2.90      2.99      2.97      2.87      2.84
  6077.45      2.97      2.98      2.82      2.95      2.87      2.77      2.79      2.89      2.99      2.97      2.87      2.84
  6078.45      2.93      2.94      2.78      2.91      2.83      2.73      2.75      2.85      2.95      2.94      2.84      2.81
  6079.45      2.93      2.94      2.77      2.90      2.82      2.72      2.75      2.83      2.94      2.93      2.83      2.81
  6080.45      2.96      2.97      2.80      2.93      2.86      2.75      2.78      2.87      2.97      2.96      2.86      2.83
  6081.45      2.91      2.93      2.76      2.88      2.82      2.70      2.73      2.83      2.92      2.92      2.82      2.79
  6082.45      2.90      2.93      2.76      2.87      2.82      2.70      2.72      2.83      2.92      2.92      2.82      2.79
  6083.45      2.94      2.96      2.79      2.90      2.86      2.73      2.75      2.86      2.94      2.96      2.85      2.82
  6084.45      2.94      2.96      2.80      2.91      2.86      2.74      2.76      2.86      2.94      2.96      2.85      2.83
  6085.45      2.95      2.96      2.80      2.90      2.87      2.74      2.76      2.86      2.95      2.96      2.86      2.83
  6086.45      2.98      2.99      2.83      2.93      2.89      2.77      2.78      2.90      2.98      2.99      2.89      2.85
  6087.45      2.83      2.83      2.68      2.76      2.73      2.62      2.63      2.74      2.82      2.84      2.74      2.69
  6088.45      2.51      2.51      2.37      2.45      2.42      2.32      2.33      2.43      2.50      2.52      2.42      2.39
  6089.45      2.67      2.68      2.53      2.61      2.58      2.48      2.49      2.59      2.66      2.68      2.58      2.55
  6090.45      2.92      2.94      2.78      2.87      2.84      2.73      2.74      2.85      2.92      2.96      2.83      2.80
  6091.45      2.94      2.96      2.80      2.88      2.86      2.74      2.75      2.86      2.94      2.97      2.85      2.82
  6092.45      2.94      2.96      2.80      2.89      2.87      2.75      2.75      2.86      2.95      2.97      2.84      2.82
  6093.45      2.97      2.98      2.83      2.92      2.89      2.77      2.76      2.87      2.96      2.99      2.85      2.84
  6094.45      2.97      2.99      2.83      2.92      2.89      2.77      2.75      2.88      2.96      2.99      2.86      2.85
  6095.45      2.93      2.95      2.80      2.88      2.85      2.74      2.73      2.84      2.94      2.96      2.83      2.82
  6096.45      2.87      2.90      2.74      2.82      2.79      2.68      2.68      2.78      2.88      2.91      2.77      2.76
  6097.45      2.84      2.86      2.71      2.79      2.76      2.65      2.65      2.75      2.84      2.87      2.74      2.72
  6098.45      2.86      2.89      2.74      2.82      2.80      2.68      2.68      2.78      2.86      2.90      2.77      2.76
  6099.45      2.89      2.92      2.76      2.85      2.84      2.70      2.70      2.82      2.90      2.93      2.80      2.78
  6100.45      2.85      2.88      2.72      2.81      2.80      2.66      2.67      2.77      2.86      2.89      2.76      2.74
  6101.45      2.82      2.85      2.70      2.78      2.77      2.64      2.64      2.73      2.82      2.86      2.73      2.71
  6102.45      2.90      2.92      2.77      2.85      2.83      2.71      2.71      2.79      2.89      2.93      2.80      2.78
  6103.45      2.96      2.99      2.83      2.92      2.90      2.77      2.77      2.86      2.96      3.00      2.85      2.84
  6104.45      2.96      2.99      2.84      2.91      2.91      2.77      2.77      2.86      2.95      3.00      2.86      2.86
  6105.45      2.87      2.89      2.75      2.82      2.83      2.69      2.68      2.77      2.86      2.91      2.77      2.77
  6106.45      2.82      2.85      2.71      2.77      2.79      2.66      2.64      2.73      2.83      2.88      2.73      2.72
  6107.45      2.84      2.88      2.73      2.79      2.82      2.68      2.66      2.74      2.84      2.90      2.75      2.74
  6108.45      2.84      2.88      2.73      2.79      2.81      2.67      2.66      2.74      2.84      2.89      2.74      2.74
  6109.45      2.85      2.89      2.75      2.81      2.82      2.68      2.67      2.76      2.85      2.90      2.76      2.75
  6110.45      2.87      2.90      2.76      2.81      2.84      2.69      2.68      2.77      2.86      2.91      2.77      2.76
  6111.45      2.87      2.90      2.76      2.81      2.83      2.69      2.68      2.76      2.86      2.91      2.77      2.75
  6112.45      2.85      2.89      2.74      2.79      2.81      2.68      2.67      2.75      2.85      2.90      2.76      2.74
  6113.45      2.82      2.86      2.71      2.76      2.78      2.66      2.64      2.71      2.81      2.88      2.74      2.72
  6114.45      2.83      2.87      2.72      2.77      2.79      2.67      2.65      2.71      2.81      2.89      2.74      2.73
  6115.45      2.86      2.91      2.76      2.81      2.84      2.70      2.68      2.75      2.85      2.93      2.78      2.77
  6116.45      2.87      2.92      2.77      2.82      2.85      2.71      2.70      2.77      2.86      2.93      2.78      2.77
  6117.45      2.90      2.96      2.81      2.85      2.88      2.74      2.73      2.80      2.89      2.97      2.81      2.80
  6118.45      2.94      3.00      2.85      2.88      2.92      2.78      2.77      2.84      2.91      3.01      2.86      2.84
  6119.45      2.94      3.00      2.85      2.89      2.92      2.78      2.77      2.85      2.92      3.01      2.86      2.85
  6120.45      2.93      2.98      2.83      2.88      2.90      2.77      2.75      2.83      2.91      2.98      2.84      2.82
  6121.45      2.91      2.97      2.82      2.87      2.90      2.76      2.75      2.82      2.90      2.98      2.83      2.81
  6122.45      2.94      2.99      2.85      2.90      2.93      2.79      2.78      2.85      2.93      3.01      2.86      2.84
  6123.45      3.01      3.06      2.93      2.97      3.00      2.86      2.84      2.93      3.00      3.08      2.94      2.92
  6124.45      3.03      3.08      2.95      2.99      3.02      2.88      2.86      2.95      3.02      3.10      2.96      2.94
  6125.45      2.99      3.05      2.92      2.96      2.99      2.85      2.83      2.90      2.98      3.06      2.92      2.90
  6126.45      2.98      3.05      2.91      2.94      2.98      2.85      2.82      2.89      2.97      3.05      2.91      2.90
  6127.45      2.99      3.07      2.93      2.96      3.00      2.87      2.83      2.91      2.98      3.08      2.94      2.92
  6128.45      2.99      3.07      2.93      2.96      3.00      2.87      2.83      2.91      2.98      3.08      2.93      2.92
  6129.45      2.99      3.06      2.94      2.96      3.00      2.86      2.83      2.91      2.98      3.07      2.91      2.91
  6130.45      3.01      3.08      2.95      2.97      3.02      2.88      2.84      2.92      2.99      3.08      2.92      2.92
  6131.45      3.02      3.10      2.97      2.99      3.03      2.89      2.86      2.92      3.00      3.10      2.94      2.93
  6132.45      3.03      3.10      2.97      2.99      3.04      2.90      2.88      2.92      3.01      3.11      2.96      2.94
  6133.45      3.01      3.09      2.96      2.97      3.04      2.88      2.87      2.92      2.99      3.09      2.95      2.93
  6134.45      2.99      3.06      2.94      2.95      3.02      2.85      2.84      2.90      2.96      3.07      2.92      2.90
  6135.45      2.99      3.07      2.95      2.95      3.02      2.85      2.84      2.91      2.96      3.07      2.93      2.91
  6136.45      2.99      3.07      2.95      2.95      3.01      2.86      2.83      2.91      2.96      3.06      2.93      2.91
  6137.45      2.94      3.02      2.90      2.89      2.95      2.81      2.77      2.85      2.91      3.00      2.86      2.85
  6138.45      2.88      2.96      2.85      2.83      2.89      2.76      2.73      2.79      2.85      2.94      2.81      2.79
  6139.45      2.93      3.02      2.90      2.88      2.95      2.81      2.78      2.84      2.90      3.00      2.86      2.85
  6140.45      2.73      2.81      2.71      2.67      2.75      2.61      2.60      2.63      2.71      2.80      2.66      2.65
  6141.45      2.64      2.72      2.62      2.58      2.66      2.52      2.51      2.54      2.61      2.70      2.58      2.56
  6142.45      2.89      2.97      2.87      2.83      2.90      2.76      2.74      2.79      2.84      2.95      2.82      2.80
  6143.45      3.02      3.10      3.00      2.97      3.04      2.89      2.88      2.92      2.98      3.09      2.96      2.93
  6144.45      2.85      2.93      2.84      2.81      2.88      2.73      2.72      2.76      2.82      2.93      2.79      2.77
  6145.45      2.58      2.65      2.57      2.54      2.61      2.47      2.45      2.49      2.54      2.64      2.51      2.50
  6146.45      2.56      2.64      2.56      2.52      2.59      2.45      2.43      2.48      2.52      2.62      2.50      2.48
  6147.45      2.85      2.93      2.85      2.80      2.89      2.74      2.72      2.77      2.80      2.92      2.79      2.76
  6148.45      2.90      2.98      2.90      2.86      2.94      2.79      2.76      2.82      2.86      2.98      2.85      2.82
  6149.45      2.61      2.69      2.61      2.57      2.64      2.51      2.48      2.53      2.57      2.69      2.56      2.53
  6150.45      2.51      2.59      2.51      2.47      2.54      2.40      2.39      2.42      2.47      2.58      2.45      2.43
  6151.45      2.79      2.88      2.80      2.76      2.83      2.69      2.67      2.70      2.75      2.87      2.74      2.71
  6152.45      2.86      2.95      2.86      2.82      2.89      2.75      2.73      2.77      2.81      2.93      2.80      2.78
  6153.45      2.92      3.00      2.92      2.87      2.96      2.80      2.78      2.84      2.87      2.99      2.87      2.84
  6154.45      2.95      3.03      2.96      2.91      3.00      2.84      2.81      2.87      2.91      3.03      2.91      2.87
  6155.45      2.96      3.04      2.98      2.91      3.00      2.85      2.82      2.88      2.92      3.03      2.91      2.87
  6156.45      2.96      3.04      2.97      2.90      3.00      2.84      2.82      2.88      2.92      3.03      2.90      2.87
  6157.45      2.85      2.93      2.86      2.80      2.89      2.74      2.72      2.77      2.81      2.91      2.80      2.76
  6158.45      2.80      2.88      2.81      2.75      2.85      2.71      2.67      2.73      2.77      2.86      2.76      2.71
  6159.45      2.82      2.91      2.83      2.77      2.87      2.73      2.69      2.75      2.79      2.88      2.78      2.74
  6160.45      2.86      2.95      2.88      2.81      2.91      2.77      2.73      2.78      2.82      2.91      2.82      2.77
  6161.45      2.93      3.02      2.97      2.88      2.98      2.85      2.80      2.85      2.88      2.99      2.90      2.84
  6162.45      2.95      3.03      2.99      2.89      2.99      2.86      2.82      2.86      2.90      3.00      2.91      2.86
  6163.45      3.02      3.10      3.07      2.97      3.07      2.93      2.89      2.93      2.96      3.07      2.98      2.93
  6164.45      3.09      3.18      3.14      3.05      3.15      3.01      2.96      3.01      3.03      3.15      3.06      3.00
  6165.45      3.07      3.17      3.11      3.03      3.14      3.00      2.95      2.99      3.02      3.14      3.05      2.99
  6166.45      3.03      3.13      3.07      2.99      3.10      2.96      2.90      2.95      2.98      3.09      3.01      2.94
  6167.45      3.01      3.12      3.05      2.98      3.09      2.94      2.88      2.94      2.97      3.07      3.00      2.92
  6168.45      3.00      3.11      3.03      2.96      3.08      2.93      2.87      2.93      2.96      3.06      2.99      2.91
  6169.45      2.96      3.06      2.99      2.92      3.03      2.88      2.83      2.89      2.92      3.02      2.94      2.86
  6170.45      2.86      2.96      2.90      2.82      2.94      2.79      2.73      2.78      2.82      2.92      2.84      2.76
  6171.45      2.46      2.55      2.49      2.42      2.52      2.39      2.34      2.38      2.42      2.50      2.43      2.36
  6172.45      2.20      2.28      2.22      2.16      2.25      2.13      2.09      2.12      2.16      2.24      2.16      2.11
  6173.45      2.60      2.69      2.63      2.55      2.67      2.52      2.48      2.51      2.55      2.65      2.56      2.50
  6174.45      2.95      3.05      2.99      2.90      3.04      2.87      2.82      2.86      2.90      3.02      2.91      2.85
  6175.45      2.99      3.09      3.03      2.94      3.08      2.92      2.87      2.90      2.95      3.06      2.96      2.89
  6176.45      2.90      3.00      2.94      2.86      2.99      2.83      2.78      2.82      2.86      2.97      2.88      2.80
  6177.45      2.73      2.82      2.76      2.69      2.82      2.66      2.61      2.65      2.69      2.78      2.71      2.63
  6178.45      2.72      2.81      2.75      2.68      2.82      2.66      2.60      2.64      2.68      2.77      2.71      2.62
  6179.45      2.94      3.04      2.97      2.90      3.04      2.88      2.81      2.86      2.90      2.99      2.93      2.83
  6180.45      3.00      3.11      3.04      2.97      3.11      2.95      2.88      2.93      2.97      3.06      3.00      2.91
  6181.45      3.01      3.12      3.04      2.98      3.12      2.96      2.88      2.93      2.97      3.07      3.01      2.92
  6182.45      3.01      3.13      3.05      2.98      3.11      2.96      2.88      2.93      2.97      3.07      3.02      2.92
  6183.45      2.99      3.11      3.03      2.96      3.09      2.95      2.86      2.92      2.95      3.04      3.00      2.90
  6184.45      2.96      3.07      3.01      2.94      3.07      2.92      2.84      2.90      2.92      3.01      2.98      2.88
  6185.45      2.90      3.00      2.94      2.88      3.00      2.86      2.79      2.83      2.85      2.94      2.91      2.81
  6186.45      2.89      2.99      2.92      2.86      2.98      2.85      2.77      2.81      2.84      2.93      2.90      2.79
  6187.45      2.98      3.10      3.02      2.96      3.09      2.95      2.87      2.90      2.95      3.03      3.00      2.89
  6188.45      3.02      3.14      3.06      3.01      3.14      2.99      2.91      2.94      3.00      3.07      3.05      2.93
  6189.45      3.01      3.13      3.05      3.00      3.13      2.98      2.89      2.93      2.99      3.06      3.04      2.92
  6190.45      2.99      3.11      3.03      2.98      3.11      2.96      2.87      2.91      2.97      3.04      3.02      2.90
  6191.45      3.02      3.14      3.07      3.01      3.14      2.99      2.91      2.94      3.00      3.08      3.05      2.93
  6192.45      3.07      3.20      3.12      3.07      3.21      3.05      2.96      3.00      3.06      3.14      3.12      2.98
  6193.45      3.01      3.13      3.05      3.00      3.14      2.99      2.89      2.93      2.99      3.07      3.05      2.91
  6194.45      2.82      2.93      2.85      2.80      2.94      2.80      2.70      2.73      2.80      2.87      2.85      2.72
  6195.45      2.89      3.01      2.91      2.87      3.01      2.87      2.77      2.81      2.87      2.95      2.93      2.80
  6196.45      3.00      3.13      3.03      2.99      3.14      2.99      2.89      2.92      2.98      3.07      3.05      2.91
  6197.45      3.03      3.15      3.05      3.01      3.15      3.01      2.91      2.94      3.00      3.09      3.07      2.93
  6198.45      3.07      3.20      3.11      3.07      3.20      3.06      2.96      2.98      3.05      3.13      3.12      2.98
  6199.45      3.09      3.22      3.14      3.11      3.23      3.10      2.98      3.01      3.07      3.16      3.15      3.01
  6200.45      3.09      3.22      3.14      3.11      3.23      3.11      2.98      3.02      3.08      3.16      3.16      3.01
  6201.45      3.08      3.22      3.13      3.10      3.23      3.10      2.97      3.01      3.07      3.15      3.15      3.00
  6202.45      3.01      3.15      3.07      3.03      3.15      3.03      2.90      2.94      3.00      3.08      3.09      2.93
  6203.45      2.62      2.74      2.66      2.61      2.72      2.62      2.51      2.54      2.60      2.67      2.67      2.54
  6204.45      2.29      2.39      2.32      2.27      2.37      2.29      2.18      2.22      2.26      2.32      2.32      2.21
  6205.45      2.63      2.75      2.66      2.62      2.73      2.63      2.52      2.56      2.60      2.67      2.67      2.55
  6206.45      2.97      3.11      3.01      2.97      3.09      2.98      2.86      2.89      2.95      3.03      3.03      2.89
  6207.45      3.06      3.19      3.10      3.06      3.18      3.08      2.94      2.98      3.04      3.12      3.13      2.98
  6208.45      3.04      3.16      3.07      3.04      3.14      3.05      2.91      2.96      3.00      3.09      3.10      2.95
  6209.45      2.95      3.08      2.98      2.95      3.06      2.96      2.83      2.87      2.92      2.99      3.02      2.86
  6210.45      2.93      3.07      2.97      2.95      3.05      2.96      2.82      2.86      2.91      2.97      3.01      2.84
  6211.45      2.88      3.01      2.91      2.89      2.99      2.91      2.77      2.80      2.85      2.92      2.94      2.79
  6212.45      2.50      2.62      2.53      2.51      2.60      2.53      2.41      2.44      2.48      2.54      2.57      2.43
  6213.45      2.50      2.62      2.53      2.51      2.60      2.53      2.40      2.43      2.48      2.55      2.57      2.43
  6214.45      2.69      2.81      2.72      2.70      2.78      2.72      2.58      2.60      2.66      2.74      2.76      2.61
  6215.45      2.83      2.95      2.86      2.84      2.92      2.85      2.71      2.74      2.80      2.87      2.90      2.74
  6216.45      3.03      3.16      3.05      3.05      3.12      3.05      2.90      2.94      2.99      3.06      3.12      2.93
  6217.45      3.07      3.22      3.11      3.10      3.17      3.11      2.95      2.99      3.04      3.12      3.17      2.99
  6218.45      3.06      3.21      3.11      3.09      3.16      3.11      2.94      2.98      3.04      3.12      3.16      2.98
  6219.45      3.03      3.18      3.07      3.06      3.13      3.08      2.92      2.95      3.01      3.09      3.13      2.95
  6220.45      3.02      3.18      3.06      3.05      3.13      3.08      2.92      2.94      3.00      3.07      3.13      2.95
  6221.45      2.98      3.13      3.02      3.00      3.08      3.03      2.87      2.89      2.95      3.02      3.09      2.90
  6222.45      2.59      2.73      2.62      2.61      2.67      2.63      2.49      2.51      2.56      2.62      2.67      2.51
  6223.45      2.21      2.33      2.24      2.22      2.27      2.24      2.12      2.13      2.18      2.23      2.27      2.14
  6224.45      2.55      2.68      2.58      2.57      2.63      2.60      2.45      2.46      2.52      2.59      2.63      2.47
  6225.45      2.94      3.09      2.98      2.97      3.03      3.00      2.84      2.85      2.92      2.99      3.05      2.86
  6226.45      3.00      3.14      3.03      3.04      3.08      3.06      2.90      2.91      2.98      3.04      3.11      2.93
  6227.45      3.01      3.16      3.05      3.05      3.09      3.07      2.91      2.93      2.99      3.05      3.12      2.94
  6228.45      3.03      3.18      3.07      3.07      3.11      3.09      2.94      2.94      3.01      3.07      3.13      2.95
  6229.45      3.01      3.17      3.06      3.06      3.10      3.08      2.93      2.92      3.00      3.06      3.12      2.94
  6230.45      3.00      3.15      3.05      3.04      3.09      3.07      2.91      2.91      2.98      3.05      3.11      2.93
  6231.45      3.02      3.18      3.08      3.07      3.12      3.11      2.93      2.94      3.00      3.07      3.15      2.96
  6232.45      3.06      3.22      3.12      3.11      3.14      3.14      2.97      2.98      3.03      3.10      3.18      3.00
  6233.45      2.99      3.15      3.05      3.04      3.07      3.07      2.90      2.91      2.96      3.04      3.11      2.93
  6234.45      2.73      2.86      2.76      2.76      2.79      2.79      2.63      2.64      2.69      2.76      2.82      2.66
  6235.45      2.06      2.16      2.08      2.07      2.09      2.09      1.97      1.97      2.01      2.07      2.11      1.98
  6236.45      1.63      1.71      1.65      1.63      1.65      1.65      1.55      1.54      1.58      1.62      1.66      1.56
  6237.45      1.40      1.48      1.42      1.41      1.42      1.42      1.33      1.32      1.36      1.39      1.43      1.34
  6238.45      1.58      1.67      1.61      1.60      1.61      1.62      1.51      1.50      1.54      1.58      1.62      1.53
  6239.45      2.10      2.22      2.14      2.13      2.15      2.15      2.02      2.01      2.04      2.10      2.17      2.04
  6240.45      2.59      2.73      2.64      2.63      2.65      2.66      2.51      2.50      2.54      2.60      2.69      2.53
  6241.45      2.47      2.60      2.51      2.50      2.52      2.53      2.38      2.38      2.42      2.48      2.55      2.41
  6242.45      2.34      2.45      2.37      2.37      2.38      2.40      2.24      2.24      2.28      2.34      2.42      2.27
  6243.45      2.36      2.47      2.40      2.39      2.40      2.42      2.27      2.26      2.30      2.36      2.45      2.29
  6244.45      2.41      2.53      2.46      2.45      2.46      2.47      2.32      2.32      2.35      2.42      2.51      2.34
  6245.45      2.36      2.48      2.41      2.41      2.41      2.43      2.29      2.28      2.31      2.38      2.46      2.30
  6246.45      2.72      2.86      2.78      2.78      2.79      2.81      2.65      2.65      2.68      2.75      2.84      2.66
  6247.45      3.00      3.16      3.07      3.07      3.08      3.11      2.93      2.93      2.97      3.03      3.13      2.94
  6248.45      2.96      3.12      3.03      3.03      3.04      3.07      2.89      2.89      2.93      3.00      3.09      2.90
  6249.45      2.79      2.95      2.86      2.86      2.87      2.90      2.73      2.72      2.76      2.83      2.92      2.74
  6250.45      2.86      3.01      2.93      2.94      2.94      2.98      2.80      2.78      2.82      2.90      2.98      2.81
  6251.45      2.99      3.15      3.06      3.07      3.08      3.11      2.93      2.92      2.95      3.03      3.12      2.95
  6252.45      3.03      3.19      3.10      3.11      3.12      3.16      2.96      2.97      3.00      3.07      3.16      2.99
  6253.45      3.05      3.20      3.12      3.12      3.12      3.18      2.96      2.98      3.02      3.08      3.17      3.00
  6254.45      3.09      3.24      3.17      3.17      3.17      3.22      3.01      3.02      3.06      3.12      3.21      3.06
  6255.45      3.09      3.25      3.18      3.18      3.17      3.23      3.03      3.02      3.06      3.12      3.22      3.06
  6256.45      3.04      3.19      3.12      3.13      3.11      3.17      2.98      2.97      3.01      3.06      3.16      3.00
  6257.45      2.77      2.91      2.84      2.86      2.82      2.88      2.71      2.69      2.73      2.77      2.87      2.73
  6258.45      1.96      2.05      2.01      2.01      1.98      2.03      1.90      1.88      1.91      1.95      2.02      1.91
  6259.45      1.32      1.39      1.36      1.35      1.33      1.37      1.27      1.26      1.28      1.30      1.36      1.28
  6260.45      1.61      1.70      1.66      1.65      1.63      1.67      1.56      1.55      1.56      1.59      1.66      1.57
  6261.45      2.55      2.69      2.63      2.62      2.61      2.66      2.51      2.49      2.51      2.55      2.66      2.51
  6262.45      2.89      3.04      2.99      2.98      2.97      3.03      2.86      2.84      2.86      2.91      3.02      2.86
  6263.45      2.81      2.96      2.90      2.90      2.88      2.94      2.77      2.75      2.78      2.84      2.93      2.78
  6264.45      2.80      2.95      2.89      2.89      2.87      2.93      2.76      2.74      2.78      2.82      2.92      2.76
  6265.45      2.70      2.85      2.78      2.79      2.75      2.83      2.65      2.64      2.67      2.71      2.80      2.66
  6266.45      2.18      2.30      2.25      2.25      2.21      2.28      2.13      2.12      2.15      2.18      2.25      2.14
  6267.45      2.17      2.30      2.25      2.25      2.21      2.28      2.13      2.11      2.14      2.17      2.25      2.14
  6268.45      2.68      2.85      2.78      2.78      2.75      2.82      2.65      2.62      2.66      2.69      2.80      2.66
  6269.45      2.71      2.87      2.80      2.81      2.79      2.85      2.68      2.66      2.69      2.73      2.83      2.69
  6270.45      2.69      2.84      2.78      2.79      2.76      2.82      2.66      2.63      2.67      2.70      2.80      2.66
  6271.45      2.91      3.07      3.02      3.04      3.00      3.07      2.90      2.87      2.91      2.93      3.04      2.89
  6272.45      3.01      3.17      3.12      3.15      3.10      3.17      2.99      2.96      3.01      3.03      3.14      2.99
  6273.45      2.97      3.13      3.08      3.11      3.06      3.13      2.96      2.92      2.96      2.99      3.10      2.95
  6274.45      2.94      3.11      3.05      3.08      3.03      3.11      2.92      2.89      2.93      2.96      3.07      2.91
  6275.45      2.83      2.99      2.94      2.96      2.91      2.99      2.81      2.78      2.82      2.84      2.95      2.81
  6276.45      2.29      2.41      2.38      2.40      2.34      2.42      2.27      2.24      2.27      2.29      2.39      2.27
  6277.45      2.14      2.25      2.23      2.24      2.18      2.25      2.11      2.08      2.11      2.13      2.22      2.11
  6278.45      2.52      2.65      2.62      2.64      2.57      2.65      2.49      2.47      2.49      2.52      2.62      2.50
  6279.45      2.45      2.58      2.55      2.58      2.51      2.58      2.43      2.41      2.43      2.45      2.55      2.44
  6280.45      2.53      2.68      2.64      2.67      2.60      2.67      2.52      2.49      2.53      2.54      2.64      2.53
  6281.45      2.83      3.00      2.95      2.98      2.91      2.99      2.83      2.80      2.84      2.85      2.96      2.83
  6282.45      2.94      3.11      3.05      3.09      3.01      3.10      2.94      2.91      2.95      2.96      3.07      2.93
  6283.45      2.91      3.08      3.03      3.08      2.98      3.08      2.92      2.89      2.92      2.94      3.04      2.92
  6284.45      2.90      3.06      3.02      3.07      2.97      3.07      2.90      2.87      2.89      2.92      3.02      2.90
  6285.45      2.90      3.06      3.02      3.07      2.97      3.08      2.90      2.87      2.89      2.91      3.02      2.89
  6286.45      2.87      3.04      3.00      3.04      2.94      3.05      2.87      2.84      2.87      2.89      2.98      2.87
  6287.45      2.57      2.72      2.69      2.73      2.62      2.73      2.56      2.53      2.56      2.58      2.66      2.57
  6288.45      1.67      1.76      1.74      1.76      1.69      1.76      1.65      1.62      1.64      1.65      1.71      1.65
  6289.45      1.42      1.50      1.48      1.51      1.44      1.50      1.40      1.38      1.39      1.40      1.46      1.40
  6290.45      2.07      2.20      2.17      2.22      2.12      2.20      2.06      2.04      2.06      2.07      2.14      2.07
  6291.45      2.62      2.79      2.76      2.83      2.70      2.80      2.64      2.61      2.63      2.65      2.73      2.64
  6292.45      2.78      2.96      2.92      3.00      2.86      2.98      2.81      2.78      2.80      2.82      2.91      2.81
  6293.45      2.87      3.04      3.01      3.08      2.94      3.07      2.88      2.86      2.88      2.90      2.99      2.89
  6294.45      2.92      3.09      3.07      3.13      2.99      3.12      2.93      2.91      2.92      2.95      3.04      2.94
  6295.45      2.92      3.10      3.07      3.13      3.00      3.12      2.93      2.91      2.92      2.95      3.04      2.94
  6296.45      2.90      3.08      3.04      3.12      2.97      3.09      2.91      2.88      2.89      2.93      3.01      2.92
  6297.45      2.73      2.89      2.86      2.93      2.79      2.91      2.73      2.70      2.71      2.74      2.82      2.75
  6298.45      2.35      2.49      2.47      2.52      2.39      2.51      2.34      2.31      2.33      2.35      2.42      2.36
  6299.45      1.75      1.85      1.84      1.87      1.77      1.86      1.73      1.71      1.72      1.73      1.79      1.75
  6300.45      0.70      0.74      0.73      0.74      0.70      0.74      0.68      0.67      0.68      0.68      0.71      0.68
  6301.45      0.21      0.22      0.22      0.23      0.21      0.22      0.21      0.20      0.20      0.20      0.21      0.21
  6302.45      0.19      0.20      0.20      0.20      0.19      0.20      0.19      0.18      0.18      0.19      0.19      0.19
  6303.45      0.58      0.62      0.61      0.63      0.59      0.63      0.59      0.57      0.57      0.58      0.60      0.58
  6304.45      2.25      2.38      2.36      2.42      2.31      2.43      2.28      2.23      2.23      2.27      2.32      2.27
  6305.45      2.78      2.95      2.92      3.00      2.86      3.00      2.83      2.77      2.77      2.82      2.88      2.81
  6306.45      2.69      2.85      2.82      2.89      2.75      2.90      2.72      2.67      2.67      2.70      2.78      2.71
  6307.45      1.96      2.07      2.05      2.10      1.99      2.10      1.97      1.92      1.93      1.96      2.01      1.97
  6308.45      1.26      1.34      1.32      1.36      1.28      1.36      1.26      1.23      1.24      1.26      1.29      1.27
  6309.45      1.54      1.63      1.61      1.66      1.56      1.66      1.54      1.51      1.51      1.53      1.58      1.55
  6310.45      2.47      2.61      2.58      2.66      2.52      2.66      2.49      2.43      2.44      2.47      2.54      2.50
  6311.45      2.86      3.03      3.00      3.09      2.93      3.09      2.90      2.83      2.84      2.89      2.95      2.91
  6312.45      2.96      3.14      3.10      3.19      3.04      3.20      3.01      2.93      2.95      2.99      3.05      3.01
  6313.45      2.96      3.14      3.10      3.19      3.04      3.21      3.01      2.93      2.95      2.98      3.05      3.02
  6314.45      2.92      3.09      3.05      3.14      3.00      3.17      2.97      2.90      2.91      2.94      3.00      2.97
  6315.45      2.93      3.10      3.06      3.14      3.00      3.18      2.97      2.91      2.91      2.96      3.01      2.98
  6316.45      2.98      3.16      3.12      3.21      3.06      3.25      3.03      2.96      2.96      3.02      3.07      3.04
  6317.45      3.00      3.18      3.14      3.24      3.09      3.27      3.06      2.98      2.98      3.04      3.10      3.06
  6318.45      3.01      3.19      3.15      3.24      3.09      3.28      3.08      2.98      2.99      3.04      3.11      3.07
  6319.45      3.04      3.22      3.19      3.27      3.12      3.32      3.11      3.01      3.02      3.06      3.14      3.11
  6320.45      3.03      3.19      3.18      3.26      3.11      3.31      3.10      3.00      3.02      3.05      3.12      3.09
  6321.45      2.79      2.93      2.92      2.99      2.84      3.04      2.84      2.75      2.77      2.80      2.86      2.85
  6322.45      2.21      2.33      2.32      2.37      2.25      2.40      2.25      2.17      2.18      2.21      2.26      2.26
  6323.45      2.05      2.16      2.15      2.20      2.09      2.22      2.09      2.01      2.02      2.05      2.09      2.09
  6324.45      2.59      2.73      2.72      2.78      2.65      2.81      2.65      2.55      2.56      2.60      2.66      2.65
  6325.45      2.91      3.06      3.06      3.12      2.98      3.16      2.98      2.87      2.88      2.93      2.99      2.98
  6326.45      2.96      3.12      3.12      3.18      3.04      3.23      3.04      2.93      2.94      2.99      3.05      3.05
  6327.45      2.93      3.08      3.08      3.14      3.01      3.20      3.00      2.89      2.91      2.96      3.01      3.01
  6328.45      2.88      3.02      3.01      3.07      2.95      3.13      2.94      2.82      2.84      2.90      2.95      2.95
  6329.45      2.76      2.89      2.88      2.94      2.81      2.99      2.81      2.70      2.72      2.76      2.82      2.81
  6330.45      2.03      2.13      2.12      2.16      2.06      2.20      2.06      1.97      1.99      2.02      2.06      2.06
  6331.45      1.39      1.46      1.45      1.48      1.41      1.50      1.40      1.34      1.35      1.37      1.40      1.41
  6332.45      1.76      1.85      1.84      1.87      1.79      1.90      1.78      1.70      1.71      1.73      1.78      1.79
  6333.45      2.69      2.82      2.81      2.86      2.74      2.90      2.74      2.63      2.64      2.68      2.75      2.75
  6334.45      2.95      3.09      3.08      3.14      3.02      3.19      3.02      2.89      2.92      2.96      3.01      3.02
  6335.45      2.99      3.14      3.14      3.19      3.08      3.24      3.08      2.94      2.97      3.01      3.06      3.07
  6336.45      3.05      3.21      3.20      3.26      3.15      3.30      3.15      3.01      3.02      3.08      3.13      3.14
  6337.45      3.09      3.24      3.23      3.30      3.18      3.34      3.17      3.04      3.05      3.10      3.17      3.18
  6338.45      3.06      3.20      3.18      3.26      3.14      3.30      3.13      3.00      3.01      3.06      3.13      3.15
  6339.45      3.02      3.16      3.14      3.21      3.09      3.26      3.10      2.96      2.97      3.01      3.08      3.11
  6340.45      3.01      3.15      3.14      3.19      3.08      3.25      3.10      2.96      2.96      3.01      3.07      3.10
  6341.45      2.57      2.69      2.68      2.73      2.62      2.77      2.64      2.52      2.51      2.56      2.62      2.65
  6342.45      2.31      2.42      2.41      2.45      2.36      2.48      2.37      2.26      2.25      2.30      2.35      2.37
  6343.45      2.70      2.83      2.83      2.87      2.77      2.91      2.78      2.65      2.64      2.70      2.76      2.78
  6344.45      2.91      3.04      3.05      3.09      2.99      3.14      3.00      2.85      2.84      2.90      2.97      3.00
  6345.45      2.92      3.05      3.05      3.09      3.00      3.15      3.01      2.86      2.86      2.91      2.98      3.01
  6346.45      2.97      3.10      3.10      3.13      3.04      3.19      3.06      2.91      2.91      2.95      3.02      3.06
  6347.45      2.96      3.09      3.08      3.12      3.04      3.18      3.05      2.90      2.90      2.95      3.02      3.04
  6348.45      2.89      3.01      3.00      3.05      2.96      3.11      2.96      2.83      2.82      2.86      2.93      2.97
  6349.45      2.49      2.60      2.59      2.64      2.54      2.68      2.55      2.43      2.43      2.46      2.52      2.56
  6350.45      2.25      2.36      2.34      2.38      2.29      2.41      2.30      2.19      2.18      2.22      2.27      2.31
  6351.45      2.62      2.75      2.74      2.78      2.68      2.80      2.70      2.56      2.55      2.60      2.65      2.69
  6352.45      2.89      3.02      3.03      3.07      2.96      3.10      2.99      2.83      2.82      2.87      2.94      2.98
  6353.45      2.96      3.08      3.09      3.13      3.03      3.17      3.05      2.90      2.89      2.92      3.00      3.06
  6354.45      2.99      3.11      3.12      3.15      3.06      3.19      3.07      2.92      2.92      2.94      3.02      3.08
  6355.45      2.97      3.09      3.09      3.13      3.04      3.16      3.06      2.90      2.90      2.93      3.00      3.05
  6356.45      2.67      2.78      2.78      2.81      2.73      2.83      2.76      2.59      2.60      2.63      2.69      2.74
  6357.45      1.91      1.99      1.99      2.01      1.94      2.02      1.96      1.84      1.84      1.87      1.91      1.95
  6358.45      1.78      1.86      1.87      1.87      1.81      1.89      1.83      1.72      1.72      1.75      1.78      1.83
  6359.45      2.47      2.57      2.58      2.59      2.52      2.61      2.55      2.40      2.39      2.43      2.48      2.54
  6360.45      2.91      3.02      3.03      3.06      2.98      3.07      3.01      2.84      2.82      2.88      2.94      2.99
  6361.45      2.95      3.06      3.08      3.11      3.02      3.13      3.06      2.90      2.87      2.92      2.99      3.04
  6362.45      2.87      2.98      2.99      3.03      2.93      3.04      2.97      2.81      2.78      2.83      2.89      2.94
  6363.45      2.26      2.35      2.35      2.37      2.29      2.38      2.33      2.18      2.17      2.21      2.25      2.30
  6364.45      0.77      0.80      0.80      0.80      0.77      0.80      0.78      0.73      0.73      0.74      0.76      0.78
  6365.45      0.41      0.43      0.42      0.43      0.41      0.42      0.41      0.39      0.39      0.39      0.40      0.41
  6366.45      0.63      0.66      0.67      0.67      0.64      0.66      0.65      0.61      0.61      0.61      0.63      0.64
  6367.45      1.94      2.03      2.03      2.05      1.98      2.04      2.01      1.90      1.88      1.90      1.94      1.99
  6368.45      2.86      2.97      2.98      3.01      2.92      3.00      2.95      2.81      2.78      2.80      2.87      2.93
  6369.45      2.96      3.08      3.09      3.12      3.04      3.11      3.07      2.91      2.88      2.91      2.98      3.04
  6370.45      2.97      3.10      3.11      3.14      3.06      3.14      3.10      2.93      2.91      2.93      2.99      3.06
  6371.45      3.00      3.12      3.14      3.17      3.08      3.17      3.13      2.96      2.93      2.95      3.01      3.09
  6372.45      3.01      3.13      3.15      3.18      3.10      3.18      3.15      2.97      2.94      2.96      3.02      3.10
  6373.45      2.99      3.10      3.13      3.15      3.08      3.15      3.12      2.95      2.91      2.93      3.00      3.07
  6374.45      2.96      3.08      3.11      3.13      3.05      3.13      3.11      2.93      2.89      2.91      2.98      3.06
  6375.45      2.99      3.10      3.13      3.15      3.07      3.16      3.13      2.96      2.91      2.94      2.99      3.08
  6376.45      3.01      3.12      3.15      3.17      3.10      3.18      3.15      2.97      2.93      2.96      3.01      3.09
  6377.45      3.01      3.13      3.15      3.18      3.11      3.18      3.16      2.98      2.94      2.97      3.02      3.10
  6378.45      3.03      3.15      3.16      3.20      3.13      3.20      3.18      2.99      2.96      2.98      3.05      3.11
  6379.45      2.94      3.05      3.07      3.10      3.03      3.10      3.09      2.90      2.88      2.90      2.96      3.02
  6380.45      2.61      2.72      2.73      2.75      2.69      2.75      2.74      2.57      2.55      2.58      2.62      2.69
  6381.45      2.54      2.64      2.65      2.67      2.61      2.67      2.66      2.50      2.48      2.51      2.54      2.61
  6382.45      2.86      2.97      2.99      3.01      2.94      3.01      3.00      2.81      2.79      2.82      2.86      2.93
  6383.45      2.97      3.10      3.11      3.14      3.07      3.14      3.13      2.94      2.92      2.94      2.99      3.06
  6384.45      2.99      3.12      3.14      3.18      3.11      3.16      3.16      2.97      2.94      2.97      3.02      3.09
  6385.45      2.98      3.12      3.13      3.18      3.11      3.16      3.16      2.97      2.95      2.98      3.01      3.09
  6386.45      2.85      2.98      3.00      3.04      2.97      3.02      3.01      2.83      2.82      2.85      2.87      2.95
  6387.45      2.36      2.47      2.49      2.52      2.44      2.50      2.49      2.33      2.32      2.35      2.36      2.44
  6388.45      2.16      2.27      2.28      2.31      2.24      2.29      2.28      2.13      2.11      2.15      2.16      2.23
  6389.45      2.63      2.76      2.76      2.79      2.72      2.77      2.78      2.61      2.58      2.62      2.63      2.72
  6390.45      2.96      3.10      3.11      3.15      3.08      3.13      3.14      2.95      2.92      2.95      2.97      3.07
  6391.45      3.03      3.17      3.19      3.22      3.18      3.22      3.23      3.03      3.01      3.03      3.05      3.15
  6392.45      3.03      3.17      3.20      3.23      3.18      3.22      3.22      3.04      3.02      3.03      3.06      3.15
  6393.45      3.01      3.15      3.18      3.21      3.16      3.20      3.20      3.02      3.00      3.01      3.03      3.13
  6394.45      3.01      3.15      3.18      3.21      3.16      3.20      3.21      3.02      2.99      3.01      3.04      3.13
  6395.45      3.04      3.18      3.20      3.24      3.18      3.23      3.24      3.04      3.00      3.03      3.06      3.16
  6396.45      3.06      3.22      3.24      3.28      3.21      3.27      3.27      3.09      3.04      3.06      3.09      3.18
  6397.45      3.06      3.23      3.25      3.29      3.22      3.27      3.28      3.10      3.05      3.06      3.10      3.18
  6398.45      3.06      3.22      3.25      3.30      3.23      3.26      3.28      3.10      3.05      3.06      3.10      3.19
  6399.45      3.08      3.24      3.27      3.32      3.25      3.27      3.31      3.12      3.07      3.08      3.12      3.21
  6400.45      3.12      3.28      3.31      3.37      3.30      3.32      3.35      3.16      3.12      3.13      3.16      3.25
  6401.45      3.18      3.34      3.38      3.43      3.36      3.40      3.42      3.23      3.18      3.20      3.23      3.31
  6402.45      3.17      3.34      3.37      3.42      3.35      3.39      3.40      3.22      3.17      3.19      3.21      3.30
  6403.45      3.12      3.28      3.30      3.36      3.29      3.33      3.34      3.16      3.11      3.13      3.15      3.25
  6404.45      3.09      3.26      3.27      3.34      3.27      3.31      3.32      3.13      3.09      3.12      3.13      3.21
  6405.45      3.05      3.22      3.24      3.30      3.23      3.27      3.29      3.10      3.05      3.07      3.10      3.17
  6406.45      3.06      3.23      3.25      3.32      3.25      3.29      3.31      3.12      3.06      3.09      3.11      3.19
  6407.45      2.97      3.15      3.17      3.23      3.16      3.19      3.22      3.04      2.98      3.01      3.03      3.10
  6408.45      2.38      2.53      2.55      2.59      2.54      2.56      2.59      2.44      2.39      2.41      2.42      2.49
  6409.45      2.32      2.46      2.48      2.53      2.47      2.50      2.52      2.37      2.33      2.35      2.35      2.44
  6410.45      2.92      3.09      3.12      3.18      3.12      3.15      3.17      2.98      2.94      2.96      2.97      3.06
  6411.45      3.12      3.29      3.33      3.41      3.34      3.37      3.39      3.19      3.13      3.16      3.17      3.26
  6412.45      3.09      3.27      3.31      3.39      3.32      3.33      3.36      3.17      3.12      3.14      3.15      3.23
  6413.45      3.07      3.25      3.29      3.36      3.30      3.31      3.34      3.15      3.10      3.12      3.13      3.21
  6414.45      2.89      3.06      3.10      3.17      3.11      3.12      3.15      2.97      2.93      2.93      2.94      3.02
  6415.45      2.69      2.86      2.89      2.95      2.91      2.90      2.94      2.77      2.73      2.73      2.74      2.81
  6416.45      2.84      3.02      3.05      3.12      3.07      3.07      3.12      2.93      2.88      2.88      2.91      2.98
  6417.45      3.03      3.21      3.25      3.34      3.28      3.27      3.33      3.14      3.08      3.08      3.10      3.19
  6418.45      3.08      3.27      3.30      3.40      3.34      3.34      3.38      3.19      3.14      3.14      3.16      3.23
  6419.45      3.05      3.24      3.28      3.37      3.32      3.31      3.35      3.16      3.11      3.12      3.14      3.19
  6420.45      2.93      3.12      3.15      3.24      3.19      3.18      3.22      3.04      2.98      2.99      3.01      3.06
  6421.45      2.64      2.83      2.85      2.93      2.87      2.87      2.90      2.74      2.69      2.69      2.71      2.77
  6422.45      2.59      2.77      2.79      2.87      2.82      2.81      2.85      2.68      2.64      2.64      2.66      2.73
  6423.45      2.88      3.07      3.10      3.19      3.14      3.12      3.17      2.98      2.94      2.94      2.96      3.03
  6424.45      3.00      3.19      3.22      3.32      3.28      3.25      3.31      3.12      3.06      3.06      3.08      3.15
  6425.45      3.03      3.24      3.26      3.35      3.33      3.29      3.35      3.15      3.10      3.11      3.12      3.19
  6426.45      3.04      3.24      3.27      3.36      3.33      3.30      3.35      3.15      3.10      3.11      3.11      3.19
  6427.45      3.00      3.19      3.23      3.32      3.29      3.26      3.30      3.11      3.05      3.06      3.08      3.15
  6428.45      2.99      3.20      3.22      3.33      3.29      3.25      3.31      3.13      3.06      3.06      3.09      3.14
  6429.45      3.01      3.22      3.23      3.34      3.31      3.27      3.33      3.15      3.08      3.09      3.11      3.16
  6430.45      3.01      3.21      3.23      3.34      3.31      3.27      3.33      3.14      3.08      3.09      3.11      3.16
  6431.45      3.03      3.22      3.26      3.36      3.34      3.29      3.36      3.16      3.09      3.09      3.12      3.17
  6432.45      3.05      3.25      3.29      3.39      3.38      3.32      3.39      3.19      3.12      3.11      3.14      3.19
  6433.45      3.03      3.24      3.27      3.37      3.37      3.30      3.37      3.17      3.10      3.10      3.12      3.19
  6434.45      2.99      3.21      3.23      3.33      3.33      3.25      3.34      3.14      3.07      3.06      3.09      3.15
  6435.45      2.98      3.20      3.21      3.32      3.32      3.24      3.34      3.13      3.05      3.05      3.09      3.13
  6436.45      2.97      3.19      3.21      3.31      3.31      3.24      3.33      3.13      3.05      3.05      3.08      3.13
  6437.45      2.96      3.18      3.21      3.30      3.29      3.23      3.32      3.11      3.04      3.04      3.07      3.12
  6438.45      2.96      3.18      3.21      3.31      3.30      3.23      3.33      3.12      3.05      3.04      3.08      3.12
  6439.45      3.01      3.22      3.25      3.35      3.34      3.27      3.37      3.17      3.09      3.08      3.12      3.16
  6440.45      3.09      3.30      3.34      3.44      3.43      3.36      3.46      3.25      3.17      3.17      3.21      3.25
  6441.45      3.10      3.31      3.36      3.46      3.45      3.38      3.48      3.26      3.19      3.19      3.22      3.26
  6442.45      3.04      3.25      3.30      3.40      3.38      3.31      3.42      3.21      3.13      3.13      3.15      3.20
  6443.45      3.02      3.24      3.29      3.39      3.37      3.30      3.41      3.20      3.10      3.12      3.14      3.19
  6444.45      3.03      3.23      3.29      3.38      3.36      3.30      3.41      3.20      3.10      3.11      3.13      3.18
  6445.45      3.01      3.22      3.27      3.35      3.35      3.28      3.40      3.18      3.09      3.09      3.12      3.16
  6446.45      3.02      3.23      3.27      3.36      3.36      3.29      3.40      3.18      3.09      3.10      3.12      3.17
  6447.45      3.03      3.24      3.28      3.37      3.38      3.31      3.42      3.21      3.10      3.11      3.14      3.18
  6448.45      3.02      3.24      3.28      3.36      3.37      3.31      3.41      3.20      3.10      3.11      3.13      3.17
  6449.45      2.98      3.20      3.23      3.32      3.33      3.26      3.37      3.15      3.06      3.07      3.09      3.13
  6450.45      2.96      3.19      3.21      3.31      3.31      3.24      3.36      3.15      3.05      3.06      3.08      3.12
  6451.45      3.00      3.23      3.25      3.36      3.35      3.29      3.40      3.19      3.08      3.09      3.11      3.16
  6452.45      2.96      3.17      3.20      3.31      3.29      3.23      3.35      3.13      3.03      3.04      3.07      3.11
  6453.45      2.80      3.01      3.03      3.14      3.12      3.06      3.17      2.96      2.87      2.87      2.91      2.94
  6454.45      2.80      3.00      3.03      3.14      3.12      3.07      3.17      2.96      2.86      2.86      2.91      2.93
  6455.45      2.90      3.11      3.13      3.24      3.23      3.17      3.29      3.07      2.95      2.96      3.00      3.04
  6456.45      2.93      3.15      3.18      3.28      3.27      3.21      3.33      3.12      2.99      3.01      3.04      3.09
  6457.45      2.95      3.16      3.20      3.30      3.29      3.23      3.36      3.14      3.02      3.03      3.05      3.11
  6458.45      2.94      3.15      3.18      3.28      3.28      3.22      3.34      3.12      3.01      3.01      3.03      3.08
  6459.45      2.78      2.99      3.01      3.11      3.11      3.04      3.17      2.97      2.85      2.85      2.87      2.92
  6460.45      2.79      2.99      3.02      3.12      3.11      3.05      3.18      2.98      2.85      2.85      2.89      2.92
  6461.45      2.96      3.19      3.22      3.32      3.31      3.24      3.39      3.17      3.04      3.03      3.08      3.10
  6462.45      3.03      3.25      3.28      3.38      3.38      3.31      3.45      3.24      3.10      3.10      3.13      3.16
  6463.45      3.00      3.21      3.24      3.34      3.34      3.28      3.40      3.20      3.07      3.06      3.10      3.13
  6464.45      2.58      2.76      2.78      2.87      2.87      2.82      2.91      2.74      2.62      2.62      2.65      2.68
  6465.45      2.14      2.30      2.32      2.39      2.37      2.34      2.41      2.27      2.16      2.17      2.19      2.23
  6466.45      2.11      2.26      2.28      2.35      2.33      2.29      2.37      2.23      2.13      2.13      2.14      2.18
  6467.45      1.78      1.92      1.93      1.98      1.97      1.93      2.01      1.88      1.80      1.79      1.81      1.85
  6468.45      1.98      2.13      2.15      2.21      2.19      2.15      2.25      2.10      2.00      2.00      2.02      2.06
  6469.45      2.59      2.79      2.81      2.89      2.87      2.83      2.95      2.76      2.63      2.63      2.65      2.71
  6470.45      2.76      2.96      2.98      3.07      3.06      3.01      3.13      2.95      2.80      2.81      2.83      2.88
  6471.45      2.20      2.37      2.38      2.45      2.44      2.40      2.49      2.34      2.23      2.23      2.24      2.29
  6472.45      1.72      1.86      1.86      1.91      1.90      1.87      1.94      1.83      1.73      1.74      1.74      1.78
  6473.45      2.01      2.17      2.18      2.24      2.22      2.20      2.28      2.14      2.03      2.03      2.04      2.09
  6474.45      2.66      2.87      2.88      2.96      2.94      2.92      3.01      2.85      2.71      2.69      2.72      2.77
  6475.45      2.82      3.04      3.05      3.14      3.12      3.10      3.19      3.02      2.88      2.86      2.90      2.94
  6476.45      2.25      2.42      2.43      2.51      2.49      2.47      2.54      2.41      2.29      2.28      2.31      2.35
  6477.45      2.04      2.20      2.19      2.27      2.24      2.24      2.31      2.18      2.07      2.06      2.09      2.12
  6478.45      2.50      2.69      2.69      2.79      2.75      2.74      2.82      2.68      2.54      2.53      2.56      2.60
  6479.45      2.50      2.69      2.69      2.79      2.76      2.74      2.82      2.68      2.53      2.53      2.55      2.60
  6480.45      2.65      2.85      2.86      2.96      2.92      2.90      2.98      2.84      2.68      2.68      2.70      2.75
  6481.45      3.00      3.22      3.23      3.35      3.30      3.27      3.36      3.22      3.05      3.04      3.06      3.12
  6482.45      3.06      3.28      3.29      3.41      3.37      3.34      3.43      3.29      3.11      3.10      3.13      3.17
  6483.45      3.04      3.27      3.27      3.39      3.35      3.33      3.41      3.27      3.10      3.07      3.11      3.15
  6484.45      3.11      3.34      3.34      3.46      3.43      3.40      3.47      3.34      3.17      3.14      3.17      3.21
  6485.45      3.13      3.36      3.37      3.48      3.45      3.42      3.49      3.36      3.19      3.17      3.18      3.22
  6486.45      3.08      3.31      3.32      3.43      3.39      3.36      3.44      3.32      3.14      3.12      3.14      3.18
  6487.45      3.08      3.31      3.32      3.44      3.38      3.36      3.45      3.32      3.14      3.12      3.14      3.19
  6488.45      3.12      3.34      3.35      3.48      3.43      3.40      3.49      3.36      3.17      3.15      3.17      3.22
  6489.45      3.15      3.38      3.38      3.51      3.45      3.43      3.52      3.39      3.20      3.19      3.20      3.24
  6490.45      3.17      3.40      3.40      3.53      3.46      3.45      3.52      3.40      3.22      3.21      3.22      3.26
  6491.45      3.16      3.38      3.38      3.51      3.45      3.45      3.51      3.39      3.21      3.20      3.20      3.26
  6492.45      3.14      3.37      3.38      3.50      3.44      3.44      3.49      3.39      3.20      3.18      3.19      3.25
  6493.45      3.15      3.38      3.38      3.51      3.45      3.45      3.50      3.40      3.21      3.18      3.20      3.24
  6494.45      3.14      3.37      3.38      3.50      3.44      3.44      3.49      3.39      3.20      3.16      3.19      3.22
  6495.45      3.12      3.34      3.34      3.46      3.40      3.41      3.46      3.36      3.16      3.13      3.16      3.19
  6496.45      3.15      3.38      3.37      3.51      3.44      3.45      3.49      3.39      3.19      3.17      3.20      3.23
  6497.45      3.11      3.34      3.32      3.46      3.39      3.40      3.44      3.35      3.15      3.14      3.16      3.19
  6498.45      2.62      2.83      2.80      2.92      2.85      2.86      2.89      2.82      2.64      2.64      2.64      2.68
  6499.45      1.65      1.78      1.76      1.83      1.78      1.79      1.81      1.76      1.64      1.65      1.64      1.67
  6500.45      1.15      1.25      1.23      1.28      1.24      1.25      1.26      1.23      1.14      1.14      1.14      1.16
  6501.45      1.59      1.72      1.70      1.77      1.72      1.74      1.75      1.70      1.60      1.60      1.58      1.61
  6502.45      2.60      2.80      2.78      2.89      2.83      2.84      2.87      2.79      2.63      2.63      2.61      2.65
  6503.45      2.95      3.18      3.16      3.28      3.22      3.23      3.26      3.18      2.99      2.98      2.99      3.02
  6504.45      2.93      3.16      3.14      3.26      3.20      3.21      3.23      3.16      2.98      2.95      2.97      3.01
  6505.45      2.67      2.88      2.86      2.96      2.90      2.92      2.93      2.87      2.70      2.68      2.69      2.72
  6506.45      2.08      2.25      2.23      2.32      2.26      2.28      2.29      2.23      2.10      2.09      2.09      2.12
  6507.45      2.23      2.40      2.38      2.48      2.42      2.44      2.44      2.39      2.25      2.23      2.24      2.26
  6508.45      2.85      3.06      3.05      3.18      3.10      3.12      3.12      3.08      2.89      2.86      2.88      2.90
  6509.45      3.05      3.29      3.28      3.41      3.33      3.35      3.36      3.31      3.11      3.08      3.09      3.12
  6510.45      3.10      3.33      3.32      3.45      3.38      3.40      3.41      3.36      3.16      3.13      3.14      3.17
  6511.45      3.12      3.36      3.35      3.48      3.41      3.43      3.45      3.40      3.19      3.16      3.16      3.19
  6512.45      3.10      3.34      3.33      3.47      3.39      3.41      3.43      3.39      3.18      3.15      3.14      3.17
  6513.45      3.09      3.34      3.32      3.45      3.38      3.40      3.42      3.37      3.17      3.14      3.14      3.15
  6514.45      3.02      3.26      3.24      3.35      3.29      3.32      3.33      3.29      3.08      3.05      3.07      3.08
  6515.45      2.76      2.97      2.95      3.06      2.99      3.02      3.03      3.00      2.81      2.77      2.79      2.80
  6516.45      2.80      3.02      3.00      3.12      3.04      3.07      3.07      3.04      2.86      2.82      2.83      2.84
  6517.45      3.05      3.29      3.26      3.41      3.32      3.36      3.35      3.32      3.13      3.09      3.10      3.11
  6518.45      3.16      3.41      3.38      3.54      3.44      3.48      3.47      3.45      3.24      3.21      3.22      3.22
  6519.45      3.21      3.47      3.44      3.59      3.51      3.54      3.53      3.51      3.30      3.27      3.27      3.27
  6520.45      3.21      3.47      3.43      3.58      3.50      3.53      3.53      3.50      3.29      3.25      3.26      3.27
  6521.45      3.17      3.42      3.38      3.53      3.45      3.47      3.48      3.46      3.25      3.21      3.22      3.22
  6522.45      3.05      3.28      3.25      3.40      3.30      3.33      3.33      3.32      3.12      3.08      3.09      3.09
  6523.45      2.54      2.72      2.70      2.81      2.73      2.76      2.76      2.75      2.57      2.55      2.55      2.56
  6524.45      2.29      2.46      2.44      2.54      2.47      2.49      2.50      2.49      2.32      2.29      2.29      2.31
  6525.45      2.78      2.99      2.96      3.08      3.00      3.03      3.04      3.02      2.82      2.79      2.80      2.81
  6526.45      3.07      3.29      3.27      3.39      3.32      3.35      3.35      3.33      3.12      3.10      3.10      3.11
  6527.45      3.07      3.29      3.28      3.40      3.32      3.37      3.35      3.33      3.13      3.11      3.10      3.11
  6528.45      3.13      3.37      3.35      3.48      3.39      3.45      3.44      3.42      3.21      3.18      3.18      3.18
  6529.45      3.26      3.51      3.49      3.63      3.54      3.60      3.59      3.57      3.34      3.32      3.32      3.32
  6530.45      3.33      3.57      3.56      3.69      3.61      3.66      3.65      3.63      3.41      3.39      3.39      3.38
  6531.45      3.31      3.54      3.52      3.66      3.58      3.64      3.61      3.61      3.38      3.36      3.36      3.35
  6532.45      3.16      3.38      3.35      3.49      3.41      3.47      3.43      3.44      3.22      3.19      3.19      3.19
  6533.45      2.43      2.59      2.57      2.67      2.61      2.66      2.62      2.63      2.46      2.42      2.42      2.43
  6534.45      1.46      1.56      1.55      1.60      1.56      1.59      1.57      1.57      1.46      1.44      1.44      1.45
  6535.45      1.57      1.68      1.67      1.73      1.68      1.71      1.70      1.70      1.58      1.56      1.56      1.56
  6536.45      2.63      2.81      2.79      2.90      2.82      2.87      2.86      2.85      2.68      2.63      2.63      2.64
  6537.45      3.18      3.39      3.38      3.52      3.43      3.48      3.46      3.46      3.26      3.21      3.21      3.20
  6538.45      3.28      3.50      3.49      3.63      3.55      3.60      3.57      3.59      3.37      3.32      3.32      3.31
  6539.45      3.27      3.50      3.48      3.62      3.56      3.61      3.57      3.58      3.36      3.32      3.31      3.31
  6540.45      3.26      3.48      3.45      3.60      3.54      3.59      3.55      3.55      3.34      3.31      3.29      3.29
  6541.45      3.16      3.36      3.34      3.49      3.43      3.47      3.43      3.44      3.22      3.21      3.18      3.18
  6542.45      3.02      3.20      3.18      3.34      3.28      3.31      3.28      3.29      3.08      3.06      3.03      3.03
  6543.45      2.98      3.14      3.14      3.29      3.24      3.27      3.23      3.25      3.03      3.01      2.99      2.98
  6544.45      2.76      2.91      2.92      3.04      2.98      3.03      2.99      3.01      2.80      2.78      2.76      2.76
  6545.45      1.93      2.04      2.04      2.12      2.08      2.12      2.09      2.10      1.96      1.93      1.92      1.93
  6546.45      1.52      1.61      1.61      1.68      1.64      1.67      1.65      1.65      1.54      1.52      1.51      1.52
  6547.45      1.83      1.94      1.94      2.03      1.99      2.02      1.99      2.01      1.87      1.85      1.84      1.84
  6548.45      2.79      2.96      2.96      3.09      3.03      3.08      3.04      3.06      2.87      2.83      2.82      2.81
  6549.45      3.09      3.28      3.28      3.42      3.36      3.42      3.37      3.39      3.18      3.14      3.12      3.12
  6550.45      3.09      3.27      3.28      3.42      3.36      3.43      3.37      3.39      3.18      3.13      3.12      3.11
  6551.45      3.15      3.33      3.34      3.48      3.42      3.49      3.42      3.45      3.24      3.18      3.18      3.17
  6552.45      3.15      3.32      3.33      3.47      3.42      3.49      3.42      3.45      3.23      3.18      3.17      3.16
  6553.45      2.88      3.02      3.04      3.16      3.11      3.18      3.10      3.13      2.93      2.88      2.88      2.87
  6554.45      1.82      1.91      1.92      1.99      1.95      2.00      1.94      1.96      1.84      1.80      1.79      1.79
  6555.45      1.29      1.36      1.37      1.41      1.38      1.42      1.38      1.39      1.30      1.27      1.27      1.27
  6556.45      1.87      1.97      1.99      2.06      2.03      2.07      2.01      2.04      1.90      1.87      1.86      1.86
  6557.45      2.90      3.05      3.08      3.20      3.16      3.21      3.14      3.18      2.97      2.93      2.92      2.92
  6558.45      3.22      3.38      3.41      3.54      3.51      3.57      3.48      3.53      3.31      3.26      3.25      3.25
  6559.45      3.29      3.44      3.48      3.61      3.59      3.65      3.56      3.60      3.39      3.33      3.31      3.32
  6560.45      3.29      3.43      3.48      3.61      3.58      3.65      3.56      3.59      3.38      3.33      3.30      3.31
  6561.45      3.27      3.41      3.45      3.59      3.55      3.63      3.53      3.57      3.35      3.30      3.29      3.28
  6562.45      3.15      3.28      3.32      3.45      3.41      3.49      3.39      3.44      3.22      3.16      3.15      3.15
  6563.45      2.57      2.67      2.72      2.81      2.77      2.85      2.75      2.80      2.62      2.56      2.53      2.56
  6564.45      2.00      2.08      2.12      2.19      2.16      2.23      2.15      2.19      2.04      1.98      1.96      1.99
  6565.45      2.35      2.44      2.48      2.58      2.54      2.62      2.54      2.57      2.40      2.34      2.31      2.35
  6566.45      3.07      3.18      3.22      3.36      3.31      3.41      3.30      3.35      3.15      3.07      3.03      3.07
  6567.45      3.29      3.40      3.43      3.58      3.55      3.65      3.52      3.58      3.37      3.29      3.26      3.28
  6568.45      3.22      3.33      3.37      3.50      3.47      3.58      3.46      3.52      3.30      3.22      3.21      3.21
  6569.45      2.81      2.91      2.94      3.06      3.03      3.12      3.01      3.07      2.87      2.81      2.79      2.79
  6570.45      2.29      2.36      2.39      2.48      2.46      2.54      2.44      2.49      2.33      2.28      2.26      2.26
  6571.45      2.56      2.65      2.68      2.78      2.76      2.85      2.73      2.79      2.61      2.55      2.54      2.54
  6572.45      3.01      3.11      3.14      3.27      3.24      3.36      3.22      3.28      3.07      3.00      2.98      2.99
  6573.45      3.13      3.22      3.26      3.39      3.37      3.49      3.33      3.41      3.19      3.12      3.09      3.10
  6574.45      3.19      3.28      3.32      3.45      3.42      3.55      3.39      3.47      3.25      3.17      3.14      3.16
  6575.45      3.21      3.29      3.35      3.48      3.44      3.57      3.43      3.51      3.28      3.20      3.17      3.18
  6576.45      3.20      3.27      3.34      3.47      3.43      3.56      3.43      3.50      3.27      3.18      3.17      3.17
  6577.45      2.79      2.84      2.90      3.00      2.97      3.09      2.96      3.03      2.83      2.74      2.74      2.74
  6578.45      1.78      1.80      1.85      1.91      1.88      1.97      1.87      1.92      1.79      1.73      1.72      1.73
  6579.45      1.59      1.61      1.65      1.70      1.68      1.76      1.67      1.72      1.60      1.55      1.54      1.54
  6580.45      2.41      2.44      2.49      2.58      2.56      2.67      2.54      2.61      2.44      2.35      2.34      2.35
  6581.45      3.09      3.13      3.18      3.32      3.30      3.42      3.26      3.36      3.15      3.03      3.03      3.03
  6582.45      3.22      3.27      3.32      3.47      3.46      3.58      3.41      3.51      3.29      3.18      3.17      3.17
  6583.45      3.20      3.24      3.31      3.45      3.43      3.56      3.39      3.50      3.27      3.16      3.15      3.14
  6584.45      3.05      3.10      3.17      3.29      3.27      3.40      3.24      3.34      3.12      3.01      2.99      2.99
  6585.45      2.97      3.02      3.08      3.20      3.18      3.32      3.15      3.25      3.03      2.93      2.90      2.92
  6586.45      3.10      3.14      3.21      3.32      3.32      3.45      3.28      3.39      3.16      3.07      3.03      3.05
  6587.45      3.25      3.28      3.36      3.48      3.47      3.62      3.43      3.55      3.32      3.21      3.18      3.20
  6588.45      3.31      3.34      3.41      3.55      3.52      3.68      3.50      3.61      3.38      3.27      3.24      3.25
  6589.45      3.35      3.37      3.45      3.60      3.55      3.72      3.54      3.64      3.42      3.31      3.28      3.29
  6590.45      3.34      3.35      3.45      3.59      3.55      3.70      3.54      3.64      3.41      3.30      3.27      3.28
  6591.45      3.29      3.30      3.39      3.53      3.50      3.65      3.49      3.59      3.36      3.24      3.21      3.22
  6592.45      3.20      3.22      3.30      3.44      3.41      3.56      3.39      3.49      3.28      3.15      3.12      3.14
  6593.45      3.19      3.22      3.29      3.43      3.41      3.55      3.39      3.49      3.27      3.13      3.12      3.13
  6594.45      3.33      3.36      3.43      3.57      3.55      3.69      3.53      3.63      3.41      3.26      3.25      3.26
  6595.45      3.40      3.42      3.49      3.64      3.61      3.76      3.59      3.70      3.47      3.32      3.32      3.32
  6596.45      3.29      3.29      3.37      3.51      3.48      3.62      3.46      3.57      3.34      3.20      3.19      3.20
  6597.45      2.90      2.90      2.97      3.08      3.06      3.19      3.03      3.14      2.92      2.80      2.79      2.81
  6598.45      2.56      2.56      2.62      2.72      2.71      2.83      2.68      2.78      2.59      2.48      2.46      2.48
  6599.45      2.89      2.89      2.97      3.07      3.07      3.19      3.03      3.14      2.94      2.81      2.79      2.80
  6600.45      3.24      3.24      3.31      3.45      3.43      3.57      3.40      3.51      3.30      3.15      3.13      3.14
  6601.45      3.30      3.30      3.36      3.51      3.48      3.62      3.45      3.57      3.36      3.20      3.19      3.19
  6602.45      3.28      3.28      3.34      3.49      3.46      3.59      3.42      3.55      3.34      3.18      3.16      3.17
  6603.45      3.27      3.25      3.33      3.46      3.43      3.57      3.40      3.52      3.31      3.16      3.14      3.14
  6604.45      2.95      2.93      3.01      3.12      3.09      3.22      3.06      3.17      2.98      2.84      2.82      2.83
  6605.45      2.21      2.19      2.25      2.34      2.30      2.41      2.29      2.37      2.23      2.11      2.09      2.10
  6606.45      2.21      2.19      2.25      2.33      2.29      2.41      2.29      2.37      2.23      2.11      2.09      2.10
  6607.45      2.95      2.93      3.00      3.10      3.07      3.21      3.07      3.18      2.98      2.84      2.81      2.81
  6608.45      3.32      3.31      3.39      3.50      3.47      3.62      3.46      3.59      3.37      3.22      3.19      3.18
  6609.45      3.45      3.43      3.51      3.63      3.61      3.75      3.59      3.72      3.50      3.33      3.31      3.31
  6610.45      3.45      3.42      3.50      3.63      3.61      3.75      3.59      3.72      3.49      3.33      3.31      3.30
  6611.45      3.37      3.35      3.43      3.55      3.53      3.67      3.51      3.62      3.42      3.25      3.23      3.21
  6612.45      3.38      3.34      3.43      3.55      3.52      3.67      3.51      3.62      3.42      3.26      3.22      3.21
  6613.45      3.40      3.35      3.45      3.56      3.54      3.68      3.54      3.64      3.44      3.28      3.24      3.24
  6614.45      3.40      3.36      3.44      3.57      3.55      3.68      3.54      3.63      3.44      3.27      3.24      3.24
  6615.45      3.44      3.40      3.48      3.61      3.60      3.72      3.58      3.67      3.49      3.31      3.28      3.28
  6616.45      2.50      2.46      2.52      2.62      2.60      2.70      2.59      2.66      2.53      2.39      2.36      2.37
  6617.45      1.43      1.41      1.45      1.50      1.49      1.55      1.48      1.52      1.45      1.37      1.35      1.35
  6618.45      1.40      1.37      1.42      1.46      1.45      1.51      1.45      1.49      1.42      1.34      1.32      1.32
  6619.45      2.35      2.32      2.39      2.47      2.45      2.55      2.45      2.50      2.39      2.26      2.24      2.23
  6620.45      3.36      3.31      3.40      3.52      3.49      3.62      3.49      3.56      3.40      3.22      3.19      3.18
  6621.45      3.39      3.34      3.44      3.55      3.53      3.65      3.52      3.59      3.43      3.25      3.21      3.20
  6622.45      3.38      3.33      3.41      3.54      3.52      3.63      3.50      3.57      3.41      3.23      3.19      3.18
  6623.45      3.40      3.35      3.43      3.55      3.55      3.66      3.52      3.58      3.43      3.26      3.21      3.20
  6624.45      3.40      3.36      3.44      3.55      3.54      3.65      3.53      3.58      3.45      3.27      3.22      3.21
  6625.45      3.39      3.35      3.43      3.55      3.52      3.63      3.51      3.58      3.44      3.26      3.22      3.21
  6626.45      3.43      3.38      3.47      3.59      3.55      3.66      3.55      3.61      3.48      3.30      3.25      3.25
  6627.45      3.45      3.39      3.49      3.60      3.57      3.67      3.57      3.61      3.50      3.30      3.25      3.26
  6628.45      3.24      3.19      3.28      3.37      3.35      3.45      3.35      3.37      3.28      3.09      3.04      3.04
  6629.45      3.02      2.97      3.05      3.13      3.12      3.21      3.11      3.14      3.05      2.89      2.84      2.83
  6630.45      3.24      3.18      3.26      3.35      3.33      3.43      3.33      3.37      3.26      3.10      3.04      3.04
  6631.45      3.45      3.39      3.48      3.57      3.56      3.66      3.56      3.59      3.47      3.30      3.25      3.25
  6632.45      3.50      3.43      3.52      3.61      3.61      3.71      3.61      3.63      3.53      3.35      3.29      3.29
  6633.45      3.49      3.42      3.51      3.61      3.59      3.70      3.60      3.62      3.52      3.34      3.28      3.29
  6634.45      3.36      3.29      3.36      3.46      3.44      3.54      3.45      3.46      3.37      3.20      3.14      3.14
  6635.45      2.91      2.85      2.92      2.99      2.98      3.08      2.98      3.00      2.93      2.75      2.72      2.71
  6636.45      2.83      2.78      2.85      2.92      2.91      3.00      2.91      2.92      2.85      2.69      2.65      2.63
  6637.45      3.28      3.23      3.31      3.40      3.39      3.48      3.39      3.40      3.32      3.14      3.09      3.08
  6638.45      3.45      3.39      3.47      3.57      3.56      3.66      3.56      3.57      3.49      3.30      3.25      3.24
  6639.45      3.41      3.34      3.42      3.54      3.53      3.62      3.52      3.53      3.45      3.27      3.21      3.21
  6640.45      3.41      3.34      3.43      3.52      3.52      3.61      3.51      3.53      3.45      3.27      3.20      3.20
  6641.45      3.46      3.39      3.48      3.57      3.57      3.66      3.56      3.57      3.51      3.31      3.24      3.25
  6642.45      3.49      3.41      3.51      3.59      3.59      3.68      3.59      3.59      3.53      3.34      3.27      3.27
  6643.45      3.51      3.43      3.52      3.61      3.59      3.69      3.60      3.59      3.54      3.36      3.29      3.28
  6644.45      3.54      3.47      3.55      3.64      3.63      3.73      3.64      3.63      3.58      3.39      3.32      3.31
  6645.45      3.60      3.53      3.61      3.71      3.70      3.79      3.71      3.70      3.64      3.45      3.38      3.38
  6646.45      3.62      3.54      3.62      3.72      3.72      3.80      3.72      3.71      3.66      3.45      3.40      3.39
  6647.45      3.62      3.55      3.63      3.73      3.72      3.82      3.73      3.72      3.67      3.45      3.41      3.40
  6648.45      3.64      3.57      3.66      3.75      3.73      3.84      3.75      3.75      3.69      3.48      3.43      3.42
  6649.45      3.62      3.54      3.62      3.72      3.70      3.81      3.71      3.71      3.66      3.46      3.40      3.39
  6650.45      3.56      3.47      3.55      3.64      3.63      3.73      3.64      3.64      3.58      3.39      3.33      3.32
  6651.45      3.52      3.43      3.51      3.60      3.59      3.69      3.61      3.59      3.54      3.36      3.30      3.28
  6652.45      3.51      3.42      3.50      3.59      3.59      3.67      3.60      3.57      3.54      3.34      3.28      3.27
  6653.45      3.54      3.46      3.54      3.63      3.62      3.71      3.63      3.61      3.58      3.37      3.32      3.30
  6654.45      3.56      3.47      3.56      3.64      3.63      3.73      3.65      3.63      3.61      3.38      3.34      3.32
  6655.45      3.58      3.48      3.57      3.65      3.64      3.74      3.66      3.64      3.62      3.39      3.35      3.32
  6656.45      3.60      3.49      3.58      3.66      3.66      3.75      3.68      3.66      3.64      3.41      3.37      3.33
  6657.45      3.66      3.56      3.64      3.72      3.72      3.81      3.75      3.74      3.70      3.47      3.43      3.39
  6658.45      3.73      3.63      3.72      3.79      3.79      3.88      3.81      3.80      3.77      3.54      3.49      3.46
  6659.45      3.95      3.84      3.94      4.02      4.02      4.10      4.04      4.02      3.98      3.75      3.69      3.67
  6660.45      3.83      3.73      3.83      3.90      3.90      3.99      3.92      3.90      3.86      3.64      3.58      3.56
  6661.45      2.39      2.32      2.39      2.43      2.43      2.49      2.45      2.42      2.41      2.27      2.22      2.21
  6662.45      1.76      1.71      1.75      1.78      1.78      1.82      1.80      1.78      1.77      1.66      1.62      1.61
  6663.45      1.62      1.57      1.61      1.63      1.64      1.68      1.65      1.63      1.62      1.52      1.48      1.48
  6664.45      2.20      2.13      2.18      2.21      2.22      2.28      2.24      2.21      2.21      2.07      2.03      2.02
  6665.45      3.68      3.57      3.65      3.71      3.72      3.81      3.74      3.70      3.70      3.49      3.43      3.40
  6666.45      4.09      3.96      4.05      4.13      4.12      4.22      4.15      4.11      4.11      3.88      3.81      3.78
  6667.45      4.04      3.91      4.01      4.08      4.07      4.18      4.11      4.07      4.06      3.84      3.77      3.74
  6668.45      3.88      3.75      3.85      3.91      3.90      4.01      3.94      3.89      3.90      3.67      3.61      3.57
  6669.45      3.75      3.63      3.72      3.78      3.77      3.89      3.82      3.77      3.77      3.54      3.49      3.46
  6670.45      3.98      3.85      3.95      4.02      4.01      4.13      4.05      4.00      4.00      3.77      3.71      3.68
  6671.45      4.22      4.09      4.19      4.27      4.26      4.37      4.29      4.25      4.25      4.01      3.95      3.91
  6672.45      4.35      4.21      4.31      4.41      4.39      4.50      4.43      4.38      4.38      4.13      4.06      4.04
  6673.45      4.47      4.32      4.44      4.54      4.51      4.63      4.56      4.50      4.50      4.25      4.17      4.15
  6674.45      4.64      4.49      4.60      4.71      4.68      4.80      4.72      4.66      4.66      4.42      4.33      4.30
  6675.45      4.72      4.57      4.68      4.78      4.75      4.87      4.80      4.73      4.74      4.50      4.40      4.37
  6676.45      4.11      3.96      4.07      4.14      4.13      4.24      4.18      4.11      4.12      3.91      3.81      3.78
  6677.45      2.57      2.46      2.54      2.58      2.57      2.65      2.61      2.56      2.57      2.42      2.35      2.33
  6678.45      1.95      1.87      1.92      1.95      1.94      2.01      1.98      1.94      1.95      1.83      1.78      1.77
  6679.45      1.61      1.54      1.58      1.61      1.60      1.66      1.63      1.59      1.60      1.51      1.47      1.46
  6680.45      2.00      1.92      1.97      2.00      2.00      2.06      2.03      1.99      2.00      1.88      1.83      1.82
  6681.45      3.86      3.70      3.79      3.86      3.85      3.97      3.90      3.83      3.85      3.64      3.53      3.52
  6682.45      4.85      4.67      4.77      4.87      4.85      4.99      4.91      4.84      4.85      4.59      4.48      4.46
  6683.45      4.85      4.67      4.78      4.87      4.86      4.99      4.92      4.85      4.86      4.60      4.50      4.47
  6684.45      4.80      4.63      4.74      4.82      4.81      4.94      4.87      4.81      4.82      4.56      4.48      4.43
  6685.45      4.69      4.51      4.60      4.69      4.68      4.81      4.74      4.68      4.68      4.44      4.36      4.32
  6686.45      4.49      4.31      4.39      4.48      4.47      4.61      4.54      4.46      4.47      4.24      4.16      4.12
  6687.45      4.19      4.02      4.09      4.17      4.17      4.31      4.25      4.15      4.17      3.95      3.88      3.84
  6688.45      3.89      3.74      3.79      3.87      3.87      4.00      3.95      3.85      3.87      3.67      3.58      3.54
  6689.45      2.99      2.86      2.91      2.97      2.96      3.07      3.02      2.95      2.97      2.82      2.73      2.70
  6690.45      2.12      2.02      2.06      2.10      2.09      2.18      2.14      2.08      2.11      2.00      1.93      1.90
  6691.45      2.35      2.24      2.27      2.32      2.32      2.42      2.37      2.31      2.33      2.20      2.15      2.11
  6692.45      3.54      3.39      3.43      3.51      3.50      3.64      3.59      3.49      3.52      3.33      3.25      3.20
  6693.45      4.10      3.94      3.98      4.07      4.05      4.21      4.16      4.05      4.09      3.86      3.76      3.72
  6694.45      4.16      3.99      4.03      4.13      4.11      4.26      4.21      4.09      4.15      3.91      3.81      3.78
  6695.45      4.16      3.99      4.03      4.13      4.10      4.25      4.22      4.08      4.15      3.92      3.80      3.77
  6696.45      4.14      3.96      4.00      4.11      4.07      4.23      4.19      4.07      4.12      3.90      3.78      3.74
  6697.45      4.14      3.95      4.00      4.11      4.05      4.23      4.18      4.07      4.12      3.90      3.78      3.75
  6698.45      4.12      3.93      3.97      4.07      4.03      4.20      4.15      4.04      4.10      3.88      3.75      3.72
  6699.45      4.04      3.85      3.89      3.97      3.95      4.11      4.07      3.95      4.01      3.80      3.67      3.63
  6700.45      3.89      3.71      3.73      3.81      3.79      3.96      3.92      3.79      3.85      3.64      3.53      3.47
  6701.45      3.85      3.67      3.69      3.76      3.74      3.92      3.87      3.74      3.80      3.59      3.48      3.43
  6702.45      3.97      3.78      3.81      3.88      3.85      4.03      4.00      3.86      3.92      3.71      3.60      3.54
  6703.45      4.03      3.85      3.88      3.96      3.93      4.10      4.08      3.93      4.00      3.78      3.66      3.62
  6704.45      4.05      3.86      3.88      3.97      3.95      4.12      4.10      3.93      4.01      3.80      3.66      3.63
  6705.45      3.93      3.74      3.76      3.85      3.83      3.99      3.99      3.81      3.90      3.68      3.55      3.51
  6706.45      3.86      3.68      3.69      3.78      3.76      3.92      3.92      3.74      3.83      3.62      3.48      3.45
  6707.45      3.99      3.80      3.80      3.90      3.88      4.05      4.04      3.87      3.95      3.73      3.59      3.56
  6708.45      4.07      3.86      3.86      3.96      3.94      4.12      4.11      3.93      4.02      3.79      3.65      3.62
  6709.45      4.06      3.84      3.84      3.94      3.93      4.11      4.10      3.92      4.01      3.79      3.64      3.60
  6710.45      4.07      3.84      3.85      3.93      3.92      4.10      4.10      3.92      4.03      3.79      3.65      3.60
  6711.45      4.08      3.85      3.85      3.94      3.95      4.11      4.10      3.93      4.04      3.79      3.66      3.60
  6712.45      4.07      3.86      3.84      3.94      3.95      4.11      4.11      3.93      4.04      3.80      3.64      3.60
  6713.45      4.10      3.88      3.86      3.96      3.97      4.13      4.14      3.95      4.05      3.82      3.66      3.62
  6714.45      4.11      3.87      3.86      3.96      3.96      4.13      4.14      3.94      4.05      3.82      3.66      3.62
  6715.45      4.05      3.82      3.79      3.90      3.89      4.07      4.07      3.88      4.00      3.76      3.61      3.56
  6716.45      4.01      3.77      3.74      3.84      3.83      4.01      4.01      3.83      3.95      3.69      3.55      3.51
  6717.45      3.90      3.68      3.63      3.73      3.73      3.91      3.91      3.72      3.83      3.58      3.44      3.42
  6718.45      3.74      3.53      3.47      3.56      3.56      3.74      3.74      3.56      3.66      3.44      3.29      3.26
  6719.45      3.79      3.57      3.51      3.61      3.61      3.81      3.79      3.61      3.72      3.50      3.35      3.30
  6720.45      4.04      3.80      3.75      3.86      3.86      4.06      4.05      3.84      3.97      3.74      3.57      3.52
  6721.45      4.18      3.92      3.87      4.00      3.98      4.18      4.19      3.96      4.10      3.86      3.68      3.65
  6722.45      4.22      3.95      3.90      4.03      4.00      4.20      4.21      3.99      4.13      3.88      3.71      3.67
  6723.45      4.25      3.97      3.92      4.05      4.02      4.21      4.25      4.01      4.15      3.91      3.74      3.68
  6724.45      4.25      3.97      3.91      4.03      4.02      4.19      4.25      4.01      4.14      3.90      3.74      3.68
  6725.45      4.24      3.95      3.89      4.02      4.00      4.18      4.23      3.99      4.13      3.89      3.72      3.67
  6726.45      4.28      3.99      3.91      4.05      4.03      4.22      4.26      4.01      4.17      3.93      3.75      3.69
  6727.45      4.31      4.01      3.93      4.07      4.05      4.24      4.28      4.03      4.19      3.95      3.78      3.72
  6728.45      4.31      4.01      3.92      4.06      4.05      4.23      4.28      4.04      4.20      3.95      3.76      3.71
  6729.45      4.28      3.98      3.87      4.01      4.00      4.19      4.24      4.00      4.16      3.91      3.72      3.67
  6730.45      4.26      3.96      3.85      3.99      3.97      4.17      4.22      3.98      4.14      3.88      3.69      3.64
  6731.45      4.21      3.90      3.79      3.93      3.91      4.11      4.15      3.92      4.07      3.82      3.62      3.56
  6732.45      4.06      3.75      3.65      3.79      3.77      3.96      3.98      3.77      3.91      3.68      3.48      3.42
  6733.45      4.00      3.68      3.58      3.71      3.70      3.89      3.90      3.70      3.84      3.61      3.42      3.37
  6734.45      4.21      3.87      3.76      3.90      3.90      4.09      4.10      3.89      4.03      3.81      3.61      3.55
  6735.45      4.42      4.05      3.92      4.08      4.07      4.28      4.28      4.07      4.21      3.99      3.78      3.71
  6736.45      4.45      4.07      3.94      4.10      4.08      4.29      4.31      4.08      4.23      4.01      3.79      3.72
  6737.45      4.46      4.07      3.94      4.09      4.08      4.27      4.30      4.08      4.22      4.00      3.78      3.71
  6738.45      4.47      4.07      3.93      4.08      4.08      4.27      4.31      4.08      4.23      4.00      3.78      3.72
  6739.45      4.50      4.10      3.95      4.10      4.11      4.30      4.33      4.10      4.25      4.03      3.80      3.74
  6740.45      4.47      4.06      3.92      4.06      4.07      4.27      4.28      4.05      4.21      4.00      3.77      3.70
  6741.45      4.34      3.94      3.80      3.93      3.94      4.13      4.14      3.92      4.07      3.87      3.65      3.57
  6742.45      4.37      3.95      3.80      3.94      3.95      4.14      4.16      3.94      4.08      3.88      3.66      3.59
  6743.45      4.47      4.02      3.87      4.02      4.03      4.22      4.25      4.03      4.15      3.96      3.73      3.68
  6744.45      4.51      4.05      3.90      4.05      4.05      4.24      4.27      4.05      4.17      3.98      3.75      3.69
  6745.45      4.44      3.98      3.83      3.98      3.97      4.17      4.19      3.98      4.10      3.91      3.68      3.63
  6746.45      4.38      3.91      3.75      3.90      3.89      4.09      4.11      3.90      4.02      3.83      3.61      3.56
  6747.45      4.49      3.99      3.82      3.97      3.97      4.17      4.18      3.98      4.11      3.91      3.70      3.63
  6748.45      4.60      4.09      3.91      4.06      4.07      4.28      4.28      4.08      4.20      4.01      3.80      3.72
  6749.45      4.67      4.15      3.97      4.13      4.14      4.34      4.35      4.15      4.27      4.07      3.86      3.77
  6750.45      4.72      4.18      4.00      4.16      4.17      4.36      4.39      4.18      4.30      4.10      3.88      3.80
  6751.45      4.71      4.16      3.98      4.14      4.14      4.34      4.36      4.16      4.26      4.08      3.86      3.77
  6752.45      4.73      4.16      3.97      4.14      4.13      4.33      4.34      4.15      4.25      4.08      3.84      3.76
  6753.45      4.78      4.19      4.00      4.17      4.15      4.35      4.38      4.18      4.28      4.11      3.87      3.79
  6754.45      4.81      4.20      4.01      4.18      4.17      4.36      4.39      4.19      4.29      4.12      3.88      3.81
  6755.45      4.81      4.21      4.00      4.17      4.17      4.36      4.38      4.18      4.29      4.11      3.87      3.80
  6756.45      4.84      4.22      4.02      4.18      4.18      4.38      4.38      4.20      4.29      4.13      3.88      3.80
  6757.45      4.85      4.23      4.01      4.17      4.18      4.38      4.38      4.20      4.28      4.13      3.88      3.80
  6758.45      4.87      4.23      4.01      4.17      4.18      4.38      4.37      4.20      4.27      4.13      3.88      3.81
  6759.45      4.91      4.24      4.02      4.19      4.19      4.39      4.37      4.22      4.28      4.15      3.91      3.82
  6760.45      4.92      4.22      4.01      4.17      4.18      4.38      4.36      4.21      4.27      4.14      3.91      3.81
  6761.45      4.91      4.20      3.99      4.15      4.16      4.35      4.34      4.19      4.24      4.12      3.88      3.79
  6762.45      4.87      4.15      3.94      4.10      4.11      4.31      4.29      4.14      4.19      4.07      3.82      3.75
  6763.45      4.10      3.47      3.28      3.42      3.42      3.60      3.58      3.44      3.50      3.40      3.18      3.12
  6764.45      2.65      2.22      2.09      2.17      2.17      2.29      2.28      2.19      2.23      2.16      2.03      1.97
  6765.45      2.45      2.04      1.92      2.00      2.00      2.11      2.11      2.02      2.06      1.99      1.87      1.81
  6766.45      3.68      3.07      2.90      3.01      3.01      3.17      3.16      3.04      3.09      2.99      2.81      2.74
  6767.45      4.95      4.16      3.93      4.08      4.09      4.29      4.27      4.13      4.17      4.05      3.82      3.73
  6768.45      5.10      4.29      4.04      4.20      4.20      4.41      4.40      4.25      4.28      4.18      3.92      3.83
  6769.45      5.14      4.30      4.05      4.22      4.21      4.43      4.41      4.26      4.29      4.20      3.93      3.85
  6770.45      5.13      4.27      4.03      4.20      4.18      4.39      4.38      4.23      4.26      4.17      3.90      3.83
  6771.45      5.14      4.27      4.03      4.19      4.17      4.38      4.36      4.23      4.25      4.17      3.90      3.83
  6772.45      5.18      4.30      4.05      4.21      4.19      4.41      4.38      4.25      4.28      4.19      3.93      3.85
  6773.45      5.21      4.31      4.05      4.22      4.21      4.41      4.39      4.26      4.29      4.20      3.94      3.86
  6774.45      5.24      4.32      4.06      4.23      4.22      4.42      4.41      4.26      4.30      4.22      3.95      3.87
  6775.45      5.25      4.32      4.05      4.23      4.22      4.42      4.41      4.26      4.29      4.23      3.94      3.86
  6776.45      5.27      4.32      4.06      4.25      4.22      4.42      4.41      4.27      4.29      4.23      3.94      3.86
  6777.45      5.30      4.33      4.08      4.26      4.23      4.44      4.42      4.28      4.29      4.24      3.97      3.87
  6778.45      5.31      4.34      4.08      4.26      4.23      4.45      4.41      4.29      4.29      4.23      3.97      3.88
  6779.45      5.36      4.37      4.11      4.29      4.27      4.48      4.44      4.33      4.33      4.25      4.00      3.92
  6780.45      5.39      4.38      4.12      4.29      4.28      4.49      4.44      4.34      4.35      4.25      4.01      3.92
  6781.45      5.37      4.36      4.10      4.27      4.26      4.47      4.43      4.31      4.34      4.24      3.99      3.90
  6782.45      5.39      4.37      4.10      4.28      4.25      4.46      4.43      4.31      4.33      4.27      4.00      3.90
  6783.45      5.35      4.34      4.06      4.24      4.21      4.43      4.39      4.27      4.28      4.24      3.96      3.87
  6784.45      5.29      4.28      4.01      4.19      4.16      4.36      4.34      4.21      4.22      4.18      3.92      3.83
  6785.45      5.20      4.19      3.93      4.10      4.07      4.26      4.24      4.12      4.14      4.08      3.83      3.75
  6786.45      5.21      4.19      3.93      4.09      4.05      4.25      4.23      4.10      4.13      4.08      3.81      3.74
  6787.45      5.30      4.26      4.00      4.15      4.11      4.33      4.30      4.17      4.19      4.15      3.87      3.79
  6788.45      5.31      4.25      3.99      4.14      4.11      4.33      4.30      4.17      4.18      4.15      3.87      3.80
  6789.45      5.20      4.16      3.90      4.05      4.03      4.23      4.20      4.08      4.08      4.06      3.78      3.72
  6790.45      5.19      4.15      3.88      4.04      4.01      4.21      4.18      4.06      4.07      4.04      3.77      3.70
  6791.45      5.33      4.27      3.99      4.15      4.12      4.33      4.29      4.18      4.19      4.16      3.87      3.79
  6792.45      5.40      4.33      4.05      4.20      4.17      4.40      4.35      4.24      4.25      4.22      3.94      3.85
  6793.45      5.42      4.35      4.07      4.22      4.19      4.42      4.36      4.27      4.26      4.24      3.97      3.88
  6794.45      5.44      4.38      4.09      4.25      4.22      4.44      4.38      4.30      4.28      4.27      4.00      3.91
  6795.45      5.45      4.39      4.10      4.27      4.24      4.43      4.39      4.30      4.28      4.28      4.01      3.92
  6796.45      5.46      4.39      4.10      4.28      4.24      4.44      4.41      4.29      4.29      4.29      4.02      3.93
  6797.45      5.45      4.38      4.09      4.27      4.23      4.44      4.39      4.28      4.29      4.28      4.00      3.92
  6798.45      5.44      4.37      4.07      4.25      4.21      4.43      4.37      4.27      4.27      4.27      3.99      3.91
  6799.45      5.45      4.40      4.09      4.26      4.22      4.45      4.38      4.29      4.27      4.27      3.99      3.92
  6800.45      5.43      4.39      4.08      4.25      4.20      4.44      4.37      4.28      4.25      4.25      3.98      3.89
  6801.45      5.41      4.38      4.06      4.24      4.19      4.43      4.35      4.27      4.24      4.24      3.98      3.88
  6802.45      5.42      4.39      4.07      4.25      4.20      4.43      4.37      4.29      4.25      4.25      3.99      3.89
  6803.45      5.39      4.36      4.06      4.23      4.17      4.40      4.34      4.26      4.23      4.24      3.96      3.87
  6804.45      5.34      4.32      4.02      4.19      4.13      4.36      4.30      4.22      4.19      4.20      3.92      3.82
  6805.45      5.36      4.35      4.04      4.21      4.16      4.39      4.33      4.24      4.21      4.22      3.95      3.84
  6806.45      5.41      4.39      4.08      4.25      4.20      4.44      4.37      4.28      4.26      4.27      4.00      3.87
  6807.45      5.41      4.40      4.08      4.25      4.20      4.43      4.37      4.29      4.26      4.26      4.00      3.87
  6808.45      5.42      4.42      4.09      4.26      4.21      4.44      4.38      4.31      4.26      4.26      4.01      3.88
  6809.45      5.40      4.41      4.09      4.25      4.20      4.43      4.37      4.30      4.25      4.26      4.01      3.88
  6810.45      5.36      4.39      4.07      4.23      4.17      4.41      4.35      4.27      4.23      4.24      3.98      3.87
  6811.45      5.33      4.39      4.06      4.22      4.15      4.40      4.33      4.26      4.20      4.23      3.96      3.85
  6812.45      5.32      4.39      4.06      4.24      4.16      4.41      4.33      4.28      4.21      4.24      3.96      3.85
  6813.45      5.29      4.38      4.05      4.23      4.16      4.40      4.33      4.27      4.21      4.24      3.97      3.85
  6814.45      5.27      4.37      4.04      4.22      4.16      4.38      4.33      4.26      4.21      4.24      3.97      3.84
  6815.45      5.26      4.38      4.04      4.23      4.17      4.39      4.34      4.26      4.22      4.24      3.97      3.83
  6816.45      5.28      4.41      4.06      4.25      4.18      4.41      4.36      4.29      4.25      4.26      4.00      3.85
  6817.45      5.30      4.44      4.09      4.27      4.20      4.44      4.38      4.31      4.27      4.29      4.03      3.89
  6818.45      5.28      4.44      4.09      4.27      4.18      4.43      4.38      4.31      4.27      4.29      4.03      3.90
  6819.45      5.23      4.42      4.06      4.24      4.14      4.39      4.35      4.28      4.24      4.25      4.00      3.87
  6820.45      5.16      4.37      4.02      4.18      4.10      4.34      4.31      4.24      4.18      4.21      3.96      3.83
  6821.45      5.19      4.41      4.05      4.22      4.14      4.38      4.35      4.28      4.21      4.24      4.00      3.85
  6822.45      5.22      4.45      4.10      4.27      4.19      4.44      4.40      4.33      4.26      4.28      4.04      3.90
  6823.45      5.18      4.43      4.08      4.25      4.18      4.42      4.38      4.30      4.25      4.27      4.02      3.88
  6824.45      5.17      4.45      4.09      4.27      4.19      4.42      4.39      4.31      4.26      4.29      4.03      3.89
  6825.45      5.14      4.43      4.07      4.24      4.17      4.41      4.37      4.30      4.24      4.28      4.01      3.87
  6826.45      5.04      4.35      4.00      4.16      4.10      4.33      4.30      4.23      4.16      4.20      3.93      3.80
  6827.45      4.76      4.11      3.77      3.91      3.84      4.07      4.03      3.96      3.90      3.94      3.69      3.55
  6828.45      3.56      3.04      2.77      2.87      2.81      2.99      2.96      2.91      2.86      2.89      2.69      2.58
  6829.45      2.48      2.10      1.90      1.96      1.92      2.05      2.02      1.99      1.95      1.98      1.83      1.75
  6830.45      2.00      1.69      1.52      1.57      1.54      1.64      1.61      1.59      1.55      1.59      1.46      1.40
  6831.45      1.70      1.45      1.30      1.34      1.31      1.40      1.38      1.36      1.32      1.35      1.25      1.20
  6832.45      2.50      2.16      1.94      2.02      1.98      2.11      2.09      2.05      2.00      2.03      1.89      1.81
  6833.45      3.71      3.28      2.96      3.06      3.01      3.20      3.17      3.11      3.05      3.09      2.88      2.76
  6834.45      3.21      2.84      2.55      2.64      2.58      2.75      2.72      2.68      2.63      2.66      2.47      2.37
  6835.45      2.02      1.78      1.59      1.64      1.60      1.71      1.70      1.66      1.63      1.65      1.52      1.46
  6836.45      1.68      1.49      1.32      1.36      1.34      1.42      1.42      1.39      1.35      1.37      1.27      1.21
  6837.45      2.76      2.48      2.22      2.30      2.26      2.39      2.39      2.35      2.29      2.32      2.15      2.06
  6838.45      4.27      3.89      3.51      3.65      3.58      3.77      3.78      3.74      3.64      3.69      3.46      3.31
  6839.45      4.73      4.34      3.94      4.10      4.02      4.23      4.24      4.20      4.09      4.15      3.90      3.72
  6840.45      4.66      4.28      3.89      4.04      3.97      4.19      4.19      4.15      4.04      4.10      3.84      3.68
  6841.45      4.26      3.91      3.54      3.66      3.61      3.83      3.81      3.77      3.68      3.73      3.48      3.33
  6842.45      3.92      3.60      3.25      3.35      3.32      3.52      3.50      3.46      3.36      3.42      3.18      3.04
  6843.45      3.23      2.95      2.66      2.74      2.70      2.87      2.86      2.83      2.74      2.80      2.59      2.47
  6844.45      3.40      3.13      2.82      2.90      2.86      3.03      3.02      3.01      2.91      2.98      2.76      2.62
  6845.45      4.38      4.09      3.70      3.82      3.76      3.97      3.97      3.95      3.82      3.90      3.64      3.47
  6846.45      4.72      4.44      4.03      4.15      4.11      4.33      4.33      4.31      4.16      4.26      3.99      3.79
  6847.45      4.75      4.49      4.07      4.20      4.16      4.39      4.38      4.36      4.22      4.31      4.04      3.84
  6848.45      4.76      4.52      4.10      4.23      4.19      4.41      4.40      4.39      4.24      4.34      4.07      3.86
  6849.45      4.73      4.52      4.09      4.21      4.17      4.40      4.39      4.39      4.23      4.33      4.07      3.85
  6850.45      4.67      4.47      4.04      4.17      4.11      4.35      4.34      4.35      4.18      4.27      4.01      3.80
  6851.45      4.47      4.29      3.87      3.99      3.93      4.16      4.15      4.16      4.00      4.09      3.83      3.63
  6852.45      4.29      4.13      3.71      3.83      3.78      3.99      3.99      4.00      3.84      3.94      3.67      3.49
  6853.45      4.45      4.30      3.88      3.99      3.94      4.15      4.17      4.17      4.01      4.12      3.83      3.64
  6854.45      4.62      4.50      4.06      4.17      4.13      4.34      4.36      4.36      4.19      4.32      4.02      3.81
  6855.45      4.66      4.56      4.11      4.22      4.19      4.40      4.42      4.42      4.24      4.38      4.08      3.86
  6856.45      4.66      4.58      4.13      4.23      4.20      4.41      4.42      4.44      4.25      4.39      4.09      3.88
  6857.45      4.66      4.58      4.13      4.24      4.19      4.41      4.42      4.44      4.25      4.38      4.10      3.88
  6858.45      4.64      4.58      4.12      4.23      4.18      4.40      4.42      4.45      4.25      4.38      4.10      3.88
  6859.45      4.65      4.60      4.14      4.23      4.20      4.43      4.44      4.47      4.27      4.40      4.12      3.90
  6860.45      4.62      4.59      4.13      4.21      4.18      4.42      4.43      4.47      4.26      4.39      4.11      3.88
  6861.45      4.58      4.56      4.11      4.18      4.15      4.39      4.40      4.44      4.23      4.37      4.08      3.85
  6862.45      4.42      4.42      3.98      4.04      4.01      4.23      4.25      4.28      4.07      4.21      3.93      3.70
  6863.45      3.66      3.67      3.27      3.32      3.28      3.48      3.48      3.50      3.33      3.46      3.21      3.02
  6864.45      2.07      2.07      1.82      1.83      1.81      1.93      1.93      1.94      1.85      1.92      1.76      1.65
  6865.45      1.06      1.06      0.93      0.93      0.92      0.98      0.98      0.98      0.94      0.97      0.89      0.84
  6866.45      1.13      1.15      1.00      1.00      1.00      1.06      1.07      1.07      1.02      1.05      0.97      0.91
  6867.45      2.33      2.37      2.10      2.10      2.10      2.22      2.23      2.25      2.13      2.20      2.04      1.91
  6868.45      3.31      3.36      3.00      3.02      3.01      3.18      3.19      3.22      3.06      3.17      2.96      2.76
  6869.45      3.27      3.33      2.97      2.99      2.97      3.15      3.16      3.20      3.02      3.14      2.94      2.74
  6870.45      3.02      3.10      2.76      2.76      2.76      2.92      2.93      2.97      2.80      2.90      2.72      2.54
  6871.45      2.90      2.98      2.65      2.65      2.65      2.80      2.80      2.84      2.69      2.78      2.60      2.44
  6872.45      2.35      2.42      2.13      2.13      2.12      2.25      2.26      2.29      2.17      2.24      2.08      1.96
  6873.45      2.41      2.49      2.19      2.19      2.18      2.32      2.33      2.36      2.23      2.30      2.14      2.02
  6874.45      3.24      3.36      2.98      2.99      2.98      3.17      3.18      3.22      3.05      3.14      2.95      2.77
  6875.45      3.68      3.83      3.41      3.42      3.41      3.61      3.64      3.68      3.49      3.60      3.38      3.18
  6876.45      3.82      3.99      3.55      3.56      3.56      3.76      3.78      3.84      3.63      3.76      3.52      3.31
  6877.45      3.87      4.06      3.61      3.61      3.62      3.82      3.84      3.90      3.69      3.81      3.58      3.36
  6878.45      3.95      4.15      3.69      3.69      3.69      3.90      3.93      3.98      3.78      3.90      3.67      3.44
  6879.45      3.95      4.17      3.71      3.69      3.69      3.91      3.93      3.98      3.78      3.90      3.67      3.44
  6880.45      4.04      4.28      3.80      3.76      3.77      4.00      4.01      4.07      3.86      3.98      3.75      3.50
  6881.45      3.89      4.12      3.64      3.59      3.60      3.82      3.84      3.89      3.69      3.80      3.58      3.34
  6882.45      3.13      3.34      2.92      2.86      2.88      3.06      3.08      3.11      2.95      3.04      2.85      2.66
  6883.45      2.99      3.20      2.79      2.74      2.76      2.93      2.94      2.97      2.82      2.90      2.73      2.54
  6884.45      3.61      3.87      3.39      3.33      3.36      3.55      3.56      3.60      3.43      3.51      3.32      3.10
  6885.45      3.96      4.26      3.74      3.69      3.71      3.92      3.94      3.98      3.78      3.88      3.68      3.44
  6886.45      4.01      4.33      3.80      3.76      3.77      3.98      4.00      4.04      3.85      3.96      3.75      3.51
  6887.45      4.01      4.35      3.81      3.77      3.78      4.00      4.02      4.05      3.88      3.98      3.77      3.52
  6888.45      3.86      4.20      3.67      3.62      3.64      3.84      3.88      3.90      3.73      3.82      3.62      3.38
  6889.45      3.44      3.75      3.25      3.20      3.22      3.40      3.44      3.46      3.29      3.38      3.20      2.98
  6890.45      2.45      2.68      2.30      2.24      2.26      2.40      2.42      2.43      2.32      2.37      2.25      2.09
  6891.45      2.10      2.31      1.97      1.93      1.94      2.06      2.07      2.09      1.99      2.03      1.93      1.79
  6892.45      2.92      3.22      2.78      2.72      2.74      2.90      2.92      2.95      2.80      2.85      2.72      2.53
  6893.45      3.77      4.15      3.60      3.54      3.57      3.78      3.79      3.82      3.64      3.71      3.55      3.31
  6894.45      4.06      4.49      3.89      3.82      3.87      4.08      4.11      4.12      3.94      4.02      3.86      3.58
  6895.45      3.79      4.21      3.64      3.56      3.62      3.80      3.83      3.85      3.68      3.75      3.61      3.35
  6896.45      3.54      3.96      3.41      3.31      3.38      3.55      3.57      3.61      3.45      3.51      3.37      3.13
  6897.45      3.89      4.35      3.75      3.65      3.72      3.91      3.92      3.97      3.80      3.86      3.71      3.45
  6898.45      4.18      4.69      4.04      3.95      4.02      4.22      4.23      4.28      4.09      4.16      4.00      3.74
  6899.45      4.10      4.63      3.99      3.89      3.95      4.15      4.17      4.21      4.03      4.09      3.93      3.68
  6900.45      3.87      4.39      3.76      3.65      3.71      3.89      3.92      3.94      3.80      3.84      3.69      3.45
  6901.45      3.12      3.56      3.01      2.91      2.95      3.11      3.13      3.14      3.03      3.07      2.94      2.74
  6902.45      2.13      2.46      2.05      1.97      2.01      2.12      2.13      2.15      2.06      2.08      1.99      1.86
  6903.45      2.42      2.81      2.34      2.25      2.30      2.42      2.43      2.46      2.35      2.38      2.28      2.12
  6904.45      3.46      3.99      3.37      3.26      3.32      3.48      3.50      3.53      3.40      3.43      3.30      3.08
  6905.45      3.88      4.49      3.80      3.68      3.74      3.93      3.95      3.98      3.84      3.86      3.73      3.49
  6906.45      4.11      4.77      4.05      3.91      3.99      4.18      4.21      4.23      4.10      4.11      3.98      3.71
  6907.45      4.18      4.86      4.13      3.98      4.07      4.27      4.30      4.31      4.18      4.18      4.06      3.78
  6908.45      4.14      4.83      4.10      3.96      4.04      4.23      4.26      4.28      4.13      4.14      4.03      3.76
  6909.45      4.12      4.83      4.08      3.94      4.02      4.21      4.23      4.25      4.10      4.13      4.02      3.74
  6910.45      4.19      4.93      4.15      4.02      4.08      4.29      4.31      4.33      4.18      4.22      4.10      3.81
  6911.45      4.16      4.92      4.12      3.99      4.04      4.26      4.28      4.31      4.16      4.18      4.06      3.78
  6912.45      3.86      4.61      3.83      3.69      3.73      3.95      3.96      3.98      3.84      3.86      3.75      3.49
  6913.45      2.64      3.22      2.62      2.50      2.53      2.69      2.69      2.70      2.61      2.63      2.54      2.36
  6914.45      1.78      2.20      1.77      1.67      1.69      1.80      1.80      1.81      1.75      1.76      1.71      1.57
  6915.45      2.40      2.97      2.39      2.27      2.31      2.45      2.45      2.46      2.39      2.39      2.33      2.14
  6916.45      3.81      4.64      3.81      3.65      3.73      3.91      3.93      3.94      3.82      3.83      3.74      3.47
  6917.45      4.18      5.10      4.20      4.04      4.12      4.31      4.34      4.35      4.21      4.23      4.14      3.84
  6918.45      4.16      5.10      4.19      4.02      4.11      4.30      4.33      4.34      4.20      4.21      4.13      3.84
  6919.45      4.16      5.12      4.20      4.03      4.10      4.31      4.33      4.35      4.21      4.22      4.14      3.85
  6920.45      4.23      5.24      4.28      4.11      4.18      4.40      4.42      4.44      4.29      4.30      4.23      3.94
  6921.45      4.22      5.25      4.27      4.10      4.18      4.40      4.42      4.42      4.28      4.29      4.22      3.92
  6922.45      4.02      5.04      4.07      3.90      3.99      4.18      4.20      4.19      4.08      4.07      4.01      3.72
  6923.45      3.11      3.95      3.14      2.99      3.05      3.20      3.22      3.21      3.13      3.12      3.05      2.84
  6924.45      1.56      2.02      1.57      1.47      1.50      1.58      1.59      1.58      1.54      1.53      1.50      1.39
  6925.45      1.33      1.75      1.34      1.25      1.28      1.35      1.36      1.35      1.32      1.30      1.28      1.18
  6926.45      2.48      3.24      2.52      2.36      2.44      2.55      2.57      2.57      2.50      2.48      2.44      2.25
  6927.45      3.83      4.92      3.90      3.71      3.80      3.97      4.01      4.01      3.90      3.86      3.82      3.54
  6928.45      4.07      5.23      4.14      3.97      4.05      4.23      4.26      4.28      4.15      4.11      4.08      3.79
  6929.45      4.00      5.16      4.08      3.90      3.98      4.16      4.19      4.21      4.08      4.05      4.01      3.73
  6930.45      4.00      5.19      4.09      3.91      3.99      4.16      4.19      4.20      4.08      4.06      4.02      3.73
  6931.45      4.06      5.29      4.16      3.98      4.06      4.23      4.26      4.27      4.16      4.13      4.09      3.79
  6932.45      4.13      5.40      4.24      4.06      4.15      4.31      4.34      4.36      4.24      4.22      4.17      3.87
  6933.45      4.17      5.47      4.29      4.11      4.19      4.36      4.39      4.40      4.29      4.26      4.21      3.90
  6934.45      4.18      5.51      4.31      4.13      4.21      4.39      4.42      4.42      4.31      4.27      4.23      3.93
  6935.45      4.17      5.52      4.31      4.13      4.21      4.39      4.41      4.42      4.32      4.27      4.23      3.95
  6936.45      4.20      5.57      4.34      4.15      4.23      4.41      4.43      4.44      4.34      4.30      4.26      3.97
  6937.45      4.19      5.58      4.34      4.13      4.23      4.40      4.44      4.43      4.34      4.29      4.26      3.95
  6938.45      4.09      5.49      4.25      4.04      4.13      4.30      4.34      4.32      4.23      4.19      4.16      3.85
  6939.45      3.70      5.01      3.84      3.65      3.72      3.87      3.92      3.90      3.82      3.77      3.75      3.47
  6940.45      2.56      3.57      2.67      2.51      2.56      2.67      2.70      2.70      2.64      2.60      2.58      2.37
  6941.45      1.86      2.63      1.94      1.81      1.84      1.93      1.95      1.95      1.90      1.87      1.86      1.71
  6942.45      2.48      3.49      2.59      2.44      2.48      2.58      2.62      2.61      2.55      2.51      2.50      2.30
  6943.45      3.56      4.90      3.72      3.52      3.58      3.71      3.78      3.76      3.68      3.63      3.61      3.34
  6944.45      3.94      5.40      4.13      3.93      3.99      4.14      4.19      4.19      4.10      4.05      4.02      3.74
  6945.45      4.12      5.66      4.33      4.12      4.19      4.35      4.39      4.41      4.30      4.25      4.22      3.93
  6946.45      4.18      5.76      4.39      4.19      4.27      4.43      4.46      4.48      4.36      4.32      4.29      4.00
  6947.45      4.13      5.71      4.34      4.15      4.23      4.38      4.42      4.44      4.32      4.26      4.25      3.96
  6948.45      3.93      5.44      4.13      3.93      4.00      4.15      4.18      4.20      4.11      4.04      4.02      3.75
  6949.45      2.78      3.94      2.92      2.75      2.80      2.92      2.92      2.93      2.88      2.83      2.81      2.61
  6950.45      1.34      1.96      1.41      1.31      1.33      1.39      1.39      1.40      1.37      1.35      1.33      1.23
  6951.45      1.29      1.91      1.37      1.26      1.28      1.34      1.35      1.35      1.32      1.30      1.29      1.19
  6952.45      2.56      3.72      2.73      2.55      2.60      2.69      2.73      2.72      2.67      2.62      2.61      2.43
  6953.45      3.57      5.07      3.80      3.58      3.65      3.77      3.82      3.81      3.73      3.67      3.68      3.41
  6954.45      3.87      5.46      4.12      3.89      3.96      4.09      4.14      4.14      4.06      3.99      4.00      3.71
  6955.45      3.99      5.61      4.24      4.01      4.09      4.23      4.28      4.27      4.20      4.12      4.13      3.84
  6956.45      3.90      5.50      4.14      3.92      3.99      4.14      4.18      4.18      4.11      4.02      4.04      3.75
  6957.45      3.80      5.38      4.06      3.82      3.90      4.04      4.08      4.08      4.01      3.92      3.95      3.65
  6958.45      3.77      5.34      4.03      3.79      3.87      4.00      4.04      4.05      3.98      3.89      3.91      3.62
  6959.45      3.80      5.39      4.07      3.84      3.92      4.03      4.09      4.09      4.01      3.94      3.95      3.67
  6960.45      3.87      5.48      4.14      3.92      3.99      4.10      4.15      4.14      4.08      4.01      4.03      3.74
  6961.45      3.87      5.49      4.14      3.91      3.99      4.10      4.16      4.12      4.09      4.02      4.04      3.74
  6962.45      3.89      5.52      4.18      3.93      4.01      4.13      4.18      4.17      4.12      4.04      4.07      3.76
  6963.45      3.93      5.57      4.24      3.98      4.07      4.18      4.22      4.23      4.17      4.09      4.11      3.81
  6964.45      3.98      5.62      4.29      4.02      4.11      4.23      4.27      4.28      4.22      4.14      4.15      3.87
  6965.45      4.00      5.66      4.33      4.06      4.15      4.26      4.31      4.33      4.26      4.17      4.18      3.90
  6966.45      4.00      5.65      4.32      4.04      4.13      4.25      4.29      4.32      4.26      4.16      4.18      3.89
  6967.45      3.86      5.46      4.16      3.90      3.98      4.11      4.14      4.15      4.11      4.01      4.03      3.74
  6968.45      3.78      5.36      4.08      3.83      3.91      4.02      4.06      4.07      4.03      3.92      3.94      3.66
  6969.45      3.87      5.48      4.19      3.93      4.01      4.12      4.16      4.19      4.12      4.03      4.05      3.77
  6970.45      3.40      4.88      3.70      3.44      3.52      3.63      3.66      3.69      3.63      3.54      3.56      3.31
  6971.45      2.40      3.52      2.62      2.41      2.47      2.54      2.57      2.60      2.55      2.48      2.49      2.31
  6972.45      2.50      3.66      2.73      2.52      2.58      2.65      2.69      2.71      2.66      2.59      2.60      2.41
  6973.45      3.53      5.03      3.85      3.60      3.67      3.76      3.82      3.84      3.78      3.68      3.71      3.45
  6974.45      3.97      5.59      4.33      4.07      4.14      4.23      4.31      4.33      4.27      4.15      4.20      3.88
  6975.45      4.06      5.69      4.43      4.16      4.24      4.33      4.42      4.44      4.36      4.25      4.30      3.98
  6976.45      4.03      5.65      4.41      4.14      4.22      4.32      4.39      4.42      4.35      4.24      4.29      3.97
  6977.45      3.92      5.50      4.30      4.01      4.10      4.20      4.26      4.30      4.23      4.11      4.17      3.86
  6978.45      3.53      4.98      3.87      3.59      3.67      3.76      3.82      3.86      3.79      3.67      3.74      3.45
  6979.45      2.15      3.11      2.37      2.16      2.21      2.27      2.31      2.33      2.30      2.21      2.25      2.07
  6980.45      1.57      2.29      1.73      1.57      1.61      1.65      1.68      1.69      1.67      1.60      1.63      1.51
  6981.45      2.36      3.39      2.61      2.39      2.45      2.51      2.55      2.57      2.54      2.44      2.48      2.31
  6982.45      3.65      5.06      4.01      3.73      3.81      3.90      3.95      3.99      3.95      3.81      3.88      3.61
  6983.45      3.97      5.46      4.37      4.07      4.15      4.24      4.31      4.37      4.31      4.17      4.24      3.95
  6984.45      3.92      5.40      4.32      4.02      4.10      4.19      4.26      4.32      4.27      4.13      4.19      3.90
  6985.45      3.86      5.32      4.27      3.97      4.05      4.14      4.21      4.26      4.22      4.07      4.14      3.85
  6986.45      3.88      5.32      4.29      3.98      4.07      4.17      4.23      4.29      4.24      4.07      4.16      3.86
  6987.45      3.84      5.25      4.25      3.94      4.02      4.14      4.18      4.24      4.19      4.03      4.12      3.82
  6988.45      3.74      5.12      4.16      3.86      3.93      4.04      4.08      4.14      4.10      3.94      4.03      3.74
  6989.45      3.78      5.16      4.22      3.91      3.98      4.08      4.13      4.19      4.17      4.00      4.09      3.80
  6990.45      3.86      5.24      4.31      3.99      4.06      4.17      4.22      4.28      4.25      4.08      4.18      3.88
  6991.45      3.91      5.28      4.36      4.03      4.11      4.22      4.27      4.34      4.31      4.12      4.23      3.92
  6992.45      3.92      5.28      4.38      4.04      4.12      4.23      4.28      4.35      4.32      4.14      4.24      3.93
  6993.45      3.90      5.25      4.38      4.04      4.10      4.23      4.27      4.34      4.31      4.13      4.24      3.92
  6994.45      3.95      5.28      4.41      4.09      4.14      4.28      4.31      4.39      4.36      4.16      4.29      3.97
  6995.45      3.98      5.32      4.45      4.15      4.19      4.32      4.37      4.45      4.42      4.21      4.34      4.02
  6996.45      3.95      5.25      4.42      4.11      4.14      4.27      4.33      4.41      4.40      4.17      4.30      3.99
  6997.45      3.86      5.12      4.33      4.01      4.05      4.17      4.23      4.31      4.30      4.08      4.20      3.90
  6998.45      3.73      4.95      4.19      3.87      3.92      4.02      4.09      4.16      4.15      3.94      4.06      3.76
  6999.45      3.76      4.97      4.22      3.90      3.94      4.06      4.12      4.19      4.19      3.97      4.09      3.79
  7000.45      3.87      5.08      4.35      4.01      4.06      4.18      4.24      4.32      4.31      4.08      4.22      3.90
  7001.45      3.83      5.02      4.33      3.98      4.04      4.15      4.20      4.29      4.28      4.05      4.19      3.88
  7002.45      3.84      5.01      4.34      3.98      4.05      4.16      4.19      4.29      4.29      4.06      4.21      3.89
  7003.45      3.80      4.94      4.28      3.94      3.99      4.10      4.14      4.24      4.24      4.01      4.15      3.85
  7004.45      3.46      4.52      3.92      3.59      3.64      3.74      3.77      3.87      3.87      3.67      3.77      3.50
  7005.45      2.80      3.68      3.19      2.89      2.93      3.02      3.04      3.13      3.14      2.96      3.05      2.82
  7006.45      2.95      3.87      3.38      3.07      3.10      3.19      3.22      3.31      3.32      3.12      3.23      2.99
  7007.45      3.70      4.77      4.22      3.87      3.91      4.01      4.05      4.16      4.17      3.92      4.07      3.77
  7008.45      4.01      5.15      4.58      4.22      4.26      4.36      4.41      4.52      4.53      4.28      4.44      4.11
  7009.45      4.09      5.23      4.66      4.30      4.33      4.45      4.49      4.61      4.62      4.37      4.52      4.19
  7010.45      4.03      5.14      4.60      4.23      4.25      4.38      4.42      4.54      4.55      4.30      4.44      4.12
  7011.45      3.69      4.72      4.24      3.88      3.87      4.01      4.05      4.15      4.16      3.94      4.06      3.76
  7012.45      2.69      3.49      3.12      2.82      2.81      2.91      2.95      3.02      3.04      2.85      2.95      2.73
  7013.45      2.18      2.85      2.54      2.29      2.28      2.36      2.39      2.45      2.47      2.30      2.39      2.21
  7014.45      2.92      3.75      3.38      3.07      3.06      3.17      3.21      3.29      3.29      3.09      3.20      2.97
  7015.45      3.82      4.82      4.39      4.03      4.03      4.15      4.21      4.31      4.31      4.07      4.20      3.92
  7016.45      4.03      5.06      4.65      4.27      4.26      4.40      4.46      4.56      4.57      4.32      4.45      4.16
  7017.45      4.09      5.12      4.72      4.33      4.32      4.47      4.53      4.65      4.65      4.39      4.53      4.24
  7018.45      4.11      5.13      4.75      4.36      4.34      4.50      4.55      4.67      4.67      4.42      4.55      4.26
  7019.45      4.09      5.11      4.74      4.35      4.32      4.47      4.52      4.65      4.65      4.39      4.52      4.24
  7020.45      4.05      5.05      4.69      4.31      4.28      4.42      4.47      4.61      4.60      4.34      4.47      4.20
  7021.45      4.01      4.99      4.64      4.26      4.23      4.37      4.42      4.55      4.56      4.31      4.42      4.15
  7022.45      3.99      4.94      4.62      4.23      4.21      4.35      4.39      4.53      4.53      4.29      4.39      4.13
  7023.45      3.98      4.91      4.62      4.22      4.19      4.35      4.39      4.52      4.51      4.28      4.39      4.12
  7024.45      4.02      4.94      4.67      4.25      4.22      4.40      4.43      4.56      4.54      4.32      4.43      4.16
  7025.45      4.04      4.97      4.70      4.29      4.25      4.42      4.46      4.58      4.58      4.35      4.46      4.20
  7026.45      4.00      4.92      4.67      4.26      4.22      4.38      4.43      4.55      4.55      4.32      4.42      4.17
  7027.45      3.96      4.88      4.63      4.23      4.18      4.34      4.39      4.52      4.52      4.29      4.38      4.13
  7028.45      3.97      4.87      4.64      4.24      4.17      4.34      4.38      4.51      4.53      4.28      4.38      4.13
  7029.45      3.92      4.81      4.60      4.19      4.12      4.29      4.33      4.47      4.47      4.23      4.32      4.08
  7030.45      3.85      4.73      4.53      4.12      4.05      4.21      4.26      4.39      4.39      4.16      4.24      4.02
  7031.45      3.80      4.67      4.48      4.08      4.00      4.16      4.21      4.34      4.33      4.11      4.19      3.97
  7032.45      3.91      4.78      4.61      4.20      4.11      4.28      4.32      4.48      4.45      4.22      4.30      4.09
  7033.45      4.02      4.89      4.74      4.32      4.22      4.39      4.44      4.59      4.56      4.33      4.41      4.20
  7034.45      4.04      4.91      4.78      4.35      4.24      4.42      4.48      4.61      4.59      4.37      4.44      4.23
  7035.45      4.05      4.91      4.80      4.36      4.26      4.43      4.49      4.63      4.60      4.39      4.46      4.25
  7036.45      4.05      4.89      4.81      4.36      4.26      4.43      4.50      4.64      4.61      4.40      4.45      4.24
  7037.45      4.03      4.86      4.78      4.34      4.24      4.41      4.48      4.60      4.58      4.38      4.41      4.22
  7038.45      4.02      4.85      4.78      4.33      4.24      4.40      4.47      4.59      4.58      4.36      4.41      4.22
  7039.45      4.01      4.83      4.77      4.32      4.22      4.39      4.45      4.57      4.56      4.35      4.40      4.22
  7040.45      3.98      4.80      4.75      4.29      4.19      4.36      4.41      4.54      4.52      4.32      4.37      4.20
  7041.45      3.86      4.63      4.61      4.15      4.05      4.22      4.26      4.39      4.37      4.18      4.22      4.05
  7042.45      3.42      4.13      4.13      3.69      3.59      3.74      3.78      3.91      3.89      3.72      3.74      3.60
  7043.45      3.17      3.85      3.84      3.42      3.31      3.47      3.51      3.63      3.60      3.45      3.47      3.34
  7044.45      3.62      4.37      4.38      3.91      3.79      3.97      4.01      4.15      4.11      3.94      3.97      3.83
  7045.45      3.92      4.71      4.73      4.24      4.11      4.30      4.35      4.50      4.46      4.27      4.30      4.15
  7046.45      3.82      4.58      4.63      4.14      4.00      4.19      4.25      4.38      4.34      4.17      4.17      4.03
  7047.45      3.50      4.21      4.27      3.79      3.66      3.84      3.90      4.00      3.97      3.82      3.81      3.69
  7048.45      3.11      3.76      3.83      3.37      3.24      3.41      3.47      3.55      3.53      3.40      3.39      3.28
  7049.45      2.58      3.13      3.21      2.79      2.67      2.82      2.86      2.94      2.92      2.81      2.80      2.71
  7050.45      2.48      3.01      3.09      2.68      2.57      2.72      2.75      2.83      2.81      2.70      2.69      2.61
  7051.45      2.93      3.54      3.64      3.18      3.05      3.22      3.27      3.36      3.32      3.19      3.19      3.10
  7052.45      3.21      3.86      3.97      3.49      3.36      3.52      3.58      3.69      3.64      3.49      3.50      3.40
  7053.45      3.31      3.97      4.10      3.61      3.47      3.63      3.69      3.81      3.75      3.61      3.60      3.51
  7054.45      3.44      4.11      4.27      3.75      3.61      3.77      3.83      3.96      3.90      3.75      3.74      3.65
  7055.45      3.51      4.18      4.37      3.84      3.69      3.85      3.91      4.05      3.98      3.84      3.83      3.74
  7056.45      3.65      4.33      4.53      3.99      3.84      4.00      4.06      4.20      4.14      3.99      3.98      3.88
  7057.45      3.74      4.43      4.64      4.08      3.92      4.10      4.14      4.29      4.24      4.08      4.08      3.97
  7058.45      3.81      4.50      4.74      4.16      3.99      4.17      4.21      4.37      4.32      4.16      4.16      4.04
  7059.45      3.93      4.63      4.90      4.31      4.13      4.31      4.36      4.52      4.46      4.30      4.31      4.19
  7060.45      3.96      4.65      4.95      4.34      4.16      4.35      4.40      4.54      4.49      4.32      4.33      4.22
  7061.45      3.87      4.54      4.85      4.22      4.05      4.23      4.29      4.43      4.37      4.21      4.22      4.11
  7062.45      3.76      4.41      4.73      4.10      3.92      4.11      4.16      4.31      4.24      4.09      4.09      3.99
  7063.45      3.73      4.37      4.71      4.06      3.88      4.08      4.13      4.28      4.21      4.06      4.05      3.96
  7064.45      3.59      4.21      4.57      3.92      3.74      3.93      3.98      4.12      4.05      3.90      3.90      3.82
  7065.45      3.49      4.10      4.46      3.82      3.65      3.83      3.87      4.02      3.95      3.80      3.79      3.72
  7066.45      3.62      4.25      4.63      3.96      3.78      3.98      4.02      4.17      4.09      3.96      3.94      3.85
  7067.45      3.59      4.21      4.60      3.94      3.75      3.95      3.99      4.12      4.06      3.93      3.91      3.82
  7068.45      3.42      4.01      4.41      3.76      3.57      3.77      3.80      3.93      3.87      3.74      3.73      3.64
  7069.45      3.53      4.13      4.56      3.89      3.69      3.89      3.91      4.06      4.00      3.86      3.84      3.77
  7070.45      3.74      4.36      4.82      4.13      3.91      4.11      4.14      4.28      4.23      4.08      4.07      3.99
  7071.45      3.55      4.14      4.60      3.93      3.71      3.91      3.94      4.07      4.03      3.87      3.86      3.79
  7072.45      3.48      4.05      4.54      3.85      3.64      3.83      3.86      4.00      3.95      3.79      3.77      3.72
  7073.45      3.73      4.34      4.87      4.13      3.91      4.11      4.14      4.31      4.23      4.08      4.05      4.00
  7074.45      3.77      4.38      4.93      4.18      3.95      4.15      4.18      4.35      4.27      4.12      4.09      4.03
  7075.45      3.52      4.09      4.65      3.90      3.69      3.88      3.91      4.06      4.00      3.86      3.83      3.75
  7076.45      3.54      4.08      4.67      3.92      3.70      3.87      3.91      4.05      4.00      3.86      3.83      3.76
  7077.45      3.82      4.39      5.03      4.23      4.00      4.17      4.22      4.38      4.31      4.17      4.13      4.07
  7078.45      3.86      4.43      5.09      4.27      4.03      4.22      4.26      4.43      4.35      4.22      4.16      4.11
  7079.45      3.62      4.16      4.80      4.01      3.77      3.96      3.99      4.15      4.08      3.95      3.89      3.85
  7080.45      3.53      4.06      4.71      3.91      3.68      3.86      3.89      4.05      3.99      3.86      3.81      3.75
  7081.45      3.73      4.28      4.98      4.14      3.90      4.09      4.11      4.29      4.21      4.08      4.04      3.98
  7082.45      3.84      4.40      5.14      4.26      4.01      4.21      4.24      4.42      4.32      4.21      4.16      4.10
  7083.45      3.53      4.05      4.78      3.91      3.68      3.88      3.90      4.06      3.98      3.87      3.81      3.77
  7084.45      3.19      3.67      4.37      3.55      3.33      3.51      3.52      3.67      3.61      3.49      3.45      3.40
  7085.45      3.52      4.03      4.80      3.92      3.67      3.88      3.88      4.06      3.98      3.84      3.82      3.75
  7086.45      3.94      4.48      5.33      4.39      4.13      4.34      4.34      4.53      4.44      4.30      4.27      4.20
  7087.45      3.96      4.49      5.35      4.40      4.15      4.36      4.35      4.54      4.45      4.31      4.28      4.22
  7088.45      3.76      4.27      5.12      4.17      3.92      4.13      4.13      4.29      4.22      4.09      4.05      4.00
  7089.45      3.38      3.84      4.67      3.75      3.51      3.71      3.72      3.85      3.79      3.67      3.63      3.59
  7090.45      3.05      3.47      4.26      3.40      3.17      3.35      3.35      3.48      3.42      3.31      3.27      3.23
  7091.45      3.24      3.68      4.53      3.61      3.37      3.56      3.56      3.71      3.64      3.52      3.47      3.45
  7092.45      3.59      4.06      4.99      3.99      3.74      3.94      3.93      4.11      4.02      3.91      3.84      3.82
  7093.45      3.71      4.20      5.17      4.12      3.88      4.07      4.07      4.26      4.15      4.05      3.98      3.96
  7094.45      3.78      4.27      5.27      4.21      3.96      4.15      4.15      4.33      4.22      4.13      4.07      4.03
  7095.45      3.90      4.38      5.43      4.33      4.08      4.27      4.26      4.45      4.35      4.25      4.20      4.15
  7096.45      3.98      4.46      5.54      4.43      4.16      4.35      4.35      4.54      4.44      4.34      4.29      4.24
  7097.45      4.02      4.50      5.60      4.47      4.20      4.38      4.38      4.58      4.49      4.38      4.32      4.29
  7098.45      4.00      4.47      5.59      4.45      4.19      4.37      4.35      4.56      4.47      4.37      4.30      4.28
  7099.45      3.96      4.42      5.56      4.41      4.14      4.34      4.30      4.53      4.44      4.33      4.24      4.23
  7100.45      4.02      4.46      5.63      4.47      4.19      4.39      4.36      4.58      4.49      4.38      4.29      4.27
  7101.45      4.05      4.49      5.68      4.50      4.21      4.42      4.39      4.61      4.51      4.40      4.32      4.31
  7102.45      3.98      4.43      5.61      4.44      4.15      4.35      4.33      4.54      4.45      4.34      4.27      4.25
  7103.45      3.98      4.42      5.61      4.43      4.14      4.34      4.33      4.53      4.44      4.32      4.25      4.24
  7104.45      3.99      4.43      5.63      4.45      4.15      4.35      4.34      4.54      4.45      4.33      4.26      4.24
  7105.45      3.95      4.39      5.60      4.42      4.13      4.32      4.30      4.50      4.41      4.30      4.23      4.21
  7106.45      3.96      4.40      5.64      4.43      4.15      4.33      4.31      4.51      4.43      4.32      4.24      4.23
  7107.45      4.04      4.48      5.75      4.51      4.23      4.42      4.39      4.60      4.52      4.41      4.32      4.32
  7108.45      4.05      4.48      5.77      4.52      4.23      4.43      4.40      4.61      4.53      4.41      4.33      4.33
  7109.45      3.97      4.40      5.68      4.44      4.14      4.34      4.31      4.51      4.44      4.33      4.24      4.24
  7110.45      3.94      4.36      5.65      4.41      4.11      4.32      4.27      4.47      4.41      4.30      4.21      4.21
  7111.45      3.97      4.39      5.70      4.45      4.15      4.36      4.31      4.51      4.45      4.33      4.25      4.25
  7112.45      3.99      4.40      5.74      4.47      4.17      4.37      4.33      4.54      4.47      4.33      4.25      4.27
  7113.45      4.00      4.40      5.77      4.48      4.18      4.38      4.34      4.55      4.48      4.35      4.26      4.28
  7114.45      4.00      4.40      5.78      4.49      4.19      4.39      4.35      4.56      4.48      4.38      4.27      4.29
  7115.45      4.05      4.45      5.85      4.55      4.25      4.45      4.39      4.60      4.53      4.44      4.32      4.35
  7116.45      4.09      4.48      5.89      4.58      4.28      4.47      4.41      4.63      4.57      4.47      4.36      4.38
  7117.45      4.05      4.43      5.84      4.53      4.23      4.42      4.38      4.58      4.52      4.43      4.33      4.34
  7118.45      4.01      4.38      5.79      4.49      4.18      4.37      4.33      4.53      4.47      4.38      4.28      4.30
  7119.45      4.03      4.40      5.81      4.51      4.20      4.38      4.35      4.54      4.48      4.40      4.29      4.33
  7120.45      4.08      4.45      5.89      4.57      4.26      4.44      4.40      4.61      4.54      4.46      4.34      4.39
  7121.45      4.10      4.47      5.91      4.60      4.27      4.47      4.42      4.64      4.56      4.49      4.36      4.41
  7122.45      4.13      4.48      5.92      4.62      4.28      4.49      4.44      4.66      4.59      4.51      4.37      4.43
  7123.45      4.11      4.45      5.90      4.60      4.27      4.48      4.42      4.62      4.58      4.50      4.34      4.41
  7124.45      4.08      4.41      5.86      4.56      4.24      4.44      4.38      4.58      4.55      4.47      4.31      4.38
  7125.45      4.07      4.41      5.86      4.55      4.23      4.42      4.37      4.58      4.55      4.47      4.31      4.38
  7126.45      4.08      4.41      5.86      4.56      4.23      4.42      4.37      4.58      4.54      4.46      4.31      4.38
  7127.45      4.02      4.35      5.77      4.49      4.15      4.35      4.29      4.50      4.46      4.39      4.23      4.31
  7128.45      3.73      4.04      5.40      4.17      3.85      4.03      3.98      4.17      4.15      4.07      3.92      4.00
  7129.45      3.49      3.77      5.09      3.92      3.61      3.78      3.73      3.91      3.90      3.81      3.67      3.76
  7130.45      3.68      3.98      5.34      4.14      3.82      3.99      3.94      4.13      4.12      4.02      3.88      3.97
  7131.45      3.91      4.22      5.62      4.40      4.05      4.24      4.19      4.39      4.37      4.29      4.13      4.22
  7132.45      4.03      4.35      5.76      4.53      4.17      4.38      4.31      4.53      4.51      4.43      4.26      4.34
  7133.45      3.90      4.21      5.59      4.38      4.04      4.23      4.17      4.38      4.35      4.28      4.11      4.20
  7134.45      3.57      3.85      5.16      4.01      3.70      3.87      3.82      4.00      3.98      3.92      3.75      3.84
  7135.45      3.58      3.86      5.17      4.03      3.71      3.89      3.82      4.02      4.00      3.95      3.76      3.86
  7136.45      3.89      4.17      5.55      4.38      4.03      4.21      4.14      4.36      4.34      4.29      4.08      4.19
  7137.45      4.03      4.31      5.70      4.53      4.18      4.36      4.29      4.51      4.49      4.46      4.22      4.33
  7138.45      4.09      4.37      5.75      4.60      4.25      4.42      4.36      4.59      4.56      4.53      4.29      4.39
  7139.45      4.13      4.42      5.79      4.65      4.29      4.47      4.41      4.63      4.61      4.58      4.34      4.45
  7140.45      4.14      4.43      5.80      4.67      4.31      4.49      4.43      4.63      4.61      4.60      4.36      4.47
  7141.45      4.11      4.40      5.75      4.64      4.28      4.46      4.40      4.61      4.58      4.57      4.33      4.44
  7142.45      3.89      4.17      5.47      4.40      4.04      4.21      4.16      4.36      4.34      4.32      4.09      4.20
  7143.45      3.58      3.83      5.06      4.05      3.71      3.86      3.81      4.00      3.98      3.96      3.74      3.85
  7144.45      3.37      3.61      4.78      3.82      3.48      3.63      3.59      3.77      3.75      3.72      3.52      3.63
  7145.45      3.31      3.53      4.67      3.74      3.41      3.55      3.51      3.68      3.68      3.65      3.45      3.55
  7146.45      3.31      3.53      4.66      3.74      3.41      3.55      3.52      3.69      3.69      3.67      3.45      3.56
  7147.45      3.36      3.57      4.71      3.81      3.46      3.60      3.58      3.74      3.76      3.72      3.50      3.60
  7148.45      3.42      3.63      4.77      3.88      3.53      3.67      3.64      3.81      3.83      3.79      3.57      3.67
  7149.45      3.54      3.76      4.91      4.03      3.65      3.81      3.77      3.96      3.95      3.93      3.72      3.81
  7150.45      3.65      3.88      5.01      4.14      3.77      3.92      3.87      4.08      4.06      4.04      3.83      3.91
  7151.45      3.73      3.97      5.10      4.24      3.88      4.01      3.96      4.16      4.16      4.14      3.92      4.00
  7152.45      3.87      4.11      5.26      4.39      4.02      4.15      4.09      4.30      4.31      4.28      4.06      4.15
  7153.45      3.92      4.15      5.31      4.46      4.08      4.21      4.15      4.36      4.38      4.34      4.12      4.22
  7154.45      4.01      4.24      5.41      4.57      4.18      4.31      4.26      4.47      4.50      4.44      4.22      4.32
  7155.45      4.11      4.35      5.50      4.68      4.28      4.41      4.36      4.59      4.61      4.55      4.32      4.41
  7156.45      4.13      4.38      5.50      4.71      4.30      4.44      4.38      4.62      4.62      4.58      4.35      4.43
  7157.45      4.04      4.28      5.37      4.61      4.21      4.35      4.29      4.51      4.51      4.48      4.25      4.33
  7158.45      3.95      4.18      5.23      4.50      4.10      4.24      4.19      4.40      4.40      4.37      4.15      4.22
  7159.45      3.92      4.15      5.19      4.47      4.07      4.20      4.15      4.37      4.37      4.34      4.12      4.19
  7160.45      3.77      3.99      4.99      4.30      3.93      4.04      3.99      4.21      4.21      4.19      3.97      4.03
  7161.45      3.75      3.96      4.94      4.27      3.90      4.00      3.96      4.17      4.18      4.16      3.94      3.99
  7162.45      3.84      4.05      5.05      4.38      4.01      4.10      4.07      4.27      4.28      4.25      4.03      4.09
  7163.45      3.69      3.88      4.84      4.22      3.85      3.94      3.90      4.10      4.12      4.07      3.87      3.93
  7164.45      3.61      3.79      4.72      4.14      3.78      3.85      3.81      4.03      4.03      3.98      3.79      3.85
  7165.45      3.84      4.03      4.97      4.41      4.02      4.10      4.05      4.28      4.28      4.24      4.03      4.09
  7166.45      3.85      4.04      4.97      4.42      4.02      4.12      4.06      4.29      4.29      4.26      4.04      4.10
  7167.45      3.52      3.69      4.54      4.04      3.66      3.75      3.70      3.91      3.92      3.89      3.68      3.73
  7168.45      3.51      3.68      4.51      4.02      3.64      3.73      3.68      3.88      3.91      3.87      3.68      3.71
  7169.45      3.77      3.96      4.82      4.32      3.92      4.00      3.96      4.18      4.21      4.16      3.96      3.98
  7170.45      3.70      3.88      4.72      4.25      3.87      3.92      3.90      4.12      4.15      4.09      3.90      3.90
  7171.45      3.49      3.65      4.46      4.01      3.65      3.69      3.68      3.88      3.90      3.85      3.66      3.68
  7172.45      3.45      3.61      4.39      3.97      3.60      3.65      3.65      3.83      3.86      3.81      3.62      3.64
  7173.45      3.66      3.83      4.62      4.21      3.82      3.88      3.86      4.07      4.09      4.03      3.84      3.86
  7174.45      3.73      3.91      4.70      4.30      3.90      3.96      3.94      4.15      4.18      4.11      3.93      3.94
  7175.45      3.50      3.67      4.41      4.04      3.66      3.72      3.69      3.90      3.92      3.86      3.68      3.68
  7176.45      3.35      3.52      4.23      3.88      3.51      3.56      3.53      3.74      3.75      3.69      3.53      3.53
  7177.45      3.33      3.49      4.19      3.86      3.50      3.54      3.51      3.72      3.73      3.67      3.52      3.52
  7178.45      3.39      3.54      4.24      3.92      3.56      3.59      3.58      3.78      3.78      3.74      3.58      3.57
  7179.45      3.54      3.70      4.41      4.11      3.72      3.76      3.75      3.95      3.95      3.91      3.74      3.73
  7180.45      3.56      3.71      4.42      4.13      3.74      3.77      3.77      3.97      3.97      3.92      3.76      3.74
  7181.45      3.56      3.70      4.39      4.14      3.73      3.76      3.76      3.97      3.96      3.91      3.76      3.73
  7182.45      3.54      3.67      4.35      4.11      3.70      3.73      3.73      3.94      3.92      3.88      3.72      3.71
  7183.45      3.46      3.60      4.24      4.02      3.63      3.64      3.65      3.86      3.84      3.79      3.64      3.63
  7184.45      3.46      3.60      4.23      4.03      3.63      3.64      3.66      3.87      3.85      3.78      3.65      3.63
  7185.45      3.51      3.66      4.29      4.10      3.69      3.69      3.71      3.92      3.91      3.84      3.71      3.68
  7186.45      3.43      3.58      4.18      4.01      3.62      3.61      3.63      3.83      3.83      3.76      3.63      3.60
  7187.45      3.48      3.65      4.24      4.08      3.70      3.68      3.70      3.91      3.91      3.83      3.70      3.66
  7188.45      3.68      3.86      4.47      4.32      3.92      3.90      3.91      4.13      4.13      4.05      3.92      3.87
  7189.45      3.82      3.98      4.61      4.47      4.05      4.03      4.04      4.27      4.27      4.18      4.05      4.00
  7190.45      3.82      3.97      4.60      4.47      4.04      4.03      4.03      4.27      4.27      4.18      4.05      4.01
  7191.45      3.75      3.90      4.51      4.40      3.96      3.95      3.95      4.19      4.19      4.11      3.98      3.94
  7192.45      3.80      3.96      4.58      4.47      4.04      4.03      4.01      4.26      4.27      4.18      4.05      4.01
  7193.45      3.70      3.85      4.45      4.37      3.95      3.91      3.91      4.15      4.16      4.07      3.94      3.90
  7194.45      3.70      3.86      4.44      4.39      3.98      3.91      3.92      4.16      4.16      4.08      3.96      3.90
  7195.45      3.79      3.94      4.52      4.48      4.05      3.99      4.01      4.25      4.25      4.16      4.04      3.98
  7196.45      3.81      3.96      4.54      4.52      4.07      4.02      4.03      4.28      4.28      4.18      4.07      4.00
  7197.45      3.87      4.02      4.60      4.60      4.13      4.07      4.10      4.34      4.35      4.24      4.14      4.06
  7198.45      3.93      4.08      4.66      4.67      4.20      4.13      4.16      4.40      4.40      4.30      4.19      4.12
  7199.45      3.88      4.03      4.61      4.62      4.15      4.08      4.11      4.35      4.35      4.25      4.13      4.07
  7200.45      3.63      3.77      4.31      4.33      3.88      3.83      3.85      4.06      4.07      3.97      3.87      3.80
  7201.45      3.56      3.69      4.21      4.25      3.80      3.74      3.77      3.98      3.98      3.88      3.80      3.73
  7202.45      3.57      3.70      4.22      4.28      3.82      3.76      3.78      4.00      4.01      3.90      3.82      3.75
  7203.45      3.59      3.73      4.23      4.32      3.86      3.79      3.80      4.04      4.05      3.94      3.85      3.77
  7204.45      3.68      3.82      4.32      4.43      3.96      3.87      3.90      4.13      4.15      4.04      3.94      3.86
  7205.45      3.77      3.90      4.41      4.53      4.05      3.95      3.99      4.23      4.24      4.13      4.03      3.95
  7206.45      3.74      3.87      4.39      4.50      4.01      3.93      3.96      4.21      4.20      4.09      4.00      3.92
  7207.45      3.86      3.98      4.52      4.66      4.14      4.05      4.09      4.34      4.34      4.22      4.12      4.04
  7208.45      3.93      4.06      4.60      4.75      4.22      4.12      4.17      4.40      4.43      4.30      4.20      4.11
  7209.45      3.88      4.01      4.55      4.70      4.19      4.08      4.12      4.34      4.39      4.26      4.15      4.07
  7210.45      3.94      4.07      4.60      4.78      4.24      4.13      4.17      4.40      4.44      4.32      4.20      4.12
  7211.45      4.01      4.15      4.67      4.88      4.31      4.20      4.24      4.48      4.51      4.39      4.28      4.18
  7212.45      4.05      4.18      4.70      4.94      4.35      4.24      4.28      4.52      4.55      4.44      4.32      4.22
  7213.45      4.09      4.22      4.75      5.00      4.41      4.29      4.33      4.58      4.59      4.49      4.36      4.27
  7214.45      4.11      4.24      4.78      5.04      4.44      4.32      4.36      4.60      4.61      4.52      4.39      4.30
  7215.45      4.10      4.25      4.77      5.04      4.44      4.31      4.36      4.60      4.61      4.51      4.38      4.30
  7216.45      4.08      4.22      4.74      5.03      4.41      4.28      4.33      4.57      4.58      4.48      4.35      4.28
  7217.45      4.08      4.22      4.73      5.04      4.42      4.28      4.32      4.57      4.59      4.49      4.36      4.29
  7218.45      4.06      4.20      4.70      5.03      4.40      4.26      4.30      4.54      4.57      4.47      4.34      4.26
  7219.45      4.09      4.22      4.72      5.08      4.44      4.28      4.33      4.57      4.61      4.49      4.37      4.29
  7220.45      4.12      4.25      4.75      5.14      4.48      4.33      4.36      4.61      4.65      4.52      4.40      4.33
  7221.45      4.10      4.23      4.73      5.12      4.46      4.31      4.35      4.59      4.61      4.51      4.38      4.32
  7222.45      3.94      4.07      4.54      4.93      4.28      4.13      4.19      4.41      4.43      4.33      4.21      4.14
  7223.45      3.64      3.77      4.21      4.59      3.96      3.82      3.88      4.08      4.11      4.00      3.90      3.83
  7224.45      3.57      3.69      4.13      4.52      3.89      3.74      3.80      4.00      4.03      3.93      3.83      3.74
  7225.45      3.68      3.81      4.25      4.66      4.02      3.87      3.92      4.13      4.15      4.04      3.96      3.85
  7226.45      3.73      3.86      4.30      4.74      4.08      3.92      3.97      4.19      4.20      4.09      4.01      3.90
  7227.45      3.74      3.87      4.29      4.76      4.09      3.92      3.97      4.19      4.21      4.10      4.02      3.90
  7228.45      3.89      4.03      4.46      4.97      4.27      4.09      4.14      4.37      4.39      4.28      4.18      4.08
  7229.45      3.89      4.02      4.45      4.98      4.26      4.08      4.13      4.36      4.39      4.27      4.18      4.08
  7230.45      3.65      3.78      4.18      4.70      3.99      3.82      3.88      4.10      4.13      4.01      3.93      3.82
  7231.45      3.58      3.71      4.11      4.64      3.93      3.75      3.82      4.02      4.05      3.93      3.86      3.75
  7232.45      3.70      3.83      4.24      4.81      4.06      3.89      3.94      4.16      4.19      4.07      3.99      3.87
  7233.45      3.70      3.83      4.24      4.83      4.07      3.91      3.94      4.17      4.21      4.09      4.00      3.88
  7234.45      3.31      3.44      3.80      4.36      3.66      3.50      3.52      3.74      3.77      3.67      3.58      3.48
  7235.45      3.05      3.17      3.50      4.04      3.38      3.22      3.25      3.44      3.47      3.37      3.30      3.21
  7236.45      3.27      3.40      3.75      4.32      3.63      3.45      3.48      3.69      3.71      3.60      3.54      3.44
  7237.45      3.60      3.75      4.13      4.76      3.99      3.81      3.84      4.06      4.09      3.97      3.91      3.80
  7238.45      3.56      3.70      4.07      4.73      3.94      3.75      3.79      4.00      4.03      3.92      3.86      3.74
  7239.45      2.63      2.73      3.02      3.56      2.91      2.76      2.78      2.95      2.98      2.89      2.84      2.75
  7240.45      1.25      1.30      1.45      1.73      1.38      1.31      1.31      1.39      1.41      1.37      1.34      1.30
  7241.45      0.73      0.76      0.84      1.02      0.80      0.76      0.76      0.80      0.81      0.79      0.77      0.75
  7242.45      0.60      0.62      0.69      0.84      0.65      0.62      0.62      0.66      0.67      0.65      0.62      0.61
  7243.45      0.83      0.87      0.96      1.17      0.91      0.87      0.87      0.92      0.94      0.90      0.88      0.86
  7244.45      1.52      1.59      1.75      2.13      1.68      1.60      1.62      1.70      1.74      1.67      1.63      1.59
  7245.45      1.55      1.61      1.78      2.17      1.71      1.63      1.64      1.73      1.76      1.70      1.66      1.61
  7246.45      0.71      0.74      0.82      1.01      0.78      0.74      0.74      0.79      0.80      0.77      0.75      0.73
  7247.45      0.66      0.69      0.76      0.95      0.73      0.69      0.70      0.73      0.74      0.72      0.70      0.68
  7248.45      1.26      1.32      1.45      1.82      1.41      1.33      1.35      1.41      1.43      1.38      1.35      1.31
  7249.45      2.25      2.36      2.59      3.22      2.53      2.40      2.44      2.53      2.57      2.49      2.45      2.37
  7250.45      3.19      3.35      3.64      4.50      3.58      3.40      3.44      3.60      3.64      3.53      3.49      3.36
  7251.45      3.35      3.52      3.81      4.74      3.78      3.57      3.60      3.79      3.82      3.72      3.67      3.53
  7252.45      3.23      3.38      3.66      4.58      3.63      3.44      3.47      3.65      3.68      3.58      3.53      3.40
  7253.45      2.87      3.01      3.25      4.10      3.22      3.06      3.06      3.23      3.27      3.17      3.12      3.02
  7254.45      1.82      1.91      2.07      2.66      2.04      1.93      1.93      2.04      2.08      1.99      1.98      1.90
  7255.45      1.58      1.66      1.81      2.34      1.78      1.68      1.69      1.78      1.81      1.72      1.72      1.66
  7256.45      2.32      2.46      2.66      3.43      2.63      2.49      2.51      2.63      2.66      2.56      2.55      2.46
  7257.45      2.54      2.69      2.90      3.75      2.88      2.72      2.74      2.87      2.91      2.82      2.80      2.68
  7258.45      2.89      3.05      3.29      4.24      3.28      3.10      3.12      3.27      3.31      3.22      3.19      3.06
  7259.45      3.49      3.70      3.95      5.08      3.97      3.74      3.78      3.96      4.00      3.92      3.86      3.70
  7260.45      3.64      3.87      4.11      5.31      4.15      3.92      3.95      4.14      4.19      4.09      4.03      3.87
  7261.45      3.58      3.81      4.05      5.25      4.08      3.86      3.88      4.07      4.12      4.02      3.97      3.80
  7262.45      3.58      3.82      4.05      5.27      4.09      3.86      3.89      4.08      4.11      4.02      3.97      3.80
  7263.45      3.65      3.89      4.12      5.39      4.18      3.94      3.97      4.16      4.20      4.09      4.06      3.88
  7264.45      3.45      3.69      3.90      5.12      3.97      3.74      3.76      3.93      3.97      3.88      3.85      3.68
  7265.45      3.31      3.53      3.74      4.93      3.82      3.57      3.60      3.77      3.80      3.72      3.69      3.53
  7266.45      3.47      3.69      3.89      5.16      4.00      3.74      3.77      3.95      3.99      3.90      3.88      3.70
  7267.45      3.50      3.74      3.93      5.24      4.04      3.80      3.81      4.00      4.04      3.94      3.93      3.75
  7268.45      3.34      3.58      3.77      5.05      3.85      3.64      3.65      3.82      3.86      3.78      3.76      3.58
  7269.45      3.12      3.33      3.52      4.75      3.58      3.38      3.39      3.54      3.59      3.51      3.49      3.32
  7270.45      2.99      3.20      3.38      4.59      3.45      3.24      3.26      3.41      3.44      3.36      3.36      3.18
  7271.45      3.10      3.33      3.52      4.77      3.60      3.37      3.39      3.56      3.59      3.49      3.50      3.31
  7272.45      3.21      3.47      3.64      4.93      3.73      3.50      3.52      3.68      3.73      3.63      3.63      3.44
  7273.45      3.28      3.53      3.71      5.03      3.81      3.57      3.60      3.76      3.81      3.71      3.71      3.51
  7274.45      3.44      3.69      3.87      5.25      3.98      3.74      3.76      3.93      3.97      3.89      3.90      3.68
  7275.45      3.04      3.27      3.44      4.68      3.54      3.31      3.32      3.47      3.51      3.44      3.45      3.25
  7276.45      1.66      1.79      1.89      2.64      1.94      1.80      1.81      1.89      1.91      1.89      1.88      1.76
  7277.45      0.61      0.66      0.70      1.00      0.71      0.66      0.66      0.69      0.70      0.69      0.68      0.64
  7278.45      0.38      0.42      0.44      0.64      0.45      0.42      0.42      0.44      0.45      0.43      0.43      0.41
  7279.45      0.82      0.90      0.94      1.35      0.97      0.90      0.91      0.95      0.97      0.94      0.95      0.89
  7280.45      2.59      2.83      2.95      4.10      3.08      2.85      2.88      3.01      3.04      2.98      3.00      2.81
  7281.45      3.31      3.60      3.75      5.17      3.92      3.64      3.67      3.82      3.86      3.79      3.82      3.57
  7282.45      3.13      3.42      3.55      4.93      3.70      3.44      3.47      3.61      3.66      3.59      3.61      3.37
  7283.45      2.81      3.07      3.18      4.46      3.31      3.08      3.10      3.22      3.28      3.22      3.23      3.02
  7284.45      2.77      3.03      3.13      4.40      3.26      3.03      3.05      3.16      3.22      3.17      3.18      2.96
  7285.45      1.55      1.70      1.76      2.54      1.83      1.69      1.71      1.77      1.80      1.77      1.78      1.65
  7286.45      0.91      1.00      1.05      1.52      1.08      0.99      1.00      1.04      1.06      1.04      1.05      0.97
  7287.45      1.30      1.43      1.49      2.15      1.56      1.43      1.44      1.49      1.52      1.49      1.50      1.39
  7288.45      2.50      2.75      2.84      4.00      2.99      2.75      2.77      2.88      2.93      2.87      2.88      2.70
  7289.45      3.30      3.62      3.72      5.16      3.93      3.64      3.66      3.80      3.86      3.79      3.80      3.58
  7290.45      3.43      3.76      3.87      5.34      4.09      3.79      3.80      3.96      4.01      3.95      3.97      3.73
  7291.45      3.22      3.53      3.62      5.03      3.84      3.56      3.57      3.72      3.76      3.72      3.74      3.50
  7292.45      3.05      3.36      3.44      4.79      3.66      3.39      3.39      3.54      3.57      3.53      3.56      3.32
  7293.45      3.05      3.37      3.44      4.79      3.66      3.38      3.39      3.54      3.58      3.53      3.55      3.32
  7294.45      3.23      3.56      3.64      5.05      3.87      3.57      3.60      3.74      3.78      3.74      3.77      3.52
  7295.45      3.48      3.83      3.91      5.40      4.17      3.86      3.87      4.02      4.06      4.02      4.06      3.79
  7296.45      3.01      3.32      3.40      4.73      3.62      3.35      3.34      3.49      3.52      3.48      3.52      3.28
  7297.45      1.94      2.16      2.21      3.14      2.35      2.15      2.15      2.25      2.28      2.25      2.27      2.10
  7298.45      1.92      2.14      2.19      3.11      2.33      2.13      2.13      2.23      2.26      2.23      2.24      2.08
  7299.45      2.95      3.28      3.35      4.64      3.57      3.28      3.29      3.45      3.48      3.43      3.45      3.22
  7300.45      3.62      4.02      4.09      5.59      4.37      4.03      4.05      4.23      4.27      4.21      4.25      3.96
  7301.45      3.72      4.12      4.20      5.71      4.51      4.15      4.17      4.34      4.40      4.34      4.38      4.07
  7302.45      3.64      4.04      4.12      5.59      4.43      4.08      4.08      4.25      4.31      4.26      4.29      4.00
  7303.45      3.37      3.75      3.81      5.19      4.11      3.78      3.76      3.92      3.98      3.94      3.97      3.70
  7304.45      2.18      2.45      2.48      3.47      2.68      2.45      2.43      2.55      2.59      2.55      2.58      2.40
  7305.45      1.20      1.36      1.38      1.95      1.48      1.35      1.34      1.40      1.42      1.40      1.42      1.32
  7306.45      1.45      1.65      1.67      2.35      1.80      1.63      1.63      1.70      1.73      1.70      1.72      1.60
  7307.45      2.73      3.09      3.11      4.27      3.37      3.06      3.07      3.21      3.24      3.20      3.22      3.02
  7308.45      3.24      3.64      3.66      4.98      3.98      3.63      3.62      3.79      3.84      3.80      3.81      3.57
  7309.45      3.32      3.71      3.74      5.06      4.07      3.73      3.71      3.88      3.92      3.89      3.90      3.65
  7310.45      3.53      3.94      3.97      5.33      4.34      3.98      3.94      4.13      4.17      4.14      4.15      3.89
  7311.45      3.43      3.84      3.85      5.17      4.22      3.87      3.82      4.02      4.05      4.02      4.03      3.78
  7312.45      2.90      3.26      3.28      4.44      3.59      3.28      3.25      3.41      3.44      3.42      3.43      3.22
  7313.45      2.84      3.20      3.23      4.35      3.53      3.21      3.19      3.33      3.38      3.36      3.36      3.16
  7314.45      3.35      3.76      3.79      5.05      4.16      3.79      3.76      3.92      3.99      3.95      3.95      3.72
  7315.45      3.48      3.91      3.94      5.20      4.31      3.94      3.90      4.09      4.15      4.10      4.11      3.86
  7316.45      2.50      2.83      2.84      3.80      3.12      2.83      2.80      2.94      3.00      2.96      2.97      2.77
  7317.45      0.83      0.95      0.95      1.30      1.04      0.94      0.92      0.97      1.00      0.98      0.98      0.92
  7318.45      0.51      0.58      0.59      0.80      0.64      0.58      0.57      0.59      0.61      0.60      0.60      0.56
  7319.45      1.08      1.23      1.23      1.66      1.36      1.23      1.21      1.28      1.30      1.27      1.28      1.20
  7320.45      2.82      3.19      3.19      4.20      3.52      3.21      3.16      3.34      3.37      3.32      3.34      3.15
  7321.45      3.46      3.90      3.90      5.07      4.31      3.93      3.87      4.09      4.13      4.08      4.09      3.86
  7322.45      3.69      4.16      4.15      5.36      4.59      4.18      4.13      4.35      4.40      4.35      4.35      4.13
  7323.45      3.80      4.29      4.27      5.50      4.75      4.31      4.25      4.47      4.54      4.48      4.48      4.26
  7324.45      3.80      4.28      4.27      5.50      4.77      4.33      4.26      4.48      4.56      4.49      4.49      4.28
  7325.45      3.79      4.27      4.27      5.47      4.77      4.33      4.25      4.48      4.55      4.49      4.48      4.26
  7326.45      3.76      4.25      4.24      5.41      4.73      4.30      4.22      4.45      4.51      4.46      4.45      4.23
  7327.45      3.74      4.22      4.21      5.36      4.70      4.27      4.19      4.43      4.48      4.43      4.43      4.20
  7328.45      3.62      4.08      4.07      5.17      4.55      4.13      4.05      4.27      4.34      4.29      4.28      4.06
  7329.45      2.77      3.14      3.12      4.00      3.50      3.17      3.09      3.26      3.34      3.30      3.28      3.10
  7330.45      1.26      1.44      1.43      1.86      1.61      1.45      1.40      1.48      1.52      1.50      1.49      1.41
  7331.45      0.96      1.10      1.09      1.42      1.23      1.10      1.06      1.13      1.16      1.14      1.13      1.07
  7332.45      1.76      2.02      2.01      2.57      2.27      2.03      1.97      2.10      2.14      2.10      2.08      1.98
  7333.45      2.94      3.35      3.33      4.18      3.74      3.38      3.28      3.49      3.54      3.50      3.46      3.31
  7334.45      3.30      3.75      3.72      4.65      4.20      3.80      3.69      3.92      3.97      3.92      3.89      3.72
  7335.45      3.50      3.98      3.95      4.90      4.47      4.04      3.91      4.17      4.21      4.16      4.13      3.95
  7336.45      3.64      4.13      4.10      5.06      4.64      4.19      4.05      4.33      4.38      4.32      4.28      4.11
  7337.45      3.68      4.17      4.14      5.11      4.68      4.25      4.09      4.38      4.44      4.37      4.34      4.15
  7338.45      3.67      4.16      4.12      5.07      4.67      4.23      4.08      4.36      4.42      4.36      4.34      4.14
  7339.45      3.61      4.11      4.06      4.98      4.61      4.16      4.02      4.29      4.34      4.29      4.27      4.08
  7340.45      3.27      3.73      3.68      4.54      4.19      3.77      3.64      3.88      3.94      3.88      3.86      3.70
  7341.45      1.55      1.78      1.76      2.20      2.01      1.80      1.73      1.84      1.88      1.85      1.84      1.76
  7342.45      0.53      0.61      0.60      0.76      0.69      0.61      0.59      0.63      0.64      0.63      0.63      0.60
  7343.45      0.53      0.62      0.60      0.76      0.70      0.61      0.59      0.63      0.64      0.63      0.63      0.60
  7344.45      1.55      1.79      1.75      2.18      2.03      1.79      1.73      1.85      1.88      1.86      1.84      1.76
  7345.45      3.13      3.57      3.52      4.29      4.04      3.61      3.49      3.73      3.77      3.73      3.70      3.54
  7346.45      3.20      3.66      3.61      4.37      4.14      3.71      3.57      3.82      3.86      3.81      3.79      3.62
  7347.45      3.26      3.73      3.67      4.43      4.22      3.79      3.63      3.88      3.94      3.89      3.86      3.68
  7348.45      3.34      3.82      3.76      4.53      4.34      3.89      3.71      3.97      4.04      3.99      3.95      3.78
  7349.45      3.28      3.75      3.69      4.45      4.27      3.82      3.65      3.89      3.97      3.92      3.89      3.72
  7350.45      3.40      3.87      3.81      4.58      4.42      3.95      3.78      4.03      4.10      4.06      4.03      3.85
  7351.45      3.38      3.85      3.78      4.54      4.40      3.94      3.75      4.02      4.08      4.04      4.01      3.83
  7352.45      3.13      3.57      3.50      4.21      4.09      3.65      3.47      3.72      3.77      3.75      3.71      3.54
  7353.45      3.06      3.49      3.42      4.12      4.00      3.57      3.39      3.63      3.69      3.65      3.62      3.46
  7354.45      3.14      3.58      3.52      4.22      4.12      3.67      3.50      3.74      3.79      3.75      3.72      3.56
  7355.45      3.37      3.84      3.76      4.50      4.41      3.94      3.75      4.01      4.06      4.02      4.00      3.82
  7356.45      3.48      3.96      3.88      4.62      4.55      4.07      3.86      4.14      4.20      4.15      4.13      3.95
  7357.45      3.43      3.92      3.84      4.55      4.50      4.02      3.81      4.09      4.15      4.10      4.08      3.91
  7358.45      3.16      3.60      3.55      4.18      4.15      3.69      3.49      3.77      3.80      3.77      3.73      3.58
  7359.45      1.94      2.23      2.20      2.61      2.59      2.28      2.14      2.32      2.35      2.33      2.30      2.20
  7360.45      1.03      1.18      1.16      1.39      1.38      1.21      1.13      1.22      1.24      1.22      1.21      1.16
  7361.45      1.28      1.47      1.44      1.72      1.73      1.50      1.41      1.53      1.55      1.52      1.52      1.45
  7362.45      2.60      2.98      2.91      3.44      3.49      3.06      2.89      3.12      3.16      3.12      3.10      2.97
  7363.45      3.36      3.82      3.74      4.39      4.44      3.94      3.72      3.99      4.05      4.01      3.99      3.82
  7364.45      3.50      3.97      3.89      4.55      4.62      4.09      3.86      4.15      4.21      4.16      4.13      3.96
  7365.45      3.37      3.84      3.75      4.40      4.48      3.95      3.73      4.02      4.07      4.02      3.99      3.83
  7366.45      3.27      3.72      3.63      4.26      4.36      3.84      3.61      3.90      3.94      3.91      3.87      3.72
  7367.45      3.30      3.76      3.66      4.30      4.40      3.88      3.65      3.94      3.97      3.94      3.91      3.75
  7368.45      3.28      3.72      3.62      4.25      4.37      3.85      3.61      3.89      3.93      3.89      3.87      3.71
  7369.45      2.58      2.93      2.86      3.36      3.47      3.04      2.83      3.05      3.11      3.07      3.04      2.92
  7370.45      0.96      1.11      1.08      1.27      1.32      1.14      1.05      1.14      1.17      1.15      1.13      1.09
  7371.45      0.54      0.63      0.62      0.73      0.75      0.65      0.60      0.65      0.66      0.65      0.64      0.62
  7372.45      1.00      1.16      1.13      1.33      1.39      1.20      1.12      1.20      1.23      1.20      1.19      1.15
  7373.45      2.72      3.11      3.03      3.53      3.71      3.22      3.02      3.26      3.30      3.26      3.22      3.12
  7374.45      3.41      3.87      3.77      4.37      4.60      4.01      3.75      4.05      4.08      4.06      4.00      3.88
  7375.45      3.18      3.62      3.53      4.09      4.32      3.76      3.50      3.78      3.82      3.80      3.75      3.63
  7376.45      3.10      3.52      3.44      3.98      4.22      3.66      3.41      3.70      3.71      3.69      3.65      3.53
  7377.45      3.47      3.93      3.83      4.41      4.69      4.09      3.81      4.13      4.14      4.10      4.07      3.94
  7378.45      3.66      4.13      4.03      4.64      4.95      4.32      4.02      4.35      4.37      4.33      4.30      4.15
  7379.45      3.58      4.04      3.95      4.55      4.86      4.24      3.94      4.25      4.28      4.25      4.21      4.06
  7380.45      3.47      3.92      3.83      4.42      4.73      4.11      3.82      4.13      4.14      4.13      4.08      3.93
  7381.45      3.50      3.97      3.87      4.46      4.79      4.16      3.85      4.17      4.18      4.17      4.13      3.97
  7382.45      3.62      4.09      3.99      4.60      4.95      4.30      3.97      4.30      4.33      4.30      4.25      4.11
  7383.45      3.63      4.09      4.00      4.61      4.99      4.31      3.99      4.32      4.33      4.32      4.26      4.14
  7384.45      3.52      3.96      3.88      4.47      4.85      4.17      3.86      4.20      4.20      4.19      4.14      4.02
  7385.45      3.46      3.90      3.82      4.40      4.78      4.11      3.82      4.14      4.14      4.13      4.07      3.95
  7386.45      3.58      4.03      3.95      4.54      4.95      4.25      3.96      4.27      4.29      4.28      4.21      4.08
  7387.45      3.75      4.21      4.13      4.73      5.18      4.46      4.13      4.47      4.48      4.47      4.40      4.27
  7388.45      3.74      4.19      4.11      4.71      5.18      4.45      4.11      4.45      4.47      4.45      4.39      4.26
  7389.45      3.59      4.03      3.94      4.53      5.00      4.28      3.94      4.27      4.29      4.28      4.22      4.09
  7390.45      3.50      3.93      3.83      4.41      4.89      4.17      3.85      4.15      4.17      4.17      4.12      3.99
  7391.45      3.25      3.66      3.57      4.09      4.57      3.88      3.58      3.86      3.87      3.88      3.83      3.71
  7392.45      2.72      3.06      2.99      3.43      3.85      3.25      2.99      3.23      3.22      3.25      3.19      3.10
  7393.45      1.61      1.83      1.78      2.04      2.33      1.93      1.77      1.91      1.92      1.93      1.89      1.83
  7394.45      1.25      1.43      1.40      1.60      1.85      1.52      1.38      1.49      1.50      1.50      1.47      1.44
  7395.45      2.10      2.38      2.33      2.66      3.08      2.53      2.33      2.51      2.52      2.51      2.48      2.42
  7396.45      3.25      3.65      3.57      4.07      4.66      3.88      3.60      3.87      3.87      3.87      3.82      3.73
  7397.45      3.59      4.01      3.92      4.46      5.12      4.27      3.96      4.26      4.25      4.27      4.21      4.11
  7398.45      3.69      4.13      4.04      4.58      5.27      4.39      4.07      4.38      4.37      4.39      4.32      4.23
  7399.45      3.70      4.14      4.04      4.60      5.30      4.41      4.08      4.39      4.38      4.39      4.33      4.24
  7400.45      3.63      4.05      3.95      4.49      5.21      4.32      4.00      4.30      4.29      4.30      4.25      4.15
  7401.45      3.38      3.77      3.69      4.18      4.88      4.01      3.72      4.00      3.99      3.99      3.95      3.87
  7402.45      2.02      2.27      2.22      2.53      3.00      2.43      2.22      2.40      2.41      2.40      2.38      2.32
  7403.45      0.88      1.00      0.98      1.11      1.34      1.06      0.96      1.05      1.05      1.04      1.04      1.01
  7404.45      0.91      1.03      1.01      1.14      1.39      1.10      1.00      1.09      1.08      1.08      1.07      1.05
  7405.45      2.12      2.40      2.35      2.65      3.22      2.57      2.36      2.55      2.54      2.54      2.51      2.46
  7406.45      3.38      3.77      3.70      4.16      4.99      4.05      3.75      4.03      4.02      4.01      3.98      3.90
  7407.45      3.65      4.06      3.99      4.48      5.37      4.37      4.04      4.35      4.33      4.33      4.29      4.21
  7408.45      3.75      4.18      4.11      4.60      5.52      4.50      4.15      4.46      4.45      4.44      4.39      4.32
  7409.45      3.80      4.23      4.16      4.65      5.61      4.56      4.20      4.51      4.50      4.50      4.45      4.37
  7410.45      3.84      4.26      4.19      4.69      5.67      4.59      4.23      4.55      4.54      4.54      4.49      4.41
  7411.45      3.84      4.26      4.20      4.69      5.69      4.60      4.23      4.55      4.54      4.53      4.50      4.42
  7412.45      3.75      4.15      4.10      4.57      5.59      4.49      4.13      4.45      4.42      4.41      4.40      4.32
  7413.45      3.44      3.81      3.77      4.19      5.18      4.12      3.79      4.09      4.06      4.06      4.04      3.97
  7414.45      3.22      3.58      3.53      3.94      4.91      3.87      3.55      3.83      3.80      3.81      3.78      3.72
  7415.45      3.37      3.73      3.70      4.11      5.14      4.06      3.72      4.01      3.97      3.98      3.96      3.90
  7416.45      3.60      3.97      3.93      4.37      5.47      4.32      3.96      4.26      4.23      4.24      4.21      4.16
  7417.45      3.56      3.93      3.90      4.32      5.45      4.29      3.93      4.22      4.20      4.20      4.19      4.13
  7418.45      3.43      3.79      3.76      4.16      5.28      4.14      3.79      4.07      4.05      4.05      4.03      3.98
  7419.45      3.45      3.82      3.79      4.18      5.34      4.16      3.82      4.10      4.07      4.07      4.06      4.01
  7420.45      3.57      3.95      3.91      4.32      5.52      4.31      3.96      4.25      4.22      4.21      4.21      4.16
  7421.45      3.70      4.10      4.06      4.48      5.73      4.47      4.11      4.41      4.39      4.38      4.37      4.33
  7422.45      3.74      4.14      4.10      4.51      5.79      4.51      4.15      4.45      4.43      4.43      4.41      4.38
  7423.45      3.73      4.12      4.10      4.49      5.79      4.50      4.13      4.43      4.41      4.41      4.40      4.36
  7424.45      3.57      3.94      3.93      4.31      5.58      4.32      3.97      4.25      4.22      4.23      4.23      4.17
  7425.45      3.56      3.92      3.91      4.29      5.58      4.31      3.95      4.24      4.20      4.21      4.21      4.15
  7426.45      3.71      4.08      4.08      4.47      5.81      4.50      4.12      4.42      4.38      4.39      4.39      4.33
  7427.45      3.75      4.12      4.12      4.50      5.87      4.54      4.15      4.45      4.42      4.43      4.43      4.37
  7428.45      3.72      4.10      4.08      4.46      5.84      4.52      4.11      4.41      4.39      4.40      4.39      4.34
  7429.45      3.58      3.94      3.94      4.29      5.65      4.36      3.96      4.25      4.23      4.23      4.22      4.17
  7430.45      2.82      3.11      3.12      3.39      4.56      3.46      3.12      3.36      3.34      3.34      3.33      3.29
  7431.45      1.77      1.95      1.96      2.13      2.95      2.17      1.95      2.10      2.10      2.09      2.08      2.07
  7432.45      1.90      2.10      2.11      2.29      3.17      2.33      2.09      2.25      2.25      2.24      2.24      2.22
  7433.45      3.03      3.33      3.35      3.63      4.91      3.70      3.35      3.59      3.58      3.57      3.57      3.54
  7434.45      3.55      3.89      3.92      4.25      5.66      4.32      3.94      4.21      4.18      4.19      4.18      4.15
  7435.45      3.63      3.97      4.01      4.35      5.79      4.42      4.04      4.31      4.27      4.29      4.29      4.25
  7436.45      3.64      3.97      4.02      4.35      5.82      4.43      4.04      4.32      4.27      4.29      4.30      4.27
  7437.45      3.62      3.94      3.99      4.31      5.79      4.40      4.00      4.29      4.23      4.25      4.27      4.23
  7438.45      3.23      3.52      3.57      3.85      5.24      3.94      3.57      3.84      3.79      3.81      3.82      3.78
  7439.45      1.88      2.06      2.09      2.25      3.18      2.31      2.08      2.23      2.22      2.22      2.23      2.21
  7440.45      1.18      1.29      1.31      1.41      2.03      1.44      1.29      1.39      1.38      1.38      1.39      1.38
  7441.45      1.61      1.76      1.81      1.94      2.76      1.98      1.79      1.92      1.90      1.90      1.92      1.90
  7442.45      2.99      3.25      3.32      3.56      4.91      3.66      3.31      3.56      3.51      3.52      3.54      3.50
  7443.45      3.62      3.93      4.00      4.28      5.84      4.41      4.00      4.30      4.25      4.25      4.27      4.23
  7444.45      3.69      4.01      4.09      4.37      5.97      4.51      4.10      4.38      4.33      4.34      4.35      4.32
  7445.45      3.66      3.97      4.05      4.33      5.93      4.47      4.07      4.33      4.29      4.30      4.31      4.28
  7446.45      3.64      3.96      4.03      4.31      5.91      4.46      4.05      4.31      4.27      4.28      4.30      4.26
  7447.45      3.72      4.04      4.12      4.40      6.02      4.55      4.13      4.41      4.37      4.37      4.40      4.36
  7448.45      3.73      4.04      4.13      4.41      6.02      4.56      4.14      4.42      4.38      4.38      4.40      4.36
  7449.45      3.71      4.00      4.11      4.36      5.98      4.53      4.11      4.38      4.33      4.33      4.37      4.32
  7450.45      3.70      3.98      4.10      4.35      5.97      4.54      4.11      4.38      4.32      4.32      4.35      4.30
  7451.45      3.69      3.97      4.09      4.34      5.96      4.53      4.10      4.38      4.32      4.32      4.35      4.30
  7452.45      3.67      3.95      4.08      4.32      5.93      4.51      4.08      4.35      4.29      4.30      4.32      4.27
  7453.45      3.62      3.88      4.01      4.25      5.85      4.44      4.01      4.28      4.23      4.24      4.26      4.21
  7454.45      3.62      3.89      4.01      4.25      5.84      4.44      4.02      4.29      4.23      4.24      4.27      4.21
  7455.45      3.65      3.93      4.06      4.28      5.89      4.48      4.07      4.34      4.27      4.28      4.31      4.26
  7456.45      3.67      3.94      4.09      4.30      5.91      4.51      4.09      4.35      4.30      4.31      4.33      4.27
  7457.45      3.67      3.94      4.08      4.29      5.89      4.52      4.08      4.33      4.30      4.31      4.32      4.25
  7458.45      3.63      3.90      4.04      4.25      5.82      4.48      4.03      4.30      4.26      4.26      4.28      4.21
  7459.45      3.49      3.74      3.88      4.08      5.60      4.31      3.87      4.13      4.09      4.09      4.11      4.05
  7460.45      3.34      3.58      3.71      3.91      5.38      4.14      3.71      3.96      3.91      3.93      3.94      3.88
  7461.45      3.46      3.70      3.85      4.04      5.54      4.28      3.84      4.09      4.03      4.06      4.08      4.00
  7462.45      3.38      3.61      3.76      3.94      5.41      4.18      3.75      3.98      3.93      3.97      3.97      3.90
  7463.45      2.94      3.15      3.29      3.44      4.78      3.66      3.27      3.47      3.44      3.47      3.47      3.41
  7464.45      2.62      2.80      2.93      3.06      4.29      3.27      2.91      3.08      3.06      3.09      3.10      3.04
  7465.45      2.82      3.01      3.14      3.28      4.57      3.50      3.12      3.31      3.28      3.31      3.33      3.26
  7466.45      2.91      3.09      3.23      3.37      4.68      3.60      3.20      3.40      3.37      3.41      3.41      3.34
  7467.45      2.60      2.76      2.89      3.02      4.20      3.24      2.86      3.05      3.02      3.05      3.04      2.99
  7468.45      2.12      2.26      2.37      2.47      3.47      2.65      2.34      2.49      2.47      2.49      2.48      2.45
  7469.45      2.42      2.57      2.70      2.81      3.90      3.01      2.67      2.83      2.80      2.83      2.83      2.77
  7470.45      3.04      3.23      3.39      3.52      4.80      3.77      3.36      3.55      3.52      3.55      3.57      3.48
  7471.45      2.96      3.13      3.29      3.41      4.66      3.68      3.27      3.44      3.43      3.44      3.47      3.38
  7472.45      2.15      2.27      2.40      2.49      3.45      2.69      2.37      2.50      2.49      2.51      2.52      2.46
  7473.45      1.72      1.82      1.93      2.00      2.78      2.16      1.90      2.00      2.00      2.01      2.01      1.98
  7474.45      1.82      1.93      2.05      2.11      2.94      2.29      2.01      2.12      2.11      2.13      2.14      2.10
  7475.45      1.49      1.57      1.68      1.73      2.41      1.88      1.65      1.74      1.73      1.75      1.75      1.72
  7476.45      1.79      1.89      2.02      2.07      2.87      2.26      1.98      2.09      2.08      2.09      2.10      2.07
  7477.45      2.83      3.00      3.18      3.29      4.41      3.57      3.15      3.31      3.30      3.32      3.33      3.27
  7478.45      3.17      3.36      3.54      3.68      4.88      3.99      3.53      3.69      3.69      3.72      3.73      3.65
  7479.45      2.98      3.15      3.33      3.44      4.59      3.75      3.31      3.46      3.46      3.50      3.50      3.42
  7480.45      2.03      2.14      2.28      2.33      3.18      2.55      2.25      2.34      2.36      2.37      2.38      2.32
  7481.45      1.42      1.50      1.60      1.63      2.25      1.79      1.57      1.64      1.65      1.66      1.67      1.63
  7482.45      1.61      1.70      1.82      1.86      2.53      2.04      1.79      1.87      1.86      1.88      1.89      1.85
  7483.45      2.34      2.46      2.63      2.70      3.60      2.96      2.61      2.71      2.71      2.73      2.75      2.68
  7484.45      1.90      2.00      2.14      2.19      2.93      2.41      2.12      2.20      2.21      2.22      2.24      2.17
  7485.45      1.28      1.35      1.45      1.48      2.00      1.64      1.43      1.49      1.49      1.50      1.52      1.47
  7486.45      1.74      1.82      1.96      2.01      2.68      2.21      1.94      2.02      2.02      2.04      2.06      2.00
  7487.45      2.84      2.98      3.18      3.27      4.24      3.59      3.18      3.30      3.30      3.32      3.36      3.27
  7488.45      3.10      3.24      3.46      3.56      4.56      3.91      3.46      3.59      3.58      3.62      3.65      3.56
  7489.45      3.09      3.23      3.46      3.54      4.54      3.90      3.45      3.57      3.57      3.60      3.64      3.54
  7490.45      3.08      3.22      3.45      3.54      4.52      3.89      3.44      3.55      3.56      3.60      3.64      3.53
  7491.45      3.25      3.40      3.64      3.72      4.73      4.09      3.63      3.74      3.76      3.80      3.83      3.72
  7492.45      3.32      3.48      3.72      3.81      4.83      4.19      3.73      3.83      3.86      3.90      3.92      3.82
  7493.45      3.25      3.40      3.65      3.73      4.71      4.10      3.65      3.75      3.78      3.82      3.84      3.75
  7494.45      2.79      2.92      3.14      3.21      4.06      3.54      3.13      3.22      3.24      3.29      3.29      3.22
  7495.45      2.12      2.21      2.38      2.43      3.10      2.70      2.37      2.43      2.45      2.48      2.49      2.44
  7496.45      2.35      2.44      2.62      2.68      3.40      2.99      2.62      2.68      2.71      2.74      2.75      2.70
  7497.45      3.06      3.18      3.41      3.48      4.35      3.88      3.43      3.49      3.53      3.56      3.59      3.50
  7498.45      3.24      3.37      3.62      3.69      4.59      4.13      3.64      3.71      3.76      3.79      3.81      3.71
  7499.45      3.24      3.37      3.62      3.69      4.58      4.14      3.64      3.72      3.76      3.79      3.81      3.71
  7500.45      3.18      3.31      3.56      3.63      4.49      4.07      3.58      3.66      3.69      3.72      3.75      3.66
  7501.45      3.04      3.15      3.39      3.46      4.28      3.88      3.42      3.48      3.52      3.53      3.58      3.49
  7502.45      3.04      3.16      3.39      3.45      4.26      3.87      3.42      3.48      3.50      3.53      3.57      3.47
  7503.45      3.09      3.21      3.45      3.51      4.30      3.94      3.47      3.53      3.55      3.58      3.63      3.52
  7504.45      3.05      3.16      3.40      3.46      4.24      3.89      3.43      3.48      3.51      3.54      3.58      3.48
  7505.45      3.07      3.18      3.42      3.48      4.26      3.92      3.45      3.50      3.54      3.56      3.61      3.52
  7506.45      3.12      3.24      3.47      3.53      4.32      3.99      3.51      3.56      3.60      3.63      3.67      3.58
  7507.45      3.15      3.26      3.50      3.57      4.34      4.03      3.55      3.60      3.63      3.67      3.71      3.61
  7508.45      3.15      3.26      3.51      3.57      4.33      4.04      3.54      3.61      3.63      3.67      3.71      3.61
  7509.45      3.11      3.22      3.46      3.51      4.25      3.99      3.49      3.56      3.58      3.61      3.65      3.55
  7510.45      3.06      3.16      3.41      3.44      4.16      3.93      3.45      3.49      3.52      3.55      3.59      3.49
  7511.45      3.05      3.14      3.40      3.43      4.14      3.92      3.44      3.47      3.51      3.55      3.57      3.47
  7512.45      3.10      3.18      3.45      3.48      4.19      3.99      3.49      3.52      3.57      3.60      3.63      3.51
  7513.45      3.11      3.20      3.46      3.50      4.21      4.01      3.50      3.54      3.59      3.62      3.66      3.54
  7514.45      3.07      3.16      3.41      3.46      4.14      3.95      3.46      3.49      3.54      3.57      3.61      3.50
  7515.45      3.04      3.12      3.38      3.41      4.08      3.90      3.43      3.44      3.50      3.52      3.56      3.46
  7516.45      2.99      3.07      3.33      3.36      4.02      3.84      3.37      3.39      3.43      3.46      3.50      3.40
  7517.45      2.87      2.95      3.20      3.22      3.86      3.69      3.23      3.25      3.29      3.32      3.35      3.26
  7518.45      2.48      2.54      2.76      2.78      3.33      3.21      2.79      2.79      2.84      2.86      2.88      2.80
  7519.45      2.31      2.37      2.58      2.60      3.12      3.01      2.62      2.60      2.66      2.68      2.70      2.61
  7520.45      2.93      3.00      3.27      3.29      3.93      3.81      3.31      3.31      3.36      3.38      3.41      3.30
  7521.45      3.44      3.51      3.82      3.85      4.55      4.44      3.87      3.87      3.93      3.95      3.99      3.86
  7522.45      3.40      3.48      3.78      3.79      4.50      4.40      3.83      3.82      3.88      3.91      3.95      3.82
  7523.45      2.94      2.99      3.27      3.27      3.89      3.81      3.31      3.28      3.35      3.38      3.41      3.30
  7524.45      1.78      1.81      2.00      1.98      2.38      2.33      2.01      1.98      2.03      2.05      2.06      2.00
  7525.45      0.85      0.87      0.96      0.95      1.14      1.13      0.96      0.94      0.97      0.97      0.98      0.95
  7526.45      0.76      0.77      0.85      0.85      1.02      1.01      0.86      0.84      0.87      0.87      0.88      0.85
  7527.45      1.58      1.60      1.76      1.76      2.10      2.09      1.79      1.77      1.82      1.82      1.84      1.78
  7528.45      2.99      3.05      3.32      3.33      3.92      3.92      3.39      3.36      3.43      3.45      3.48      3.37
  7529.45      3.23      3.30      3.58      3.60      4.21      4.24      3.66      3.63      3.69      3.72      3.76      3.63
  7530.45      3.04      3.10      3.37      3.37      3.96      4.00      3.44      3.41      3.47      3.50      3.53      3.41
  7531.45      2.52      2.57      2.81      2.79      3.30      3.34      2.86      2.82      2.88      2.91      2.93      2.83
  7532.45      1.68      1.71      1.87      1.86      2.20      2.25      1.91      1.87      1.92      1.94      1.96      1.88
  7533.45      1.88      1.91      2.09      2.08      2.46      2.51      2.13      2.10      2.15      2.15      2.19      2.11
  7534.45      2.98      3.03      3.29      3.30      3.85      3.94      3.38      3.34      3.40      3.40      3.46      3.35
  7535.45      3.50      3.56      3.85      3.87      4.49      4.60      3.96      3.93      3.99      3.99      4.05      3.93
  7536.45      3.59      3.65      3.95      3.97      4.59      4.72      4.06      4.03      4.10      4.10      4.16      4.04
  7537.45      3.56      3.62      3.92      3.94      4.55      4.70      4.03      4.01      4.06      4.06      4.13      4.01
  7538.45      3.51      3.57      3.87      3.87      4.48      4.64      3.97      3.94      3.99      3.99      4.07      3.94
  7539.45      3.46      3.52      3.81      3.81      4.41      4.59      3.92      3.88      3.94      3.94      4.01      3.88
  7540.45      3.43      3.48      3.77      3.76      4.35      4.55      3.87      3.83      3.90      3.90      3.96      3.84
  7541.45      3.03      3.07      3.34      3.32      3.85      4.05      3.43      3.38      3.45      3.44      3.50      3.40
  7542.45      2.66      2.68      2.93      2.91      3.38      3.58      3.01      2.96      3.02      3.02      3.06      2.98
  7543.45      3.01      3.03      3.30      3.29      3.79      4.02      3.41      3.35      3.40      3.41      3.46      3.36
  7544.45      3.43      3.46      3.77      3.76      4.31      4.57      3.88      3.83      3.89      3.89      3.96      3.82
  7545.45      3.59      3.62      3.94      3.93      4.51      4.80      4.07      4.01      4.07      4.07      4.13      4.01
  7546.45      3.65      3.69      4.01      4.00      4.57      4.89      4.15      4.08      4.14      4.14      4.21      4.08
  7547.45      3.63      3.66      3.97      3.97      4.53      4.87      4.12      4.04      4.12      4.10      4.19      4.05
  7548.45      3.55      3.58      3.88      3.87      4.43      4.77      4.03      3.96      4.03      4.01      4.09      3.96
  7549.45      3.59      3.62      3.91      3.91      4.47      4.84      4.07      4.00      4.06      4.05      4.13      4.00
  7550.45      3.67      3.70      3.99      3.99      4.55      4.94      4.16      4.08      4.13      4.14      4.20      4.09
  7551.45      3.66      3.68      3.97      3.99      4.53      4.94      4.15      4.07      4.12      4.12      4.20      4.09
  7552.45      3.65      3.67      3.95      3.97      4.51      4.94      4.14      4.06      4.11      4.10      4.18      4.08
  7553.45      3.62      3.65      3.93      3.93      4.47      4.91      4.11      4.03      4.09      4.07      4.15      4.04
  7554.45      3.46      3.48      3.76      3.75      4.27      4.71      3.93      3.86      3.91      3.89      3.96      3.85
  7555.45      3.42      3.43      3.71      3.69      4.20      4.66      3.87      3.80      3.86      3.83      3.90      3.80
  7556.45      3.58      3.59      3.87      3.86      4.38      4.88      4.05      3.97      4.04      4.01      4.07      3.98
  7557.45      3.54      3.55      3.82      3.82      4.32      4.84      4.01      3.91      3.98      3.97      4.03      3.93
  7558.45      2.74      2.74      2.96      2.95      3.35      3.80      3.11      3.01      3.08      3.07      3.11      3.04
  7559.45      2.00      2.00      2.17      2.15      2.46      2.81      2.27      2.19      2.25      2.24      2.27      2.23
  7560.45      2.39      2.38      2.58      2.56      2.92      3.35      2.71      2.62      2.68      2.67      2.70      2.66
  7561.45      3.29      3.28      3.54      3.54      3.99      4.56      3.73      3.63      3.69      3.67      3.72      3.66
  7562.45      3.58      3.57      3.85      3.84      4.33      4.95      4.05      3.96      4.01      3.99      4.04      3.97
  7563.45      3.61      3.61      3.87      3.87      4.36      5.00      4.09      3.99      4.04      4.02      4.07      3.99
  7564.45      3.66      3.65      3.92      3.92      4.42      5.08      4.15      4.04      4.09      4.08      4.13      4.05
  7565.45      3.69      3.67      3.95      3.95      4.45      5.14      4.18      4.07      4.13      4.11      4.17      4.09
  7566.45      3.73      3.72      4.00      4.00      4.49      5.22      4.23      4.12      4.18      4.16      4.23      4.14
  7567.45      3.72      3.70      3.97      3.98      4.46      5.20      4.21      4.09      4.16      4.13      4.20      4.11
  7568.45      3.40      3.38      3.63      3.63      4.07      4.79      3.86      3.73      3.79      3.77      3.83      3.75
  7569.45      2.95      2.94      3.15      3.15      3.53      4.21      3.35      3.24      3.29      3.27      3.32      3.26
  7570.45      3.07      3.05      3.27      3.28      3.66      4.38      3.47      3.36      3.41      3.39      3.45      3.39
  7571.45      3.22      3.20      3.43      3.45      3.83      4.60      3.64      3.53      3.57      3.55      3.62      3.55
  7572.45      2.12      2.09      2.26      2.25      2.52      3.09      2.40      2.31      2.35      2.34      2.37      2.34
  7573.45      1.10      1.09      1.18      1.17      1.31      1.64      1.25      1.19      1.23      1.22      1.23      1.21
  7574.45      1.16      1.14      1.23      1.23      1.38      1.73      1.32      1.25      1.28      1.27      1.29      1.27
  7575.45      2.05      2.02      2.19      2.17      2.44      3.03      2.32      2.22      2.27      2.24      2.28      2.24
  7576.45      2.68      2.64      2.85      2.84      3.17      3.93      3.03      2.92      2.97      2.94      2.99      2.93
  7577.45      3.28      3.24      3.47      3.47      3.85      4.76      3.70      3.58      3.64      3.59      3.65      3.59
  7578.45      3.71      3.66      3.92      3.93      4.35      5.35      4.19      4.05      4.11      4.06      4.13      4.07
  7579.45      3.81      3.76      4.03      4.05      4.47      5.51      4.33      4.17      4.23      4.19      4.25      4.19
  7580.45      3.85      3.80      4.07      4.09      4.52      5.59      4.38      4.23      4.28      4.23      4.29      4.24
  7581.45      3.86      3.81      4.07      4.10      4.52      5.63      4.39      4.24      4.30      4.24      4.31      4.25
  7582.45      3.86      3.80      4.06      4.09      4.50      5.64      4.38      4.23      4.29      4.23      4.30      4.24
  7583.45      3.89      3.83      4.09      4.12      4.52      5.69      4.41      4.26      4.31      4.25      4.32      4.28
  7584.45      3.90      3.85      4.11      4.14      4.54      5.73      4.43      4.28      4.32      4.28      4.33      4.29
  7585.45      3.83      3.78      4.03      4.06      4.45      5.65      4.34      4.19      4.24      4.19      4.25      4.20
  7586.45      3.35      3.29      3.52      3.54      3.88      4.98      3.78      3.63      3.69      3.64      3.70      3.65
  7587.45      2.25      2.20      2.36      2.38      2.61      3.43      2.55      2.43      2.48      2.44      2.49      2.45
  7588.45      1.97      1.92      2.06      2.08      2.28      3.03      2.23      2.13      2.17      2.13      2.17      2.14
  7589.45      2.83      2.78      2.97      3.00      3.28      4.31      3.21      3.07      3.13      3.08      3.13      3.09
  7590.45      3.74      3.67      3.91      3.96      4.31      5.59      4.23      4.06      4.11      4.07      4.13      4.07
  7591.45      3.92      3.86      4.10      4.15      4.53      5.87      4.45      4.27      4.31      4.27      4.34      4.27
  7592.45      3.88      3.82      4.05      4.11      4.47      5.83      4.41      4.22      4.27      4.22      4.29      4.23
  7593.45      3.65      3.59      3.81      3.87      4.20      5.49      4.15      3.96      4.01      3.97      4.03      3.98
  7594.45      3.16      3.11      3.30      3.36      3.63      4.78      3.60      3.43      3.47      3.44      3.49      3.45
  7595.45      2.62      2.57      2.73      2.78      3.00      3.99      2.98      2.85      2.88      2.85      2.89      2.85
  7596.45      2.17      2.12      2.26      2.30      2.48      3.33      2.46      2.37      2.39      2.36      2.39      2.36
  7597.45      1.85      1.81      1.94      1.97      2.12      2.88      2.11      2.03      2.04      2.02      2.05      2.02
  7598.45      1.50      1.47      1.57      1.60      1.72      2.36      1.72      1.64      1.65      1.63      1.67      1.63
  7599.45      1.06      1.03      1.10      1.11      1.20      1.67      1.20      1.14      1.15      1.14      1.16      1.14
  7600.45      0.73      0.71      0.75      0.77      0.83      1.17      0.83      0.78      0.79      0.78      0.80      0.79
  7601.45      0.77      0.75      0.79      0.81      0.87      1.23      0.87      0.82      0.83      0.82      0.84      0.83
  7602.45      0.94      0.92      0.98      1.01      1.08      1.51      1.08      1.03      1.03      1.02      1.04      1.03
  7603.45      1.00      0.98      1.04      1.07      1.16      1.60      1.16      1.10      1.09      1.09      1.11      1.10
  7604.45      0.96      0.94      0.99      1.02      1.11      1.52      1.10      1.04      1.04      1.03      1.05      1.04
  7605.45      0.95      0.92      0.97      1.01      1.09      1.51      1.08      1.03      1.03      1.02      1.04      1.03
  7606.45      0.93      0.91      0.96      0.99      1.06      1.49      1.07      1.01      1.01      1.00      1.02      1.01
  7607.45      0.96      0.94      0.99      1.03      1.09      1.54      1.10      1.05      1.04      1.04      1.06      1.05
  7608.45      1.03      1.02      1.07      1.12      1.18      1.67      1.20      1.14      1.13      1.12      1.15      1.13
  7609.45      1.09      1.07      1.13      1.18      1.24      1.75      1.26      1.19      1.20      1.17      1.21      1.19
  7610.45      1.21      1.19      1.25      1.30      1.38      1.94      1.40      1.32      1.33      1.30      1.34      1.32
  7611.45      1.35      1.33      1.39      1.45      1.53      2.15      1.56      1.47      1.47      1.44      1.48      1.47
  7612.45      1.44      1.42      1.49      1.54      1.64      2.28      1.66      1.56      1.56      1.55      1.59      1.58
  7613.45      1.71      1.68      1.77      1.83      1.93      2.70      1.98      1.86      1.85      1.84      1.88      1.87
  7614.45      1.91      1.88      1.99      2.05      2.16      3.02      2.22      2.09      2.08      2.07      2.11      2.09
  7615.45      2.06      2.03      2.14      2.22      2.33      3.25      2.39      2.25      2.25      2.23      2.27      2.26
  7616.45      2.55      2.52      2.64      2.74      2.88      3.99      2.95      2.78      2.78      2.75      2.81      2.79
  7617.45      3.03      2.98      3.13      3.25      3.41      4.70      3.49      3.29      3.29      3.26      3.33      3.31
  7618.45      2.95      2.90      3.04      3.15      3.31      4.61      3.40      3.19      3.19      3.17      3.23      3.21
  7619.45      2.23      2.18      2.29      2.38      2.49      3.55      2.58      2.40      2.41      2.39      2.43      2.42
  7620.45      1.84      1.80      1.88      1.96      2.05      2.94      2.13      1.98      1.98      1.97      2.00      1.99
  7621.45      2.24      2.20      2.30      2.40      2.50      3.54      2.61      2.43      2.43      2.41      2.46      2.44
  7622.45      2.54      2.50      2.60      2.73      2.84      3.97      2.95      2.77      2.75      2.74      2.79      2.77
  7623.45      2.05      2.02      2.10      2.20      2.29      3.22      2.38      2.24      2.22      2.21      2.25      2.24
  7624.45      1.81      1.77      1.84      1.94      2.01      2.84      2.10      1.97      1.95      1.95      1.98      1.96
  7625.45      2.08      2.04      2.12      2.23      2.31      3.24      2.41      2.27      2.25      2.24      2.29      2.25
  7626.45      2.10      2.06      2.14      2.25      2.34      3.24      2.44      2.29      2.27      2.26      2.32      2.27
  7627.45      1.85      1.82      1.90      2.00      2.07      2.87      2.17      2.04      2.01      2.00      2.05      2.01
  7628.45      1.80      1.77      1.84      1.94      2.00      2.79      2.11      1.97      1.93      1.93      1.98      1.95
  7629.45      1.50      1.46      1.52      1.60      1.65      2.34      1.75      1.62      1.60      1.59      1.64      1.62
  7630.45      1.01      0.99      1.03      1.08      1.13      1.60      1.20      1.10      1.08      1.08      1.11      1.10
  7631.45      1.06      1.04      1.08      1.14      1.18      1.67      1.25      1.15      1.13      1.14      1.16      1.15
  7632.45      1.74      1.71      1.76      1.87      1.93      2.67      2.03      1.90      1.86      1.86      1.90      1.89
  7633.45      2.29      2.26      2.33      2.48      2.54      3.47      2.68      2.52      2.46      2.46      2.51      2.50
  7634.45      2.29      2.27      2.32      2.48      2.55      3.45      2.70      2.52      2.48      2.47      2.52      2.51
  7635.45      2.13      2.11      2.16      2.31      2.37      3.21      2.51      2.35      2.31      2.30      2.35      2.33
  7636.45      2.33      2.29      2.36      2.51      2.57      3.48      2.73      2.56      2.52      2.51      2.56      2.54
  7637.45      2.76      2.72      2.79      2.97      3.04      4.08      3.23      3.03      2.97      2.97      3.04      3.01
  7638.45      2.78      2.74      2.82      3.00      3.07      4.11      3.27      3.06      3.00      3.00      3.07      3.04
  7639.45      2.44      2.41      2.48      2.64      2.71      3.62      2.89      2.69      2.63      2.64      2.70      2.68
  7640.45      2.34      2.31      2.37      2.54      2.60      3.48      2.76      2.58      2.52      2.53      2.58      2.57
  7641.45      2.65      2.62      2.68      2.88      2.93      3.90      3.12      2.91      2.85      2.86      2.91      2.91
  7642.45      2.88      2.86      2.92      3.14      3.20      4.22      3.41      3.18      3.10      3.11      3.17      3.16
  7643.45      2.72      2.70      2.75      2.96      3.02      3.98      3.24      3.00      2.93      2.95      3.00      2.98
  7644.45      2.51      2.49      2.54      2.72      2.78      3.68      3.00      2.77      2.70      2.72      2.77      2.74
  7645.45      2.64      2.62      2.67      2.85      2.92      3.85      3.15      2.92      2.84      2.85      2.92      2.89
  7646.45      2.97      2.96      3.00      3.22      3.29      4.29      3.54      3.30      3.20      3.20      3.29      3.27
  7647.45      3.14      3.13      3.17      3.42      3.50      4.52      3.76      3.50      3.38      3.40      3.49      3.47
  7648.45      3.08      3.06      3.10      3.34      3.42      4.41      3.68      3.42      3.31      3.35      3.41      3.39
  7649.45      2.94      2.92      2.96      3.19      3.26      4.19      3.51      3.26      3.15      3.20      3.25      3.23
  7650.45      3.04      3.01      3.06      3.29      3.35      4.30      3.61      3.36      3.24      3.30      3.35      3.32
  7651.45      3.29      3.26      3.31      3.58      3.62      4.63      3.93      3.65      3.51      3.57      3.63      3.61
  7652.45      3.44      3.41      3.46      3.75      3.79      4.82      4.12      3.82      3.67      3.73      3.80      3.77
  7653.45      3.27      3.24      3.29      3.56      3.60      4.58      3.91      3.62      3.49      3.54      3.60      3.58
  7654.45      2.61      2.59      2.62      2.84      2.87      3.70      3.14      2.89      2.79      2.82      2.86      2.86
  7655.45      2.27      2.24      2.26      2.46      2.48      3.21      2.72      2.50      2.41      2.45      2.48      2.48
  7656.45      2.80      2.78      2.80      3.04      3.06      3.91      3.37      3.09      2.99      3.03      3.08      3.06
  7657.45      3.56      3.55      3.57      3.87      3.91      4.90      4.28      3.95      3.81      3.87      3.93      3.90
  7658.45      3.81      3.79      3.82      4.15      4.19      5.20      4.58      4.24      4.09      4.15      4.20      4.17
  7659.45      3.77      3.75      3.77      4.10      4.14      5.13      4.52      4.19      4.04      4.10      4.15      4.12
  7660.45      3.79      3.78      3.80      4.14      4.17      5.15      4.55      4.23      4.08      4.13      4.19      4.15
  7661.45      3.90      3.88      3.90      4.24      4.29      5.28      4.68      4.35      4.19      4.24      4.31      4.28
  7662.45      3.55      3.53      3.55      3.86      3.90      4.82      4.28      3.95      3.79      3.85      3.92      3.89
  7663.45      2.52      2.50      2.51      2.73      2.76      3.47      3.06      2.79      2.67      2.71      2.77      2.75
  7664.45      1.95      1.93      1.94      2.11      2.13      2.70      2.38      2.16      2.07      2.10      2.14      2.13
  7665.45      2.39      2.36      2.37      2.58      2.60      3.26      2.90      2.64      2.53      2.57      2.62      2.60
  7666.45      3.54      3.51      3.52      3.83      3.85      4.72      4.26      3.92      3.76      3.82      3.89      3.87
  7667.45      4.12      4.09      4.09      4.46      4.48      5.43      4.94      4.59      4.38      4.46      4.53      4.51
  7668.45      4.28      4.25      4.25      4.64      4.67      5.62      5.16      4.79      4.56      4.65      4.72      4.69
  7669.45      4.38      4.34      4.35      4.75      4.77      5.73      5.28      4.89      4.65      4.75      4.82      4.80
  7670.45      4.36      4.33      4.33      4.73      4.75      5.70      5.27      4.87      4.63      4.72      4.80      4.78
  7671.45      4.30      4.28      4.28      4.67      4.69      5.62      5.20      4.80      4.57      4.67      4.74      4.71
  7672.45      4.35      4.33      4.33      4.74      4.74      5.67      5.28      4.87      4.64      4.73      4.81      4.77
  7673.45      4.35      4.32      4.31      4.73      4.73      5.66      5.29      4.88      4.64      4.72      4.80      4.77
  7674.45      4.28      4.24      4.23      4.65      4.65      5.55      5.22      4.81      4.56      4.64      4.72      4.69
  7675.45      4.36      4.32      4.31      4.73      4.74      5.63      5.32      4.91      4.64      4.74      4.80      4.77
  7676.45      4.46      4.42      4.40      4.84      4.83      5.73      5.43      5.00      4.73      4.84      4.89      4.88
  7677.45      4.48      4.45      4.41      4.85      4.85      5.74      5.45      5.01      4.75      4.87      4.91      4.91
  7678.45      4.55      4.52      4.48      4.92      4.93      5.82      5.55      5.10      4.83      4.96      4.99      4.99
  7679.45      4.60      4.57      4.53      4.97      4.97      5.87      5.61      5.16      4.88      5.01      5.04      5.04
  7680.45      4.61      4.58      4.54      4.98      4.97      5.87      5.63      5.16      4.89      5.01      5.06      5.05
  7681.45      4.61      4.56      4.54      4.97      4.96      5.85      5.63      5.15      4.87      4.99      5.05      5.05
  7682.45      4.31      4.26      4.24      4.65      4.64      5.47      5.28      4.80      4.54      4.65      4.71      4.71
  7683.45      3.83      3.78      3.76      4.14      4.13      4.88      4.72      4.27      4.05      4.13      4.18      4.18
  7684.45      3.81      3.75      3.73      4.12      4.09      4.83      4.69      4.25      4.02      4.10      4.15      4.15
  7685.45      4.00      3.94      3.92      4.33      4.29      5.05      4.93      4.47      4.22      4.31      4.36      4.37
  7686.45      3.94      3.89      3.85      4.26      4.23      4.97      4.87      4.40      4.16      4.25      4.30      4.30
  7687.45      3.75      3.71      3.66      4.05      4.02      4.74      4.65      4.19      3.96      4.05      4.08      4.10
  7688.45      3.49      3.44      3.39      3.76      3.73      4.40      4.33      3.89      3.67      3.77      3.78      3.80
  7689.45      3.40      3.34      3.30      3.66      3.64      4.28      4.23      3.80      3.56      3.67      3.69      3.70
  7690.45      3.60      3.54      3.50      3.86      3.84      4.51      4.47      4.02      3.76      3.87      3.91      3.91
  7691.45      3.83      3.77      3.72      4.10      4.09      4.79      4.75      4.28      4.01      4.12      4.16      4.15
  7692.45      3.76      3.70      3.66      4.03      4.01      4.70      4.68      4.20      3.94      4.05      4.09      4.07
  7693.45      3.40      3.35      3.31      3.64      3.62      4.25      4.26      3.81      3.56      3.67      3.68      3.68
  7694.45      3.38      3.32      3.28      3.62      3.58      4.21      4.24      3.79      3.54      3.64      3.65      3.66
  7695.45      3.82      3.75      3.71      4.09      4.05      4.73      4.77      4.28      4.00      4.10      4.12      4.14
  7696.45      4.13      4.08      4.02      4.43      4.39      5.10      5.16      4.65      4.34      4.45      4.48      4.49
  7697.45      4.19      4.14      4.08      4.50      4.45      5.17      5.25      4.71      4.41      4.52      4.54      4.56
  7698.45      4.14      4.09      4.02      4.44      4.39      5.10      5.20      4.65      4.36      4.46      4.48      4.50
  7699.45      3.95      3.90      3.84      4.24      4.20      4.87      4.97      4.44      4.17      4.27      4.29      4.29
  7700.45      3.36      3.32      3.26      3.60      3.57      4.15      4.26      3.77      3.53      3.63      3.64      3.64
  7701.45      2.86      2.81      2.76      3.05      3.03      3.53      3.64      3.20      2.99      3.08      3.08      3.08
  7702.45      3.14      3.08      3.02      3.34      3.31      3.85      3.99      3.52      3.28      3.36      3.37      3.38
  7703.45      3.93      3.87      3.80      4.20      4.15      4.79      4.98      4.42      4.12      4.22      4.23      4.25
  7704.45      4.36      4.30      4.22      4.66      4.61      5.30      5.51      4.91      4.58      4.69      4.71      4.72
  7705.45      4.46      4.41      4.33      4.78      4.73      5.43      5.66      5.05      4.70      4.82      4.83      4.84
  7706.45      4.56      4.51      4.43      4.88      4.83      5.53      5.80      5.15      4.79      4.92      4.92      4.94
  7707.45      4.72      4.67      4.58      5.04      5.00      5.71      6.00      5.32      4.96      5.09      5.09      5.10
  7708.45      4.84      4.78      4.69      5.16      5.11      5.84      6.15      5.44      5.08      5.22      5.21      5.22
  7709.45      4.86      4.78      4.70      5.17      5.11      5.83      6.17      5.45      5.09      5.22      5.23      5.22
  7710.45      4.76      4.69      4.60      5.07      5.00      5.71      6.07      5.35      4.99      5.12      5.13      5.12
  7711.45      4.42      4.36      4.27      4.70      4.64      5.31      5.67      4.96      4.62      4.75      4.76      4.75
  7712.45      3.10      3.06      2.98      3.29      3.23      3.75      4.03      3.47      3.23      3.33      3.33      3.33
  7713.45      1.25      1.23      1.20      1.33      1.29      1.53      1.66      1.39      1.30      1.34      1.34      1.34
  7714.45      0.67      0.66      0.64      0.71      0.69      0.82      0.89      0.74      0.68      0.71      0.71      0.71
  7715.45      0.78      0.77      0.74      0.82      0.80      0.94      1.04      0.86      0.79      0.82      0.82      0.82
  7716.45      1.17      1.14      1.10      1.22      1.18      1.39      1.55      1.28      1.18      1.22      1.21      1.22
  7717.45      0.91      0.89      0.86      0.95      0.92      1.09      1.21      1.00      0.92      0.95      0.94      0.95
  7718.45      0.63      0.61      0.60      0.66      0.64      0.76      0.85      0.70      0.64      0.66      0.66      0.66
  7719.45      0.63      0.62      0.60      0.66      0.64      0.76      0.86      0.70      0.64      0.66      0.66      0.66
  7720.45      1.09      1.07      1.04      1.15      1.12      1.30      1.49      1.22      1.12      1.16      1.15      1.16
  7721.45      2.40      2.36      2.29      2.54      2.49      2.86      3.25      2.71      2.50      2.57      2.56      2.55
  7722.45      3.82      3.76      3.66      4.04      3.97      4.51      5.08      4.31      3.98      4.09      4.07      4.05
  7723.45      4.05      3.99      3.89      4.29      4.21      4.77      5.39      4.57      4.22      4.34      4.31      4.30
  7724.45      3.38      3.33      3.25      3.57      3.50      3.98      4.55      3.81      3.51      3.61      3.59      3.58
  7725.45      2.41      2.37      2.30      2.52      2.47      2.83      3.28      2.70      2.48      2.56      2.54      2.53
  7726.45      2.16      2.12      2.06      2.25      2.20      2.54      2.95      2.42      2.22      2.28      2.27      2.26
  7727.45      1.89      1.85      1.80      1.98      1.92      2.22      2.60      2.12      1.94      1.99      1.98      1.98
  7728.45      1.87      1.84      1.78      1.96      1.91      2.20      2.59      2.11      1.93      1.98      1.97      1.98
  7729.45      2.85      2.82      2.73      3.00      2.94      3.35      3.93      3.24      2.97      3.04      3.02      3.03
  7730.45      4.05      4.00      3.89      4.26      4.18      4.72      5.49      4.59      4.22      4.33      4.30      4.29
  7731.45      4.24      4.20      4.08      4.47      4.38      4.94      5.77      4.81      4.44      4.55      4.51      4.50
  7732.45      4.27      4.24      4.11      4.50      4.41      4.97      5.83      4.85      4.47      4.58      4.54      4.54
  7733.45      4.44      4.42      4.28      4.68      4.59      5.17      6.07      5.03      4.64      4.77      4.73      4.72
  7734.45      4.43      4.40      4.26      4.66      4.58      5.15      6.07      5.02      4.62      4.75      4.72      4.70
  7735.45      4.02      3.98      3.85      4.21      4.14      4.66      5.54      4.55      4.17      4.29      4.27      4.25
  7736.45      3.47      3.44      3.32      3.64      3.56      4.03      4.84      3.93      3.60      3.71      3.68      3.66
  7737.45      3.22      3.18      3.07      3.37      3.30      3.73      4.53      3.64      3.34      3.43      3.39      3.39
  7738.45      3.56      3.52      3.40      3.72      3.65      4.11      5.00      4.03      3.69      3.79      3.75      3.76
  7739.45      4.24      4.21      4.07      4.45      4.37      4.89      5.93      4.81      4.42      4.53      4.49      4.49
  7740.45      4.45      4.42      4.28      4.66      4.59      5.13      6.21      5.05      4.64      4.75      4.71      4.71
  7741.45      4.30      4.26      4.12      4.49      4.42      4.94      6.03      4.87      4.46      4.57      4.54      4.54
  7742.45      4.08      4.05      3.91      4.26      4.19      4.68      5.77      4.63      4.22      4.34      4.30      4.30
  7743.45      4.23      4.20      4.06      4.42      4.35      4.85      5.99      4.82      4.39      4.51      4.47      4.47
  7744.45      4.62      4.60      4.45      4.83      4.76      5.29      6.52      5.27      4.81      4.94      4.89      4.90
  7745.45      4.74      4.73      4.57      4.96      4.89      5.43      6.70      5.41      4.95      5.08      5.02      5.03
  7746.45      4.56      4.55      4.38      4.77      4.70      5.22      6.48      5.19      4.76      4.88      4.82      4.83
  7747.45      4.27      4.27      4.10      4.46      4.39      4.89      6.12      4.87      4.45      4.56      4.51      4.51
  7748.45      4.21      4.20      4.05      4.39      4.33      4.81      6.06      4.80      4.37      4.48      4.44      4.43
  7749.45      4.03      4.01      3.88      4.19      4.14      4.59      5.81      4.58      4.16      4.28      4.24      4.23
  7750.45      2.47      2.46      2.37      2.56      2.52      2.83      3.66      2.80      2.54      2.62      2.59      2.59
  7751.45      0.95      0.94      0.90      0.97      0.95      1.08      1.43      1.06      0.96      0.99      0.98      0.98
  7752.45      0.47      0.46      0.44      0.48      0.47      0.53      0.72      0.52      0.47      0.49      0.48      0.48
  7753.45      0.58      0.58      0.55      0.60      0.59      0.67      0.90      0.66      0.60      0.61      0.61      0.61
  7754.45      1.58      1.59      1.51      1.64      1.62      1.81      2.44      1.82      1.64      1.68      1.66      1.68
  7755.45      3.62      3.63      3.47      3.75      3.74      4.12      5.39      4.16      3.77      3.86      3.81      3.83
  7756.45      4.50      4.51      4.31      4.66      4.64      5.10      6.59      5.14      4.68      4.78      4.74      4.75
  7757.45      4.34      4.35      4.16      4.49      4.47      4.91      6.39      4.96      4.51      4.61      4.57      4.58
  7758.45      3.73      3.74      3.57      3.86      3.83      4.22      5.57      4.27      3.88      3.96      3.92      3.92
  7759.45      3.49      3.50      3.34      3.61      3.58      3.94      5.25      3.99      3.62      3.69      3.66      3.66
  7760.45      2.72      2.72      2.59      2.81      2.77      3.07      4.15      3.11      2.80      2.86      2.84      2.84
  7761.45      1.40      1.40      1.32      1.44      1.42      1.58      2.19      1.60      1.43      1.45      1.45      1.45
  7762.45      1.20      1.20      1.14      1.24      1.22      1.36      1.90      1.39      1.23      1.25      1.25      1.25
  7763.45      2.16      2.17      2.05      2.23      2.21      2.44      3.36      2.50      2.22      2.28      2.26      2.26
  7764.45      4.06      4.09      3.91      4.21      4.20      4.58      6.11      4.69      4.22      4.31      4.28      4.29
  7765.45      4.79      4.83      4.61      4.96      4.96      5.38      7.10      5.52      4.99      5.09      5.04      5.06
  7766.45      4.93      4.99      4.75      5.11      5.11      5.54      7.30      5.69      5.15      5.25      5.20      5.22
  7767.45      5.00      5.06      4.82      5.18      5.19      5.62      7.40      5.78      5.23      5.33      5.27      5.30
  7768.45      5.00      5.06      4.82      5.18      5.20      5.62      7.40      5.79      5.23      5.33      5.27      5.30
  7769.45      4.89      4.94      4.71      5.05      5.08      5.48      7.24      5.66      5.10      5.20      5.15      5.18
  7770.45      4.65      4.68      4.47      4.78      4.82      5.19      6.91      5.37      4.85      4.92      4.89      4.91
  7771.45      4.52      4.55      4.34      4.64      4.68      5.04      6.75      5.22      4.70      4.77      4.74      4.77
  7772.45      4.48      4.51      4.29      4.60      4.63      4.98      6.71      5.16      4.64      4.70      4.68      4.71
  7773.45      3.61      3.63      3.45      3.69      3.71      4.02      5.51      4.16      3.72      3.78      3.76      3.78
  7774.45      2.48      2.50      2.37      2.53      2.54      2.78      3.88      2.87      2.56      2.59      2.58      2.59
  7775.45      1.93      1.94      1.84      1.96      1.98      2.16      3.06      2.24      1.98      2.00      2.00      2.01
  7776.45      2.33      2.35      2.22      2.37      2.40      2.60      3.67      2.71      2.41      2.44      2.42      2.44
  7777.45      3.52      3.56      3.37      3.60      3.64      3.93      5.42      4.10      3.67      3.71      3.68      3.70
  7778.45      4.52      4.59      4.36      4.66      4.71      5.05      6.82      5.27      4.74      4.79      4.76      4.78
  7779.45      4.85      4.92      4.68      4.99      5.05      5.40      7.26      5.65      5.08      5.14      5.10      5.13
  7780.45      4.12      4.17      3.97      4.22      4.28      4.58      6.26      4.80      4.30      4.36      4.31      4.35
  7781.45      2.38      2.39      2.28      2.41      2.46      2.64      3.73      2.78      2.47      2.50      2.47      2.50
  7782.45      1.57      1.58      1.50      1.59      1.62      1.74      2.50      1.84      1.62      1.64      1.62      1.64
  7783.45      2.00      2.03      1.92      2.03      2.07      2.22      3.18      2.36      2.07      2.09      2.09      2.10
  7784.45      3.57      3.63      3.45      3.64      3.72      3.95      5.49      4.20      3.73      3.75      3.75      3.77
  7785.45      4.42      4.50      4.29      4.52      4.62      4.90      6.65      5.18      4.63      4.65      4.65      4.68
  7786.45      4.38      4.45      4.25      4.48      4.57      4.85      6.58      5.13      4.58      4.60      4.61      4.64
  7787.45      4.16      4.23      4.03      4.24      4.34      4.60      6.25      4.87      4.35      4.36      4.36      4.39
  7788.45      4.12      4.19      3.99      4.21      4.31      4.57      6.20      4.85      4.32      4.33      4.32      4.36
  7789.45      4.23      4.30      4.10      4.32      4.43      4.69      6.35      4.99      4.44      4.46      4.44      4.48
  7790.45      4.28      4.35      4.14      4.36      4.48      4.74      6.41      5.04      4.49      4.50      4.49      4.52
  7791.45      3.96      4.02      3.83      4.02      4.15      4.39      5.97      4.67      4.15      4.16      4.15      4.18
  7792.45      3.29      3.35      3.18      3.33      3.43      3.65      5.02      3.88      3.44      3.44      3.44      3.47
  7793.45      2.89      2.94      2.79      2.92      3.01      3.20      4.43      3.40      3.02      3.01      3.01      3.04
  7794.45      1.98      2.01      1.91      2.00      2.06      2.20      3.06      2.33      2.06      2.06      2.06      2.07
  7795.45      0.82      0.83      0.78      0.82      0.84      0.90      1.28      0.95      0.84      0.84      0.84      0.85
  7796.45      0.60      0.61      0.58      0.60      0.63      0.67      0.95      0.71      0.62      0.62      0.62      0.63
  7797.45      1.16      1.19      1.13      1.17      1.22      1.29      1.82      1.39      1.22      1.20      1.22      1.23
  7798.45      3.12      3.19      3.02      3.16      3.29      3.45      4.71      3.72      3.29      3.26      3.29      3.31
  7799.45      4.46      4.54      4.33      4.52      4.69      4.90      6.53      5.29      4.70      4.67      4.70      4.72
  7800.45      4.77      4.85      4.64      4.84      5.02      5.24      6.92      5.65      5.03      5.01      5.03      5.04
  7801.45      4.92      5.00      4.78      5.00      5.18      5.41      7.09      5.84      5.19      5.16      5.20      5.21
  7802.45      5.06      5.15      4.93      5.16      5.36      5.57      7.27      6.02      5.36      5.32      5.37      5.38
  7803.45      5.11      5.21      4.98      5.21      5.42      5.63      7.31      6.08      5.41      5.37      5.42      5.44
  7804.45      4.99      5.10      4.87      5.08      5.30      5.50      7.14      5.96      5.30      5.25      5.30      5.32
  7805.45      4.81      4.91      4.68      4.89      5.09      5.30      6.88      5.75      5.10      5.05      5.10      5.12
  7806.45      4.80      4.90      4.68      4.88      5.08      5.28      6.84      5.75      5.09      5.03      5.08      5.10
  7807.45      4.77      4.86      4.65      4.84      5.04      5.23      6.77      5.70      5.05      4.99      5.03      5.06
  7808.45      3.90      3.96      3.80      3.94      4.12      4.28      5.60      4.66      4.12      4.06      4.09      4.13
  7809.45      2.05      2.08      1.99      2.05      2.15      2.25      3.02      2.46      2.15      2.12      2.13      2.16
  7810.45      1.25      1.27      1.21      1.24      1.31      1.37      1.86      1.51      1.31      1.28      1.29      1.31
  7811.45      1.58      1.61      1.53      1.58      1.67      1.74      2.34      1.92      1.67      1.63      1.65      1.67
  7812.45      3.08      3.14      2.99      3.10      3.27      3.38      4.44      3.72      3.27      3.21      3.24      3.25
  7813.45      4.04      4.12      3.94      4.08      4.30      4.43      5.73      4.86      4.31      4.23      4.28      4.28
  7814.45      4.19      4.27      4.09      4.22      4.45      4.59      5.90      5.05      4.46      4.37      4.43      4.44
  7815.45      4.20      4.29      4.10      4.23      4.47      4.61      5.89      5.07      4.47      4.38      4.44      4.45
  7816.45      4.02      4.11      3.94      4.05      4.28      4.41      5.64      4.86      4.27      4.20      4.25      4.27
  7817.45      3.92      4.00      3.84      3.96      4.18      4.31      5.50      4.76      4.17      4.09      4.15      4.17
  7818.45      4.21      4.29      4.13      4.25      4.49      4.61      5.85      5.11      4.48      4.39      4.46      4.49
  7819.45      4.51      4.60      4.42      4.55      4.80      4.92      6.20      5.46      4.80      4.70      4.77      4.80
  7820.45      4.02      4.08      3.93      4.04      4.25      4.38      5.53      4.87      4.27      4.17      4.24      4.26
  7821.45      2.68      2.71      2.61      2.67      2.82      2.92      3.73      3.26      2.84      2.77      2.81      2.83
  7822.45      1.02      1.02      0.99      1.00      1.06      1.11      1.43      1.23      1.07      1.03      1.05      1.06
  7823.45      0.50      0.51      0.49      0.49      0.53      0.55      0.71      0.61      0.53      0.50      0.52      0.52
  7824.45      0.68      0.69      0.66      0.67      0.72      0.74      0.97      0.84      0.72      0.69      0.71      0.72
  7825.45      1.93      1.97      1.89      1.93      2.06      2.12      2.71      2.39      2.08      2.00      2.05      2.06
  7826.45      3.86      3.94      3.80      3.88      4.12      4.24      5.26      4.74      4.16      4.03      4.10      4.11
  7827.45      4.46      4.55      4.39      4.48      4.76      4.88      6.00      5.46      4.80      4.66      4.73      4.74
  7828.45      4.71      4.82      4.65      4.75      5.04      5.15      6.30      5.77      5.09      4.93      5.01      5.01
  7829.45      4.60      4.70      4.53      4.62      4.91      5.03      6.14      5.64      4.97      4.82      4.90      4.88
  7830.45      4.12      4.21      4.05      4.12      4.39      4.50      5.52      5.07      4.45      4.31      4.38      4.36
  7831.45      4.11      4.20      4.04      4.11      4.38      4.49      5.48      5.06      4.43      4.29      4.37      4.35
  7832.45      4.60      4.69      4.52      4.60      4.90      5.02      6.08      5.65      4.96      4.80      4.88      4.87
  7833.45      4.96      5.06      4.88      4.97      5.30      5.41      6.51      6.09      5.35      5.19      5.27      5.26
  7834.45      4.88      4.97      4.80      4.88      5.22      5.32      6.38      6.00      5.27      5.10      5.19      5.19
  7835.45      4.46      4.54      4.39      4.45      4.78      4.87      5.86      5.51      4.83      4.66      4.75      4.77
  7836.45      4.38      4.47      4.32      4.38      4.70      4.80      5.76      5.43      4.75      4.57      4.67      4.68
  7837.45      4.71      4.79      4.64      4.71      5.05      5.15      6.15      5.83      5.11      4.91      5.02      5.01
  7838.45      5.06      5.15      4.99      5.06      5.42      5.52      6.55      6.26      5.48      5.28      5.40      5.37
  7839.45      5.09      5.18      5.01      5.09      5.45      5.53      6.57      6.30      5.51      5.32      5.43      5.40
  7840.45      4.76      4.84      4.68      4.75      5.08      5.17      6.15      5.91      5.16      4.97      5.08      5.05
  7841.45      3.71      3.77      3.64      3.69      3.95      4.03      4.83      4.63      4.02      3.86      3.95      3.93
  7842.45      1.93      1.97      1.89      1.90      2.05      2.10      2.55      2.43      2.09      2.00      2.05      2.04
  7843.45      1.34      1.37      1.31      1.31      1.42      1.45      1.77      1.69      1.45      1.38      1.42      1.42
  7844.45      1.97      2.02      1.93      1.94      2.11      2.14      2.60      2.50      2.15      2.04      2.08      2.10
  7845.45      3.88      3.99      3.83      3.87      4.18      4.23      5.03      4.91      4.26      4.07      4.14      4.15
  7846.45      4.85      4.98      4.80      4.86      5.22      5.28      6.20      6.09      5.31      5.09      5.20      5.18
  7847.45      4.98      5.10      4.93      4.98      5.35      5.41      6.34      6.24      5.45      5.22      5.34      5.31
  7848.45      4.99      5.10      4.94      4.98      5.35      5.41      6.33      6.25      5.45      5.22      5.33      5.30
  7849.45      4.68      4.79      4.63      4.66      5.01      5.08      5.94      5.88      5.11      4.90      5.00      4.97
  7850.45      3.50      3.58      3.46      3.47      3.74      3.80      4.49      4.44      3.82      3.66      3.74      3.71
  7851.45      2.42      2.48      2.39      2.39      2.58      2.62      3.13      3.09      2.64      2.52      2.57      2.55
  7852.45      2.23      2.27      2.19      2.18      2.37      2.40      2.87      2.84      2.41      2.30      2.35      2.33
  7853.45      1.86      1.90      1.81      1.80      1.96      1.98      2.39      2.36      2.01      1.91      1.95      1.93
  7854.45      0.80      0.82      0.78      0.77      0.84      0.85      1.03      1.02      0.87      0.82      0.84      0.83
  7855.45      0.48      0.49      0.47      0.46      0.50      0.51      0.62      0.61      0.52      0.49      0.50      0.50
  7856.45      0.74      0.76      0.73      0.72      0.79      0.80      0.96      0.97      0.81      0.76      0.78      0.78
  7857.45      2.13      2.19      2.09      2.09      2.28      2.30      2.74      2.78      2.34      2.21      2.28      2.27
  7858.45      3.59      3.68      3.53      3.53      3.83      3.87      4.53      4.62      3.92      3.74      3.83      3.81
  7859.45      2.73      2.79      2.68      2.67      2.90      2.93      3.45      3.53      2.99      2.83      2.90      2.88
  7860.45      2.18      2.23      2.13      2.12      2.31      2.33      2.76      2.83      2.39      2.24      2.30      2.28
  7861.45      1.75      1.79      1.71      1.69      1.84      1.86      2.21      2.28      1.91      1.79      1.84      1.83
  7862.45      1.14      1.17      1.11      1.10      1.20      1.21      1.44      1.49      1.24      1.16      1.20      1.19
  7863.45      1.36      1.40      1.33      1.31      1.45      1.46      1.72      1.80      1.50      1.40      1.45      1.44
  7864.45      2.84      2.92      2.80      2.78      3.05      3.06      3.59      3.75      3.15      2.97      3.06      3.02
  7865.45      4.50      4.62      4.45      4.45      4.84      4.85      5.61      5.85      5.00      4.73      4.85      4.79
  7866.45      4.83      4.97      4.78      4.79      5.19      5.21      5.99      6.27      5.37      5.09      5.20      5.15
  7867.45      4.65      4.80      4.61      4.61      4.98      5.01      5.75      6.05      5.16      4.90      5.00      4.95
  7868.45      3.42      3.54      3.38      3.37      3.66      3.69      4.26      4.52      3.80      3.59      3.67      3.63
  7869.45      2.09      2.16      2.06      2.05      2.22      2.25      2.62      2.79      2.32      2.18      2.24      2.21
  7870.45      1.87      1.93      1.84      1.82      1.98      2.00      2.33      2.49      2.06      1.93      1.99      1.96
  7871.45      1.72      1.77      1.69      1.67      1.81      1.83      2.14      2.30      1.89      1.77      1.82      1.80
  7872.45      1.04      1.08      1.02      1.01      1.10      1.11      1.30      1.41      1.15      1.08      1.10      1.09
  7873.45      1.15      1.19      1.13      1.11      1.22      1.22      1.44      1.56      1.28      1.19      1.22      1.21
  7874.45      2.44      2.52      2.41      2.38      2.61      2.61      3.04      3.31      2.73      2.55      2.62      2.59
  7875.45      4.31      4.46      4.28      4.25      4.61      4.62      5.30      5.74      4.81      4.53      4.64      4.58
  7876.45      4.87      5.03      4.83      4.80      5.20      5.23      5.95      6.45      5.43      5.13      5.24      5.16
  7877.45      4.93      5.10      4.91      4.87      5.28      5.31      6.01      6.55      5.51      5.21      5.32      5.23
  7878.45      4.58      4.74      4.56      4.52      4.90      4.93      5.58      6.13      5.12      4.84      4.95      4.85
  7879.45      3.05      3.16      3.03      2.99      3.25      3.28      3.75      4.16      3.42      3.22      3.29      3.22
  7880.45      1.70      1.76      1.69      1.64      1.80      1.81      2.09      2.35      1.90      1.78      1.81      1.79
  7881.45      1.55      1.60      1.53      1.49      1.64      1.64      1.90      2.15      1.72      1.60      1.63      1.62
  7882.45      1.96      2.02      1.94      1.89      2.07      2.07      2.40      2.72      2.17      2.02      2.07      2.05
  7883.45      1.70      1.75      1.69      1.64      1.80      1.80      2.08      2.37      1.89      1.76      1.80      1.77
  7884.45      1.95      2.01      1.94      1.89      2.08      2.08      2.40      2.74      2.18      2.03      2.09      2.04
  7885.45      3.12      3.23      3.11      3.04      3.33      3.33      3.81      4.35      3.50      3.27      3.35      3.28
  7886.45      3.85      3.98      3.84      3.77      4.10      4.11      4.67      5.33      4.31      4.04      4.13      4.04
  7887.45      3.84      3.97      3.83      3.77      4.09      4.10      4.65      5.35      4.30      4.04      4.13      4.03
  7888.45      3.67      3.79      3.65      3.59      3.90      3.91      4.44      5.13      4.11      3.85      3.94      3.85
  7889.45      3.33      3.44      3.30      3.25      3.52      3.54      4.03      4.67      3.73      3.48      3.56      3.48
  7890.45      1.98      2.04      1.95      1.91      2.08      2.10      2.39      2.81      2.21      2.06      2.10      2.06
  7891.45      0.96      1.00      0.94      0.92      1.00      1.02      1.16      1.39      1.07      0.99      1.01      0.99
  7892.45      0.88      0.92      0.87      0.84      0.92      0.93      1.07      1.28      0.98      0.91      0.93      0.91
  7893.45      1.68      1.75      1.67      1.63      1.78      1.79      2.04      2.45      1.90      1.75      1.79      1.76
  7894.45      3.16      3.29      3.16      3.10      3.36      3.37      3.81      4.54      3.58      3.32      3.39      3.32
  7895.45      3.71      3.86      3.71      3.64      3.94      3.95      4.45      5.30      4.19      3.90      3.98      3.90
  7896.45      3.86      4.02      3.87      3.80      4.11      4.12      4.63      5.53      4.37      4.07      4.16      4.07
  7897.45      4.04      4.21      4.06      3.98      4.30      4.32      4.84      5.80      4.58      4.27      4.36      4.25
  7898.45      4.30      4.47      4.32      4.23      4.57      4.58      5.13      6.16      4.86      4.54      4.63      4.52
  7899.45      4.32      4.49      4.33      4.25      4.59      4.60      5.15      6.21      4.88      4.56      4.65      4.54
  7900.45      4.32      4.50      4.33      4.25      4.59      4.61      5.16      6.24      4.88      4.57      4.66      4.54
  7901.45      4.67      4.86      4.70      4.61      4.98      4.99      5.57      6.72      5.27      4.95      5.04      4.92
  7902.45      5.06      5.26      5.09      5.01      5.39      5.40      6.00      7.25      5.69      5.37      5.45      5.32
  7903.45      4.96      5.16      4.99      4.91      5.28      5.29      5.88      7.14      5.58      5.26      5.34      5.21
  7904.45      4.49      4.68      4.52      4.43      4.77      4.79      5.34      6.55      5.07      4.75      4.83      4.71
  7905.45      4.37      4.56      4.39      4.32      4.64      4.67      5.20      6.42      4.95      4.62      4.71      4.59
  7906.45      4.66      4.85      4.68      4.60      4.95      4.96      5.51      6.82      5.26      4.91      5.01      4.90
  7907.45      4.57      4.76      4.60      4.51      4.86      4.86      5.39      6.73      5.16      4.82      4.90      4.80
  7908.45      4.33      4.52      4.37      4.27      4.60      4.61      5.12      6.44      4.91      4.59      4.64      4.56
  7909.45      4.42      4.62      4.47      4.37      4.69      4.71      5.23      6.59      5.02      4.69      4.76      4.64
  7910.45      4.63      4.83      4.67      4.58      4.89      4.92      5.46      6.88      5.25      4.89      4.98      4.84
  7911.45      4.25      4.44      4.29      4.19      4.48      4.52      5.01      6.37      4.82      4.49      4.57      4.44
  7912.45      3.53      3.69      3.56      3.46      3.72      3.75      4.16      5.37      4.00      3.72      3.77      3.67
  7913.45      2.19      2.28      2.19      2.13      2.29      2.31      2.56      3.39      2.47      2.29      2.32      2.26
  7914.45      0.91      0.95      0.91      0.88      0.94      0.95      1.06      1.43      1.03      0.94      0.96      0.94
  7915.45      0.43      0.44      0.43      0.41      0.44      0.44      0.50      0.68      0.48      0.44      0.44      0.44
  7916.45      0.49      0.51      0.49      0.47      0.50      0.51      0.57      0.78      0.55      0.50      0.51      0.50
  7917.45      1.32      1.39      1.34      1.29      1.39      1.40      1.57      2.12      1.52      1.39      1.41      1.38
  7918.45      3.43      3.59      3.47      3.36      3.61      3.63      4.03      5.32      3.92      3.61      3.66      3.58
  7919.45      3.69      3.85      3.74      3.63      3.88      3.91      4.32      5.72      4.21      3.89      3.93      3.84
  7920.45      2.86      2.98      2.89      2.79      2.99      3.02      3.34      4.50      3.26      3.00      3.02      2.95
  7921.45      2.06      2.15      2.08      2.00      2.14      2.17      2.40      3.29      2.35      2.15      2.17      2.12
  7922.45      1.06      1.12      1.08      1.03      1.10      1.12      1.24      1.73      1.21      1.10      1.12      1.09
  7923.45      0.83      0.88      0.84      0.80      0.86      0.87      0.97      1.37      0.95      0.86      0.87      0.86
  7924.45      1.46      1.54      1.49      1.42      1.53      1.54      1.71      2.40      1.68      1.52      1.54      1.52
  7925.45      3.15      3.33      3.22      3.10      3.32      3.35      3.69      5.03      3.64      3.32      3.36      3.29
  7926.45      4.06      4.28      4.15      4.01      4.29      4.33      4.74      6.38      4.68      4.30      4.34      4.25
  7927.45      4.62      4.85      4.73      4.58      4.88      4.93      5.37      7.18      5.32      4.91      4.94      4.84
  7928.45      4.94      5.20      5.06      4.91      5.23      5.29      5.73      7.64      5.69      5.26      5.30      5.18
  7929.45      4.58      4.82      4.69      4.54      4.83      4.91      5.30      7.15      5.27      4.87      4.91      4.79
  7930.45      3.89      4.10      3.98      3.83      4.09      4.16      4.51      6.18      4.49      4.14      4.16      4.06
  7931.45      3.02      3.18      3.09      2.95      3.16      3.22      3.50      4.88      3.48      3.20      3.20      3.14
  7932.45      1.67      1.76      1.70      1.61      1.73      1.76      1.93      2.75      1.92      1.75      1.75      1.72
  7933.45      1.16      1.23      1.19      1.12      1.21      1.23      1.34      1.94      1.34      1.21      1.22      1.20
  7934.45      1.56      1.65      1.60      1.51      1.63      1.65      1.81      2.60      1.80      1.63      1.64      1.61
  7935.45      2.96      3.13      3.04      2.90      3.10      3.15      3.43      4.82      3.42      3.12      3.12      3.08
  7936.45      4.13      4.36      4.24      4.08      4.34      4.43      4.77      6.58      4.77      4.39      4.38      4.33
  7937.45      4.68      4.92      4.81      4.65      4.91      5.02      5.39      7.36      5.41      4.98      4.98      4.92
  7938.45      5.08      5.34      5.23      5.06      5.34      5.46      5.84      7.92      5.87      5.41      5.41      5.35
  7939.45      5.13      5.38      5.28      5.10      5.39      5.51      5.89      7.98      5.92      5.48      5.45      5.41
  7940.45      4.97      5.23      5.13      4.94      5.22      5.35      5.72      7.78      5.75      5.32      5.29      5.25
  7941.45      4.87      5.13      5.02      4.84      5.11      5.24      5.60      7.63      5.64      5.21      5.17      5.13
  7942.45      4.83      5.08      4.98      4.81      5.05      5.19      5.56      7.57      5.60      5.16      5.13      5.08
  7943.45      4.77      5.01      4.90      4.73      4.98      5.11      5.47      7.47      5.52      5.07      5.05      5.01
  7944.45      4.61      4.84      4.74      4.58      4.81      4.95      5.29      7.24      5.35      4.90      4.87      4.84
  7945.45      4.51      4.74      4.64      4.47      4.69      4.84      5.16      7.09      5.25      4.80      4.75      4.73
  7946.45      4.30      4.53      4.44      4.26      4.47      4.63      4.93      6.79      5.01      4.59      4.52      4.51
  7947.45      3.91      4.12      4.04      3.86      4.06      4.20      4.49      6.22      4.56      4.17      4.11      4.09
  7948.45      3.84      4.04      3.98      3.78      3.99      4.12      4.40      6.10      4.46      4.09      4.03      4.01
  7949.45      3.55      3.74      3.67      3.49      3.68      3.81      4.06      5.67      4.12      3.78      3.72      3.69
  7950.45      2.02      2.14      2.09      1.98      2.09      2.17      2.33      3.33      2.37      2.15      2.12      2.10
  7951.45      1.47      1.56      1.53      1.44      1.52      1.58      1.70      2.45      1.73      1.57      1.54      1.53
  7952.45      2.17      2.30      2.26      2.12      2.25      2.34      2.50      3.56      2.56      2.32      2.27      2.27
  7953.45      3.90      4.14      4.06      3.86      4.07      4.22      4.48      6.19      4.59      4.18      4.11      4.10
  7954.45      4.50      4.75      4.68      4.47      4.69      4.86      5.14      7.04      5.29      4.82      4.74      4.72
  7955.45      4.86      5.11      5.05      4.83      5.06      5.25      5.54      7.51      5.70      5.20      5.11      5.10
  7956.45      5.22      5.48      5.42      5.20      5.44      5.64      5.94      7.97      6.12      5.59      5.49      5.48
  7957.45      5.33      5.60      5.53      5.31      5.55      5.77      6.07      8.09      6.25      5.72      5.61      5.60
  7958.45      5.34      5.61      5.54      5.33      5.55      5.78      6.07      8.08      6.26      5.74      5.62      5.61
  7959.45      5.28      5.57      5.50      5.29      5.50      5.74      6.02      7.99      6.21      5.68      5.58      5.57
  7960.45      5.20      5.47      5.42      5.21      5.41      5.66      5.93      7.86      6.11      5.60      5.49      5.48
  7961.45      5.14      5.40      5.36      5.15      5.35      5.60      5.86      7.76      6.04      5.55      5.42      5.43
  7962.45      5.11      5.36      5.32      5.10      5.31      5.56      5.80      7.69      5.99      5.51      5.37      5.39
  7963.45      4.92      5.16      5.12      4.91      5.09      5.35      5.57      7.40      5.77      5.29      5.16      5.19
  7964.45      3.75      3.95      3.92      3.73      3.87      4.09      4.25      5.76      4.44      4.04      3.93      3.95
  7965.45      1.40      1.47      1.46      1.38      1.43      1.52      1.58      2.22      1.67      1.50      1.45      1.46
  7966.45      0.58      0.61      0.60      0.56      0.58      0.63      0.65      0.92      0.68      0.61      0.59      0.60
  7967.45      0.62      0.65      0.65      0.60      0.63      0.67      0.70      0.99      0.73      0.66      0.63      0.64
  7968.45      1.55      1.65      1.63      1.53      1.59      1.70      1.78      2.46      1.86      1.68      1.61      1.63
  7969.45      2.84      3.00      2.97      2.80      2.90      3.08      3.22      4.38      3.38      3.05      2.93      2.97
  7970.45      2.87      3.02      2.99      2.82      2.93      3.12      3.24      4.40      3.42      3.07      2.95      3.00
  7971.45      3.65      3.84      3.80      3.62      3.73      3.98      4.13      5.51      4.35      3.92      3.78      3.82
  7972.45      4.60      4.83      4.80      4.59      4.72      5.02      5.20      6.80      5.47      4.96      4.80      4.83
  7973.45      4.86      5.10      5.07      4.87      4.99      5.31      5.49      7.13      5.78      5.26      5.09      5.11
  7974.45      4.84      5.08      5.05      4.85      4.97      5.31      5.48      7.09      5.77      5.25      5.08      5.09
  7975.45      4.89      5.13      5.10      4.89      5.01      5.36      5.52      7.13      5.81      5.30      5.13      5.14
  7976.45      5.00      5.25      5.22      5.01      5.12      5.48      5.65      7.27      5.95      5.42      5.24      5.27
  7977.45      4.48      4.69      4.67      4.47      4.57      4.90      5.05      6.54      5.35      4.84      4.67      4.71
  7978.45      3.03      3.18      3.16      3.00      3.06      3.31      3.40      4.51      3.64      3.27      3.13      3.17
  7979.45      2.13      2.23      2.21      2.10      2.13      2.31      2.38      3.19      2.56      2.28      2.18      2.21
  7980.45      1.78      1.86      1.85      1.74      1.77      1.93      1.98      2.65      2.13      1.89      1.80      1.84
  7981.45      1.23      1.29      1.28      1.20      1.22      1.34      1.37      1.84      1.49      1.31      1.25      1.28
  7982.45      1.35      1.42      1.41      1.33      1.36      1.48      1.52      2.02      1.64      1.45      1.39      1.41
  7983.45      2.72      2.86      2.84      2.70      2.76      2.99      3.08      3.99      3.30      2.94      2.84      2.87
  7984.45      4.65      4.88      4.85      4.65      4.74      5.11      5.24      6.60      5.58      5.04      4.88      4.92
  7985.45      5.18      5.43      5.39      5.20      5.29      5.69      5.83      7.26      6.21      5.63      5.45      5.48
  7986.45      5.24      5.50      5.46      5.27      5.36      5.77      5.88      7.31      6.29      5.71      5.50      5.55
  7987.45      5.02      5.27      5.23      5.04      5.13      5.53      5.64      7.00      6.05      5.48      5.26      5.31
  7988.45      4.68      4.91      4.88      4.69      4.76      5.15      5.26      6.54      5.65      5.11      4.90      4.93
  7989.45      4.41      4.62      4.60      4.41      4.47      4.85      4.96      6.17      5.33      4.81      4.60      4.65
  7990.45      4.46      4.67      4.65      4.45      4.51      4.89      5.00      6.21      5.39      4.86      4.64      4.70
  7991.45      4.54      4.75      4.73      4.54      4.59      4.98      5.09      6.29      5.49      4.94      4.71      4.79
  7992.45      4.26      4.46      4.44      4.25      4.30      4.67      4.77      5.90      5.15      4.64      4.42      4.48
  7993.45      2.69      2.81      2.80      2.67      2.69      2.95      3.00      3.77      3.27      2.93      2.78      2.82
  7994.45      0.91      0.95      0.95      0.90      0.90      1.00      1.01      1.29      1.11      0.99      0.94      0.95
  7995.45      0.48      0.50      0.50      0.47      0.47      0.53      0.53      0.68      0.59      0.52      0.49      0.50
  7996.45      0.72      0.76      0.76      0.71      0.72      0.80      0.81      1.03      0.89      0.79      0.75      0.76
  7997.45      2.13      2.23      2.22      2.12      2.14      2.35      2.40      2.98      2.63      2.33      2.21      2.25
  7998.45      3.90      4.07      4.06      3.90      3.92      4.28      4.37      5.33      4.76      4.26      4.05      4.11
  7999.45      4.21      4.39      4.39      4.22      4.24      4.62      4.71      5.72      5.14      4.61      4.39      4.45
  8000.45      4.18      4.36      4.36      4.19      4.21      4.59      4.68      5.66      5.10      4.58      4.36      4.42
  8001.45      4.35      4.54      4.54      4.37      4.38      4.79      4.87      5.86      5.32      4.76      4.54      4.62
  8002.45      4.48      4.68      4.67      4.50      4.51      4.94      5.02      6.02      5.49      4.91      4.68      4.75
  8003.45      4.44      4.65      4.63      4.47      4.46      4.90      4.98      5.97      5.46      4.89      4.65      4.70
  8004.45      4.47      4.68      4.67      4.50      4.49      4.93      5.01      5.99      5.51      4.94      4.69      4.73
  8005.45      4.62      4.84      4.83      4.66      4.66      5.10      5.18      6.18      5.71      5.11      4.85      4.91
  8006.45      4.73      4.96      4.95      4.78      4.78      5.23      5.31      6.31      5.86      5.25      4.96      5.03
  8007.45      4.83      5.06      5.04      4.89      4.89      5.34      5.42      6.43      5.98      5.37      5.07      5.14
  8008.45      4.98      5.22      5.20      5.05      5.04      5.51      5.58      6.61      6.17      5.55      5.24      5.31
  8009.45      5.06      5.30      5.29      5.14      5.12      5.60      5.66      6.69      6.26      5.63      5.33      5.39
  8010.45      5.06      5.30      5.29      5.13      5.13      5.60      5.66      6.68      6.28      5.62      5.32      5.39
  8011.45      5.12      5.37      5.35      5.20      5.18      5.67      5.73      6.74      6.37      5.69      5.39      5.47
  8012.45      4.92      5.16      5.14      4.99      4.96      5.44      5.50      6.47      6.14      5.47      5.18      5.26
  8013.45      4.49      4.71      4.69      4.54      4.51      4.96      5.02      5.92      5.62      5.00      4.72      4.79
  8014.45      3.42      3.60      3.58      3.45      3.43      3.79      3.82      4.55      4.33      3.81      3.59      3.64
  8015.45      1.84      1.94      1.93      1.85      1.83      2.05      2.05      2.47      2.35      2.05      1.92      1.96
  8016.45      1.42      1.50      1.49      1.42      1.41      1.57      1.58      1.91      1.83      1.57      1.48      1.51
  8017.45      2.19      2.30      2.29      2.20      2.18      2.42      2.44      2.92      2.81      2.43      2.29      2.32
  8018.45      3.85      4.03      4.03      3.89      3.86      4.26      4.28      5.05      4.88      4.29      4.05      4.09
  8019.45      4.71      4.92      4.93      4.76      4.74      5.21      5.24      6.11      5.93      5.25      4.97      5.02
  8020.45      4.55      4.74      4.76      4.59      4.56      5.03      5.07      5.91      5.74      5.07      4.79      4.85
  8021.45      3.70      3.86      3.88      3.73      3.70      4.10      4.13      4.84      4.72      4.14      3.89      3.95
  8022.45      3.27      3.41      3.43      3.29      3.25      3.62      3.64      4.29      4.20      3.66      3.43      3.49
  8023.45      3.85      4.03      4.04      3.89      3.84      4.27      4.30      5.03      4.94      4.32      4.06      4.12
  8024.45      4.57      4.78      4.79      4.63      4.57      5.06      5.09      5.91      5.82      5.12      4.82      4.88
  8025.45      3.96      4.13      4.15      3.99      3.94      4.39      4.39      5.11      5.07      4.45      4.16      4.23
  8026.45      1.90      1.99      2.00      1.90      1.87      2.11      2.11      2.48      2.48      2.14      1.99      2.03
  8027.45      0.79      0.83      0.83      0.79      0.77      0.88      0.87      1.03      1.04      0.89      0.82      0.84
  8028.45      0.69      0.73      0.73      0.69      0.68      0.77      0.77      0.91      0.92      0.78      0.72      0.73
  8029.45      1.37      1.45      1.45      1.38      1.35      1.52      1.53      1.80      1.83      1.55      1.44      1.46
  8030.45      2.39      2.52      2.52      2.41      2.37      2.65      2.66      3.13      3.17      2.70      2.52      2.56
  8031.45      2.90      3.05      3.06      2.93      2.88      3.22      3.23      3.78      3.84      3.27      3.06      3.11
  8032.45      3.71      3.90      3.91      3.76      3.69      4.12      4.12      4.79      4.89      4.19      3.93      3.98
  8033.45      4.07      4.27      4.28      4.13      4.06      4.52      4.52      5.22      5.36      4.61      4.32      4.36
  8034.45      4.27      4.47      4.49      4.35      4.27      4.75      4.75      5.47      5.63      4.85      4.53      4.58
  8035.45      4.66      4.87      4.89      4.76      4.67      5.17      5.18      5.93      6.12      5.28      4.94      5.00
  8036.45      4.67      4.88      4.89      4.77      4.69      5.19      5.19      5.93      6.15      5.30      4.96      5.03
  8037.45      4.70      4.93      4.94      4.81      4.73      5.24      5.23      5.98      6.22      5.35      5.01      5.09
  8038.45      4.96      5.20      5.21      5.08      4.99      5.53      5.51      6.30      6.56      5.64      5.29      5.37
  8039.45      5.18      5.44      5.46      5.33      5.23      5.79      5.77      6.58      6.87      5.92      5.55      5.62
  8040.45      5.23      5.50      5.53      5.37      5.28      5.84      5.83      6.64      6.94      5.98      5.61      5.68
  8041.45      5.07      5.33      5.37      5.21      5.12      5.65      5.67      6.44      6.76      5.80      5.45      5.51
  8042.45      4.84      5.09      5.13      4.97      4.88      5.39      5.41      6.16      6.49      5.54      5.20      5.25
  8043.45      4.76      5.00      5.04      4.88      4.78      5.30      5.31      6.05      6.40      5.45      5.10      5.16
  8044.45      4.92      5.16      5.19      5.05      4.94      5.48      5.48      6.23      6.62      5.63      5.26      5.32
  8045.45      5.15      5.40      5.43      5.29      5.18      5.74      5.73      6.51      6.92      5.89      5.51      5.57
  8046.45      5.27      5.52      5.57      5.41      5.31      5.88      5.87      6.65      7.09      6.03      5.64      5.71
  8047.45      5.22      5.47      5.54      5.37      5.27      5.84      5.82      6.59      7.05      5.99      5.59      5.67
  8048.45      5.16      5.41      5.48      5.31      5.20      5.77      5.74      6.49      7.00      5.93      5.53      5.61
  8049.45      5.14      5.39      5.46      5.29      5.18      5.74      5.71      6.45      7.00      5.91      5.51      5.59
  8050.45      5.01      5.25      5.32      5.14      5.03      5.58      5.56      6.27      6.86      5.75      5.36      5.44
  8051.45      4.35      4.56      4.62      4.45      4.34      4.84      4.82      5.46      6.03      5.01      4.64      4.70
  8052.45      3.42      3.59      3.64      3.48      3.39      3.81      3.78      4.31      4.82      3.95      3.63      3.68
  8053.45      2.26      2.38      2.41      2.30      2.22      2.52      2.50      2.86      3.25      2.62      2.40      2.43
  8054.45      1.96      2.06      2.09      1.99      1.92      2.18      2.17      2.48      2.84      2.26      2.08      2.11
  8055.45      2.99      3.14      3.20      3.07      2.98      3.34      3.33      3.80      4.32      3.48      3.20      3.25
  8056.45      4.67      4.89      4.97      4.81      4.70      5.22      5.19      5.86      6.57      5.41      5.02      5.07
  8057.45      5.13      5.38      5.46      5.29      5.17      5.74      5.70      6.41      7.19      5.94      5.53      5.58
  8058.45      5.20      5.46      5.54      5.38      5.24      5.83      5.78      6.50      7.31      6.04      5.62      5.66
  8059.45      5.24      5.51      5.59      5.43      5.29      5.87      5.83      6.54      7.39      6.08      5.67      5.70
  8060.45      5.21      5.47      5.56      5.40      5.26      5.83      5.79      6.50      7.37      6.05      5.64      5.65
  8061.45      4.93      5.18      5.25      5.09      4.98      5.51      5.47      6.13      7.00      5.72      5.33      5.33
  8062.45      3.62      3.82      3.87      3.73      3.64      4.05      4.03      4.54      5.29      4.23      3.92      3.92
  8063.45      1.74      1.85      1.87      1.78      1.73      1.94      1.94      2.20      2.63      2.04      1.87      1.88
  8064.45      1.21      1.28      1.30      1.23      1.19      1.34      1.33      1.52      1.84      1.41      1.29      1.30
  8065.45      1.80      1.90      1.94      1.85      1.80      2.01      2.01      2.28      2.75      2.11      1.93      1.95
  8066.45      3.71      3.91      3.98      3.83      3.73      4.14      4.14      4.64      5.51      4.34      4.00      4.03
  8067.45      4.86      5.11      5.19      5.03      4.90      5.41      5.40      6.02      7.07      5.67      5.23      5.26
  8068.45      4.99      5.25      5.33      5.17      5.03      5.56      5.54      6.18      7.28      5.83      5.39      5.41
  8069.45      5.06      5.32      5.41      5.25      5.11      5.64      5.63      6.25      7.41      5.92      5.48      5.49
  8070.45      5.21      5.46      5.57      5.41      5.26      5.81      5.79      6.43      7.63      6.09      5.63      5.64
  8071.45      5.37      5.63      5.77      5.60      5.44      6.00      5.98      6.63      7.86      6.28      5.81      5.83
  8072.45      5.47      5.73      5.87      5.71      5.54      6.11      6.08      6.73      8.01      6.40      5.91      5.93
  8073.45      5.46      5.74      5.87      5.71      5.53      6.10      6.08      6.73      8.04      6.40      5.91      5.93
  8074.45      5.38      5.65      5.77      5.62      5.44      6.00      5.99      6.62      7.96      6.30      5.81      5.82
  8075.45      5.19      5.45      5.56      5.41      5.23      5.79      5.77      6.38      7.73      6.08      5.59      5.60
  8076.45      4.91      5.14      5.25      5.11      4.94      5.46      5.44      6.01      7.36      5.76      5.27      5.29
  8077.45      4.90      5.14      5.25      5.11      4.94      5.45      5.42      6.00      7.36      5.75      5.27      5.29
  8078.45      4.76      5.00      5.13      4.97      4.80      5.30      5.28      5.84      7.20      5.60      5.13      5.14
  8079.45      4.39      4.61      4.73      4.57      4.41      4.88      4.87      5.39      6.71      5.16      4.72      4.73
  8080.45      4.68      4.90      5.03      4.86      4.70      5.19      5.18      5.71      7.11      5.49      5.02      5.03
  8081.45      5.23      5.46      5.61      5.45      5.27      5.80      5.77      6.35      7.87      6.13      5.61      5.62
  8082.45      5.38      5.62      5.77      5.61      5.43      5.96      5.94      6.53      8.09      6.30      5.79      5.78
  8083.45      5.30      5.54      5.69      5.53      5.35      5.87      5.87      6.44      8.01      6.21      5.71      5.70
  8084.45      5.09      5.33      5.47      5.31      5.14      5.63      5.64      6.19      7.76      5.98      5.48      5.48
  8085.45      4.76      4.98      5.11      4.97      4.79      5.27      5.27      5.79      7.32      5.59      5.12      5.11
  8086.45      4.20      4.40      4.53      4.38      4.22      4.65      4.65      5.13      6.57      4.95      4.51      4.50
  8087.45      3.97      4.16      4.28      4.13      3.97      4.38      4.39      4.84      6.25      4.68      4.25      4.24
  8088.45      4.44      4.65      4.79      4.64      4.46      4.91      4.91      5.40      6.94      5.23      4.76      4.75
  8089.45      5.18      5.41      5.56      5.42      5.23      5.72      5.72      6.26      7.97      6.08      5.58      5.54
  8090.45      5.45      5.69      5.84      5.71      5.51      6.02      6.02      6.57      8.34      6.40      5.89      5.83
  8091.45      5.51      5.75      5.91      5.79      5.58      6.09      6.10      6.64      8.44      6.49      5.97      5.90
  8092.45      5.52      5.76      5.91      5.79      5.58      6.09      6.09      6.64      8.44      6.50      5.96      5.89
  8093.45      5.28      5.50      5.65      5.53      5.32      5.82      5.82      6.34      8.11      6.22      5.69      5.62
  8094.45      4.33      4.52      4.65      4.52      4.33      4.78      4.77      5.21      6.81      5.13      4.65      4.60
  8095.45      3.09      3.23      3.33      3.21      3.07      3.41      3.40      3.72      5.02      3.67      3.30      3.27
  8096.45      3.04      3.17      3.27      3.16      3.01      3.35      3.34      3.65      4.95      3.60      3.25      3.20
  8097.45      4.11      4.28      4.42      4.30      4.11      4.54      4.53      4.94      6.54      4.85      4.43      4.34
  8098.45      5.06      5.26      5.42      5.30      5.09      5.56      5.59      6.05      7.86      5.95      5.46      5.36
  8099.45      5.32      5.54      5.70      5.58      5.36      5.85      5.89      6.35      8.22      6.27      5.74      5.65
  8100.45      5.28      5.50      5.67      5.56      5.32      5.81      5.85      6.31      8.18      6.23      5.71      5.61
  8101.45      5.12      5.33      5.49      5.39      5.14      5.61      5.66      6.11      7.96      6.05      5.53      5.43
  8102.45      4.61      4.80      4.96      4.85      4.61      5.05      5.09      5.51      7.25      5.47      4.96      4.87
  8103.45      3.16      3.29      3.41      3.31      3.13      3.46      3.49      3.79      5.14      3.77      3.39      3.32
  8104.45      2.12      2.22      2.31      2.22      2.10      2.34      2.34      2.56      3.55      2.54      2.27      2.23
  8105.45      2.35      2.46      2.55      2.46      2.33      2.58      2.59      2.82      3.91      2.81      2.51      2.46
  8106.45      3.61      3.77      3.90      3.80      3.60      3.95      3.99      4.31      5.84      4.30      3.88      3.79
  8107.45      4.52      4.71      4.87      4.78      4.53      4.94      5.00      5.37      7.14      5.37      4.87      4.75
  8108.45      4.89      5.09      5.26      5.17      4.91      5.35      5.41      5.80      7.65      5.80      5.28      5.13
  8109.45      4.97      5.17      5.35      5.25      5.00      5.43      5.49      5.90      7.76      5.90      5.37      5.22
  8110.45      4.98      5.18      5.36      5.27      5.02      5.44      5.51      5.90      7.78      5.92      5.38      5.23
  8111.45      5.04      5.24      5.43      5.35      5.08      5.50      5.59      5.96      7.85      5.99      5.45      5.29
  8112.45      5.07      5.28      5.47      5.39      5.12      5.53      5.64      6.00      7.88      6.03      5.49      5.34
  8113.45      5.09      5.31      5.49      5.42      5.15      5.57      5.66      6.03      7.88      6.07      5.51      5.37
  8114.45      5.18      5.40      5.58      5.51      5.23      5.66      5.76      6.12      7.98      6.17      5.60      5.46
  8115.45      5.25      5.46      5.64      5.58      5.30      5.73      5.82      6.18      8.06      6.25      5.67      5.53
  8116.45      5.29      5.50      5.68      5.62      5.34      5.76      5.86      6.21      8.09      6.30      5.71      5.56
  8117.45      5.35      5.56      5.75      5.69      5.40      5.83      5.94      6.29      8.17      6.38      5.79      5.62
  8118.45      5.43      5.65      5.86      5.80      5.50      5.93      6.05      6.40      8.29      6.49      5.90      5.72
  8119.45      5.49      5.71      5.92      5.86      5.57      5.99      6.12      6.47      8.35      6.56      5.96      5.79
  8120.45      5.47      5.69      5.90      5.84      5.54      5.96      6.10      6.44      8.30      6.54      5.92      5.76
  8121.45      5.38      5.59      5.80      5.75      5.44      5.85      6.00      6.34      8.16      6.44      5.83      5.66
  8122.45      5.31      5.53      5.73      5.69      5.37      5.79      5.93      6.27      8.06      6.37      5.77      5.59
  8123.45      5.24      5.46      5.66      5.62      5.31      5.71      5.86      6.19      7.95      6.30      5.70      5.52
  8124.45      5.15      5.36      5.56      5.52      5.22      5.60      5.76      6.07      7.81      6.20      5.60      5.41
  8125.45      5.11      5.33      5.53      5.48      5.18      5.57      5.73      6.03      7.75      6.17      5.56      5.38
  8126.45      5.22      5.44      5.65      5.61      5.29      5.69      5.86      6.14      7.87      6.30      5.68      5.49
  8127.45      5.24      5.45      5.67      5.63      5.31      5.71      5.87      6.14      7.87      6.31      5.70      5.50
  8128.45      5.06      5.26      5.48      5.43      5.12      5.50      5.66      5.93      7.60      6.09      5.50      5.30
  8129.45      4.91      5.11      5.33      5.27      4.96      5.34      5.49      5.76      7.37      5.94      5.35      5.15
  8130.45      4.98      5.20      5.40      5.35      5.04      5.41      5.58      5.84      7.44      6.03      5.44      5.22
  8131.45      5.13      5.36      5.56      5.51      5.20      5.56      5.76      6.02      7.62      6.20      5.61      5.38
  8132.45      4.97      5.20      5.40      5.35      5.04      5.39      5.59      5.84      7.39      6.02      5.44      5.22
  8133.45      4.65      4.87      5.06      5.02      4.72      5.05      5.24      5.47      6.94      5.65      5.09      4.90
  8134.45      4.60      4.82      5.00      4.97      4.67      4.99      5.18      5.40      6.85      5.60      5.04      4.84
  8135.45      4.78      4.99      5.18      5.16      4.86      5.19      5.38      5.60      7.06      5.81      5.23      5.02
  8136.45      4.76      4.97      5.17      5.14      4.84      5.17      5.36      5.59      7.01      5.79      5.22      5.01
  8137.45      4.69      4.90      5.10      5.07      4.76      5.10      5.28      5.51      6.91      5.71      5.15      4.93
  8138.45      4.67      4.87      5.08      5.04      4.73      5.06      5.24      5.47      6.86      5.69      5.12      4.89
  8139.45      4.48      4.68      4.87      4.83      4.52      4.85      5.03      5.22      6.57      5.46      4.91      4.67
  8140.45      3.76      3.94      4.10      4.06      3.78      4.07      4.24      4.39      5.58      4.61      4.12      3.91
  8141.45      3.29      3.44      3.58      3.55      3.29      3.55      3.72      3.84      4.89      4.03      3.59      3.41
  8142.45      3.70      3.86      4.02      4.00      3.73      4.00      4.19      4.32      5.45      4.53      4.06      3.85
  8143.45      4.48      4.68      4.86      4.84      4.55      4.84      5.07      5.23      6.49      5.47      4.93      4.68
  8144.45      4.97      5.20      5.40      5.38      5.07      5.39      5.63      5.82      7.12      6.08      5.49      5.21
  8145.45      5.18      5.42      5.62      5.60      5.28      5.60      5.85      6.07      7.36      6.34      5.73      5.43
  8146.45      5.05      5.27      5.48      5.46      5.15      5.45      5.70      5.91      7.16      6.18      5.57      5.29
  8147.45      4.22      4.40      4.58      4.56      4.28      4.53      4.76      4.93      6.05      5.20      4.64      4.40
  8148.45      3.06      3.20      3.34      3.31      3.10      3.29      3.47      3.58      4.46      3.81      3.37      3.19
  8149.45      2.87      3.00      3.13      3.10      2.91      3.09      3.26      3.36      4.17      3.57      3.16      2.99
  8150.45      3.75      3.93      4.08      4.06      3.83      4.06      4.28      4.40      5.37      4.65      4.16      3.92
  8151.45      4.74      4.95      5.14      5.12      4.85      5.12      5.39      5.54      6.65      5.84      5.26      4.96
  8152.45      5.04      5.26      5.46      5.45      5.16      5.43      5.72      5.87      7.01      6.20      5.59      5.29
  8153.45      5.05      5.27      5.47      5.47      5.17      5.43      5.73      5.86      7.00      6.21      5.60      5.31
  8154.45      4.93      5.16      5.35      5.34      5.04      5.30      5.61      5.72      6.82      6.07      5.48      5.19
  8155.45      4.96      5.19      5.39      5.38      5.08      5.34      5.65      5.77      6.86      6.13      5.53      5.23
  8156.45      5.08      5.32      5.52      5.52      5.21      5.48      5.80      5.92      7.00      6.29      5.67      5.37
  8157.45      5.14      5.38      5.58      5.59      5.27      5.54      5.87      5.99      7.05      6.36      5.74      5.43
  8158.45      5.25      5.50      5.71      5.72      5.39      5.66      6.00      6.11      7.19      6.51      5.86      5.55
  8159.45      5.32      5.57      5.79      5.79      5.47      5.74      6.08      6.19      7.28      6.61      5.95      5.63
  8160.45      5.16      5.41      5.61      5.62      5.30      5.57      5.89      6.01      7.05      6.42      5.78      5.46
  8161.45      4.85      5.09      5.29      5.28      4.98      5.23      5.55      5.66      6.61      6.05      5.44      5.13
  8162.45      4.70      4.94      5.12      5.11      4.83      5.06      5.37      5.48      6.40      5.87      5.28      4.96
  8163.45      4.64      4.89      5.06      5.05      4.78      5.01      5.31      5.42      6.32      5.82      5.22      4.90
  8164.45      4.50      4.74      4.91      4.91      4.65      4.87      5.17      5.28      6.13      5.67      5.07      4.77
  8165.45      4.66      4.91      5.09      5.09      4.81      5.02      5.36      5.46      6.34      5.88      5.26      4.95
  8166.45      4.88      5.14      5.33      5.34      5.04      5.25      5.61      5.72      6.62      6.16      5.52      5.19
  8167.45      5.01      5.28      5.47      5.49      5.19      5.38      5.76      5.87      6.77      6.33      5.67      5.34
  8168.45      5.05      5.32      5.50      5.53      5.23      5.42      5.82      5.91      6.79      6.38      5.72      5.38
  8169.45      4.96      5.22      5.39      5.43      5.13      5.32      5.71      5.79      6.64      6.28      5.62      5.28
  8170.45      4.97      5.22      5.40      5.43      5.13      5.33      5.71      5.79      6.61      6.29      5.63      5.29
  8171.45      5.04      5.30      5.48      5.50      5.20      5.42      5.79      5.87      6.70      6.38      5.70      5.36
  8172.45      5.09      5.35      5.53      5.55      5.25      5.48      5.85      5.93      6.76      6.44      5.76      5.40
  8173.45      5.21      5.48      5.67      5.69      5.39      5.60      6.00      6.08      6.92      6.61      5.92      5.54
  8174.45      5.35      5.63      5.81      5.84      5.52      5.73      6.15      6.23      7.08      6.79      6.07      5.70
  8175.45      5.36      5.64      5.82      5.84      5.54      5.73      6.16      6.23      7.08      6.82      6.08      5.71
  8176.45      5.15      5.41      5.58      5.61      5.32      5.50      5.91      5.98      6.77      6.56      5.84      5.48
  8177.45      4.92      5.17      5.33      5.35      5.08      5.26      5.65      5.71      6.45      6.28      5.59      5.24
  8178.45      4.77      5.01      5.18      5.19      4.94      5.11      5.49      5.54      6.26      6.11      5.42      5.08
  8179.45      4.73      4.96      5.13      5.13      4.90      5.05      5.43      5.48      6.19      6.07      5.36      5.03
  8180.45      4.79      5.03      5.20      5.20      4.97      5.12      5.50      5.56      6.27      6.17      5.44      5.12
  8181.45      4.85      5.10      5.27      5.27      5.03      5.19      5.58      5.63      6.34      6.26      5.52      5.17
  8182.45      4.98      5.23      5.41      5.41      5.15      5.31      5.72      5.77      6.48      6.41      5.68      5.29
  8183.45      5.13      5.38      5.58      5.58      5.30      5.47      5.89      5.93      6.66      6.59      5.86      5.45
  8184.45      5.20      5.45      5.66      5.65      5.38      5.54      5.96      6.00      6.75      6.69      5.95      5.53
  8185.45      5.16      5.42      5.62      5.61      5.34      5.49      5.92      5.96      6.70      6.67      5.90      5.48
  8186.45      5.06      5.32      5.51      5.51      5.24      5.39      5.83      5.85      6.58      6.57      5.79      5.38
  8187.45      5.06      5.30      5.49      5.49      5.23      5.38      5.82      5.84      6.55      6.58      5.77      5.37
  8188.45      4.87      5.10      5.27      5.28      5.03      5.17      5.60      5.62      6.30      6.35      5.55      5.17
  8189.45      4.29      4.49      4.64      4.64      4.42      4.53      4.93      4.94      5.57      5.64      4.89      4.55
  8190.45      3.88      4.07      4.22      4.21      4.00      4.10      4.48      4.49      5.07      5.15      4.45      4.13
  8191.45      4.17      4.38      4.54      4.53      4.32      4.43      4.82      4.82      5.43      5.53      4.79      4.46
  8192.45      4.66      4.89      5.06      5.07      4.84      4.96      5.38      5.39      6.02      6.15      5.35      4.99
  8193.45      4.92      5.16      5.34      5.35      5.11      5.23      5.68      5.69      6.32      6.49      5.64      5.26
  8194.45      5.10      5.34      5.52      5.53      5.28      5.40      5.87      5.88      6.51      6.72      5.83      5.44
  8195.45      4.92      5.16      5.33      5.34      5.09      5.21      5.67      5.67      6.29      6.51      5.64      5.26
  8196.45      4.29      4.51      4.66      4.67      4.43      4.54      4.96      4.94      5.53      5.74      4.94      4.60
  8197.45      3.80      3.99      4.13      4.14      3.92      4.00      4.39      4.38      4.91      5.12      4.38      4.06
  8198.45      4.14      4.34      4.49      4.50      4.28      4.35      4.77      4.76      5.31      5.56      4.76      4.41
  8199.45      4.71      4.93      5.09      5.11      4.88      4.95      5.40      5.40      6.00      6.27      5.40      5.02
  8200.45      4.96      5.18      5.35      5.38      5.15      5.23      5.69      5.69      6.31      6.60      5.70      5.30
  8201.45      5.11      5.35      5.52      5.55      5.30      5.39      5.88      5.88      6.50      6.83      5.90      5.49
  8202.45      5.18      5.42      5.60      5.64      5.37      5.47      5.98      5.97      6.59      6.96      6.00      5.57
  8203.45      5.25      5.48      5.67      5.71      5.44      5.53      6.04      6.04      6.65      7.07      6.08      5.63
  8204.45      5.30      5.51      5.71      5.76      5.49      5.56      6.10      6.09      6.70      7.15      6.12      5.67
  8205.45      5.31      5.51      5.73      5.76      5.50      5.57      6.11      6.09      6.71      7.19      6.13      5.68
  8206.45      5.27      5.47      5.69      5.72      5.47      5.53      6.06      6.04      6.65      7.16      6.08      5.64
  8207.45      5.24      5.45      5.66      5.69      5.43      5.49      6.02      6.00      6.61      7.14      6.05      5.60
  8208.45      5.16      5.37      5.57      5.60      5.34      5.41      5.93      5.90      6.50      7.04      5.97      5.51
  8209.45      4.95      5.15      5.34      5.37      5.13      5.19      5.69      5.66      6.24      6.79      5.73      5.28
  8210.45      4.93      5.12      5.30      5.33      5.10      5.16      5.65      5.62      6.19      6.77      5.70      5.26
  8211.45      5.07      5.26      5.45      5.50      5.25      5.31      5.81      5.78      6.36      6.97      5.86      5.42
  8212.45      5.23      5.43      5.63      5.69      5.42      5.49      6.00      5.97      6.55      7.19      6.05      5.60
  8213.45      5.35      5.57      5.76      5.82      5.56      5.63      6.15      6.12      6.71      7.38      6.21      5.74
  8214.45      5.40      5.61      5.82      5.88      5.62      5.69      6.22      6.18      6.76      7.47      6.28      5.80
  8215.45      5.31      5.52      5.71      5.78      5.52      5.58      6.11      6.07      6.65      7.40      6.18      5.70
  8216.45      5.16      5.36      5.55      5.61      5.36      5.42      5.93      5.89      6.46      7.23      6.02      5.53
  8217.45      5.11      5.29      5.48      5.54      5.30      5.34      5.85      5.81      6.37      7.15      5.94      5.46
  8218.45      5.21      5.40      5.58      5.63      5.40      5.44      5.96      5.92      6.47      7.29      6.06      5.56
  8219.45      5.34      5.53      5.72      5.77      5.53      5.57      6.11      6.07      6.61      7.48      6.20      5.70
  8220.45      5.33      5.52      5.71      5.77      5.52      5.58      6.11      6.07      6.60      7.51      6.19      5.71
  8221.45      5.36      5.55      5.75      5.81      5.57      5.62      6.14      6.10      6.64      7.58      6.23      5.75
  8222.45      5.47      5.65      5.86      5.92      5.68      5.72      6.25      6.22      6.76      7.74      6.36      5.87
  8223.45      5.40      5.58      5.79      5.85      5.60      5.64      6.17      6.13      6.67      7.66      6.28      5.78
  8224.45      5.19      5.36      5.57      5.63      5.37      5.42      5.94      5.89      6.40      7.42      6.04      5.55
  8225.45      4.92      5.08      5.28      5.34      5.10      5.14      5.63      5.60      6.07      7.10      5.74      5.26
  8226.45      4.69      4.84      5.03      5.10      4.86      4.89      5.36      5.34      5.78      6.79      5.48      5.01
  8227.45      4.50      4.64      4.83      4.90      4.67      4.70      5.15      5.12      5.54      6.53      5.27      4.80
  8228.45      4.38      4.52      4.70      4.77      4.55      4.59      5.01      4.98      5.40      6.37      5.13      4.68
  8229.45      4.47      4.61      4.80      4.87      4.65      4.69      5.10      5.09      5.51      6.52      5.24      4.78
  8230.45      4.42      4.55      4.74      4.80      4.59      4.63      5.04      5.02      5.43      6.46      5.18      4.72
  8231.45      4.42      4.55      4.74      4.80      4.60      4.62      5.05      5.02      5.42      6.49      5.19      4.73
  8232.45      4.72      4.85      5.03      5.11      4.91      4.92      5.39      5.36      5.76      6.93      5.52      5.05
  8233.45      4.86      5.00      5.18      5.27      5.06      5.08      5.55      5.53      5.94      7.15      5.69      5.20
  8234.45      4.97      5.12      5.30      5.39      5.17      5.19      5.67      5.64      6.08      7.34      5.81      5.32
  8235.45      5.19      5.33      5.52      5.63      5.39      5.41      5.91      5.87      6.33      7.68      6.05      5.55
  8236.45      5.34      5.49      5.69      5.81      5.56      5.57      6.08      6.04      6.50      7.92      6.24      5.72
  8237.45      5.43      5.58      5.79      5.91      5.65      5.66      6.18      6.15      6.60      8.06      6.35      5.81
  8238.45      5.51      5.66      5.87      5.98      5.72      5.73      6.27      6.23      6.69      8.18      6.43      5.88
  8239.45      5.53      5.68      5.88      5.99      5.74      5.75      6.29      6.25      6.69      8.23      6.46      5.90
  8240.45      5.52      5.65      5.86      5.98      5.72      5.74      6.27      6.23      6.66      8.24      6.45      5.88
  8241.45      5.47      5.59      5.81      5.93      5.68      5.68      6.22      6.17      6.61      8.21      6.41      5.83
  8242.45      5.11      5.22      5.44      5.54      5.31      5.30      5.80      5.76      6.18      7.73      5.99      5.44
  8243.45      4.51      4.60      4.80      4.88      4.67      4.66      5.12      5.08      5.47      6.92      5.29      4.79
  8244.45      4.48      4.59      4.79      4.87      4.65      4.64      5.10      5.05      5.44      6.92      5.27      4.77
  8245.45      4.87      4.98      5.19      5.29      5.06      5.05      5.54      5.48      5.89      7.48      5.72      5.19
  8246.45      5.12      5.23      5.44      5.55      5.32      5.31      5.83      5.76      6.18      7.85      6.01      5.45
  8247.45      5.24      5.35      5.57      5.69      5.43      5.43      5.95      5.89      6.32      8.05      6.15      5.58
  8248.45      5.04      5.14      5.36      5.48      5.22      5.22      5.71      5.66      6.07      7.80      5.92      5.35
  8249.45      4.60      4.68      4.88      5.00      4.74      4.75      5.20      5.16      5.54      7.20      5.41      4.87
  8250.45      4.58      4.66      4.86      4.97      4.72      4.72      5.18      5.14      5.51      7.19      5.38      4.85
  8251.45      5.02      5.12      5.33      5.46      5.21      5.19      5.68      5.64      6.03      7.81      5.90      5.34
  8252.45      5.34      5.44      5.65      5.80      5.54      5.52      6.03      5.99      6.37      8.23      6.25      5.67
  8253.45      5.46      5.56      5.78      5.93      5.66      5.66      6.17      6.12      6.51      8.41      6.40      5.80
  8254.45      5.52      5.61      5.84      5.99      5.72      5.72      6.22      6.18      6.56      8.50      6.46      5.86
  8255.45      5.36      5.44      5.66      5.81      5.56      5.54      6.04      6.00      6.36      8.27      6.28      5.69
  8256.45      4.91      4.99      5.19      5.32      5.10      5.07      5.55      5.50      5.85      7.66      5.78      5.22
  8257.45      4.69      4.76      4.96      5.09      4.87      4.84      5.30      5.25      5.60      7.37      5.54      4.99
  8258.45      4.93      5.00      5.22      5.36      5.13      5.09      5.56      5.52      5.87      7.70      5.83      5.25
  8259.45      5.23      5.31      5.54      5.69      5.45      5.41      5.88      5.86      6.21      8.10      6.16      5.57
  8260.45      5.44      5.52      5.76      5.91      5.68      5.63      6.11      6.10      6.44      8.40      6.39      5.79
  8261.45      5.49      5.59      5.82      5.98      5.75      5.68      6.18      6.17      6.50      8.51      6.47      5.87
  8262.45      5.44      5.52      5.76      5.91      5.68      5.63      6.12      6.11      6.44      8.45      6.42      5.81
  8263.45      5.46      5.54      5.77      5.93      5.69      5.65      6.13      6.12      6.45      8.48      6.45      5.81
  8264.45      5.57      5.64      5.86      6.04      5.80      5.75      6.23      6.22      6.56      8.62      6.57      5.91
  8265.45      5.62      5.69      5.92      6.09      5.86      5.80      6.29      6.28      6.61      8.70      6.62      5.97
  8266.45      5.64      5.69      5.93      6.11      5.88      5.81      6.30      6.31      6.62      8.72      6.63      5.99
  8267.45      5.64      5.69      5.93      6.13      5.89      5.80      6.31      6.32      6.62      8.73      6.64      5.99
  8268.45      5.68      5.72      5.96      6.16      5.93      5.83      6.35      6.35      6.65      8.77      6.68      6.03
  8269.45      5.71      5.75      5.98      6.18      5.95      5.85      6.36      6.36      6.65      8.79      6.71      6.05
  8270.45      5.63      5.66      5.89      6.09      5.85      5.76      6.27      6.26      6.54      8.67      6.62      5.95
  8271.45      5.47      5.49      5.71      5.91      5.68      5.60      6.09      6.08      6.35      8.44      6.43      5.78
  8272.45      5.44      5.48      5.69      5.87      5.65      5.57      6.06      6.06      6.32      8.39      6.39      5.75
  8273.45      5.38      5.41      5.62      5.80      5.58      5.50      5.98      5.99      6.25      8.28      6.33      5.68
  8274.45      5.22      5.25      5.45      5.63      5.43      5.35      5.79      5.81      6.07      8.03      6.14      5.51
  8275.45      5.25      5.27      5.48      5.66      5.47      5.37      5.82      5.84      6.08      8.05      6.16      5.54
  8276.45      5.17      5.18      5.38      5.57      5.37      5.28      5.71      5.75      5.96      7.91      6.06      5.44
  8277.45      4.97      4.97      5.17      5.35      5.15      5.06      5.46      5.52      5.73      7.64      5.81      5.22
  8278.45      4.24      4.23      4.41      4.56      4.37      4.29      4.64      4.69      4.89      6.62      4.96      4.43
  8279.45      2.49      2.48      2.59      2.67      2.54      2.49      2.72      2.74      2.87      4.03      2.92      2.58
  8280.45      1.48      1.47      1.54      1.58      1.49      1.46      1.60      1.62      1.69      2.43      1.73      1.52
  8281.45      1.38      1.37      1.44      1.48      1.39      1.36      1.49      1.51      1.58      2.27      1.61      1.41
  8282.45      1.24      1.22      1.28      1.32      1.24      1.22      1.33      1.34      1.41      2.02      1.44      1.26
  8283.45      0.83      0.82      0.85      0.88      0.83      0.81      0.89      0.89      0.94      1.35      0.97      0.84
  8284.45      0.92      0.91      0.95      0.99      0.93      0.91      1.00      1.00      1.05      1.50      1.08      0.95
  8285.45      1.84      1.83      1.90      1.97      1.88      1.83      2.01      2.03      2.09      2.94      2.16      1.91
  8286.45      3.31      3.29      3.42      3.54      3.40      3.31      3.59      3.65      3.75      5.14      3.87      3.44
  8287.45      2.67      2.64      2.75      2.84      2.72      2.65      2.87      2.92      3.02      4.18      3.12      2.75
  8288.45      1.54      1.52      1.59      1.64      1.56      1.51      1.64      1.67      1.74      2.45      1.80      1.57
  8289.45      1.00      0.99      1.04      1.06      1.01      0.98      1.06      1.08      1.13      1.60      1.18      1.02
  8290.45      0.59      0.58      0.61      0.63      0.59      0.57      0.63      0.64      0.66      0.94      0.69      0.60
  8291.45      0.70      0.69      0.72      0.74      0.70      0.68      0.75      0.76      0.78      1.10      0.82      0.72
  8292.45      1.66      1.63      1.71      1.77      1.70      1.63      1.79      1.83      1.87      2.58      1.95      1.72
  8293.45      3.32      3.28      3.41      3.55      3.42      3.30      3.59      3.66      3.75      5.02      3.90      3.46
  8294.45      4.74      4.68      4.85      5.05      4.88      4.74      5.10      5.21      5.31      6.93      5.52      4.93
  8295.45      5.29      5.22      5.40      5.62      5.44      5.30      5.67      5.80      5.90      7.62      6.15      5.50
  8296.45      4.42      4.36      4.52      4.69      4.53      4.41      4.73      4.85      4.93      6.46      5.16      4.58
  8297.45      2.25      2.21      2.30      2.38      2.28      2.22      2.39      2.46      2.51      3.40      2.64      2.31
  8298.45      1.31      1.28      1.33      1.38      1.31      1.28      1.38      1.42      1.44      1.99      1.53      1.33
  8299.45      1.10      1.08      1.12      1.16      1.10      1.08      1.16      1.19      1.21      1.68      1.29      1.11
  8300.45      0.63      0.62      0.65      0.67      0.63      0.62      0.67      0.68      0.70      0.97      0.74      0.64
  8301.45      0.57      0.56      0.58      0.60      0.57      0.56      0.60      0.62      0.63      0.86      0.67      0.58
  8302.45      1.22      1.20      1.25      1.30      1.25      1.20      1.31      1.36      1.37      1.83      1.45      1.27
  8303.45      3.09      3.05      3.17      3.29      3.18      3.06      3.30      3.42      3.46      4.49      3.64      3.22
  8304.45      3.56      3.51      3.64      3.79      3.67      3.53      3.79      3.92      3.97      5.13      4.17      3.70
  8305.45      3.88      3.81      3.95      4.11      3.99      3.84      4.11      4.25      4.31      5.53      4.53      4.03
  8306.45      4.29      4.21      4.38      4.54      4.43      4.26      4.55      4.70      4.76      6.06      5.02      4.46
  8307.45      4.69      4.61      4.79      4.98      4.85      4.67      4.99      5.16      5.20      6.56      5.50      4.90
  8308.45      5.29      5.22      5.41      5.63      5.49      5.29      5.64      5.85      5.87      7.32      6.22      5.55
  8309.45      5.55      5.47      5.67      5.90      5.77      5.56      5.90      6.13      6.14      7.62      6.51      5.80
  8310.45      5.12      5.04      5.22      5.43      5.32      5.11      5.41      5.65      5.65      7.06      6.01      5.33
  8311.45      3.25      3.20      3.33      3.45      3.37      3.22      3.42      3.59      3.61      4.61      3.85      3.38
  8312.45      1.66      1.63      1.70      1.76      1.71      1.64      1.74      1.83      1.84      2.38      1.98      1.72
  8313.45      1.58      1.55      1.62      1.68      1.64      1.56      1.66      1.74      1.75      2.26      1.89      1.64
  8314.45      2.99      2.94      3.07      3.20      3.13      2.98      3.18      3.33      3.33      4.20      3.58      3.14
  8315.45      5.06      5.00      5.19      5.42      5.30      5.08      5.38      5.63      5.62      6.90      6.02      5.34
  8316.45      5.61      5.55      5.75      6.01      5.88      5.64      5.96      6.25      6.22      7.58      6.66      5.93
  8317.45      5.63      5.56      5.76      6.02      5.89      5.66      5.97      6.27      6.22      7.57      6.68      5.94
  8318.45      5.29      5.22      5.42      5.65      5.53      5.31      5.60      5.88      5.84      7.12      6.28      5.58
  8319.45      4.57      4.50      4.68      4.86      4.76      4.57      4.82      5.07      5.04      6.19      5.45      4.81
  8320.45      3.99      3.94      4.10      4.26      4.16      3.99      4.22      4.44      4.41      5.44      4.79      4.22
  8321.45      4.24      4.18      4.35      4.52      4.42      4.25      4.48      4.72      4.68      5.72      5.08      4.48
  8322.45      5.01      4.95      5.14      5.35      5.24      5.04      5.29      5.58      5.53      6.68      5.98      5.30
  8323.45      5.39      5.33      5.53      5.78      5.65      5.45      5.71      6.02      5.96      7.16      6.44      5.72
  8324.45      5.49      5.43      5.64      5.89      5.77      5.56      5.82      6.14      6.09      7.27      6.57      5.84
  8325.45      5.68      5.62      5.84      6.09      5.97      5.76      6.02      6.36      6.31      7.51      6.81      6.05
  8326.45      5.94      5.88      6.10      6.36      6.24      6.02      6.29      6.64      6.58      7.79      7.12      6.33
  8327.45      6.06      5.99      6.22      6.48      6.36      6.13      6.40      6.76      6.70      7.90      7.27      6.44
  8328.45      6.10      6.03      6.26      6.53      6.41      6.18      6.45      6.80      6.74      7.93      7.33      6.48
  8329.45      6.09      6.03      6.26      6.52      6.41      6.17      6.45      6.80      6.73      7.91      7.33      6.48
  8330.45      6.02      5.97      6.19      6.46      6.35      6.11      6.38      6.73      6.65      7.82      7.26      6.43
  8331.45      5.90      5.84      6.05      6.33      6.21      5.99      6.25      6.60      6.50      7.64      7.12      6.30
  8332.45      5.78      5.72      5.93      6.20      6.08      5.88      6.12      6.48      6.37      7.49      7.00      6.19
  8333.45      5.77      5.71      5.92      6.19      6.08      5.87      6.11      6.47      6.36      7.47      7.00      6.19
  8334.45      5.78      5.74      5.94      6.21      6.11      5.89      6.13      6.49      6.39      7.48      7.04      6.22
  8335.45      5.76      5.73      5.93      6.19      6.11      5.87      6.11      6.47      6.37      7.45      7.04      6.22
  8336.45      5.77      5.74      5.95      6.21      6.12      5.88      6.12      6.48      6.38      7.45      7.06      6.24
  8337.45      5.75      5.71      5.94      6.18      6.08      5.86      6.09      6.47      6.35      7.40      7.03      6.21
  8338.45      5.37      5.32      5.55      5.77      5.67      5.46      5.69      6.07      5.93      6.93      6.59      5.78
  8339.45      4.60      4.55      4.75      4.94      4.84      4.66      4.86      5.20      5.07      5.98      5.69      4.94
  8340.45      4.25      4.21      4.40      4.57      4.48      4.31      4.48      4.81      4.69      5.54      5.29      4.58
  8341.45      4.60      4.56      4.77      4.95      4.86      4.67      4.85      5.20      5.08      5.97      5.73      4.97
  8342.45      5.03      4.99      5.20      5.40      5.31      5.11      5.29      5.67      5.55      6.47      6.24      5.43
  8343.45      4.05      4.01      4.19      4.36      4.26      4.10      4.26      4.57      4.49      5.26      5.08      4.38
  8344.45      1.84      1.81      1.90      1.98      1.92      1.85      1.92      2.07      2.04      2.42      2.34      1.98
  8345.45      0.63      0.62      0.64      0.67      0.65      0.63      0.65      0.70      0.69      0.82      0.80      0.67
  8346.45      0.25      0.25      0.26      0.27      0.26      0.25      0.26      0.28      0.28      0.33      0.33      0.27
  8347.45      0.30      0.31      0.32      0.33      0.32      0.31      0.32      0.35      0.34      0.40      0.40      0.34
  8348.45      1.01      1.01      1.06      1.10      1.08      1.03      1.08      1.16      1.13      1.33      1.32      1.12
  8349.45      3.58      3.57      3.73      3.88      3.82      3.66      3.80      4.08      3.99      4.63      4.59      3.92
  8350.45      4.41      4.39      4.59      4.77      4.68      4.51      4.65      5.00      4.90      5.66      5.62      4.81
  8351.45      3.43      3.41      3.57      3.71      3.63      3.50      3.60      3.91      3.82      4.45      4.42      3.74
  8352.45      2.91      2.89      3.04      3.16      3.07      2.97      3.05      3.32      3.24      3.79      3.78      3.18
  8353.45      1.99      1.98      2.08      2.16      2.09      2.03      2.07      2.27      2.21      2.60      2.61      2.17
  8354.45      0.84      0.84      0.88      0.91      0.88      0.85      0.87      0.95      0.93      1.10      1.11      0.92
  8355.45      0.68      0.68      0.72      0.74      0.72      0.69      0.71      0.78      0.76      0.90      0.91      0.76
  8356.45      1.40      1.41      1.48      1.54      1.51      1.45      1.50      1.62      1.58      1.85      1.88      1.58
  8357.45      3.74      3.76      3.93      4.09      4.03      3.88      4.00      4.31      4.21      4.85      4.92      4.19
  8358.45      5.02      5.05      5.27      5.48      5.42      5.22      5.36      5.78      5.62      6.42      6.54      5.60
  8359.45      5.39      5.43      5.67      5.90      5.83      5.62      5.75      6.22      6.03      6.87      7.02      6.02
  8360.45      5.47      5.50      5.76      5.99      5.90      5.70      5.83      6.31      6.12      6.95      7.13      6.10
  8361.45      4.99      5.02      5.27      5.48      5.38      5.20      5.31      5.76      5.60      6.37      6.57      5.58
  8362.45      3.96      3.98      4.19      4.36      4.26      4.12      4.20      4.58      4.44      5.11      5.29      4.44
  8363.45      3.41      3.44      3.61      3.76      3.66      3.54      3.62      3.95      3.82      4.41      4.59      3.83
  8364.45      3.40      3.42      3.60      3.73      3.63      3.52      3.59      3.93      3.79      4.38      4.58      3.81
  8365.45      2.76      2.77      2.92      3.02      2.93      2.85      2.90      3.19      3.06      3.57      3.75      3.09
  8366.45      1.71      1.71      1.82      1.87      1.82      1.76      1.80      1.98      1.90      2.22      2.36      1.92
  8367.45      1.61      1.61      1.71      1.76      1.72      1.66      1.69      1.87      1.80      2.09      2.23      1.81
  8368.45      2.64      2.66      2.80      2.89      2.84      2.74      2.79      3.08      2.96      3.40      3.64      2.98
  8369.45      4.27      4.31      4.53      4.67      4.61      4.46      4.55      4.97      4.79      5.44      5.81      4.83
  8370.45      5.25      5.30      5.56      5.76      5.68      5.50      5.61      6.11      5.90      6.63      7.09      5.93
  8371.45      5.55      5.60      5.87      6.09      6.01      5.84      5.94      6.45      6.24      6.99      7.49      6.28
  8372.45      5.66      5.71      5.98      6.21      6.12      5.96      6.05      6.57      6.35      7.11      7.64      6.41
  8373.45      5.72      5.78      6.03      6.28      6.18      6.02      6.10      6.63      6.40      7.16      7.72      6.48
  8374.45      5.66      5.72      5.97      6.21      6.11      5.96      6.04      6.56      6.33      7.08      7.66      6.41
  8375.45      5.60      5.65      5.90      6.14      6.05      5.89      5.97      6.48      6.26      7.00      7.60      6.34
  8376.45      5.59      5.64      5.90      6.14      6.04      5.88      5.95      6.46      6.26      6.99      7.61      6.34
  8377.45      5.45      5.51      5.76      5.99      5.90      5.74      5.80      6.32      6.11      6.83      7.47      6.19
  8378.45      5.25      5.31      5.55      5.76      5.69      5.53      5.58      6.11      5.89      6.59      7.26      5.97
  8379.45      5.33      5.38      5.62      5.84      5.76      5.60      5.66      6.19      5.97      6.66      7.38      6.04
  8380.45      5.14      5.19      5.41      5.62      5.55      5.38      5.45      5.96      5.75      6.42      7.16      5.82
  8381.45      4.01      4.04      4.22      4.38      4.32      4.18      4.23      4.65      4.48      5.04      5.69      4.55
  8382.45      2.75      2.76      2.90      3.00      2.95      2.86      2.88      3.18      3.05      3.47      3.96      3.12
  8383.45      1.52      1.52      1.60      1.66      1.61      1.57      1.58      1.75      1.68      1.92      2.23      1.72
  8384.45      0.90      0.90      0.95      0.98      0.95      0.93      0.93      1.03      0.99      1.13      1.33      1.03
  8385.45      1.17      1.19      1.24      1.28      1.26      1.22      1.23      1.37      1.31      1.49      1.75      1.36
  8386.45      2.89      2.94      3.06      3.17      3.14      3.03      3.07      3.39      3.25      3.66      4.26      3.35
  8387.45      5.01      5.08      5.27      5.47      5.43      5.26      5.31      5.81      5.60      6.22      7.14      5.74
  8388.45      5.45      5.51      5.71      5.95      5.89      5.73      5.76      6.30      6.08      6.74      7.74      6.23
  8389.45      5.45      5.51      5.72      5.96      5.90      5.74      5.77      6.32      6.09      6.75      7.79      6.25
  8390.45      5.53      5.59      5.81      6.04      5.97      5.82      5.86      6.41      6.18      6.83      7.92      6.34
  8391.45      5.34      5.39      5.61      5.82      5.75      5.61      5.65      6.18      5.96      6.59      7.68      6.12
  8392.45      4.84      4.87      5.08      5.27      5.20      5.07      5.10      5.60      5.39      5.98      7.04      5.55
  8393.45      4.66      4.70      4.89      5.08      5.01      4.88      4.90      5.40      5.19      5.77      6.83      5.36
  8394.45      5.00      5.05      5.24      5.46      5.39      5.25      5.27      5.79      5.57      6.17      7.31      5.75
  8395.45      5.49      5.55      5.74      5.99      5.94      5.77      5.80      6.35      6.12      6.74      7.99      6.31
  8396.45      5.62      5.69      5.88      6.14      6.09      5.92      5.95      6.50      6.27      6.90      8.19      6.46
  8397.45      5.47      5.54      5.73      5.99      5.92      5.77      5.78      6.32      6.09      6.72      8.01      6.28
  8398.45      4.97      5.03      5.21      5.44      5.37      5.24      5.24      5.74      5.54      6.11      7.36      5.71
  8399.45      2.49      2.51      2.61      2.72      2.68      2.62      2.61      2.88      2.78      3.11      3.86      2.88
  8400.45      0.66      0.66      0.69      0.72      0.71      0.69      0.69      0.76      0.74      0.83      1.05      0.76
  8401.45      0.32      0.33      0.34      0.35      0.35      0.34      0.33      0.37      0.36      0.40      0.52      0.37
  8402.45      0.55      0.56      0.58      0.61      0.60      0.58      0.58      0.64      0.61      0.69      0.89      0.64
  8403.45      2.08      2.11      2.19      2.29      2.26      2.19      2.21      2.45      2.33      2.60      3.31      2.43
  8404.45      4.81      4.87      5.04      5.26      5.21      5.07      5.10      5.59      5.35      5.88      7.30      5.56
  8405.45      5.54      5.60      5.78      6.04      5.99      5.82      5.85      6.41      6.15      6.73      8.31      6.38
  8406.45      5.71      5.75      5.96      6.22      6.17      5.99      6.02      6.60      6.34      6.93      8.56      6.57
  8407.45      5.75      5.81      6.01      6.28      6.23      6.05      6.08      6.65      6.39      6.98      8.64      6.64
  8408.45      5.75      5.81      6.00      6.27      6.23      6.06      6.08      6.66      6.39      6.98      8.65      6.64
  8409.45      5.68      5.74      5.93      6.19      6.15      5.99      6.00      6.57      6.31      6.89      8.58      6.56
  8410.45      5.61      5.67      5.87      6.11      6.07      5.92      5.93      6.48      6.25      6.80      8.52      6.48
  8411.45      5.61      5.68      5.87      6.12      6.08      5.92      5.93      6.48      6.25      6.79      8.55      6.50
  8412.45      5.65      5.73      5.91      6.17      6.13      5.96      5.96      6.52      6.28      6.83      8.63      6.57
  8413.45      5.65      5.73      5.89      6.16      6.13      5.95      5.96      6.51      6.26      6.82      8.63      6.56
  8414.45      5.41      5.49      5.65      5.91      5.88      5.70      5.71      6.24      6.00      6.55      8.31      6.28
  8415.45      3.83      3.88      4.00      4.18      4.15      4.03      4.02      4.43      4.25      4.69      6.09      4.47
  8416.45      1.42      1.44      1.49      1.55      1.54      1.49      1.48      1.65      1.58      1.76      2.37      1.67
  8417.45      0.77      0.78      0.80      0.83      0.82      0.79      0.79      0.88      0.84      0.94      1.30      0.90
  8418.45      1.10      1.12      1.16      1.20      1.20      1.15      1.16      1.29      1.23      1.35      1.87      1.31
  8419.45      3.02      3.07      3.17      3.31      3.31      3.19      3.22      3.54      3.38      3.69      4.97      3.57
  8420.45      5.09      5.18      5.33      5.56      5.57      5.39      5.41      5.91      5.67      6.14      7.99      5.95
  8421.45      5.49      5.57      5.72      5.98      5.98      5.81      5.82      6.34      6.10      6.61      8.55      6.39
  8422.45      5.49      5.56      5.71      5.98      5.98      5.81      5.80      6.33      6.09      6.60      8.56      6.39
  8423.45      5.49      5.57      5.71      5.98      5.98      5.80      5.78      6.33      6.08      6.58      8.56      6.39
  8424.45      5.21      5.30      5.42      5.68      5.68      5.51      5.48      6.02      5.78      6.26      8.20      6.09
  8425.45      4.76      4.85      4.96      5.20      5.20      5.04      5.01      5.51      5.28      5.73      7.58      5.58
  8426.45      4.64      4.73      4.84      5.07      5.07      4.91      4.89      5.37      5.15      5.58      7.42      5.44
  8427.45      4.72      4.82      4.93      5.16      5.16      4.99      4.98      5.47      5.25      5.67      7.55      5.54
  8428.45      4.32      4.40      4.52      4.72      4.72      4.57      4.55      5.01      4.81      5.21      6.98      5.09
  8429.45      3.63      3.69      3.79      3.95      3.95      3.82      3.80      4.20      4.04      4.37      5.94      4.28
  8430.45      1.97      2.00      2.06      2.15      2.14      2.07      2.05      2.27      2.20      2.38      3.31      2.33
  8431.45      0.55      0.55      0.57      0.60      0.59      0.57      0.56      0.62      0.61      0.66      0.94      0.65
  8432.45      0.27      0.27      0.28      0.30      0.29      0.28      0.28      0.31      0.30      0.32      0.47      0.32
  8433.45      0.46      0.47      0.48      0.51      0.51      0.49      0.49      0.54      0.52      0.56      0.81      0.56
  8434.45      1.71      1.76      1.79      1.88      1.89      1.82      1.83      2.00      1.92      2.08      2.94      2.07
  8435.45      3.83      3.91      4.00      4.18      4.21      4.07      4.06      4.42      4.26      4.58      6.26      4.55
  8436.45      4.05      4.12      4.21      4.41      4.43      4.29      4.27      4.65      4.49      4.82      6.57      4.79
  8437.45      4.54      4.63      4.73      4.94      4.97      4.82      4.79      5.22      5.05      5.39      7.28      5.37
  8438.45      5.48      5.59      5.70      5.96      6.00      5.83      5.79      6.29      6.08      6.48      8.58      6.46
  8439.45      5.93      6.06      6.17      6.46      6.51      6.33      6.30      6.83      6.60      7.02      9.20      6.99
  8440.45      6.01      6.14      6.25      6.55      6.61      6.42      6.39      6.92      6.69      7.11      9.30      7.08
  8441.45      6.02      6.16      6.26      6.56      6.62      6.44      6.40      6.93      6.71      7.10      9.30      7.09
  8442.45      6.00      6.13      6.24      6.54      6.59      6.42      6.38      6.90      6.69      7.07      9.26      7.07
  8443.45      5.95      6.08      6.20      6.49      6.54      6.38      6.33      6.85      6.65      7.01      9.19      7.03
  8444.45      5.96      6.09      6.20      6.49      6.54      6.38      6.33      6.85      6.65      7.01      9.18      7.03
  8445.45      5.92      6.07      6.16      6.46      6.52      6.35      6.29      6.81      6.63      6.99      9.12      7.00
  8446.45      5.81      5.96      6.05      6.34      6.39      6.23      6.17      6.67      6.51      6.86      8.94      6.86
  8447.45      5.22      5.36      5.44      5.70      5.76      5.60      5.55      6.01      5.86      6.19      8.14      6.18
  8448.45      4.50      4.61      4.69      4.92      4.97      4.84      4.78      5.19      5.06      5.34      7.12      5.34
  8449.45      4.70      4.82      4.90      5.14      5.19      5.06      4.99      5.42      5.28      5.58      7.39      5.58
  8450.45      5.44      5.59      5.66      5.94      6.01      5.85      5.77      6.26      6.11      6.43      8.38      6.45
  8451.45      5.50      5.65      5.71      5.98      6.05      5.90      5.82      6.29      6.15      6.47      8.41      6.51
  8452.45      4.01      4.12      4.17      4.36      4.41      4.31      4.23      4.59      4.50      4.75      6.31      4.78
  8453.45      1.59      1.64      1.65      1.73      1.74      1.71      1.66      1.81      1.78      1.89      2.60      1.91
  8454.45      0.86      0.88      0.89      0.93      0.94      0.91      0.89      0.97      0.96      1.01      1.42      1.03
  8455.45      1.18      1.23      1.24      1.29      1.31      1.27      1.24      1.36      1.33      1.39      1.95      1.44
  8456.45      3.02      3.14      3.17      3.30      3.37      3.27      3.21      3.50      3.42      3.58      4.83      3.67
  8457.45      5.08      5.25      5.30      5.53      5.63      5.48      5.40      5.82      5.72      5.96      7.75      6.08
  8458.45      5.64      5.83      5.88      6.14      6.25      6.09      6.00      6.45      6.35      6.60      8.49      6.73
  8459.45      5.74      5.92      5.99      6.25      6.35      6.21      6.10      6.57      6.46      6.72      8.59      6.84
  8460.45      5.81      5.99      6.06      6.33      6.43      6.31      6.18      6.65      6.54      6.81      8.66      6.93
  8461.45      5.75      5.93      5.99      6.26      6.37      6.24      6.11      6.57      6.47      6.73      8.55      6.86
  8462.45      5.40      5.58      5.63      5.88      5.98      5.86      5.73      6.17      6.08      6.33      8.07      6.46
  8463.45      5.09      5.26      5.30      5.54      5.64      5.53      5.41      5.82      5.74      5.97      7.63      6.10
  8464.45      4.84      5.01      5.04      5.28      5.36      5.26      5.14      5.53      5.45      5.67      7.26      5.81
  8465.45      3.22      3.33      3.35      3.52      3.57      3.51      3.41      3.68      3.64      3.80      4.96      3.89
  8466.45      0.98      1.01      1.01      1.07      1.08      1.06      1.02      1.11      1.10      1.15      1.55      1.19
  8467.45      0.42      0.43      0.43      0.46      0.46      0.45      0.44      0.47      0.47      0.49      0.67      0.51
  8468.45      0.55      0.58      0.58      0.61      0.61      0.60      0.59      0.63      0.63      0.65      0.88      0.69
  8469.45      1.79      1.88      1.89      1.98      2.02      1.97      1.93      2.08      2.07      2.13      2.81      2.23
  8470.45      4.70      4.91      4.94      5.15      5.26      5.15      5.04      5.40      5.37      5.51      6.97      5.72
  8471.45      5.73      5.96      5.99      6.25      6.38      6.26      6.12      6.53      6.51      6.66      8.30      6.91
  8472.45      5.93      6.18      6.19      6.47      6.61      6.48      6.34      6.75      6.74      6.89      8.53      7.14
  8473.45      5.94      6.19      6.20      6.49      6.62      6.49      6.34      6.76      6.75      6.90      8.50      7.16
  8474.45      5.77      6.02      6.03      6.30      6.43      6.31      6.14      6.58      6.55      6.71      8.25      6.96
  8475.45      5.21      5.45      5.46      5.70      5.82      5.72      5.53      5.95      5.94      6.08      7.51      6.31
  8476.45      4.35      4.56      4.57      4.77      4.87      4.78      4.61      4.97      4.97      5.10      6.36      5.30
  8477.45      4.37      4.58      4.59      4.79      4.90      4.80      4.64      4.98      5.00      5.12      6.37      5.33
  8478.45      5.29      5.55      5.55      5.80      5.92      5.81      5.65      6.03      6.04      6.18      7.57      6.42
  8479.45      5.85      6.12      6.12      6.40      6.53      6.41      6.24      6.66      6.65      6.80      8.26      7.08
  8480.45      5.98      6.27      6.26      6.54      6.68      6.57      6.39      6.81      6.81      6.95      8.40      7.25
  8481.45      6.02      6.32      6.30      6.58      6.73      6.62      6.44      6.84      6.86      6.98      8.42      7.30
  8482.45      6.03      6.35      6.32      6.60      6.75      6.64      6.46      6.84      6.88      6.99      8.40      7.31
  8483.45      6.04      6.36      6.34      6.61      6.76      6.64      6.47      6.84      6.89      7.00      8.39      7.32
  8484.45      6.05      6.38      6.35      6.63      6.77      6.66      6.48      6.85      6.90      7.01      8.38      7.35
  8485.45      6.05      6.40      6.35      6.63      6.77      6.67      6.48      6.85      6.91      7.01      8.37      7.35
  8486.45      5.96      6.32      6.26      6.54      6.68      6.59      6.39      6.76      6.81      6.91      8.24      7.27
  8487.45      5.83      6.19      6.13      6.39      6.54      6.46      6.24      6.61      6.65      6.76      8.06      7.14
  8488.45      5.78      6.13      6.08      6.34      6.48      6.40      6.18      6.55      6.59      6.69      7.97      7.09
  8489.45      5.90      6.27      6.21      6.46      6.62      6.53      6.31      6.68      6.74      6.81      8.09      7.23
  8490.45      6.03      6.41      6.36      6.60      6.76      6.67      6.46      6.82      6.90      6.96      8.23      7.38
  8491.45      6.02      6.40      6.33      6.59      6.74      6.67      6.45      6.80      6.89      6.95      8.19      7.37
  8492.45      5.79      6.18      6.10      6.35      6.49      6.43      6.21      6.56      6.63      6.71      7.90      7.11
  8493.45      4.88      5.22      5.15      5.35      5.47      5.41      5.21      5.53      5.59      5.67      6.72      6.04
  8494.45      2.46      2.64      2.60      2.70      2.76      2.73      2.61      2.78      2.84      2.88      3.48      3.11
  8495.45      1.29      1.39      1.36      1.41      1.44      1.43      1.36      1.45      1.49      1.50      1.84      1.64
  8496.45      1.43      1.55      1.51      1.57      1.62      1.59      1.52      1.62      1.66      1.67      2.04      1.83
  8497.45      2.95      3.20      3.13      3.25      3.36      3.30      3.17      3.36      3.43      3.44      4.15      3.76
  8498.45      4.66      5.01      4.94      5.12      5.28      5.20      5.00      5.28      5.38      5.40      6.38      5.86
  8499.45      4.94      5.29      5.23      5.43      5.59      5.51      5.30      5.57      5.69      5.71      6.71      6.19
  8500.45      5.24      5.61      5.53      5.76      5.92      5.85      5.63      5.90      6.02      6.05      7.08      6.55
  8501.45      5.51      5.89      5.82      6.05      6.23      6.16      5.93      6.21      6.32      6.36      7.41      6.88
  8502.45      5.16      5.53      5.45      5.67      5.83      5.76      5.55      5.81      5.95      5.97      6.95      6.47
  8503.45      4.66      5.00      4.93      5.13      5.26      5.20      5.00      5.24      5.40      5.41      6.30      5.87
  8504.45      4.04      4.34      4.27      4.44      4.54      4.50      4.31      4.53      4.68      4.68      5.48      5.11
  8505.45      2.17      2.34      2.30      2.39      2.44      2.43      2.30      2.43      2.53      2.52      3.00      2.80
  8506.45      0.88      0.95      0.93      0.96      0.98      0.98      0.92      0.98      1.02      1.01      1.22      1.14
  8507.45      0.70      0.75      0.74      0.76      0.78      0.77      0.74      0.78      0.81      0.80      0.96      0.91
  8508.45      1.41      1.54      1.51      1.56      1.62      1.59      1.52      1.60      1.67      1.64      1.96      1.87
  8509.45      3.86      4.17      4.12      4.28      4.41      4.34      4.18      4.36      4.52      4.48      5.23      5.01
  8510.45      5.40      5.80      5.73      5.97      6.12      6.05      5.82      6.08      6.27      6.24      7.18      6.90
  8511.45      5.70      6.12      6.05      6.29      6.45      6.38      6.14      6.41      6.61      6.57      7.54      7.26
  8512.45      5.79      6.22      6.15      6.39      6.55      6.48      6.24      6.52      6.71      6.67      7.64      7.38
  8513.45      5.82      6.26      6.18      6.42      6.59      6.53      6.28      6.56      6.74      6.71      7.66      7.43
  8514.45      5.81      6.24      6.16      6.41      6.59      6.52      6.28      6.55      6.73      6.71      7.64      7.44
  8515.45      5.84      6.28      6.18      6.45      6.62      6.56      6.32      6.58      6.77      6.75      7.67      7.48
  8516.45      5.95      6.39      6.30      6.57      6.73      6.67      6.44      6.70      6.89      6.86      7.80      7.63
  8517.45      6.00      6.45      6.35      6.62      6.78      6.73      6.50      6.75      6.95      6.91      7.85      7.71
  8518.45      5.97      6.42      6.32      6.58      6.75      6.71      6.48      6.72      6.93      6.88      7.81      7.70
  8519.45      5.97      6.42      6.32      6.59      6.76      6.70      6.48      6.72      6.94      6.89      7.81      7.72
  8520.45      5.88      6.32      6.24      6.50      6.66      6.60      6.39      6.62      6.83      6.78      7.70      7.64
  8521.45      5.51      5.93      5.85      6.09      6.25      6.20      5.99      6.20      6.41      6.37      7.23      7.21
  8522.45      4.88      5.25      5.18      5.39      5.53      5.50      5.30      5.48      5.69      5.64      6.42      6.44
  8523.45      4.80      5.17      5.10      5.30      5.45      5.40      5.21      5.39      5.59      5.54      6.31      6.36
  8524.45      5.31      5.72      5.64      5.87      6.03      5.97      5.77      5.95      6.18      6.12      6.94      7.01
  8525.45      5.73      6.15      6.08      6.33      6.49      6.44      6.23      6.43      6.67      6.60      7.45      7.54
  8526.45      5.96      6.38      6.32      6.56      6.73      6.69      6.48      6.68      6.93      6.86      7.71      7.83
  8527.45      6.08      6.52      6.45      6.70      6.88      6.82      6.62      6.81      7.07      7.00      7.85      8.01
  8528.45      6.25      6.69      6.62      6.88      7.06      6.99      6.79      6.98      7.24      7.18      8.04      8.22
  8529.45      6.47      6.91      6.84      7.13      7.31      7.22      7.03      7.22      7.48      7.41      8.30      8.50
  8530.45      6.59      7.05      6.97      7.27      7.45      7.37      7.17      7.34      7.62      7.55      8.45      8.66
  8531.45      6.58      7.04      6.96      7.27      7.45      7.37      7.17      7.34      7.62      7.54      8.42      8.67
  8532.45      6.39      6.85      6.77      7.07      7.24      7.18      6.98      7.15      7.42      7.34      8.21      8.47
  8533.45      6.22      6.67      6.60      6.89      7.06      6.99      6.80      6.96      7.24      7.15      8.00      8.29
  8534.45      6.11      6.56      6.50      6.78      6.95      6.88      6.69      6.84      7.13      7.03      7.87      8.20
  8535.45      6.01      6.45      6.38      6.66      6.84      6.78      6.59      6.72      7.02      6.91      7.75      8.11
  8536.45      5.90      6.32      6.26      6.53      6.71      6.65      6.47      6.60      6.90      6.79      7.59      8.00
  8537.45      5.87      6.29      6.22      6.50      6.67      6.61      6.43      6.56      6.87      6.76      7.53      7.98
  8538.45      5.60      6.00      5.94      6.22      6.36      6.31      6.13      6.25      6.56      6.45      7.20      7.65
  8539.45      4.27      4.59      4.54      4.75      4.86      4.82      4.67      4.75      5.02      4.93      5.56      5.97
  8540.45      2.60      2.81      2.78      2.91      2.97      2.95      2.85      2.89      3.08      3.01      3.43      3.75
  8541.45      2.48      2.67      2.65      2.77      2.84      2.81      2.72      2.76      2.94      2.87      3.28      3.60
  8542.45      4.19      4.51      4.46      4.68      4.81      4.76      4.60      4.68      4.95      4.83      5.46      5.96
  8543.45      6.05      6.47      6.41      6.73      6.89      6.82      6.63      6.74      7.05      6.91      7.70      8.34
  8544.45      6.35      6.76      6.71      7.05      7.20      7.13      6.95      7.07      7.38      7.24      8.04      8.73
  8545.45      6.73      7.16      7.12      7.47      7.61      7.55      7.37      7.50      7.81      7.68      8.48      9.22
  8546.45      6.86      7.29      7.25      7.60      7.75      7.69      7.51      7.63      7.95      7.82      8.62      9.41
  8547.45      6.58      7.00      6.97      7.29      7.43      7.39      7.20      7.32      7.65      7.51      8.29      9.11
  8548.45      6.04      6.43      6.39      6.69      6.82      6.77      6.59      6.69      7.03      6.89      7.63      8.45
  8549.45      4.19      4.48      4.45      4.65      4.75      4.71      4.56      4.63      4.92      4.83      5.39      6.09
  8550.45      2.31      2.49      2.47      2.58      2.63      2.61      2.52      2.56      2.74      2.68      3.03      3.50
  8551.45      2.11      2.27      2.26      2.36      2.41      2.38      2.30      2.34      2.50      2.44      2.77      3.24
  8552.45      3.53      3.79      3.77      3.95      4.04      3.99      3.88      3.94      4.18      4.06      4.58      5.30
  8553.45      5.51      5.87      5.86      6.16      6.26      6.20      6.06      6.13      6.44      6.29      6.99      7.94
  8554.45      6.16      6.55      6.55      6.89      6.99      6.93      6.79      6.86      7.19      7.04      7.77      8.81
  8555.45      6.35      6.74      6.74      7.08      7.20      7.15      6.99      7.07      7.42      7.25      8.00      9.06
  8556.45      6.70      7.09      7.09      7.44      7.57      7.52      7.36      7.44      7.81      7.63      8.40      9.51
  8557.45      6.93      7.32      7.32      7.69      7.83      7.78      7.62      7.69      8.07      7.88      8.66      9.83
  8558.45      7.00      7.40      7.41      7.79      7.92      7.87      7.71      7.77      8.15      7.97      8.75      9.97
  8559.45      7.01      7.40      7.41      7.80      7.93      7.89      7.71      7.80      8.16      7.98      8.76     10.02
  8560.45      6.98      7.35      7.37      7.77      7.89      7.84      7.68      7.77      8.12      7.94      8.72     10.01
  8561.45      6.95      7.32      7.35      7.74      7.86      7.80      7.67      7.74      8.09      7.92      8.68     10.01
  8562.45      6.92      7.29      7.33      7.71      7.82      7.77      7.64      7.71      8.07      7.90      8.65     10.01
  8563.45      6.96      7.33      7.37      7.74      7.86      7.82      7.68      7.75      8.11      7.94      8.68     10.08
  8564.45      6.94      7.30      7.34      7.71      7.85      7.80      7.65      7.71      8.07      7.91      8.64     10.08
  8565.45      6.92      7.27      7.32      7.68      7.82      7.77      7.62      7.68      8.05      7.88      8.61     10.08
  8566.45      6.95      7.30      7.35      7.71      7.85      7.80      7.66      7.70      8.07      7.92      8.63     10.15
  8567.45      6.97      7.32      7.39      7.73      7.89      7.82      7.69      7.73      8.10      7.95      8.64     10.22
  8568.45      6.91      7.27      7.33      7.68      7.85      7.79      7.65      7.69      8.07      7.90      8.58     10.19
  8569.45      6.83      7.19      7.26      7.61      7.76      7.71      7.57      7.61      7.99      7.82      8.50     10.11
  8570.45      6.87      7.23      7.29      7.64      7.79      7.74      7.60      7.64      8.03      7.85      8.54     10.18
  8571.45      6.89      7.26      7.32      7.66      7.81      7.77      7.62      7.67      8.04      7.88      8.56     10.24
  8572.45      6.81      7.19      7.25      7.58      7.72      7.70      7.54      7.59      7.96      7.79      8.46     10.17
  8573.45      6.63      6.99      7.04      7.38      7.51      7.49      7.33      7.37      7.74      7.56      8.23      9.96
  8574.45      6.34      6.69      6.73      7.06      7.19      7.16      7.01      7.03      7.41      7.22      7.88      9.61
  8575.45      6.02      6.36      6.42      6.72      6.85      6.81      6.67      6.69      7.07      6.88      7.51      9.25
  8576.45      5.99      6.33      6.39      6.69      6.83      6.78      6.64      6.66      7.05      6.85      7.48      9.23
  8577.45      6.12      6.46      6.52      6.83      6.96      6.93      6.78      6.80      7.19      6.99      7.63      9.41
  8578.45      6.16      6.51      6.56      6.87      6.99      6.97      6.82      6.85      7.22      7.03      7.67      9.48
  8579.45      6.18      6.53      6.57      6.89      7.01      7.00      6.84      6.87      7.23      7.05      7.68      9.52
  8580.45      6.22      6.57      6.62      6.93      7.06      7.05      6.90      6.93      7.29      7.11      7.73      9.60
  8581.45      6.57      6.93      6.99      7.31      7.44      7.44      7.29      7.32      7.67      7.50      8.13     10.05
  8582.45      6.85      7.22      7.29      7.61      7.76      7.76      7.59      7.62      7.99      7.81      8.46     10.42
  8583.45      6.94      7.32      7.39      7.72      7.87      7.87      7.70      7.72      8.11      7.92      8.57     10.56
  8584.45      6.98      7.37      7.44      7.77      7.92      7.91      7.73      7.77      8.15      7.98      8.61     10.62
  8585.45      6.92      7.30      7.37      7.71      7.85      7.83      7.67      7.71      8.08      7.92      8.53     10.56
  8586.45      6.87      7.26      7.33      7.67      7.81      7.77      7.63      7.66      8.03      7.87      8.47     10.52
  8587.45      6.80      7.18      7.26      7.58      7.73      7.69      7.55      7.57      7.95      7.79      8.38     10.44
  8588.45      6.35      6.72      6.79      7.08      7.22      7.20      7.05      7.06      7.44      7.28      7.84      9.88
  8589.45      4.97      5.28      5.34      5.56      5.68      5.68      5.54      5.53      5.89      5.73      6.20      8.06
  8590.45      3.90      4.16      4.21      4.37      4.48      4.48      4.36      4.35      4.65      4.51      4.91      6.53
  8591.45      4.47      4.76      4.82      5.00      5.13      5.12      4.99      4.99      5.31      5.17      5.60      7.36
  8592.45      5.86      6.21      6.29      6.53      6.68      6.68      6.52      6.54      6.88      6.73      7.24      9.25
  8593.45      6.41      6.77      6.87      7.13      7.29      7.30      7.13      7.15      7.49      7.35      7.89      9.97
  8594.45      6.55      6.92      7.03      7.30      7.45      7.46      7.30      7.32      7.66      7.52      8.07     10.17
  8595.45      6.65      7.02      7.13      7.40      7.56      7.56      7.41      7.41      7.77      7.61      8.17     10.29
  8596.45      6.53      6.91      7.01      7.28      7.43      7.44      7.29      7.28      7.66      7.48      8.03     10.16
  8597.45      5.75      6.10      6.18      6.41      6.54      6.57      6.43      6.40      6.78      6.62      7.10      9.13
  8598.45      4.09      4.36      4.42      4.58      4.68      4.71      4.59      4.56      4.88      4.75      5.13      6.82
  8599.45      3.33      3.56      3.62      3.74      3.82      3.84      3.74      3.71      3.98      3.87      4.20      5.69
  8600.45      4.15      4.43      4.50      4.64      4.75      4.76      4.66      4.63      4.93      4.80      5.19      6.91
  8601.45      5.70      6.05      6.13      6.34      6.49      6.49      6.37      6.35      6.69      6.54      7.01      9.04
  8602.45      6.39      6.77      6.85      7.09      7.25      7.27      7.14      7.11      7.46      7.33      7.82      9.94
  8603.45      6.45      6.84      6.92      7.17      7.32      7.36      7.23      7.18      7.55      7.42      7.90     10.02
  8604.45      6.35      6.72      6.81      7.06      7.21      7.25      7.11      7.07      7.43      7.30      7.76      9.87
  8605.45      6.36      6.74      6.82      7.07      7.22      7.27      7.12      7.08      7.45      7.31      7.77      9.86
  8606.45      6.42      6.79      6.89      7.15      7.28      7.33      7.19      7.16      7.50      7.38      7.83      9.92
  8607.45      6.48      6.84      6.94      7.21      7.34      7.40      7.24      7.23      7.55      7.44      7.89      9.99
  8608.45      6.45      6.81      6.91      7.18      7.31      7.37      7.22      7.20      7.52      7.41      7.86      9.95
  8609.45      6.34      6.70      6.80      7.05      7.20      7.25      7.10      7.07      7.40      7.29      7.74      9.79
  8610.45      6.09      6.45      6.55      6.79      6.93      6.97      6.83      6.78      7.12      7.01      7.45      9.44
  8611.45      5.89      6.24      6.34      6.57      6.70      6.74      6.60      6.55      6.88      6.77      7.19      9.15
  8612.45      5.55      5.90      6.00      6.20      6.32      6.37      6.22      6.18      6.50      6.40      6.79      8.70
  8613.45      5.28      5.65      5.74      5.91      6.03      6.09      5.95      5.89      6.21      6.10      6.50      8.34
  8614.45      4.82      5.16      5.25      5.39      5.51      5.56      5.44      5.38      5.69      5.58      5.96      7.69
  8615.45      4.38      4.70      4.79      4.90      5.02      5.07      4.96      4.90      5.18      5.08      5.44      7.06
  8616.45      3.84      4.12      4.21      4.30      4.41      4.45      4.35      4.30      4.54      4.47      4.78      6.28
  8617.45      3.22      3.45      3.53      3.61      3.70      3.74      3.65      3.61      3.81      3.77      4.01      5.34
  8618.45      3.03      3.25      3.32      3.39      3.48      3.52      3.43      3.40      3.59      3.54      3.76      5.03
  8619.45      2.73      2.93      2.99      3.05      3.14      3.18      3.10      3.06      3.24      3.19      3.39      4.55
  8620.45      2.34      2.51      2.57      2.61      2.70      2.73      2.65      2.62      2.78      2.73      2.91      3.93
  8621.45      2.22      2.39      2.44      2.47      2.56      2.59      2.51      2.48      2.64      2.59      2.76      3.71
  8622.45      2.02      2.17      2.23      2.25      2.33      2.36      2.30      2.25      2.40      2.36      2.52      3.39
  8623.45      1.76      1.89      1.95      1.96      2.03      2.06      2.00      1.96      2.10      2.06      2.20      2.97
  8624.45      1.68      1.81      1.86      1.87      1.93      1.97      1.91      1.87      2.00      1.97      2.10      2.84
  8625.45      1.61      1.74      1.78      1.80      1.85      1.89      1.84      1.80      1.92      1.89      2.01      2.71
  8626.45      1.42      1.53      1.57      1.59      1.64      1.66      1.62      1.59      1.69      1.67      1.77      2.39
  8627.45      1.32      1.42      1.46      1.47      1.51      1.55      1.51      1.47      1.56      1.56      1.64      2.21
  8628.45      1.35      1.45      1.49      1.50      1.54      1.58      1.54      1.50      1.59      1.59      1.67      2.24
  8629.45      1.29      1.39      1.43      1.44      1.48      1.52      1.49      1.44      1.53      1.52      1.60      2.15
  8630.45      1.13      1.21      1.26      1.26      1.30      1.33      1.29      1.26      1.34      1.33      1.40      1.88
  8631.45      1.15      1.24      1.28      1.28      1.33      1.35      1.32      1.28      1.36      1.35      1.42      1.90
  8632.45      1.28      1.37      1.43      1.43      1.48      1.50      1.47      1.42      1.51      1.51      1.58      2.10
  8633.45      1.17      1.26      1.31      1.31      1.35      1.38      1.35      1.30      1.39      1.38      1.45      1.92
  8634.45      1.09      1.17      1.21      1.21      1.25      1.28      1.25      1.21      1.29      1.29      1.35      1.77
  8635.45      1.22      1.31      1.35      1.36      1.40      1.44      1.40      1.36      1.44      1.44      1.50      1.97
  8636.45      1.45      1.56      1.61      1.62      1.67      1.72      1.67      1.63      1.71      1.72      1.79      2.33
  8637.45      1.27      1.37      1.41      1.41      1.45      1.50      1.46      1.42      1.50      1.50      1.56      2.03
  8638.45      1.27      1.38      1.41      1.42      1.47      1.50      1.47      1.43      1.51      1.51      1.57      2.03
  8639.45      1.61      1.74      1.79      1.79      1.86      1.91      1.86      1.81      1.91      1.90      1.98      2.55
  8640.45      2.07      2.22      2.30      2.30      2.38      2.45      2.39      2.32      2.45      2.45      2.54      3.23
  8641.45      1.82      1.95      2.02      2.03      2.09      2.15      2.11      2.05      2.16      2.16      2.24      2.84
  8642.45      1.89      2.02      2.09      2.10      2.16      2.23      2.18      2.12      2.24      2.24      2.32      2.93
  8643.45      2.19      2.36      2.43      2.45      2.52      2.59      2.54      2.47      2.59      2.61      2.69      3.38
  8644.45      2.63      2.82      2.90      2.94      3.03      3.10      3.05      2.97      3.10      3.13      3.23      4.00
  8645.45      3.60      3.84      3.95      4.02      4.14      4.23      4.17      4.07      4.23      4.27      4.41      5.35
  8646.45      4.49      4.78      4.91      5.01      5.14      5.26      5.18      5.07      5.26      5.31      5.47      6.54
  8647.45      4.14      4.41      4.53      4.62      4.74      4.86      4.79      4.66      4.85      4.90      5.04      6.05
  8648.45      2.61      2.79      2.88      2.92      3.01      3.09      3.04      2.94      3.08      3.11      3.21      3.91
  8649.45      1.98      2.12      2.19      2.21      2.28      2.35      2.31      2.23      2.34      2.37      2.43      2.97
  8650.45      1.99      2.13      2.21      2.22      2.29      2.36      2.32      2.24      2.34      2.38      2.43      2.98
  8651.45      1.26      1.35      1.40      1.40      1.45      1.50      1.47      1.42      1.48      1.51      1.54      1.90
  8652.45      0.91      0.97      1.01      1.00      1.04      1.07      1.05      1.01      1.06      1.08      1.10      1.36
  8653.45      0.95      1.02      1.06      1.06      1.09      1.13      1.10      1.07      1.11      1.13      1.16      1.43
  8654.45      1.36      1.46      1.52      1.52      1.56      1.61      1.59      1.53      1.58      1.62      1.66      2.03
  8655.45      1.63      1.75      1.81      1.81      1.87      1.94      1.90      1.83      1.90      1.95      1.98      2.41
  8656.45      1.09      1.17      1.21      1.20      1.24      1.29      1.26      1.21      1.26      1.29      1.32      1.61
  8657.45      0.86      0.93      0.97      0.95      0.99      1.02      1.00      0.96      1.00      1.02      1.05      1.28
  8658.45      0.94      1.02      1.06      1.05      1.09      1.12      1.10      1.05      1.09      1.12      1.15      1.39
  8659.45      1.51      1.64      1.70      1.69      1.74      1.80      1.78      1.70      1.76      1.81      1.85      2.22
  8660.45      1.52      1.64      1.71      1.70      1.74      1.81      1.78      1.71      1.77      1.82      1.86      2.22
  8661.45      0.98      1.06      1.11      1.10      1.12      1.17      1.15      1.10      1.14      1.18      1.20      1.44
  8662.45      0.83      0.90      0.94      0.94      0.96      0.99      0.98      0.94      0.97      1.00      1.02      1.22
  8663.45      1.05      1.14      1.19      1.18      1.22      1.25      1.24      1.19      1.23      1.26      1.29      1.54
  8664.45      1.96      2.12      2.21      2.19      2.26      2.33      2.31      2.22      2.29      2.35      2.40      2.82
  8665.45      1.75      1.88      1.96      1.94      2.00      2.07      2.05      1.96      2.02      2.09      2.12      2.50
  8666.45      1.05      1.12      1.18      1.16      1.19      1.24      1.23      1.16      1.21      1.25      1.26      1.50
  8667.45      0.88      0.94      1.00      0.98      1.01      1.05      1.04      0.98      1.02      1.05      1.06      1.26
  8668.45      1.14      1.22      1.29      1.27      1.31      1.35      1.34      1.28      1.31      1.35      1.37      1.62
  8669.45      2.09      2.24      2.35      2.34      2.40      2.47      2.47      2.35      2.41      2.49      2.53      2.94
  8670.45      2.01      2.16      2.27      2.26      2.31      2.39      2.38      2.26      2.32      2.42      2.45      2.83
  8671.45      1.26      1.35      1.42      1.41      1.44      1.49      1.48      1.40      1.45      1.51      1.52      1.78
  8672.45      1.03      1.11      1.17      1.16      1.19      1.23      1.22      1.15      1.19      1.24      1.25      1.47
  8673.45      1.27      1.36      1.44      1.42      1.47      1.51      1.50      1.43      1.46      1.52      1.53      1.80
  8674.45      2.38      2.55      2.69      2.68      2.75      2.84      2.82      2.70      2.75      2.86      2.88      3.33
  8675.45      3.09      3.28      3.47      3.46      3.54      3.66      3.63      3.48      3.55      3.69      3.71      4.25
  8676.45      1.90      2.01      2.14      2.12      2.17      2.26      2.23      2.13      2.18      2.28      2.29      2.63
  8677.45      1.38      1.47      1.56      1.54      1.58      1.64      1.62      1.54      1.58      1.65      1.66      1.92
  8678.45      1.45      1.54      1.65      1.62      1.66      1.72      1.71      1.62      1.66      1.74      1.74      2.01
  8679.45      2.32      2.47      2.63      2.60      2.66      2.75      2.75      2.62      2.66      2.79      2.79      3.20
  8680.45      3.77      3.98      4.25      4.21      4.30      4.44      4.45      4.24      4.30      4.51      4.50      5.09
  8681.45      3.06      3.23      3.46      3.42      3.49      3.62      3.62      3.44      3.50      3.68      3.66      4.16
  8682.45      2.04      2.15      2.31      2.28      2.32      2.42      2.41      2.28      2.33      2.45      2.44      2.79
  8683.45      1.79      1.90      2.04      2.01      2.05      2.14      2.12      2.01      2.05      2.16      2.15      2.46
  8684.45      2.26      2.40      2.57      2.53      2.59      2.69      2.67      2.54      2.59      2.71      2.70      3.08
  8685.45      3.73      3.95      4.23      4.18      4.27      4.41      4.41      4.21      4.26      4.45      4.44      5.01
  8686.45      4.51      4.76      5.08      5.04      5.14      5.30      5.30      5.07      5.12      5.36      5.34      5.98
  8687.45      3.39      3.58      3.84      3.79      3.87      4.00      3.99      3.81      3.86      4.05      4.02      4.54
  8688.45      2.53      2.68      2.88      2.83      2.89      3.00      2.98      2.85      2.89      3.02      3.01      3.41
  8689.45      2.45      2.61      2.80      2.75      2.82      2.92      2.90      2.77      2.80      2.93      2.94      3.31
  8690.45      3.26      3.45      3.70      3.65      3.73      3.86      3.84      3.67      3.71      3.88      3.90      4.36
  8691.45      4.73      4.99      5.33      5.28      5.39      5.55      5.54      5.33      5.36      5.62      5.60      6.21
  8692.45      5.00      5.26      5.63      5.57      5.68      5.86      5.85      5.63      5.66      5.94      5.90      6.53
  8693.45      4.03      4.25      4.58      4.50      4.59      4.76      4.75      4.55      4.57      4.83      4.78      5.32
  8694.45      3.25      3.43      3.70      3.62      3.70      3.84      3.83      3.65      3.67      3.90      3.85      4.31
  8695.45      3.13      3.30      3.57      3.50      3.58      3.70      3.69      3.51      3.54      3.75      3.70      4.15
  8696.45      3.73      3.94      4.23      4.17      4.27      4.39      4.40      4.19      4.21      4.46      4.40      4.91
  8697.45      4.44      4.67      5.00      4.95      5.06      5.21      5.23      4.99      5.02      5.29      5.23      5.79
  8698.45      4.28      4.51      4.83      4.78      4.88      5.04      5.05      4.82      4.85      5.12      5.07      5.59
  8699.45      3.92      4.14      4.43      4.38      4.47      4.63      4.63      4.41      4.43      4.70      4.64      5.13
  8700.45      3.71      3.91      4.19      4.13      4.22      4.36      4.36      4.16      4.16      4.43      4.36      4.84
  8701.45      3.44      3.62      3.89      3.83      3.91      4.05      4.03      3.86      3.85      4.11      4.05      4.50
  8702.45      3.25      3.42      3.68      3.62      3.69      3.83      3.81      3.65      3.64      3.88      3.83      4.26
  8703.45      3.71      3.90      4.21      4.14      4.21      4.36      4.36      4.18      4.16      4.43      4.37      4.85
  8704.45      4.60      4.82      5.18      5.12      5.21      5.38      5.38      5.17      5.15      5.46      5.39      5.94
  8705.45      4.96      5.19      5.58      5.51      5.61      5.79      5.79      5.57      5.56      5.88      5.80      6.38
  8706.45      4.70      4.94      5.29      5.22      5.34      5.50      5.50      5.29      5.28      5.59      5.51      6.06
  8707.45      4.35      4.58      4.90      4.84      4.95      5.09      5.09      4.90      4.88      5.18      5.10      5.62
  8708.45      3.80      4.00      4.30      4.23      4.32      4.45      4.46      4.28      4.25      4.53      4.46      4.91
  8709.45      3.33      3.50      3.79      3.71      3.79      3.91      3.92      3.75      3.73      3.97      3.92      4.32
  8710.45      3.55      3.73      4.04      3.96      4.05      4.17      4.19      4.01      3.99      4.24      4.18      4.61
  8711.45      4.43      4.65      5.01      4.93      5.04      5.19      5.21      5.00      4.98      5.27      5.20      5.70
  8712.45      4.99      5.23      5.62      5.55      5.67      5.83      5.86      5.62      5.60      5.92      5.85      6.38
  8713.45      5.05      5.28      5.68      5.61      5.74      5.90      5.92      5.68      5.66      6.00      5.92      6.44
  8714.45      5.12      5.35      5.75      5.69      5.81      5.98      6.00      5.76      5.73      6.08      5.99      6.51
  8715.45      5.31      5.55      5.96      5.91      6.03      6.21      6.22      5.99      5.95      6.32      6.21      6.74
  8716.45      5.41      5.67      6.08      6.03      6.15      6.33      6.34      6.12      6.06      6.45      6.34      6.87
  8717.45      5.42      5.67      6.08      6.04      6.17      6.33      6.35      6.14      6.07      6.46      6.36      6.89
  8718.45      5.41      5.66      6.07      6.03      6.15      6.32      6.34      6.13      6.06      6.44      6.34      6.87
  8719.45      5.35      5.59      6.00      5.94      6.08      6.24      6.27      6.05      5.98      6.36      6.25      6.79
  8720.45      5.36      5.60      6.00      5.94      6.08      6.24      6.28      6.06      5.98      6.37      6.25      6.78
  8721.45      5.42      5.66      6.08      6.02      6.14      6.31      6.35      6.14      6.04      6.45      6.32      6.83
  8722.45      5.49      5.72      6.15      6.09      6.22      6.38      6.42      6.21      6.11      6.51      6.40      6.90
  8723.45      5.50      5.73      6.15      6.08      6.22      6.38      6.41      6.20      6.11      6.50      6.41      6.91
  8724.45      5.44      5.67      6.08      6.02      6.15      6.31      6.34      6.13      6.05      6.43      6.34      6.84
  8725.45      5.41      5.63      6.04      5.99      6.12      6.27      6.30      6.10      6.02      6.40      6.29      6.79
  8726.45      5.36      5.57      5.97      5.91      6.06      6.20      6.23      6.03      5.94      6.32      6.22      6.70
  8727.45      5.08      5.29      5.68      5.61      5.77      5.90      5.92      5.73      5.64      6.03      5.92      6.37
  8728.45      4.69      4.88      5.25      5.18      5.32      5.46      5.48      5.30      5.21      5.59      5.47      5.90
  8729.45      4.65      4.85      5.21      5.14      5.28      5.41      5.44      5.26      5.17      5.54      5.43      5.84
  8730.45      5.14      5.36      5.74      5.70      5.83      5.97      6.01      5.82      5.72      6.11      5.99      6.43
  8731.45      5.49      5.72      6.13      6.08      6.23      6.37      6.40      6.21      6.10      6.50      6.38      6.83
  8732.45      5.57      5.81      6.21      6.16      6.32      6.46      6.49      6.30      6.19      6.60      6.48      6.93
  8733.45      5.60      5.84      6.23      6.18      6.35      6.49      6.53      6.33      6.21      6.64      6.52      6.97
  8734.45      5.63      5.85      6.25      6.20      6.36      6.51      6.54      6.33      6.22      6.66      6.53      6.98
  8735.45      5.55      5.76      6.16      6.10      6.26      6.42      6.46      6.24      6.14      6.57      6.44      6.89
  8736.45      5.47      5.69      6.08      6.03      6.19      6.35      6.39      6.17      6.07      6.50      6.37      6.81
  8737.45      5.46      5.68      6.07      6.01      6.19      6.33      6.37      6.16      6.05      6.49      6.36      6.79
  8738.45      5.30      5.51      5.91      5.85      6.01      6.16      6.18      5.99      5.88      6.31      6.19      6.58
  8739.45      4.93      5.11      5.48      5.42      5.58      5.72      5.74      5.56      5.45      5.85      5.74      6.11
  8740.45      4.75      4.93      5.28      5.22      5.38      5.51      5.54      5.37      5.25      5.63      5.53      5.89
  8741.45      4.69      4.87      5.20      5.15      5.31      5.43      5.47      5.30      5.18      5.56      5.46      5.82
  8742.45      4.56      4.73      5.06      5.01      5.17      5.29      5.32      5.16      5.04      5.42      5.32      5.67
  8743.45      4.71      4.87      5.21      5.17      5.34      5.46      5.48      5.31      5.20      5.60      5.49      5.84
  8744.45      4.98      5.15      5.50      5.46      5.64      5.77      5.79      5.61      5.49      5.92      5.79      6.16
  8745.45      4.96      5.13      5.48      5.42      5.61      5.75      5.78      5.60      5.47      5.90      5.76      6.13
  8746.45      5.13      5.31      5.66      5.61      5.81      5.94      5.99      5.79      5.66      6.11      5.96      6.33
  8747.45      5.27      5.45      5.81      5.77      5.96      6.11      6.16      5.96      5.82      6.27      6.13      6.49
  8748.45      5.30      5.48      5.83      5.80      5.99      6.13      6.18      5.99      5.86      6.28      6.17      6.51
  8749.45      5.28      5.46      5.82      5.79      5.98      6.11      6.16      5.98      5.85      6.25      6.15      6.49
  8750.45      5.32      5.50      5.86      5.83      6.03      6.16      6.20      6.03      5.88      6.29      6.18      6.52
  8751.45      5.10      5.27      5.62      5.59      5.78      5.91      5.95      5.79      5.64      6.03      5.92      6.27
  8752.45      4.68      4.84      5.17      5.15      5.32      5.44      5.48      5.32      5.19      5.55      5.45      5.78
  8753.45      4.89      5.05      5.37      5.38      5.55      5.67      5.72      5.55      5.41      5.80      5.69      6.02
  8754.45      5.37      5.55      5.88      5.90      6.08      6.22      6.27      6.09      5.94      6.36      6.24      6.58
  8755.45      5.51      5.69      6.03      6.05      6.24      6.38      6.44      6.25      6.09      6.53      6.41      6.75
  8756.45      5.54      5.73      6.06      6.08      6.28      6.40      6.47      6.29      6.12      6.57      6.45      6.78
  8757.45      5.41      5.59      5.91      5.93      6.12      6.24      6.31      6.14      5.97      6.42      6.29      6.62
  8758.45      4.96      5.11      5.41      5.42      5.60      5.71      5.76      5.61      5.46      5.88      5.75      6.07
  8759.45      3.19      3.29      3.49      3.48      3.60      3.69      3.71      3.60      3.52      3.81      3.71      3.94
  8760.45      1.42      1.46      1.55      1.54      1.59      1.64      1.64      1.58      1.55      1.69      1.64      1.75
  8761.45      0.87      0.90      0.95      0.95      0.97      1.00      1.01      0.97      0.95      1.03      1.00      1.07
  8762.45      0.60      0.62      0.66      0.65      0.66      0.69      0.70      0.66      0.65      0.71      0.69      0.74
  8763.45      0.39      0.40      0.43      0.43      0.44      0.46      0.47      0.44      0.43      0.47      0.45      0.49
  8764.45      0.52      0.54      0.57      0.57      0.59      0.61      0.62      0.59      0.57      0.62      0.61      0.65
  8765.45      1.31      1.37      1.45      1.45      1.49      1.54      1.56      1.50      1.44      1.57      1.54      1.65
  8766.45      2.52      2.61      2.77      2.77      2.84      2.93      2.95      2.85      2.76      3.00      2.93      3.12
  8767.45      1.63      1.68      1.79      1.79      1.83      1.89      1.90      1.82      1.77      1.95      1.89      2.01
  8768.45      0.70      0.72      0.77      0.77      0.78      0.81      0.81      0.78      0.76      0.84      0.81      0.86
  8769.45      0.37      0.38      0.40      0.40      0.41      0.43      0.42      0.41      0.40      0.43      0.42      0.45
  8770.45      0.33      0.34      0.36      0.36      0.37      0.38      0.38      0.37      0.36      0.39      0.38      0.41
  8771.45      0.70      0.73      0.77      0.77      0.79      0.81      0.83      0.80      0.77      0.84      0.82      0.87
  8772.45      2.13      2.21      2.34      2.35      2.43      2.48      2.53      2.44      2.35      2.56      2.50      2.63
  8773.45      3.85      3.97      4.21      4.23      4.36      4.46      4.53      4.39      4.24      4.59      4.49      4.69
  8774.45      4.93      5.07      5.36      5.41      5.56      5.69      5.75      5.60      5.42      5.85      5.73      5.95
  8775.45      5.02      5.15      5.44      5.50      5.64      5.78      5.84      5.68      5.52      5.94      5.83      6.04
  8776.45      3.64      3.73      3.95      3.99      4.09      4.21      4.25      4.12      4.00      4.33      4.25      4.41
  8777.45      1.44      1.46      1.56      1.57      1.61      1.66      1.67      1.62      1.57      1.71      1.67      1.74
  8778.45      0.65      0.66      0.70      0.70      0.71      0.74      0.74      0.72      0.69      0.76      0.74      0.78
  8779.45      0.42      0.43      0.46      0.46      0.46      0.48      0.49      0.46      0.45      0.50      0.48      0.51
  8780.45      0.30      0.31      0.33      0.33      0.33      0.35      0.35      0.33      0.33      0.35      0.35      0.37
  8781.45      0.47      0.48      0.51      0.51      0.53      0.54      0.55      0.53      0.51      0.55      0.55      0.58
  8782.45      1.57      1.61      1.72      1.73      1.78      1.83      1.87      1.79      1.75      1.88      1.85      1.93
  8783.45      4.33      4.43      4.71      4.76      4.87      5.00      5.10      4.92      4.79      5.13      5.06      5.23
  8784.45      5.37      5.50      5.83      5.90      6.03      6.19      6.30      6.10      5.93      6.34      6.25      6.44
  8785.45      5.58      5.72      6.05      6.14      6.27      6.42      6.54      6.34      6.16      6.58      6.49      6.68
  8786.45      5.46      5.61      5.92      6.00      6.15      6.28      6.40      6.21      6.03      6.45      6.37      6.54
  8787.45      5.33      5.48      5.78      5.86      6.00      6.13      6.26      6.07      5.89      6.29      6.25      6.39
  8788.45      5.34      5.50      5.79      5.87      6.00      6.14      6.28      6.08      5.91      6.29      6.26      6.40
  8789.45      5.24      5.38      5.67      5.76      5.88      6.02      6.16      5.97      5.80      6.16      6.12      6.28
  8790.45      4.86      4.97      5.26      5.34      5.44      5.58      5.69      5.53      5.36      5.72      5.66      5.81
  8791.45      3.36      3.44      3.66      3.70      3.76      3.88      3.94      3.83      3.70      3.98      3.93      4.04
  8792.45      1.38      1.41      1.50      1.51      1.53      1.59      1.62      1.56      1.51      1.63      1.61      1.66
  8793.45      0.80      0.82      0.87      0.88      0.89      0.92      0.94      0.90      0.86      0.94      0.93      0.96
  8794.45      1.15      1.19      1.27      1.28      1.30      1.34      1.37      1.33      1.27      1.37      1.36      1.40
  8795.45      3.05      3.13      3.33      3.37      3.44      3.54      3.63      3.53      3.38      3.62      3.61      3.69
  8796.45      5.08      5.19      5.50      5.59      5.69      5.83      5.98      5.83      5.61      5.97      5.95      6.04
  8797.45      5.51      5.63      5.95      6.05      6.16      6.30      6.46      6.30      6.09      6.46      6.44      6.53
  8798.45      5.54      5.67      6.00      6.10      6.21      6.36      6.52      6.34      6.15      6.51      6.50      6.59
  8799.45      5.54      5.67      5.99      6.10      6.21      6.36      6.51      6.34      6.14      6.50      6.49      6.59
  8800.45      5.46      5.58      5.91      6.01      6.13      6.28      6.43      6.25      6.06      6.41      6.41      6.50
  8801.45      5.49      5.61      5.95      6.05      6.17      6.32      6.47      6.30      6.09      6.47      6.46      6.54
  8802.45      5.55      5.67      6.01      6.10      6.22      6.37      6.53      6.38      6.15      6.53      6.53      6.59
  8803.45      5.39      5.51      5.84      5.93      6.04      6.18      6.36      6.21      5.97      6.34      6.35      6.41
  8804.45      5.25      5.37      5.69      5.79      5.88      6.02      6.20      6.04      5.80      6.17      6.19      6.24
  8805.45      5.46      5.58      5.92      6.01      6.11      6.25      6.45      6.28      6.03      6.41      6.43      6.47
  8806.45      5.70      5.81      6.18      6.27      6.37      6.51      6.72      6.55      6.30      6.68      6.70      6.73
  8807.45      5.76      5.87      6.24      6.34      6.43      6.59      6.79      6.62      6.36      6.75      6.78      6.80
  8808.45      5.73      5.85      6.21      6.31      6.40      6.56      6.75      6.60      6.33      6.72      6.75      6.77
  8809.45      5.54      5.66      6.01      6.11      6.19      6.35      6.54      6.40      6.13      6.50      6.55      6.57
  8810.45      4.69      4.79      5.10      5.17      5.23      5.39      5.55      5.42      5.19      5.52      5.56      5.58
  8811.45      3.50      3.56      3.82      3.85      3.90      4.04      4.16      4.04      3.87      4.13      4.15      4.17
  8812.45      3.09      3.15      3.39      3.40      3.45      3.57      3.67      3.57      3.43      3.65      3.67      3.69
  8813.45      3.69      3.76      4.04      4.07      4.14      4.26      4.39      4.27      4.10      4.34      4.38      4.40
  8814.45      4.86      4.95      5.28      5.36      5.43      5.57      5.76      5.62      5.39      5.68      5.74      5.74
  8815.45      5.43      5.53      5.89      5.99      6.05      6.22      6.43      6.28      6.02      6.34      6.41      6.40
  8816.45      5.59      5.70      6.05      6.17      6.22      6.40      6.61      6.47      6.19      6.53      6.61      6.59
  8817.45      5.67      5.78      6.13      6.26      6.31      6.49      6.70      6.57      6.28      6.62      6.71      6.68
  8818.45      5.67      5.77      6.12      6.25      6.31      6.48      6.69      6.56      6.28      6.61      6.70      6.66
  8819.45      5.59      5.69      6.04      6.16      6.22      6.39      6.60      6.46      6.20      6.52      6.61      6.56
  8820.45      5.51      5.62      5.95      6.08      6.13      6.30      6.52      6.37      6.12      6.42      6.53      6.47
  8821.45      5.41      5.53      5.85      5.98      6.03      6.20      6.41      6.27      6.02      6.30      6.42      6.35
  8822.45      5.20      5.31      5.63      5.75      5.81      5.97      6.18      6.04      5.78      6.06      6.19      6.12
  8823.45      4.74      4.83      5.14      5.24      5.29      5.44      5.66      5.52      5.27      5.54      5.66      5.59
  8824.45      4.15      4.22      4.50      4.58      4.62      4.76      4.97      4.83      4.60      4.85      4.96      4.89
  8825.45      3.73      3.79      4.05      4.11      4.14      4.28      4.46      4.33      4.13      4.36      4.45      4.39
  8826.45      2.28      2.31      2.47      2.51      2.52      2.62      2.72      2.64      2.52      2.67      2.72      2.68
  8827.45      0.81      0.82      0.88      0.89      0.89      0.93      0.96      0.93      0.89      0.95      0.97      0.95
  8828.45      0.25      0.25      0.27      0.27      0.27      0.28      0.29      0.28      0.27      0.29      0.29      0.29
  8829.45      0.13      0.13      0.14      0.15      0.14      0.15      0.16      0.15      0.14      0.15      0.16      0.16
  8830.45      0.26      0.27      0.29      0.29      0.29      0.30      0.32      0.31      0.29      0.31      0.31      0.31
  8831.45      1.08      1.12      1.20      1.22      1.22      1.27      1.33      1.28      1.22      1.28      1.31      1.30
  8832.45      2.64      2.71      2.90      2.96      2.94      3.06      3.19      3.10      2.93      3.09      3.17      3.12
  8833.45      2.57      2.62      2.81      2.86      2.83      2.96      3.08      3.00      2.82      2.99      3.08      3.03
  8834.45      2.12      2.16      2.32      2.36      2.34      2.44      2.55      2.48      2.33      2.46      2.55      2.50
  8835.45      1.68      1.71      1.84      1.87      1.85      1.93      2.01      1.96      1.84      1.94      2.02      1.97
  8836.45      1.61      1.64      1.77      1.79      1.77      1.85      1.92      1.87      1.76      1.86      1.93      1.87
  8837.45      0.88      0.89      0.96      0.98      0.96      1.02      1.05      1.02      0.96      1.01      1.05      1.02
  8838.45      0.40      0.41      0.44      0.44      0.44      0.46      0.48      0.46      0.44      0.46      0.48      0.47
  8839.45      0.46      0.47      0.50      0.51      0.51      0.53      0.56      0.54      0.51      0.53      0.56      0.55
  8840.45      1.29      1.33      1.43      1.46      1.46      1.51      1.60      1.55      1.46      1.52      1.59      1.55
  8841.45      3.74      3.83      4.09      4.20      4.20      4.32      4.54      4.43      4.18      4.35      4.53      4.42
  8842.45      5.15      5.27      5.60      5.76      5.75      5.91      6.18      6.06      5.73      5.94      6.17      6.01
  8843.45      5.52      5.65      5.99      6.16      6.16      6.34      6.61      6.49      6.13      6.36      6.60      6.42
  8844.45      5.60      5.72      6.06      6.24      6.23      6.41      6.69      6.58      6.21      6.43      6.68      6.50
  8845.45      5.47      5.58      5.92      6.09      6.08      6.25      6.53      6.42      6.05      6.27      6.51      6.34
  8846.45      4.84      4.94      5.26      5.41      5.39      5.55      5.80      5.70      5.36      5.57      5.79      5.63
  8847.45      3.87      3.95      4.22      4.34      4.32      4.47      4.67      4.58      4.30      4.47      4.66      4.53
  8848.45      3.75      3.83      4.09      4.19      4.18      4.33      4.53      4.43      4.16      4.33      4.51      4.39
  8849.45      4.11      4.20      4.47      4.58      4.56      4.72      4.94      4.84      4.55      4.72      4.91      4.79
  8850.45      3.01      3.07      3.28      3.36      3.33      3.46      3.63      3.55      3.33      3.46      3.61      3.52
  8851.45      1.39      1.42      1.52      1.56      1.54      1.61      1.69      1.64      1.54      1.60      1.68      1.63
  8852.45      1.06      1.08      1.16      1.19      1.18      1.23      1.29      1.25      1.17      1.22      1.28      1.25
  8853.45      1.80      1.86      1.98      2.04      2.03      2.10      2.22      2.16      2.01      2.09      2.20      2.14
  8854.45      3.95      4.06      4.33      4.47      4.45      4.59      4.82      4.72      4.43      4.55      4.79      4.65
  8855.45      5.12      5.24      5.57      5.76      5.74      5.90      6.17      6.08      5.71      5.86      6.16      5.96
  8856.45      5.23      5.35      5.68      5.88      5.86      6.02      6.30      6.21      5.82      6.00      6.29      6.08
  8857.45      5.16      5.28      5.60      5.80      5.77      5.93      6.21      6.13      5.74      5.92      6.19      5.99
  8858.45      5.05      5.16      5.49      5.69      5.65      5.80      6.08      6.01      5.63      5.78      6.06      5.87
  8859.45      5.16      5.28      5.61      5.82      5.78      5.93      6.22      6.14      5.77      5.90      6.19      5.99
  8860.45      5.30      5.43      5.75      5.97      5.94      6.09      6.39      6.31      5.92      6.05      6.35      6.14
  8861.45      5.23      5.37      5.68      5.90      5.86      6.02      6.31      6.24      5.84      5.97      6.27      6.06
  8862.45      4.88      5.01      5.31      5.52      5.46      5.62      5.90      5.83      5.44      5.57      5.87      5.66
  8863.45      4.03      4.14      4.40      4.57      4.51      4.64      4.90      4.82      4.49      4.60      4.86      4.69
  8864.45      3.34      3.43      3.65      3.78      3.73      3.85      4.06      3.99      3.72      3.81      4.04      3.88
  8865.45      3.27      3.36      3.58      3.71      3.67      3.79      3.99      3.91      3.65      3.74      3.98      3.81
  8866.45      3.87      3.98      4.22      4.39      4.34      4.47      4.70      4.62      4.32      4.42      4.69      4.49
  8867.45      3.87      3.98      4.22      4.40      4.34      4.46      4.69      4.62      4.32      4.43      4.69      4.48
  8868.45      1.69      1.73      1.85      1.93      1.89      1.95      2.05      2.03      1.89      1.94      2.06      1.97
  8869.45      0.66      0.67      0.72      0.74      0.73      0.75      0.79      0.78      0.72      0.74      0.79      0.76
  8870.45      0.60      0.62      0.66      0.68      0.67      0.69      0.73      0.72      0.66      0.68      0.72      0.70
  8871.45      1.45      1.50      1.59      1.67      1.65      1.68      1.80      1.76      1.63      1.66      1.77      1.70
  8872.45      3.94      4.06      4.30      4.51      4.47      4.54      4.82      4.75      4.41      4.49      4.76      4.58
  8873.45      5.17      5.32      5.60      5.90      5.84      5.94      6.26      6.18      5.77      5.87      6.22      5.97
  8874.45      5.55      5.70      5.99      6.32      6.24      6.36      6.69      6.61      6.18      6.29      6.65      6.38
  8875.45      5.69      5.84      6.15      6.49      6.39      6.51      6.86      6.78      6.35      6.45      6.82      6.54
  8876.45      5.71      5.87      6.17      6.50      6.42      6.53      6.88      6.80      6.38      6.46      6.84      6.56
  8877.45      5.68      5.86      6.16      6.49      6.41      6.52      6.86      6.78      6.37      6.43      6.82      6.53
  8878.45      5.66      5.85      6.15      6.50      6.40      6.52      6.85      6.77      6.36      6.43      6.82      6.52
  8879.45      5.69      5.88      6.17      6.54      6.43      6.57      6.88      6.80      6.38      6.46      6.85      6.54
  8880.45      5.73      5.92      6.21      6.58      6.47      6.61      6.92      6.84      6.42      6.50      6.88      6.59
  8881.45      5.70      5.89      6.18      6.56      6.44      6.58      6.89      6.82      6.38      6.47      6.85      6.57
  8882.45      5.62      5.81      6.09      6.48      6.34      6.48      6.79      6.72      6.29      6.37      6.76      6.48
  8883.45      5.55      5.73      6.01      6.40      6.24      6.39      6.69      6.61      6.20      6.28      6.66      6.39
  8884.45      5.35      5.53      5.79      6.18      6.02      6.14      6.45      6.36      5.97      6.05      6.43      6.15
  8885.45      4.38      4.52      4.75      5.07      4.92      5.02      5.30      5.22      4.89      4.95      5.29      5.04
  8886.45      1.43      1.48      1.56      1.67      1.61      1.65      1.75      1.72      1.61      1.63      1.75      1.66
  8887.45      0.35      0.36      0.38      0.41      0.39      0.41      0.43      0.42      0.39      0.40      0.43      0.41
  8888.45      0.20      0.21      0.22      0.23      0.22      0.23      0.24      0.24      0.22      0.22      0.24      0.23
  8889.45      0.44      0.47      0.49      0.53      0.51      0.52      0.56      0.54      0.51      0.51      0.55      0.52
  8890.45      1.84      1.92      2.03      2.17      2.11      2.14      2.29      2.23      2.10      2.09      2.27      2.15
  8891.45      3.54      3.67      3.88      4.14      4.02      4.09      4.33      4.25      4.00      4.01      4.31      4.10
  8892.45      4.11      4.25      4.48      4.79      4.64      4.74      5.00      4.92      4.62      4.64      4.98      4.73
  8893.45      4.82      4.99      5.25      5.62      5.44      5.56      5.84      5.77      5.42      5.44      5.83      5.54
  8894.45      5.40      5.60      5.88      6.30      6.10      6.23      6.52      6.46      6.07      6.10      6.52      6.20
  8895.45      5.55      5.74      6.03      6.46      6.26      6.40      6.69      6.63      6.24      6.25      6.67      6.36
  8896.45      5.12      5.28      5.56      5.94      5.75      5.90      6.17      6.10      5.75      5.75      6.15      5.85
  8897.45      4.36      4.50      4.75      5.08      4.89      5.02      5.27      5.20      4.90      4.89      5.26      4.99
  8898.45      4.04      4.17      4.40      4.72      4.54      4.66      4.89      4.82      4.55      4.52      4.87      4.63
  8899.45      4.22      4.35      4.59      4.93      4.75      4.86      5.09      5.03      4.76      4.72      5.08      4.84
  8900.45      4.90      5.06      5.32      5.72      5.52      5.64      5.89      5.83      5.52      5.48      5.89      5.61
  8901.45      5.42      5.59      5.87      6.31      6.09      6.21      6.49      6.44      6.08      6.06      6.50      6.18
  8902.45      5.22      5.38      5.65      6.07      5.86      5.97      6.25      6.20      5.84      5.84      6.26      5.94
  8903.45      3.18      3.28      3.45      3.72      3.57      3.66      3.84      3.80      3.58      3.58      3.85      3.63
  8904.45      0.97      1.00      1.06      1.14      1.08      1.12      1.17      1.16      1.09      1.09      1.17      1.10
  8905.45      0.47      0.48      0.51      0.55      0.52      0.54      0.57      0.56      0.52      0.52      0.56      0.53
  8906.45      0.67      0.70      0.74      0.79      0.76      0.78      0.83      0.81      0.76      0.75      0.82      0.77
  8907.45      2.07      2.16      2.27      2.45      2.36      2.41      2.55      2.51      2.35      2.33      2.54      2.39
  8908.45      4.31      4.48      4.69      5.04      4.87      4.97      5.22      5.15      4.85      4.82      5.21      4.92
  8909.45      4.69      4.87      5.08      5.47      5.27      5.40      5.66      5.57      5.27      5.24      5.65      5.33
  8910.45      3.99      4.13      4.33      4.66      4.48      4.60      4.83      4.75      4.49      4.45      4.82      4.55
  8911.45      3.74      3.87      4.06      4.37      4.20      4.30      4.52      4.45      4.20      4.16      4.51      4.26
  8912.45      3.96      4.11      4.31      4.63      4.46      4.57      4.79      4.71      4.46      4.41      4.79      4.53
  8913.45      4.64      4.82      5.04      5.42      5.24      5.36      5.60      5.52      5.23      5.17      5.60      5.31
  8914.45      5.34      5.55      5.79      6.23      6.02      6.15      6.42      6.34      6.03      5.96      6.43      6.10
  8915.45      5.59      5.80      6.04      6.51      6.29      6.42      6.70      6.62      6.31      6.23      6.72      6.36
  8916.45      5.49      5.69      5.93      6.39      6.16      6.30      6.58      6.51      6.19      6.11      6.60      6.24
  8917.45      5.24      5.44      5.66      6.11      5.87      6.02      6.29      6.22      5.90      5.84      6.31      5.97
  8918.45      4.91      5.09      5.30      5.72      5.50      5.63      5.89      5.83      5.52      5.47      5.91      5.59
  8919.45      3.50      3.64      3.79      4.10      3.94      4.04      4.23      4.18      3.96      3.91      4.25      4.01
  8920.45      0.94      0.98      1.02      1.11      1.06      1.10      1.15      1.13      1.07      1.05      1.15      1.08
  8921.45      0.25      0.26      0.28      0.30      0.28      0.30      0.31      0.30      0.29      0.28      0.31      0.29
  8922.45      0.19      0.20      0.21      0.23      0.22      0.23      0.24      0.23      0.22      0.21      0.24      0.22
  8923.45      0.55      0.58      0.60      0.66      0.63      0.65      0.69      0.67      0.63      0.62      0.68      0.64
  8924.45      2.35      2.47      2.56      2.78      2.68      2.75      2.91      2.84      2.69      2.64      2.90      2.73
  8925.45      4.24      4.42      4.58      4.94      4.76      4.89      5.12      5.03      4.78      4.71      5.12      4.86
  8926.45      4.44      4.63      4.80      5.17      4.97      5.11      5.35      5.27      5.00      4.92      5.35      5.08
  8927.45      4.51      4.71      4.88      5.24      5.05      5.18      5.43      5.35      5.08      4.99      5.43      5.15
  8928.45      4.13      4.31      4.48      4.81      4.63      4.75      4.99      4.91      4.66      4.58      4.99      4.72
  8929.45      3.48      3.63      3.78      4.06      3.90      4.02      4.21      4.14      3.94      3.87      4.22      3.98
  8930.45      3.18      3.31      3.45      3.71      3.57      3.68      3.85      3.78      3.60      3.54      3.85      3.64
  8931.45      3.60      3.74      3.90      4.19      4.05      4.16      4.35      4.29      4.07      4.00      4.35      4.12
  8932.45      4.28      4.46      4.63      4.97      4.82      4.95      5.17      5.11      4.85      4.76      5.18      4.91
  8933.45      4.80      5.01      5.19      5.57      5.40      5.54      5.77      5.72      5.43      5.35      5.79      5.50
  8934.45      4.97      5.17      5.36      5.74      5.57      5.71      5.95      5.90      5.62      5.53      5.97      5.68
  8935.45      4.74      4.93      5.12      5.46      5.31      5.44      5.67      5.62      5.36      5.27      5.70      5.41
  8936.45      4.35      4.52      4.70      5.01      4.87      5.01      5.22      5.16      4.92      4.83      5.24      4.97
  8937.45      4.17      4.35      4.52      4.81      4.68      4.82      5.03      4.97      4.72      4.65      5.04      4.78
  8938.45      4.26      4.44      4.61      4.91      4.78      4.92      5.14      5.08      4.82      4.74      5.14      4.88
  8939.45      4.58      4.76      4.95      5.27      5.14      5.29      5.51      5.45      5.17      5.09      5.52      5.25
  8940.45      4.77      4.95      5.15      5.47      5.33      5.50      5.72      5.67      5.37      5.30      5.75      5.47
  8941.45      4.72      4.89      5.08      5.40      5.25      5.43      5.63      5.61      5.30      5.24      5.68      5.41
  8942.45      4.63      4.80      4.97      5.28      5.14      5.32      5.51      5.50      5.19      5.14      5.56      5.30
  8943.45      3.76      3.90      4.04      4.29      4.17      4.33      4.50      4.47      4.24      4.18      4.54      4.31
  8944.45      1.41      1.47      1.53      1.62      1.56      1.64      1.71      1.68      1.60      1.57      1.72      1.62
  8945.45      0.57      0.59      0.62      0.65      0.62      0.66      0.69      0.67      0.64      0.63      0.69      0.65
  8946.45      0.59      0.63      0.65      0.69      0.67      0.69      0.73      0.72      0.68      0.66      0.72      0.69
  8947.45      1.63      1.71      1.78      1.89      1.84      1.91      2.01      1.98      1.88      1.83      2.00      1.91
  8948.45      4.05      4.22      4.37      4.64      4.54      4.69      4.88      4.85      4.61      4.50      4.89      4.68
  8949.45      4.90      5.10      5.26      5.58      5.47      5.64      5.86      5.84      5.55      5.43      5.90      5.63
  8950.45      5.00      5.20      5.36      5.68      5.57      5.74      5.97      5.95      5.66      5.55      6.02      5.73
  8951.45      5.09      5.29      5.46      5.79      5.68      5.84      6.08      6.06      5.77      5.66      6.13      5.83
  8952.45      5.07      5.27      5.44      5.76      5.67      5.82      6.06      6.05      5.76      5.65      6.12      5.80
  8953.45      4.56      4.74      4.89      5.19      5.11      5.26      5.47      5.46      5.20      5.10      5.53      5.24
  8954.45      3.98      4.14      4.28      4.54      4.47      4.61      4.80      4.78      4.55      4.47      4.84      4.60
  8955.45      4.18      4.34      4.48      4.75      4.69      4.83      5.04      5.02      4.77      4.70      5.06      4.84
  8956.45      4.69      4.88      5.02      5.31      5.24      5.40      5.62      5.61      5.34      5.25      5.64      5.40
  8957.45      4.33      4.50      4.61      4.88      4.81      4.96      5.16      5.16      4.90      4.83      5.19      4.96
  8958.45      1.99      2.07      2.12      2.25      2.21      2.29      2.39      2.38      2.26      2.22      2.41      2.30
  8959.45      0.51      0.54      0.55      0.59      0.57      0.60      0.62      0.61      0.58      0.57      0.63      0.60
  8960.45      0.24      0.25      0.25      0.27      0.26      0.28      0.29      0.28      0.27      0.26      0.29      0.28
  8961.45      0.36      0.38      0.39      0.41      0.40      0.42      0.45      0.44      0.42      0.40      0.44      0.43
  8962.45      1.30      1.37      1.41      1.49      1.47      1.52      1.61      1.58      1.51      1.47      1.60      1.54
  8963.45      3.82      3.99      4.10      4.32      4.28      4.40      4.62      4.58      4.38      4.28      4.61      4.43
  8964.45      4.63      4.82      4.94      5.21      5.16      5.31      5.54      5.52      5.28      5.16      5.55      5.33
  8965.45      4.45      4.63      4.76      5.00      4.96      5.11      5.33      5.32      5.08      4.98      5.34      5.14
  8966.45      4.48      4.67      4.79      5.05      5.00      5.15      5.37      5.37      5.11      5.02      5.38      5.18
  8967.45      4.71      4.92      5.03      5.32      5.27      5.42      5.65      5.65      5.38      5.28      5.67      5.46
  8968.45      5.04      5.25      5.37      5.66      5.63      5.78      6.02      6.03      5.74      5.63      6.05      5.83
  8969.45      5.24      5.46      5.58      5.88      5.84      6.00      6.24      6.27      5.97      5.84      6.28      6.06
  8970.45      4.95      5.16      5.28      5.56      5.52      5.67      5.90      5.93      5.64      5.52      5.92      5.73
  8971.45      4.39      4.57      4.67      4.92      4.89      5.02      5.23      5.26      5.00      4.89      5.24      5.08
  8972.45      3.72      3.86      3.96      4.18      4.15      4.27      4.45      4.47      4.24      4.15      4.45      4.32
  8973.45      3.05      3.17      3.26      3.44      3.42      3.51      3.67      3.68      3.49      3.41      3.67      3.55
  8974.45      3.33      3.48      3.56      3.76      3.74      3.84      4.01      4.02      3.83      3.73      4.01      3.88
  8975.45      4.38      4.57      4.67      4.91      4.90      5.01      5.23      5.25      5.02      4.89      5.23      5.07
  8976.45      4.76      4.97      5.07      5.33      5.32      5.44      5.68      5.71      5.46      5.31      5.67      5.51
  8977.45      4.89      5.10      5.20      5.49      5.46      5.59      5.84      5.87      5.60      5.46      5.82      5.67
  8978.45      5.09      5.32      5.42      5.72      5.69      5.82      6.07      6.12      5.83      5.69      6.07      5.92
  8979.45      4.95      5.16      5.28      5.56      5.54      5.66      5.90      5.95      5.67      5.53      5.92      5.76
  8980.45      4.38      4.56      4.67      4.92      4.89      5.00      5.22      5.26      5.02      4.88      5.24      5.09
  8981.45      4.12      4.29      4.38      4.62      4.59      4.70      4.91      4.94      4.73      4.59      4.93      4.80
  8982.45      3.75      3.90      3.98      4.21      4.19      4.28      4.47      4.51      4.30      4.18      4.48      4.38
  8983.45      3.29      3.42      3.49      3.69      3.68      3.76      3.94      3.98      3.78      3.68      3.93      3.85
  8984.45      3.52      3.67      3.74      3.95      3.94      4.02      4.22      4.26      4.06      3.94      4.20      4.12
  8985.45      4.21      4.40      4.47      4.72      4.70      4.79      5.04      5.09      4.85      4.72      5.03      4.93
  8986.45      4.37      4.56      4.63      4.89      4.86      4.96      5.20      5.26      5.02      4.89      5.19      5.09
  8987.45      3.34      3.48      3.55      3.75      3.72      3.80      3.99      4.03      3.85      3.74      3.98      3.91
  8988.45      2.50      2.60      2.65      2.81      2.77      2.84      2.98      3.01      2.88      2.79      2.98      2.93
  8989.45      1.39      1.45      1.48      1.56      1.54      1.58      1.66      1.67      1.60      1.55      1.66      1.64
  8990.45      0.63      0.66      0.67      0.71      0.71      0.72      0.76      0.76      0.73      0.70      0.76      0.74
  8991.45      0.66      0.70      0.70      0.75      0.75      0.76      0.80      0.81      0.77      0.74      0.80      0.79
  8992.45      1.73      1.82      1.84      1.95      1.96      1.99      2.10      2.11      2.02      1.94      2.08      2.05
  8993.45      3.04      3.17      3.22      3.40      3.41      3.48      3.65      3.67      3.52      3.39      3.62      3.57
  8994.45      2.85      2.96      3.01      3.18      3.19      3.25      3.43      3.45      3.29      3.18      3.39      3.34
  8995.45      3.33      3.46      3.52      3.71      3.72      3.79      4.00      4.03      3.85      3.71      3.96      3.91
  8996.45      4.71      4.88      4.95      5.24      5.24      5.33      5.61      5.67      5.42      5.24      5.56      5.49
  8997.45      5.61      5.80      5.88      6.22      6.22      6.32      6.62      6.70      6.43      6.24      6.57      6.51
  8998.45      5.69      5.88      5.96      6.31      6.31      6.40      6.70      6.79      6.52      6.33      6.65      6.61
  8999.45      4.49      4.63      4.71      4.99      4.99      5.06      5.30      5.37      5.16      5.00      5.26      5.23
  9000.45      1.83      1.89      1.93      2.05      2.05      2.09      2.19      2.22      2.13      2.06      2.17      2.16
  9001.45      0.19      0.20      0.20      0.22      0.22      0.22      0.23      0.24      0.23      0.22      0.23      0.23
  9002.45      0.00      0.00      0.00      0.00      0.00      0.00      0.00      0.00      0.00      0.00      0.00      0.00
  9003.45      0.00      0.00      0.00      0.00      0.00      0.00      0.00      0.00      0.00      0.00      0.00      0.00
  9004.45      0.00      0.00      0.00      0.00      0.00      0.00      0.00      0.00      0.00      0.00      0.00      0.00
  9005.45      0.00      0.00      0.00      0.00      0.00      0.00      0.00      0.00      0.00      0.00      0.00      0.00
  9006.45      0.00      0.00      0.00      0.00      0.00      0.00      0.00      0.00      0.00      0.00      0.00      0.00
  9007.45      0.00      0.00      0.00      0.00      0.00      0.00      0.00      0.00      0.00      0.00      0.00      0.00
  9008.45      0.00      0.00      0.00      0.00      0.00      0.00      0.00      0.00      0.00      0.00      0.00      0.00
  9009.45      0.00      0.00      0.00      0.00      0.00      0.00      0.00      0.00      0.00      0.00      0.00      0.00
  9010.45      0.00      0.00      0.00      0.00      0.00      0.00      0.00      0.00      0.00      0.00      0.00      0.00
  9011.45      0.00      0.00      0.00      0.00      0.00      0.00      0.00      0.00      0.00      0.00      0.00      0.00
  9012.45      0.00      0.00      0.00      0.00      0.00      0.00      0.00      0.00      0.00      0.00      0.00      0.00
  9013.45      0.00      0.00      0.00      0.00      0.00      0.00      0.00      0.00      0.00      0.00      0.00      0.00
  9014.45      0.00      0.00      0.00      0.00      0.00      0.00      0.00      0.00      0.00      0.00      0.00      0.00
  9015.45      0.00      0.00      0.00      0.00      0.00      0.00      0.00      0.00      0.00      0.00      0.00      0.00
  9016.45      0.00      0.00      0.00      0.00      0.00      0.00      0.00      0.00      0.00      0.00      0.00      0.00
  9017.45      0.00      0.00      0.00      0.00      0.00      0.00      0.00      0.00      0.00      0.00      0.00      0.00
  9018.45      0.00      0.00      0.00      0.00      0.00      0.00      0.00      0.00      0.00      0.00      0.00      0.00
  9019.45      0.00      0.00      0.00      0.00      0.00      0.00      0.00      0.00      0.00      0.00      0.00      0.00
  9020.45      0.00      0.00      0.00      0.00      0.00      0.00      0.00      0.00      0.00      0.00      0.00      0.00
  9021.45      0.00      0.00      0.00      0.00      0.00      0.00      0.00      0.00      0.00      0.00      0.00      0.00
  9022.45      0.00      0.00      0.00      0.00      0.00      0.00      0.00      0.00      0.00      0.00      0.00      0.00
  9023.45      0.00      0.00      0.00      0.00      0.00      0.00      0.00      0.00      0.00      0.00      0.00      0.00
  9024.45      0.00      0.00      0.00      0.00      0.00      0.00      0.00      0.00      0.00      0.00      0.00      0.00
  9025.45      0.00      0.00      0.00      0.00      0.00      0.00      0.00      0.00      0.00      0.00      0.00      0.00
  9026.45      0.00      0.00      0.00      0.00      0.00      0.00      0.00      0.00      0.00      0.00      0.00      0.00
  9027.45      0.00      0.00      0.00      0.00      0.00      0.00      0.00      0.00      0.00      0.00      0.00      0.00
  9028.45      0.00      0.00      0.00      0.00      0.00      0.00      0.00      0.00      0.00      0.00      0.00      0.00
  9029.45      0.00      0.00      0.00      0.00      0.00      0.00      0.00      0.00      0.00      0.00      0.00      0.00
  9030.45      0.00      0.00      0.00      0.00      0.00      0.00      0.00      0.00      0.00      0.00      0.00      0.00
  9031.45      0.00      0.00      0.00      0.00      0.00      0.00      0.00      0.00      0.00      0.00      0.00      0.00
  9032.45      0.00      0.00      0.00      0.00      0.00      0.00      0.00      0.00      0.00      0.00      0.00      0.00
  9033.45      0.00      0.00      0.00      0.00      0.00      0.00      0.00      0.00      0.00      0.00      0.00      0.00
  9034.45      0.00      0.00      0.00      0.00      0.00      0.00      0.00      0.00      0.00      0.00      0.00      0.00
  9035.45      0.00      0.00      0.00      0.00      0.00      0.00      0.00      0.00      0.00      0.00      0.00      0.00
  9036.45      0.00      0.00      0.00      0.00      0.00      0.00      0.00      0.00      0.00      0.00      0.00      0.00
  9037.45      0.00      0.00      0.00      0.00      0.00      0.00      0.00      0.00      0.00      0.00      0.00      0.00
  9038.45      0.00      0.00      0.00      0.00      0.00      0.00      0.00      0.00      0.00      0.00      0.00      0.00
  9039.45      0.00      0.00      0.00      0.00      0.00      0.00      0.00      0.00      0.00      0.00      0.00      0.00
  9040.45      0.00      0.00      0.00      0.00      0.00      0.00      0.00      0.00      0.00      0.00      0.00      0.00
  9041.45      0.00      0.00      0.00      0.00      0.00      0.00      0.00      0.00      0.00      0.00      0.00      0.00
  9042.45      0.00      0.00      0.00      0.00      0.00      0.00      0.00      0.00      0.00      0.00      0.00      0.00
  9043.45      0.00      0.00      0.00      0.00      0.00      0.00      0.00      0.00      0.00      0.00      0.00      0.00
  9044.45      0.00      0.00      0.00      0.00      0.00      0.00      0.00      0.00      0.00      0.00      0.00      0.00
  9045.45      0.00      0.00      0.00      0.00      0.00      0.00      0.00      0.00      0.00      0.00      0.00      0.00
  9046.45      0.00      0.00      0.00      0.00      0.00      0.00      0.00      0.00      0.00      0.00      0.00      0.00
  9047.45      0.00      0.00      0.00      0.00      0.00      0.00      0.00      0.00      0.00      0.00      0.00      0.00
  9048.45      0.00      0.00      0.00      0.00      0.00      0.00      0.00      0.00      0.00      0.00      0.00      0.00
  9049.45      0.00      0.00      0.00      0.00      0.00      0.00      0.00      0.00      0.00      0.00      0.00      0.00
  9050.45      0.00      0.00      0.00      0.00      0.00      0.00      0.00      0.00      0.00      0.00      0.00      0.00
  9051.45      0.00      0.00      0.00      0.00      0.00      0.00      0.00      0.00      0.00      0.00      0.00      0.00
  9052.45      0.00      0.00      0.00      0.00      0.00      0.00      0.00      0.00      0.00      0.00      0.00      0.00
  9053.45      0.00      0.00      0.00      0.00      0.00      0.00      0.00      0.00      0.00      0.00      0.00      0.00
  9054.45      0.00      0.00      0.00      0.00      0.00      0.00      0.00      0.00      0.00      0.00      0.00      0.00
  9055.45      0.00      0.00      0.00      0.00      0.00      0.00      0.00      0.00      0.00      0.00      0.00      0.00
  9056.45      0.00      0.00      0.00      0.00      0.00      0.00      0.00      0.00      0.00      0.00      0.00      0.00
  9057.45      0.00      0.00      0.00      0.00      0.00      0.00      0.00      0.00      0.00      0.00      0.00      0.00
  9058.45      0.00      0.00      0.00      0.00      0.00      0.00      0.00      0.00      0.00      0.00      0.00      0.00
  9059.45      0.00      0.00      0.00      0.00      0.00      0.00      0.00      0.00      0.00      0.00      0.00      0.00
  9060.45      0.00      0.00      0.00      0.00      0.00      0.00      0.00      0.00      0.00      0.00      0.00      0.00
  9061.45      0.00      0.00      0.00      0.00      0.00      0.00      0.00      0.00      0.00      0.00      0.00      0.00
  9062.45      0.00      0.00      0.00      0.00      0.00      0.00      0.00      0.00      0.00      0.00      0.00      0.00
  9063.45      0.00      0.00      0.00      0.00      0.00      0.00      0.00      0.00      0.00      0.00      0.00      0.00
  9064.45      0.00      0.00      0.00      0.00      0.00      0.00      0.00      0.00      0.00      0.00      0.00      0.00
  9065.45      0.00      0.00      0.00      0.00      0.00      0.00      0.00      0.00      0.00      0.00      0.00      0.00
  9066.45      0.00      0.00      0.00      0.00      0.00      0.00      0.00      0.00      0.00      0.00      0.00      0.00
  9067.45      0.00      0.00      0.00      0.00      0.00      0.00      0.00      0.00      0.00      0.00      0.00      0.00
  9068.45      0.00      0.00      0.00      0.00      0.00      0.00      0.00      0.00      0.00      0.00      0.00      0.00
  9069.45      0.00      0.00      0.00      0.00      0.00      0.00      0.00      0.00      0.00      0.00      0.00      0.00
  9070.45      0.00      0.00      0.00      0.00      0.00      0.00      0.00      0.00      0.00      0.00      0.00      0.00
  9071.45      0.00      0.00      0.00      0.00      0.00      0.00      0.00      0.00      0.00      0.00      0.00      0.00
  9072.45      0.00      0.00      0.00      0.00      0.00      0.00      0.00      0.00      0.00      0.00      0.00      0.00
  9073.45      0.00      0.00      0.00      0.00      0.00      0.00      0.00      0.00      0.00      0.00      0.00      0.00
  9074.45      0.00      0.00      0.00      0.00      0.00      0.00      0.00      0.00      0.00      0.00      0.00      0.00
  9075.45      0.00      0.00      0.00      0.00      0.00      0.00      0.00      0.00      0.00      0.00      0.00      0.00
  9076.45      0.00      0.00      0.00      0.00      0.00      0.00      0.00      0.00      0.00      0.00      0.00      0.00
  9077.45      0.00      0.00      0.00      0.00      0.00      0.00      0.00      0.00      0.00      0.00      0.00      0.00
  9078.45      0.00      0.00      0.00      0.00      0.00      0.00      0.00      0.00      0.00      0.00      0.00      0.00
  9079.45      0.00      0.00      0.00      0.00      0.00      0.00      0.00      0.00      0.00      0.00      0.00      0.00
  9080.45      0.00      0.00      0.00      0.00      0.00      0.00      0.00      0.00      0.00      0.00      0.00      0.00
  9081.45      0.00      0.00      0.00      0.00      0.00      0.00      0.00      0.00      0.00      0.00      0.00      0.00
  9082.45      0.00      0.00      0.00      0.00      0.00      0.00      0.00      0.00      0.00      0.00      0.00      0.00
  9083.45      0.00      0.00      0.00      0.00      0.00      0.00      0.00      0.00      0.00      0.00      0.00      0.00
  9084.45      0.00      0.00      0.00      0.00      0.00      0.00      0.00      0.00      0.00      0.00      0.00      0.00
  9085.45      0.00      0.00      0.00      0.00      0.00      0.00      0.00      0.00      0.00      0.00      0.00      0.00
  9086.45      0.00      0.00      0.00      0.00      0.00      0.00      0.00      0.00      0.00      0.00      0.00      0.00
  9087.45      0.00      0.00      0.00      0.00      0.00      0.00      0.00      0.00      0.00      0.00      0.00      0.00
  9088.45      0.00      0.00      0.00      0.00      0.00      0.00      0.00      0.00      0.00      0.00      0.00      0.00
  9089.45      0.00      0.00      0.00      0.00      0.00      0.00      0.00      0.00      0.00      0.00      0.00      0.00
  9090.45      0.00      0.00      0.00      0.00      0.00      0.00      0.00      0.00      0.00      0.00      0.00      0.00
  9091.45      0.00      0.00      0.00      0.00      0.00      0.00      0.00      0.00      0.00      0.00      0.00      0.00
  9092.45      0.00      0.00      0.00      0.00      0.00      0.00      0.00      0.00      0.00      0.00      0.00      0.00
  9093.45      0.00      0.00      0.00      0.00      0.00      0.00      0.00      0.00      0.00      0.00      0.00      0.00
  9094.45      0.00      0.00      0.00      0.00      0.00      0.00      0.00      0.00      0.00      0.00      0.00      0.00
  9095.45      0.00      0.00      0.00      0.00      0.00      0.00      0.00      0.00      0.00      0.00      0.00      0.00
  9096.45      0.00      0.00      0.00      0.00      0.00      0.00      0.00      0.00      0.00      0.00      0.00      0.00
  9097.45      0.00      0.00      0.00      0.00      0.00      0.00      0.00      0.00      0.00      0.00      0.00      0.00
  9098.45      0.00      0.00      0.00      0.00      0.00      0.00      0.00      0.00      0.00      0.00      0.00      0.00
  9099.45      0.00      0.00      0.00      0.00      0.00      0.00      0.00      0.00      0.00      0.00      0.00      0.00
  9100.45      0.00      0.00      0.00      0.00      0.00      0.00      0.00      0.00      0.00      0.00      0.00      0.00
  9101.45      0.00      0.00      0.00      0.00      0.00      0.00      0.00      0.00      0.00      0.00      0.00      0.00
  9102.45      0.00      0.00      0.00      0.00      0.00      0.00      0.00      0.00      0.00      0.00      0.00      0.00
  9103.45      0.00      0.00      0.00      0.00      0.00      0.00      0.00      0.00      0.00      0.00      0.00      0.00
  9104.45      0.00      0.00      0.00      0.00      0.00      0.00      0.00      0.00      0.00      0.00      0.00      0.00
  9105.45      0.00      0.00      0.00      0.00      0.00      0.00      0.00      0.00      0.00      0.00      0.00      0.00
  9106.45      0.00      0.00      0.00      0.00      0.00      0.00      0.00      0.00      0.00      0.00      0.00      0.00
  9107.45      0.00      0.00      0.00      0.00      0.00      0.00      0.00      0.00      0.00      0.00      0.00      0.00
  9108.45      0.00      0.00      0.00      0.00      0.00      0.00      0.00      0.00      0.00      0.00      0.00      0.00
  9109.45      0.00      0.00      0.00      0.00      0.00      0.00      0.00      0.00      0.00      0.00      0.00      0.00
  9110.45      0.00      0.00      0.00      0.00      0.00      0.00      0.00      0.00      0.00      0.00      0.00      0.00
  9111.45      0.00      0.00      0.00      0.00      0.00      0.00      0.00      0.00      0.00      0.00      0.00      0.00
  9112.45      0.00      0.00      0.00      0.00      0.00      0.00      0.00      0.00      0.00      0.00      0.00      0.00
  9113.45      0.00      0.00      0.00      0.00      0.00      0.00      0.00      0.00      0.00      0.00      0.00      0.00
  9114.45      0.00      0.00      0.00      0.00      0.00      0.00      0.00      0.00      0.00      0.00      0.00      0.00
  9115.45      0.00      0.00      0.00      0.00      0.00      0.00      0.00      0.00      0.00      0.00      0.00      0.00
  9116.45      0.00      0.00      0.00      0.00      0.00      0.00      0.00      0.00      0.00      0.00      0.00      0.00
  9117.45      0.00      0.00      0.00      0.00      0.00      0.00      0.00      0.00      0.00      0.00      0.00      0.00
  9118.45      0.00      0.00      0.00      0.00      0.00      0.00      0.00      0.00      0.00      0.00      0.00      0.00
  9119.45      0.00      0.00      0.00      0.00      0.00      0.00      0.00      0.00      0.00      0.00      0.00      0.00
  9120.45      0.00      0.00      0.00      0.00      0.00      0.00      0.00      0.00      0.00      0.00      0.00      0.00
  9121.45      0.00      0.00      0.00      0.00      0.00      0.00      0.00      0.00      0.00      0.00      0.00      0.00
  9122.45      0.00      0.00      0.00      0.00      0.00      0.00      0.00      0.00      0.00      0.00      0.00      0.00
  9123.45      0.00      0.00      0.00      0.00      0.00      0.00      0.00      0.00      0.00      0.00      0.00      0.00
  9124.45      0.00      0.00      0.00      0.00      0.00      0.00      0.00      0.00      0.00      0.00      0.00      0.00
  9125.45      0.00      0.00      0.00      0.00      0.00      0.00      0.00      0.00      0.00      0.00      0.00      0.00
  9126.45      0.00      0.00      0.00      0.00      0.00      0.00      0.00      0.00      0.00      0.00      0.00      0.00
  9127.45      0.00      0.00      0.00      0.00      0.00      0.00      0.00      0.00      0.00      0.00      0.00      0.00
  9128.45      0.00      0.00      0.00      0.00      0.00      0.00      0.00      0.00      0.00      0.00      0.00      0.00
  9129.45      0.00      0.00      0.00      0.00      0.00      0.00      0.00      0.00      0.00      0.00      0.00      0.00
  9130.45      0.00      0.00      0.00      0.00      0.00      0.00      0.00      0.00      0.00      0.00      0.00      0.00
  9131.45      0.00      0.00      0.00      0.00      0.00      0.00      0.00      0.00      0.00      0.00      0.00      0.00
  9132.45      0.00      0.00      0.00      0.00      0.00      0.00      0.00      0.00      0.00      0.00      0.00      0.00
  9133.45      0.00      0.00      0.00      0.00      0.00      0.00      0.00      0.00      0.00      0.00      0.00      0.00
  9134.45      0.00      0.00      0.00      0.00      0.00      0.00      0.00      0.00      0.00      0.00      0.00      0.00
  9135.45      0.00      0.00      0.00      0.00      0.00      0.00      0.00      0.00      0.00      0.00      0.00      0.00
  9136.45      0.00      0.00      0.00      0.00      0.00      0.00      0.00      0.00      0.00      0.00      0.00      0.00
  9137.45      0.00      0.00      0.00      0.00      0.00      0.00      0.00      0.00      0.00      0.00      0.00      0.00
  9138.45      0.00      0.00      0.00      0.00      0.00      0.00      0.00      0.00      0.00      0.00      0.00      0.00
  9139.45      0.00      0.00      0.00      0.00      0.00      0.00      0.00      0.00      0.00      0.00      0.00      0.00
  9140.45      0.00      0.00      0.00      0.00      0.00      0.00      0.00      0.00      0.00      0.00      0.00      0.00
  9141.45      0.00      0.00      0.00      0.00      0.00      0.00      0.00      0.00      0.00      0.00      0.00      0.00
  9142.45      0.00      0.00      0.00      0.00      0.00      0.00      0.00      0.00      0.00      0.00      0.00      0.00
  9143.45      0.00      0.00      0.00      0.00      0.00      0.00      0.00      0.00      0.00      0.00      0.00      0.00
  9144.45      0.00      0.00      0.00      0.00      0.00      0.00      0.00      0.00      0.00      0.00      0.00      0.00
  9145.45      0.00      0.00      0.00      0.00      0.00      0.00      0.00      0.00      0.00      0.00      0.00      0.00
  9146.45      0.00      0.00      0.00      0.00      0.00      0.00      0.00      0.00      0.00      0.00      0.00      0.00
  9147.45      0.00      0.00      0.00      0.00      0.00      0.00      0.00      0.00      0.00      0.00      0.00      0.00
  9148.45      0.00      0.00      0.00      0.00      0.00      0.00      0.00      0.00      0.00      0.00      0.00      0.00
  9149.45      0.00      0.00      0.00      0.00      0.00      0.00      0.00      0.00      0.00      0.00      0.00      0.00
  9150.45      0.00      0.00      0.00      0.00      0.00      0.00      0.00      0.00      0.00      0.00      0.00      0.00
  9151.45      0.00      0.00      0.00      0.00      0.00      0.00      0.00      0.00      0.00      0.00      0.00      0.00
  9152.45      0.00      0.00      0.00      0.00      0.00      0.00      0.00      0.00      0.00      0.00      0.00      0.00
  9153.45      0.00      0.00      0.00      0.00      0.00      0.00      0.00      0.00      0.00      0.00      0.00      0.00
  9154.45      0.00      0.00      0.00      0.00      0.00      0.00      0.00      0.00      0.00      0.00      0.00      0.00
  9155.45      0.00      0.00      0.00      0.00      0.00      0.00      0.00      0.00      0.00      0.00      0.00      0.00
  9156.45      0.00      0.00      0.00      0.00      0.00      0.00      0.00      0.00      0.00      0.00      0.00      0.00
  9157.45      0.00      0.00      0.00      0.00      0.00      0.00      0.00      0.00      0.00      0.00      0.00      0.00
  9158.45      0.00      0.00      0.00      0.00      0.00      0.00      0.00      0.00      0.00      0.00      0.00      0.00
  9159.45      0.00      0.00      0.00      0.00      0.00      0.00      0.00      0.00      0.00      0.00      0.00      0.00
  9160.45      0.00      0.00      0.00      0.00      0.00      0.00      0.00      0.00      0.00      0.00      0.00      0.00
  9161.45      0.00      0.00      0.00      0.00      0.00      0.00      0.00      0.00      0.00      0.00      0.00      0.00
  9162.45      0.00      0.00      0.00      0.00      0.00      0.00      0.00      0.00      0.00      0.00      0.00      0.00
  9163.45      0.00      0.00      0.00      0.00      0.00      0.00      0.00      0.00      0.00      0.00      0.00      0.00
  9164.45      0.00      0.00      0.00      0.00      0.00      0.00      0.00      0.00      0.00      0.00      0.00      0.00
  9165.45      0.00      0.00      0.00      0.00      0.00      0.00      0.00      0.00      0.00      0.00      0.00      0.00
  9166.45      0.00      0.00      0.00      0.00      0.00      0.00      0.00      0.00      0.00      0.00      0.00      0.00
  9167.45      0.00      0.00      0.00      0.00      0.00      0.00      0.00      0.00      0.00      0.00      0.00      0.00
  9168.45      0.00      0.00      0.00      0.00      0.00      0.00      0.00      0.00      0.00      0.00      0.00      0.00
  9169.45      0.00      0.00      0.00      0.00      0.00      0.00      0.00      0.00      0.00      0.00      0.00      0.00
  9170.45      0.00      0.00      0.00      0.00      0.00      0.00      0.00      0.00      0.00      0.00      0.00      0.00
  9171.45      0.00      0.00      0.00      0.00      0.00      0.00      0.00      0.00      0.00      0.00      0.00      0.00
  9172.45      0.00      0.00      0.00      0.00      0.00      0.00      0.00      0.00      0.00      0.00      0.00      0.00
  9173.45      0.00      0.00      0.00      0.00      0.00      0.00      0.00      0.00      0.00      0.00      0.00      0.00
  9174.45      0.00      0.00      0.00      0.00      0.00      0.00      0.00      0.00      0.00      0.00      0.00      0.00
  9175.45      0.00      0.00      0.00      0.00      0.00      0.00      0.00      0.00      0.00      0.00      0.00      0.00
  9176.45      0.00      0.00      0.00      0.00      0.00      0.00      0.00      0.00      0.00      0.00      0.00      0.00
  9177.45      0.00      0.00      0.00      0.00      0.00      0.00      0.00      0.00      0.00      0.00      0.00      0.00
  9178.45      0.00      0.00      0.00      0.00      0.00      0.00      0.00      0.00      0.00      0.00      0.00      0.00
  9179.45      0.00      0.00      0.00      0.00      0.00      0.00      0.00      0.00      0.00      0.00      0.00      0.00
  9180.45      0.00      0.00      0.00      0.00      0.00      0.00      0.00      0.00      0.00      0.00      0.00      0.00
  9181.45      0.00      0.00      0.00      0.00      0.00      0.00      0.00      0.00      0.00      0.00      0.00      0.00
  9182.45      0.00      0.00      0.00      0.00      0.00      0.00      0.00      0.00      0.00      0.00      0.00      0.00
  9183.45      0.00      0.00      0.00      0.00      0.00      0.00      0.00      0.00      0.00      0.00      0.00      0.00
  9184.45      0.00      0.00      0.00      0.00      0.00      0.00      0.00      0.00      0.00      0.00      0.00      0.00
  9185.45      0.00      0.00      0.00      0.00      0.00      0.00      0.00      0.00      0.00      0.00      0.00      0.00
  9186.45      0.00      0.00      0.00      0.00      0.00      0.00      0.00      0.00      0.00      0.00      0.00      0.00
  9187.45      0.00      0.00      0.00      0.00      0.00      0.00      0.00      0.00      0.00      0.00      0.00      0.00
  9188.45      0.00      0.00      0.00      0.00      0.00      0.00      0.00      0.00      0.00      0.00      0.00      0.00
  9189.45      0.00      0.00      0.00      0.00      0.00      0.00      0.00      0.00      0.00      0.00      0.00      0.00
  9190.45      0.00      0.00      0.00      0.00      0.00      0.00      0.00      0.00      0.00      0.00      0.00      0.00
  9191.45      0.00      0.00      0.00      0.00      0.00      0.00      0.00      0.00      0.00      0.00      0.00      0.00
  9192.45      0.00      0.00      0.00      0.00      0.00      0.00      0.00      0.00      0.00      0.00      0.00      0.00
  9193.45      0.00      0.00      0.00      0.00      0.00      0.00      0.00      0.00      0.00      0.00      0.00      0.00
  9194.45      0.00      0.00      0.00      0.00      0.00      0.00      0.00      0.00      0.00      0.00      0.00      0.00
  9195.45      0.00      0.00      0.00      0.00      0.00      0.00      0.00      0.00      0.00      0.00      0.00      0.00
  9196.45      0.00      0.00      0.00      0.00      0.00      0.00      0.00      0.00      0.00      0.00      0.00      0.00
  9197.45      0.00      0.00      0.00      0.00      0.00      0.00      0.00      0.00      0.00      0.00      0.00      0.00
  9198.45      0.00      0.00      0.00      0.00      0.00      0.00      0.00      0.00      0.00      0.00      0.00      0.00
  9199.45      0.00      0.00      0.00      0.00      0.00      0.00      0.00      0.00      0.00      0.00      0.00      0.00
  9200.45      0.00      0.00      0.00      0.00      0.00      0.00      0.00      0.00      0.00      0.00      0.00      0.00
  9201.45      0.00      0.00      0.00      0.00      0.00      0.00      0.00      0.00      0.00      0.00      0.00      0.00
  9202.45      0.00      0.00      0.00      0.00      0.00      0.00      0.00      0.00      0.00      0.00      0.00      0.00
  9203.45      0.00      0.00      0.00      0.00      0.00      0.00      0.00      0.00      0.00      0.00      0.00      0.00
  9204.45      0.00      0.00      0.00      0.00      0.00      0.00      0.00      0.00      0.00      0.00      0.00      0.00
  9205.45      0.00      0.00      0.00      0.00      0.00      0.00      0.00      0.00      0.00      0.00      0.00      0.00
  9206.45      0.00      0.00      0.00      0.00      0.00      0.00      0.00      0.00      0.00      0.00      0.00      0.00
  9207.45      0.00      0.00      0.00      0.00      0.00      0.00      0.00      0.00      0.00      0.00      0.00      0.00
  9208.45      0.00      0.00      0.00      0.00      0.00      0.00      0.00      0.00      0.00      0.00      0.00      0.00
  9209.45      0.00      0.00      0.00      0.00      0.00      0.00      0.00      0.00      0.00      0.00      0.00      0.00
  9210.45      0.00      0.00      0.00      0.00      0.00      0.00      0.00      0.00      0.00      0.00      0.00      0.00
  9211.45      0.00      0.00      0.00      0.00      0.00      0.00      0.00      0.00      0.00      0.00      0.00      0.00
  9212.45      0.00      0.00      0.00      0.00      0.00      0.00      0.00      0.00      0.00      0.00      0.00      0.00
  9213.45      0.00      0.00      0.00      0.00      0.00      0.00      0.00      0.00      0.00      0.00      0.00      0.00
  9214.45      0.00      0.00      0.00      0.00      0.00      0.00      0.00      0.00      0.00      0.00      0.00      0.00
  9215.45      0.00      0.00      0.00      0.00      0.00      0.00      0.00      0.00      0.00      0.00      0.00      0.00
  9216.45      0.00      0.00      0.00      0.00      0.00      0.00      0.00      0.00      0.00      0.00      0.00      0.00
  9217.45      0.00      0.00      0.00      0.00      0.00      0.00      0.00      0.00      0.00      0.00      0.00      0.00
  9218.45      0.00      0.00      0.00      0.00      0.00      0.00      0.00      0.00      0.00      0.00      0.00      0.00
  9219.45      0.00      0.00      0.00      0.00      0.00      0.00      0.00      0.00      0.00      0.00      0.00      0.00
  9220.45      0.00      0.00      0.00      0.00      0.00      0.00      0.00      0.00      0.00      0.00      0.00      0.00
  9221.45      0.00      0.00      0.00      0.00      0.00      0.00      0.00      0.00      0.00      0.00      0.00      0.00
  9222.45      0.00      0.00      0.00      0.00      0.00      0.00      0.00      0.00      0.00      0.00      0.00      0.00
  9223.45      0.00      0.00      0.00      0.00      0.00      0.00      0.00      0.00      0.00      0.00      0.00      0.00
  9224.45      0.00      0.00      0.00      0.00      0.00      0.00      0.00      0.00      0.00      0.00      0.00      0.00
  9225.45      0.00      0.00      0.00      0.00      0.00      0.00      0.00      0.00      0.00      0.00      0.00      0.00
  9226.45      0.00      0.00      0.00      0.00      0.00      0.00      0.00      0.00      0.00      0.00      0.00      0.00
  9227.45      0.00      0.00      0.00      0.00      0.00      0.00      0.00      0.00      0.00      0.00      0.00      0.00
  9228.45      0.00      0.00      0.00      0.00      0.00      0.00      0.00      0.00      0.00      0.00      0.00      0.00
  9229.45      0.00      0.00      0.00      0.00      0.00      0.00      0.00      0.00      0.00      0.00      0.00      0.00
  9230.45      0.00      0.00      0.00      0.00      0.00      0.00      0.00      0.00      0.00      0.00      0.00      0.00
  9231.45      0.00      0.00      0.00      0.00      0.00      0.00      0.00      0.00      0.00      0.00      0.00      0.00
  9232.45      0.00      0.00      0.00      0.00      0.00      0.00      0.00      0.00      0.00      0.00      0.00      0.00
  9233.45      0.00      0.00      0.00      0.00      0.00      0.00      0.00      0.00      0.00      0.00      0.00      0.00
  9234.45      0.00      0.00      0.00      0.00      0.00      0.00      0.00      0.00      0.00      0.00      0.00      0.00
  9235.45      0.00      0.00      0.00      0.00      0.00      0.00      0.00      0.00      0.00      0.00      0.00      0.00
  9236.45      0.00      0.00      0.00      0.00      0.00      0.00      0.00      0.00      0.00      0.00      0.00      0.00
  9237.45      0.00      0.00      0.00      0.00      0.00      0.00      0.00      0.00      0.00      0.00      0.00      0.00
  9238.45      0.00      0.00      0.00      0.00      0.00      0.00      0.00      0.00      0.00      0.00      0.00      0.00
  9239.45      0.00      0.00      0.00      0.00      0.00      0.00      0.00      0.00      0.00      0.00      0.00      0.00
  9240.45      0.00      0.00      0.00      0.00      0.00      0.00      0.00      0.00      0.00      0.00      0.00      0.00
  9241.45      0.00      0.00      0.00      0.00      0.00      0.00      0.00      0.00      0.00      0.00      0.00      0.00
  9242.45      0.00      0.00      0.00      0.00      0.00      0.00      0.00      0.00      0.00      0.00      0.00      0.00
  9243.45      0.00      0.00      0.00      0.00      0.00      0.00      0.00      0.00      0.00      0.00      0.00      0.00
  9244.45      0.00      0.00      0.00      0.00      0.00      0.00      0.00      0.00      0.00      0.00      0.00      0.00
  9245.45      0.00      0.00      0.00      0.00      0.00      0.00      0.00      0.00      0.00      0.00      0.00      0.00
  9246.45      0.00      0.00      0.00      0.00      0.00      0.00      0.00      0.00      0.00      0.00      0.00      0.00
  9247.45      0.00      0.00      0.00      0.00      0.00      0.00      0.00      0.00      0.00      0.00      0.00      0.00
  9248.45      0.00      0.00      0.00      0.00      0.00      0.00      0.00      0.00      0.00      0.00      0.00      0.00
  9249.45      0.00      0.00      0.00      0.00      0.00      0.00      0.00      0.00      0.00      0.00      0.00      0.00
  9250.45      0.00      0.00      0.00      0.00      0.00      0.00      0.00      0.00      0.00      0.00      0.00      0.00
  9251.45      0.00      0.00      0.00      0.00      0.00      0.00      0.00      0.00      0.00      0.00      0.00      0.00
  9252.45      0.00      0.00      0.00      0.00      0.00      0.00      0.00      0.00      0.00      0.00      0.00      0.00
  9253.45      0.00      0.00      0.00      0.00      0.00      0.00      0.00      0.00      0.00      0.00      0.00      0.00
  9254.45      0.00      0.00      0.00      0.00      0.00      0.00      0.00      0.00      0.00      0.00      0.00      0.00
  9255.45      0.00      0.00      0.00      0.00      0.00      0.00      0.00      0.00      0.00      0.00      0.00      0.00
  9256.45      0.00      0.00      0.00      0.00      0.00      0.00      0.00      0.00      0.00      0.00      0.00      0.00
  9257.45      0.00      0.00      0.00      0.00      0.00      0.00      0.00      0.00      0.00      0.00      0.00      0.00
  9258.45      0.00      0.00      0.00      0.00      0.00      0.00      0.00      0.00      0.00      0.00      0.00      0.00
  9259.45      0.00      0.00      0.00      0.00      0.00      0.00      0.00      0.00      0.00      0.00      0.00      0.00
  9260.45      0.00      0.00      0.00      0.00      0.00      0.00      0.00      0.00      0.00      0.00      0.00      0.00
  9261.45      0.00      0.00      0.00      0.00      0.00      0.00      0.00      0.00      0.00      0.00      0.00      0.00
  9262.45      0.00      0.00      0.00      0.00      0.00      0.00      0.00      0.00      0.00      0.00      0.00      0.00
  9263.45      0.00      0.00      0.00      0.00      0.00      0.00      0.00      0.00      0.00      0.00      0.00      0.00
  9264.45      0.00      0.00      0.00      0.00      0.00      0.00      0.00      0.00      0.00      0.00      0.00      0.00
  9265.45      0.00      0.00      0.00      0.00      0.00      0.00      0.00      0.00      0.00      0.00      0.00      0.00
  9266.45      0.00      0.00      0.00      0.00      0.00      0.00      0.00      0.00      0.00      0.00      0.00      0.00
  9267.45      0.00      0.00      0.00      0.00      0.00      0.00      0.00      0.00      0.00      0.00      0.00      0.00
  9268.45      0.00      0.00      0.00      0.00      0.00      0.00      0.00      0.00      0.00      0.00      0.00      0.00
  9269.45      0.00      0.00      0.00      0.00      0.00      0.00      0.00      0.00      0.00      0.00      0.00      0.00
  9270.45      0.00      0.00      0.00      0.00      0.00      0.00      0.00      0.00      0.00      0.00      0.00      0.00
  9271.45      0.00      0.00      0.00      0.00      0.00      0.00      0.00      0.00      0.00      0.00      0.00      0.00
  9272.45      0.00      0.00      0.00      0.00      0.00      0.00      0.00      0.00      0.00      0.00      0.00      0.00
  9273.45      0.00      0.00      0.00      0.00      0.00      0.00      0.00      0.00      0.00      0.00      0.00      0.00
  9274.45      0.00      0.00      0.00      0.00      0.00      0.00      0.00      0.00      0.00      0.00      0.00      0.00
  9275.45      0.00      0.00      0.00      0.00      0.00      0.00      0.00      0.00      0.00      0.00      0.00      0.00
  9276.45      0.00      0.00      0.00      0.00      0.00      0.00      0.00      0.00      0.00      0.00      0.00      0.00
  9277.45      0.00      0.00      0.00      0.00      0.00      0.00      0.00      0.00      0.00      0.00      0.00      0.00
  9278.45      0.00      0.00      0.00      0.00      0.00      0.00      0.00      0.00      0.00      0.00      0.00      0.00
  9279.45      0.00      0.00      0.00      0.00      0.00      0.00      0.00      0.00      0.00      0.00      0.00      0.00
  9280.45      0.00      0.00      0.00      0.00      0.00      0.00      0.00      0.00      0.00      0.00      0.00      0.00
  9281.45      0.00      0.00      0.00      0.00      0.00      0.00      0.00      0.00      0.00      0.00      0.00      0.00
  9282.45      0.00      0.00      0.00      0.00      0.00      0.00      0.00      0.00      0.00      0.00      0.00      0.00
  9283.45      0.00      0.00      0.00      0.00      0.00      0.00      0.00      0.00      0.00      0.00      0.00      0.00
  9284.45      0.00      0.00      0.00      0.00      0.00      0.00      0.00      0.00      0.00      0.00      0.00      0.00
  9285.45      0.00      0.00      0.00      0.00      0.00      0.00      0.00      0.00      0.00      0.00      0.00      0.00
  9286.45      0.00      0.00      0.00      0.00      0.00      0.00      0.00      0.00      0.00      0.00      0.00      0.00
  9287.45      0.00      0.00      0.00      0.00      0.00      0.00      0.00      0.00      0.00      0.00      0.00      0.00
  9288.45      0.00      0.00      0.00      0.00      0.00      0.00      0.00      0.00      0.00      0.00      0.00      0.00
  9289.45      0.00      0.00      0.00      0.00      0.00      0.00      0.00      0.00      0.00      0.00      0.00      0.00
  9290.45      0.00      0.00      0.00      0.00      0.00      0.00      0.00      0.00      0.00      0.00      0.00      0.00
  9291.45      0.00      0.00      0.00      0.00      0.00      0.00      0.00      0.00      0.00      0.00      0.00      0.00
  9292.45      0.00      0.00      0.00      0.00      0.00      0.00      0.00      0.00      0.00      0.00      0.00      0.00
  9293.45      0.00      0.00      0.00      0.00      0.00      0.00      0.00      0.00      0.00      0.00      0.00      0.00
  9294.45      0.00      0.00      0.00      0.00      0.00      0.00      0.00      0.00      0.00      0.00      0.00      0.00
  9295.45      0.00      0.00      0.00      0.00      0.00      0.00      0.00      0.00      0.00      0.00      0.00      0.00
  9296.45      0.00      0.00      0.00      0.00      0.00      0.00      0.00      0.00      0.00      0.00      0.00      0.00
  9297.45      0.00      0.00      0.00      0.00      0.00      0.00      0.00      0.00      0.00      0.00      0.00      0.00
  9298.45      0.00      0.00      0.00      0.00      0.00      0.00      0.00      0.00      0.00      0.00      0.00      0.00
  9299.45      0.00      0.00      0.00      0.00      0.00      0.00      0.00      0.00      0.00      0.00      0.00      0.00
  9300.45      0.00      0.00      0.00      0.00      0.00      0.00      0.00      0.00      0.00      0.00      0.00      0.00
  9301.45      0.00      0.00      0.00      0.00      0.00      0.00      0.00      0.00      0.00      0.00      0.00      0.00
  9302.45      0.00      0.00      0.00      0.00      0.00      0.00      0.00      0.00      0.00      0.00      0.00      0.00
  9303.45      0.00      0.00      0.00      0.00      0.00      0.00      0.00      0.00      0.00      0.00      0.00      0.00
  9304.45      0.00      0.00      0.00      0.00      0.00      0.00      0.00      0.00      0.00      0.00      0.00      0.00
  9305.45      0.00      0.00      0.00      0.00      0.00      0.00      0.00      0.00      0.00      0.00      0.00      0.00
  9306.45      0.00      0.00      0.00      0.00      0.00      0.00      0.00      0.00      0.00      0.00      0.00      0.00
  9307.45      0.00      0.00      0.00      0.00      0.00      0.00      0.00      0.00      0.00      0.00      0.00      0.00
  9308.45      0.00      0.00      0.00      0.00      0.00      0.00      0.00      0.00      0.00      0.00      0.00      0.00
  9309.45      0.00      0.00      0.00      0.00      0.00      0.00      0.00      0.00      0.00      0.00      0.00      0.00
  9310.45      0.00      0.00      0.00      0.00      0.00      0.00      0.00      0.00      0.00      0.00      0.00      0.00
  9311.45      0.00      0.00      0.00      0.00      0.00      0.00      0.00      0.00      0.00      0.00      0.00      0.00
  9312.45      0.00      0.00      0.00      0.00      0.00      0.00      0.00      0.00      0.00      0.00      0.00      0.00
  9313.45      0.00      0.00      0.00      0.00      0.00      0.00      0.00      0.00      0.00      0.00      0.00      0.00
  9314.45      0.00      0.00      0.00      0.00      0.00      0.00      0.00      0.00      0.00      0.00      0.00      0.00
  9315.45      0.00      0.00      0.00      0.00      0.00      0.00      0.00      0.00      0.00      0.00      0.00      0.00
  9316.45      0.00      0.00      0.00      0.00      0.00      0.00      0.00      0.00      0.00      0.00      0.00      0.00
  9317.45      0.00      0.00      0.00      0.00      0.00      0.00      0.00      0.00      0.00      0.00      0.00      0.00
  9318.45      0.00      0.00      0.00      0.00      0.00      0.00      0.00      0.00      0.00      0.00      0.00      0.00
  9319.45      0.00      0.00      0.00      0.00      0.00      0.00      0.00      0.00      0.00      0.00      0.00      0.00
  9320.45      0.00      0.00      0.00      0.00      0.00      0.00      0.00      0.00      0.00      0.00      0.00      0.00
  9321.45      0.00      0.00      0.00      0.00      0.00      0.00      0.00      0.00      0.00      0.00      0.00      0.00
  9322.45      0.00      0.00      0.00      0.00      0.00      0.00      0.00      0.00      0.00      0.00      0.00      0.00
  9323.45      0.00      0.00      0.00      0.00      0.00      0.00      0.00      0.00      0.00      0.00      0.00      0.00
  9324.45      0.00      0.00      0.00      0.00      0.00      0.00      0.00      0.00      0.00      0.00      0.00      0.00
  9325.45      0.00      0.00      0.00      0.00      0.00      0.00      0.00      0.00      0.00      0.00      0.00      0.00
  9326.45      0.00      0.00      0.00      0.00      0.00      0.00      0.00      0.00      0.00      0.00      0.00      0.00
  9327.45      0.00      0.00      0.00      0.00      0.00      0.00      0.00      0.00      0.00      0.00      0.00      0.00
  9328.45      0.00      0.00      0.00      0.00      0.00      0.00      0.00      0.00      0.00      0.00      0.00      0.00
  9329.45      0.00      0.00      0.00      0.00      0.00      0.00      0.00      0.00      0.00      0.00      0.00      0.00
  9330.45      0.00      0.00      0.00      0.00      0.00      0.00      0.00      0.00      0.00      0.00      0.00      0.00
  9331.45      0.00      0.00      0.00      0.00      0.00      0.00      0.00      0.00      0.00      0.00      0.00      0.00
  9332.45      0.00      0.00      0.00      0.00      0.00      0.00      0.00      0.00      0.00      0.00      0.00      0.00
  9333.45      0.00      0.00      0.00      0.00      0.00      0.00      0.00      0.00      0.00      0.00      0.00      0.00
  9334.45      0.00      0.00      0.00      0.00      0.00      0.00      0.00      0.00      0.00      0.00      0.00      0.00
  9335.45      0.00      0.00      0.00      0.00      0.00      0.00      0.00      0.00      0.00      0.00      0.00      0.00
  9336.45      0.00      0.00      0.00      0.00      0.00      0.00      0.00      0.00      0.00      0.00      0.00      0.00
  9337.45      0.00      0.00      0.00      0.00      0.00      0.00      0.00      0.00      0.00      0.00      0.00      0.00
  9338.45      0.00      0.00      0.00      0.00      0.00      0.00      0.00      0.00      0.00      0.00      0.00      0.00
  9339.45      0.00      0.00      0.00      0.00      0.00      0.00      0.00      0.00      0.00      0.00      0.00      0.00
  9340.45      0.00      0.00      0.00      0.00      0.00      0.00      0.00      0.00      0.00      0.00      0.00      0.00
  9341.45      0.00      0.00      0.00      0.00      0.00      0.00      0.00      0.00      0.00      0.00      0.00      0.00
  9342.45      0.00      0.00      0.00      0.00      0.00      0.00      0.00      0.00      0.00      0.00      0.00      0.00
  9343.45      0.00      0.00      0.00      0.00      0.00      0.00      0.00      0.00      0.00      0.00      0.00      0.00
  9344.45      0.00      0.00      0.00      0.00      0.00      0.00      0.00      0.00      0.00      0.00      0.00      0.00
  9345.45      0.00      0.00      0.00      0.00      0.00      0.00      0.00      0.00      0.00      0.00      0.00      0.00
  9346.45      0.00      0.00      0.00      0.00      0.00      0.00      0.00      0.00      0.00      0.00      0.00      0.00
  9347.45      0.00      0.00      0.00      0.00      0.00      0.00      0.00      0.00      0.00      0.00      0.00      0.00
  9348.45      0.00      0.00      0.00      0.00      0.00      0.00      0.00      0.00      0.00      0.00      0.00      0.00
  9349.45      0.00      0.00      0.00      0.00      0.00      0.00      0.00      0.00      0.00      0.00      0.00      0.00
  9350.45      0.00      0.00      0.00      0.00      0.00      0.00      0.00      0.00      0.00      0.00      0.00      0.00
  9351.45      0.00      0.00      0.00      0.00      0.00      0.00      0.00      0.00      0.00      0.00      0.00      0.00
  9352.45      0.00      0.00      0.00      0.00      0.00      0.00      0.00      0.00      0.00      0.00      0.00      0.00
  9353.45      0.00      0.00      0.00      0.00      0.00      0.00      0.00      0.00      0.00      0.00      0.00      0.00
  9354.45      0.00      0.00      0.00      0.00      0.00      0.00      0.00      0.00      0.00      0.00      0.00      0.00
  9355.45      0.00      0.00      0.00      0.00      0.00      0.00      0.00      0.00      0.00      0.00      0.00      0.00
  9356.45      0.00      0.00      0.00      0.00      0.00      0.00      0.00      0.00      0.00      0.00      0.00      0.00
  9357.45      0.00      0.00      0.00      0.00      0.00      0.00      0.00      0.00      0.00      0.00      0.00      0.00
  9358.45      0.00      0.00      0.00      0.00      0.00      0.00      0.00      0.00      0.00      0.00      0.00      0.00
  9359.45      0.00      0.00      0.00      0.00      0.00      0.00      0.00      0.00      0.00      0.00      0.00      0.00
  9360.45      0.00      0.00      0.00      0.00      0.00      0.00      0.00      0.00      0.00      0.00      0.00      0.00
  9361.45      0.00      0.00      0.00      0.00      0.00      0.00      0.00      0.00      0.00      0.00      0.00      0.00
  9362.45      0.00      0.00      0.00      0.00      0.00      0.00      0.00      0.00      0.00      0.00      0.00      0.00
  9363.45      0.00      0.00      0.00      0.00      0.00      0.00      0.00      0.00      0.00      0.00      0.00      0.00
  9364.45      0.00      0.00      0.00      0.00      0.00      0.00      0.00      0.00      0.00      0.00      0.00      0.00
  9365.45      0.00      0.00      0.00      0.00      0.00      0.00      0.00      0.00      0.00      0.00      0.00      0.00
  9366.45      0.00      0.00      0.00      0.00      0.00      0.00      0.00      0.00      0.00      0.00      0.00      0.00
  9367.45      0.00      0.00      0.00      0.00      0.00      0.00      0.00      0.00      0.00      0.00      0.00      0.00
  9368.45      0.00      0.00      0.00      0.00      0.00      0.00      0.00      0.00      0.00      0.00      0.00      0.00
  9369.45      0.00      0.00      0.00      0.00      0.00      0.00      0.00      0.00      0.00      0.00      0.00      0.00
  9370.45      0.00      0.00      0.00      0.00      0.00      0.00      0.00      0.00      0.00      0.00      0.00      0.00
  9371.45      0.00      0.00      0.00      0.00      0.00      0.00      0.00      0.00      0.00      0.00      0.00      0.00
  9372.45      0.00      0.00      0.00      0.00      0.00      0.00      0.00      0.00      0.00      0.00      0.00      0.00
  9373.45      0.00      0.00      0.00      0.00      0.00      0.00      0.00      0.00      0.00      0.00      0.00      0.00
  9374.45      0.00      0.00      0.00      0.00      0.00      0.00      0.00      0.00      0.00      0.00      0.00      0.00
  9375.45      0.00      0.00      0.00      0.00      0.00      0.00      0.00      0.00      0.00      0.00      0.00      0.00
  9376.45      0.00      0.00      0.00      0.00      0.00      0.00      0.00      0.00      0.00      0.00      0.00      0.00
  9377.45      0.00      0.00      0.00      0.00      0.00      0.00      0.00      0.00      0.00      0.00      0.00      0.00
  9378.45      0.00      0.00      0.00      0.00      0.00      0.00      0.00      0.00      0.00      0.00      0.00      0.00
  9379.45      0.00      0.00      0.00      0.00      0.00      0.00      0.00      0.00      0.00      0.00      0.00      0.00
  9380.45      0.00      0.00      0.00      0.00      0.00      0.00      0.00      0.00      0.00      0.00      0.00      0.00
  9381.45      0.00      0.00      0.00      0.00      0.00      0.00      0.00      0.00      0.00      0.00      0.00      0.00
  9382.45      0.00      0.00      0.00      0.00      0.00      0.00      0.00      0.00      0.00      0.00      0.00      0.00
  9383.45      0.00      0.00      0.00      0.00      0.00      0.00      0.00      0.00      0.00      0.00      0.00      0.00
  9384.45      0.00      0.00      0.00      0.00      0.00      0.00      0.00      0.00      0.00      0.00      0.00      0.00
  9385.45      0.00      0.00      0.00      0.00      0.00      0.00      0.00      0.00      0.00      0.00      0.00      0.00
  9386.45      0.00      0.00      0.00      0.00      0.00      0.00      0.00      0.00      0.00      0.00      0.00      0.00
  9387.45      0.00      0.00      0.00      0.00      0.00      0.00      0.00      0.00      0.00      0.00      0.00      0.00
  9388.45      0.00      0.00      0.00      0.00      0.00      0.00      0.00      0.00      0.00      0.00      0.00      0.00
  9389.45      0.00      0.00      0.00      0.00      0.00      0.00      0.00      0.00      0.00      0.00      0.00      0.00
  9390.45      0.00      0.00      0.00      0.00      0.00      0.00      0.00      0.00      0.00      0.00      0.00      0.00
  9391.45      0.00      0.00      0.00      0.00      0.00      0.00      0.00      0.00      0.00      0.00      0.00      0.00
  9392.45      0.00      0.00      0.00      0.00      0.00      0.00      0.00      0.00      0.00      0.00      0.00      0.00
  9393.45      0.00      0.00      0.00      0.00      0.00      0.00      0.00      0.00      0.00      0.00      0.00      0.00
  9394.45      0.00      0.00      0.00      0.00      0.00      0.00      0.00      0.00      0.00      0.00      0.00      0.00
  9395.45      0.00      0.00      0.00      0.00      0.00      0.00      0.00      0.00      0.00      0.00      0.00      0.00
  9396.45      0.00      0.00      0.00      0.00      0.00      0.00      0.00      0.00      0.00      0.00      0.00      0.00
  9397.45      0.00      0.00      0.00      0.00      0.00      0.00      0.00      0.00      0.00      0.00      0.00      0.00
  9398.45      0.00      0.00      0.00      0.00      0.00      0.00      0.00      0.00      0.00      0.00      0.00      0.00
  9399.45      0.00      0.00      0.00      0.00      0.00      0.00      0.00      0.00      0.00      0.00      0.00      0.00
  9400.45      0.00      0.00      0.00      0.00      0.00      0.00      0.00      0.00      0.00      0.00      0.00      0.00
  9401.45      0.00      0.00      0.00      0.00      0.00      0.00      0.00      0.00      0.00      0.00      0.00      0.00
  9402.45      0.00      0.00      0.00      0.00      0.00      0.00      0.00      0.00      0.00      0.00      0.00      0.00
  9403.45      0.00      0.00      0.00      0.00      0.00      0.00      0.00      0.00      0.00      0.00      0.00      0.00
  9404.45      0.00      0.00      0.00      0.00      0.00      0.00      0.00      0.00      0.00      0.00      0.00      0.00
  9405.45      0.00      0.00      0.00      0.00      0.00      0.00      0.00      0.00      0.00      0.00      0.00      0.00
  9406.45      0.00      0.00      0.00      0.00      0.00      0.00      0.00      0.00      0.00      0.00      0.00      0.00
  9407.45      0.00      0.00      0.00      0.00      0.00      0.00      0.00      0.00      0.00      0.00      0.00      0.00
  9408.45      0.00      0.00      0.00      0.00      0.00      0.00      0.00      0.00      0.00      0.00      0.00      0.00
  9409.45      0.00      0.00      0.00      0.00      0.00      0.00      0.00      0.00      0.00      0.00      0.00      0.00
  9410.45      0.00      0.00      0.00      0.00      0.00      0.00      0.00      0.00      0.00      0.00      0.00      0.00
  9411.45      0.00      0.00      0.00      0.00      0.00      0.00      0.00      0.00      0.00      0.00      0.00      0.00
  9412.45      0.00      0.00      0.00      0.00      0.00      0.00      0.00      0.00      0.00      0.00      0.00      0.00
  9413.45      0.00      0.00      0.00      0.00      0.00      0.00      0.00      0.00      0.00      0.00      0.00      0.00
  9414.45      0.00      0.00      0.00      0.00      0.00      0.00      0.00      0.00      0.00      0.00      0.00      0.00
  9415.45      0.00      0.00      0.00      0.00      0.00      0.00      0.00      0.00      0.00      0.00      0.00      0.00
  9416.45      0.00      0.00      0.00      0.00      0.00      0.00      0.00      0.00      0.00      0.00      0.00      0.00
  9417.45      0.00      0.00      0.00      0.00      0.00      0.00      0.00      0.00      0.00      0.00      0.00      0.00
  9418.45      0.00      0.00      0.00      0.00      0.00      0.00      0.00      0.00      0.00      0.00      0.00      0.00
  9419.45      0.00      0.00      0.00      0.00      0.00      0.00      0.00      0.00      0.00      0.00      0.00      0.00
  9420.45      0.00      0.00      0.00      0.00      0.00      0.00      0.00      0.00      0.00      0.00      0.00      0.00
  9421.45      0.00      0.00      0.00      0.00      0.00      0.00      0.00      0.00      0.00      0.00      0.00      0.00
  9422.45      0.00      0.00      0.00      0.00      0.00      0.00      0.00      0.00      0.00      0.00      0.00      0.00
  9423.45      0.00      0.00      0.00      0.00      0.00      0.00      0.00      0.00      0.00      0.00      0.00      0.00
  9424.45      0.00      0.00      0.00      0.00      0.00      0.00      0.00      0.00      0.00      0.00      0.00      0.00
  9425.45      0.00      0.00      0.00      0.00      0.00      0.00      0.00      0.00      0.00      0.00      0.00      0.00
  9426.45      0.00      0.00      0.00      0.00      0.00      0.00      0.00      0.00      0.00      0.00      0.00      0.00
  9427.45      0.00      0.00      0.00      0.00      0.00      0.00      0.00      0.00      0.00      0.00      0.00      0.00
  9428.45      0.00      0.00      0.00      0.00      0.00      0.00      0.00      0.00      0.00      0.00      0.00      0.00
  9429.45      0.00      0.00      0.00      0.00      0.00      0.00      0.00      0.00      0.00      0.00      0.00      0.00
  9430.45      0.00      0.00      0.00      0.00      0.00      0.00      0.00      0.00      0.00      0.00      0.00      0.00
  9431.45      0.00      0.00      0.00      0.00      0.00      0.00      0.00      0.00      0.00      0.00      0.00      0.00
  9432.45      0.00      0.00      0.00      0.00      0.00      0.00      0.00      0.00      0.00      0.00      0.00      0.00
  9433.45      0.00      0.00      0.00      0.00      0.00      0.00      0.00      0.00      0.00      0.00      0.00      0.00
  9434.45      0.00      0.00      0.00      0.00      0.00      0.00      0.00      0.00      0.00      0.00      0.00      0.00
  9435.45      0.00      0.00      0.00      0.00      0.00      0.00      0.00      0.00      0.00      0.00      0.00      0.00
  9436.45      0.00      0.00      0.00      0.00      0.00      0.00      0.00      0.00      0.00      0.00      0.00      0.00
  9437.45      0.00      0.00      0.00      0.00      0.00      0.00      0.00      0.00      0.00      0.00      0.00      0.00
  9438.45      0.00      0.00      0.00      0.00      0.00      0.00      0.00      0.00      0.00      0.00      0.00      0.00
  9439.45      0.00      0.00      0.00      0.00      0.00      0.00      0.00      0.00      0.00      0.00      0.00      0.00
  9440.45      0.00      0.00      0.00      0.00      0.00      0.00      0.00      0.00      0.00      0.00      0.00      0.00
  9441.45      0.00      0.00      0.00      0.00      0.00      0.00      0.00      0.00      0.00      0.00      0.00      0.00
  9442.45      0.00      0.00      0.00      0.00      0.00      0.00      0.00      0.00      0.00      0.00      0.00      0.00
  9443.45      0.00      0.00      0.00      0.00      0.00      0.00      0.00      0.00      0.00      0.00      0.00      0.00
  9444.45      0.00      0.00      0.00      0.00      0.00      0.00      0.00      0.00      0.00      0.00      0.00      0.00
  9445.45      0.00      0.00      0.00      0.00      0.00      0.00      0.00      0.00      0.00      0.00      0.00      0.00
  9446.45      0.00      0.00      0.00      0.00      0.00      0.00      0.00      0.00      0.00      0.00      0.00      0.00
  9447.45      0.00      0.00      0.00      0.00      0.00      0.00      0.00      0.00      0.00      0.00      0.00      0.00
  9448.45      0.00      0.00      0.00      0.00      0.00      0.00      0.00      0.00      0.00      0.00      0.00      0.00
  9449.45      0.00      0.00      0.00      0.00      0.00      0.00      0.00      0.00      0.00      0.00      0.00      0.00
  9450.45      0.00      0.00      0.00      0.00      0.00      0.00      0.00      0.00      0.00      0.00      0.00      0.00
  9451.45      0.00      0.00      0.00      0.00      0.00      0.00      0.00      0.00      0.00      0.00      0.00      0.00
  9452.45      0.00      0.00      0.00      0.00      0.00      0.00      0.00      0.00      0.00      0.00      0.00      0.00
  9453.45      0.00      0.00      0.00      0.00      0.00      0.00      0.00      0.00      0.00      0.00      0.00      0.00
  9454.45      0.00      0.00      0.00      0.00      0.00      0.00      0.00      0.00      0.00      0.00      0.00      0.00
  9455.45      0.00      0.00      0.00      0.00      0.00      0.00      0.00      0.00      0.00      0.00      0.00      0.00
  9456.45      0.00      0.00      0.00      0.00      0.00      0.00      0.00      0.00      0.00      0.00      0.00      0.00
  9457.45      0.00      0.00      0.00      0.00      0.00      0.00      0.00      0.00      0.00      0.00      0.00      0.00
  9458.45      0.00      0.00      0.00      0.00      0.00      0.00      0.00      0.00      0.00      0.00      0.00      0.00
  9459.45      0.00      0.00      0.00      0.00      0.00      0.00      0.00      0.00      0.00      0.00      0.00      0.00
  9460.45      0.00      0.00      0.00      0.00      0.00      0.00      0.00      0.00      0.00      0.00      0.00      0.00
  9461.45      0.00      0.00      0.00      0.00      0.00      0.00      0.00      0.00      0.00      0.00      0.00      0.00
  9462.45      0.00      0.00      0.00      0.00      0.00      0.00      0.00      0.00      0.00      0.00      0.00      0.00
  9463.45      0.00      0.00      0.00      0.00      0.00      0.00      0.00      0.00      0.00      0.00      0.00      0.00
  9464.45      0.00      0.00      0.00      0.00      0.00      0.00      0.00      0.00      0.00      0.00      0.00      0.00
  9465.45      0.00      0.00      0.00      0.00      0.00      0.00      0.00      0.00      0.00      0.00      0.00      0.00
  9466.45      0.00      0.00      0.00      0.00      0.00      0.00      0.00      0.00      0.00      0.00      0.00      0.00
  9467.45      0.00      0.00      0.00      0.00      0.00      0.00      0.00      0.00      0.00      0.00      0.00      0.00
  9468.45      0.00      0.00      0.00      0.00      0.00      0.00      0.00      0.00      0.00      0.00      0.00      0.00
  9469.45      0.00      0.00      0.00      0.00      0.00      0.00      0.00      0.00      0.00      0.00      0.00      0.00
  9470.45      0.00      0.00      0.00      0.00      0.00      0.00      0.00      0.00      0.00      0.00      0.00      0.00
  9471.45      0.00      0.00      0.00      0.00      0.00      0.00      0.00      0.00      0.00      0.00      0.00      0.00
  9472.45      0.00      0.00      0.00      0.00      0.00      0.00      0.00      0.00      0.00      0.00      0.00      0.00
  9473.45      0.00      0.00      0.00      0.00      0.00      0.00      0.00      0.00      0.00      0.00      0.00      0.00
  9474.45      0.00      0.00      0.00      0.00      0.00      0.00      0.00      0.00      0.00      0.00      0.00      0.00
  9475.45      0.00      0.00      0.00      0.00      0.00      0.00      0.00      0.00      0.00      0.00      0.00      0.00
  9476.45      0.00      0.00      0.00      0.00      0.00      0.00      0.00      0.00      0.00      0.00      0.00      0.00
  9477.45      0.00      0.00      0.00      0.00      0.00      0.00      0.00      0.00      0.00      0.00      0.00      0.00
  9478.45      0.00      0.00      0.00      0.00      0.00      0.00      0.00      0.00      0.00      0.00      0.00      0.00
  9479.45      0.00      0.00      0.00      0.00      0.00      0.00      0.00      0.00      0.00      0.00      0.00      0.00
  9480.45      0.00      0.00      0.00      0.00      0.00      0.00      0.00      0.00      0.00      0.00      0.00      0.00
  9481.45      0.00      0.00      0.00      0.00      0.00      0.00      0.00      0.00      0.00      0.00      0.00      0.00
  9482.45      0.00      0.00      0.00      0.00      0.00      0.00      0.00      0.00      0.00      0.00      0.00      0.00
  9483.45      0.00      0.00      0.00      0.00      0.00      0.00      0.00      0.00      0.00      0.00      0.00      0.00
  9484.45      0.00      0.00      0.00      0.00      0.00      0.00      0.00      0.00      0.00      0.00      0.00      0.00
  9485.45      0.00      0.00      0.00      0.00      0.00      0.00      0.00      0.00      0.00      0.00      0.00      0.00
  9486.45      0.00      0.00      0.00      0.00      0.00      0.00      0.00      0.00      0.00      0.00      0.00      0.00
  9487.45      0.00      0.00      0.00      0.00      0.00      0.00      0.00      0.00      0.00      0.00      0.00      0.00
  9488.45      0.00      0.00      0.00      0.00      0.00      0.00      0.00      0.00      0.00      0.00      0.00      0.00
  9489.45      0.00      0.00      0.00      0.00      0.00      0.00      0.00      0.00      0.00      0.00      0.00      0.00
  9490.45      0.00      0.00      0.00      0.00      0.00      0.00      0.00      0.00      0.00      0.00      0.00      0.00
  9491.45      0.00      0.00      0.00      0.00      0.00      0.00      0.00      0.00      0.00      0.00      0.00      0.00
  9492.45      0.00      0.00      0.00      0.00      0.00      0.00      0.00      0.00      0.00      0.00      0.00      0.00
  9493.45      0.00      0.00      0.00      0.00      0.00      0.00      0.00      0.00      0.00      0.00      0.00      0.00
  9494.45      0.00      0.00      0.00      0.00      0.00      0.00      0.00      0.00      0.00      0.00      0.00      0.00
  9495.45      0.00      0.00      0.00      0.00      0.00      0.00      0.00      0.00      0.00      0.00      0.00      0.00
  9496.45      0.00      0.00      0.00      0.00      0.00      0.00      0.00      0.00      0.00      0.00      0.00      0.00
  9497.45      0.00      0.00      0.00      0.00      0.00      0.00      0.00      0.00      0.00      0.00      0.00      0.00
  9498.45      0.00      0.00      0.00      0.00      0.00      0.00      0.00      0.00      0.00      0.00      0.00      0.00
  9499.45      0.00      0.00      0.00      0.00      0.00      0.00      0.00      0.00      0.00      0.00      0.00      0.00
  9500.45      0.00      0.00      0.00      0.00      0.00      0.00      0.00      0.00      0.00      0.00      0.00      0.00
  9501.45      0.00      0.00      0.00      0.00      0.00      0.00      0.00      0.00      0.00      0.00      0.00      0.00
  9502.45      0.00      0.00      0.00      0.00      0.00      0.00      0.00      0.00      0.00      0.00      0.00      0.00
  9503.45      0.00      0.00      0.00      0.00      0.00      0.00      0.00      0.00      0.00      0.00      0.00      0.00
  9504.45      0.00      0.00      0.00      0.00      0.00      0.00      0.00      0.00      0.00      0.00      0.00      0.00
  9505.45      0.00      0.00      0.00      0.00      0.00      0.00      0.00      0.00      0.00      0.00      0.00      0.00
  9506.45      0.00      0.00      0.00      0.00      0.00      0.00      0.00      0.00      0.00      0.00      0.00      0.00
  9507.45      0.00      0.00      0.00      0.00      0.00      0.00      0.00      0.00      0.00      0.00      0.00      0.00
  9508.45      0.00      0.00      0.00      0.00      0.00      0.00      0.00      0.00      0.00      0.00      0.00      0.00
  9509.45      0.00      0.00      0.00      0.00      0.00      0.00      0.00      0.00      0.00      0.00      0.00      0.00
  9510.45      0.00      0.00      0.00      0.00      0.00      0.00      0.00      0.00      0.00      0.00      0.00      0.00
  9511.45      0.00      0.00      0.00      0.00      0.00      0.00      0.00      0.00      0.00      0.00      0.00      0.00
  9512.45      0.00      0.00      0.00      0.00      0.00      0.00      0.00      0.00      0.00      0.00      0.00      0.00
  9513.45      0.00      0.00      0.00      0.00      0.00      0.00      0.00      0.00      0.00      0.00      0.00      0.00
  9514.45      0.00      0.00      0.00      0.00      0.00      0.00      0.00      0.00      0.00      0.00      0.00      0.00
  9515.45      0.00      0.00      0.00      0.00      0.00      0.00      0.00      0.00      0.00      0.00      0.00      0.00
  9516.45      0.00      0.00      0.00      0.00      0.00      0.00      0.00      0.00      0.00      0.00      0.00      0.00
  9517.45      0.00      0.00      0.00      0.00      0.00      0.00      0.00      0.00      0.00      0.00      0.00      0.00
  9518.45      0.00      0.00      0.00      0.00      0.00      0.00      0.00      0.00      0.00      0.00      0.00      0.00
  9519.45      0.00      0.00      0.00      0.00      0.00      0.00      0.00      0.00      0.00      0.00      0.00      0.00
  9520.45      0.00      0.00      0.00      0.00      0.00      0.00      0.00      0.00      0.00      0.00      0.00      0.00
  9521.45      0.00      0.00      0.00      0.00      0.00      0.00      0.00      0.00      0.00      0.00      0.00      0.00
  9522.45      0.00      0.00      0.00      0.00      0.00      0.00      0.00      0.00      0.00      0.00      0.00      0.00
  9523.45      0.00      0.00      0.00      0.00      0.00      0.00      0.00      0.00      0.00      0.00      0.00      0.00
  9524.45      0.00      0.00      0.00      0.00      0.00      0.00      0.00      0.00      0.00      0.00      0.00      0.00
  9525.45      0.00      0.00      0.00      0.00      0.00      0.00      0.00      0.00      0.00      0.00      0.00      0.00
  9526.45      0.00      0.00      0.00      0.00      0.00      0.00      0.00      0.00      0.00      0.00      0.00      0.00
  9527.45      0.00      0.00      0.00      0.00      0.00      0.00      0.00      0.00      0.00      0.00      0.00      0.00
  9528.45      0.00      0.00      0.00      0.00      0.00      0.00      0.00      0.00      0.00      0.00      0.00      0.00
  9529.45      0.00      0.00      0.00      0.00      0.00      0.00      0.00      0.00      0.00      0.00      0.00      0.00
  9530.45      0.00      0.00      0.00      0.00      0.00      0.00      0.00      0.00      0.00      0.00      0.00      0.00
  9531.45      0.00      0.00      0.00      0.00      0.00      0.00      0.00      0.00      0.00      0.00      0.00      0.00
  9532.45      0.00      0.00      0.00      0.00      0.00      0.00      0.00      0.00      0.00      0.00      0.00      0.00
  9533.45      0.00      0.00      0.00      0.00      0.00      0.00      0.00      0.00      0.00      0.00      0.00      0.00
  9534.45      0.00      0.00      0.00      0.00      0.00      0.00      0.00      0.00      0.00      0.00      0.00      0.00
  9535.45      0.00      0.00      0.00      0.00      0.00      0.00      0.00      0.00      0.00      0.00      0.00      0.00
  9536.45      0.00      0.00      0.00      0.00      0.00      0.00      0.00      0.00      0.00      0.00      0.00      0.00
  9537.45      0.00      0.00      0.00      0.00      0.00      0.00      0.00      0.00      0.00      0.00      0.00      0.00
  9538.45      0.00      0.00      0.00      0.00      0.00      0.00      0.00      0.00      0.00      0.00      0.00      0.00
  9539.45      0.00      0.00      0.00      0.00      0.00      0.00      0.00      0.00      0.00      0.00      0.00      0.00
  9540.45      0.00      0.00      0.00      0.00      0.00      0.00      0.00      0.00      0.00      0.00      0.00      0.00
  9541.45      0.00      0.00      0.00      0.00      0.00      0.00      0.00      0.00      0.00      0.00      0.00      0.00
  9542.45      0.00      0.00      0.00      0.00      0.00      0.00      0.00      0.00      0.00      0.00      0.00      0.00
  9543.45      0.00      0.00      0.00      0.00      0.00      0.00      0.00      0.00      0.00      0.00      0.00      0.00
  9544.45      0.00      0.00      0.00      0.00      0.00      0.00      0.00      0.00      0.00      0.00      0.00      0.00
  9545.45      0.00      0.00      0.00      0.00      0.00      0.00      0.00      0.00      0.00      0.00      0.00      0.00
  9546.45      0.00      0.00      0.00      0.00      0.00      0.00      0.00      0.00      0.00      0.00      0.00      0.00
  9547.45      0.00      0.00      0.00      0.00      0.00      0.00      0.00      0.00      0.00      0.00      0.00      0.00
  9548.45      0.00      0.00      0.00      0.00      0.00      0.00      0.00      0.00      0.00      0.00      0.00      0.00
  9549.45      0.00      0.00      0.00      0.00      0.00      0.00      0.00      0.00      0.00      0.00      0.00      0.00
  9550.45      0.00      0.00      0.00      0.00      0.00      0.00      0.00      0.00      0.00      0.00      0.00      0.00
  9551.45      0.00      0.00      0.00      0.00      0.00      0.00      0.00      0.00      0.00      0.00      0.00      0.00
  9552.45      0.00      0.00      0.00      0.00      0.00      0.00      0.00      0.00      0.00      0.00      0.00      0.00
  9553.45      0.00      0.00      0.00      0.00      0.00      0.00      0.00      0.00      0.00      0.00      0.00      0.00
  9554.45      0.00      0.00      0.00      0.00      0.00      0.00      0.00      0.00      0.00      0.00      0.00      0.00
  9555.45      0.00      0.00      0.00      0.00      0.00      0.00      0.00      0.00      0.00      0.00      0.00      0.00
  9556.45      0.00      0.00      0.00      0.00      0.00      0.00      0.00      0.00      0.00      0.00      0.00      0.00
  9557.45      0.00      0.00      0.00      0.00      0.00      0.00      0.00      0.00      0.00      0.00      0.00      0.00
  9558.45      0.00      0.00      0.00      0.00      0.00      0.00      0.00      0.00      0.00      0.00      0.00      0.00
  9559.45      0.00      0.00      0.00      0.00      0.00      0.00      0.00      0.00      0.00      0.00      0.00      0.00
  9560.45      0.00      0.00      0.00      0.00      0.00      0.00      0.00      0.00      0.00      0.00      0.00      0.00
  9561.45      0.00      0.00      0.00      0.00      0.00      0.00      0.00      0.00      0.00      0.00      0.00      0.00
  9562.45      0.00      0.00      0.00      0.00      0.00      0.00      0.00      0.00      0.00      0.00      0.00      0.00
  9563.45      0.00      0.00      0.00      0.00      0.00      0.00      0.00      0.00      0.00      0.00      0.00      0.00
  9564.45      0.00      0.00      0.00      0.00      0.00      0.00      0.00      0.00      0.00      0.00      0.00      0.00
  9565.45      0.00      0.00      0.00      0.00      0.00      0.00      0.00      0.00      0.00      0.00      0.00      0.00
  9566.45      0.00      0.00      0.00      0.00      0.00      0.00      0.00      0.00      0.00      0.00      0.00      0.00
  9567.45      0.00      0.00      0.00      0.00      0.00      0.00      0.00      0.00      0.00      0.00      0.00      0.00
  9568.45      0.00      0.00      0.00      0.00      0.00      0.00      0.00      0.00      0.00      0.00      0.00      0.00
  9569.45      0.00      0.00      0.00      0.00      0.00      0.00      0.00      0.00      0.00      0.00      0.00      0.00
  9570.45      0.00      0.00      0.00      0.00      0.00      0.00      0.00      0.00      0.00      0.00      0.00      0.00
  9571.45      0.00      0.00      0.00      0.00      0.00      0.00      0.00      0.00      0.00      0.00      0.00      0.00
  9572.45      0.00      0.00      0.00      0.00      0.00      0.00      0.00      0.00      0.00      0.00      0.00      0.00
  9573.45      0.00      0.00      0.00      0.00      0.00      0.00      0.00      0.00      0.00      0.00      0.00      0.00
  9574.45      0.00      0.00      0.00      0.00      0.00      0.00      0.00      0.00      0.00      0.00      0.00      0.00
  9575.45      0.00      0.00      0.00      0.00      0.00      0.00      0.00      0.00      0.00      0.00      0.00      0.00
  9576.45      0.00      0.00      0.00      0.00      0.00      0.00      0.00      0.00      0.00      0.00      0.00      0.00
  9577.45      0.00      0.00      0.00      0.00      0.00      0.00      0.00      0.00      0.00      0.00      0.00      0.00
  9578.45      0.00      0.00      0.00      0.00      0.00      0.00      0.00      0.00      0.00      0.00      0.00      0.00
  9579.45      0.00      0.00      0.00      0.00      0.00      0.00      0.00      0.00      0.00      0.00      0.00      0.00
  9580.45      0.00      0.00      0.00      0.00      0.00      0.00      0.00      0.00      0.00      0.00      0.00      0.00
  9581.45      0.00      0.00      0.00      0.00      0.00      0.00      0.00      0.00      0.00      0.00      0.00      0.00
  9582.45      0.00      0.00      0.00      0.00      0.00      0.00      0.00      0.00      0.00      0.00      0.00      0.00
  9583.45      0.00      0.00      0.00      0.00      0.00      0.00      0.00      0.00      0.00      0.00      0.00      0.00
  9584.45      0.00      0.00      0.00      0.00      0.00      0.00      0.00      0.00      0.00      0.00      0.00      0.00
  9585.45      0.00      0.00      0.00      0.00      0.00      0.00      0.00      0.00      0.00      0.00      0.00      0.00
  9586.45      0.00      0.00      0.00      0.00      0.00      0.00      0.00      0.00      0.00      0.00      0.00      0.00
  9587.45      0.00      0.00      0.00      0.00      0.00      0.00      0.00      0.00      0.00      0.00      0.00      0.00
  9588.45      0.00      0.00      0.00      0.00      0.00      0.00      0.00      0.00      0.00      0.00      0.00      0.00
  9589.45      0.00      0.00      0.00      0.00      0.00      0.00      0.00      0.00      0.00      0.00      0.00      0.00
  9590.45      0.00      0.00      0.00      0.00      0.00      0.00      0.00      0.00      0.00      0.00      0.00      0.00
  9591.45      0.00      0.00      0.00      0.00      0.00      0.00      0.00      0.00      0.00      0.00      0.00      0.00
  9592.45      0.00      0.00      0.00      0.00      0.00      0.00      0.00      0.00      0.00      0.00      0.00      0.00
  9593.45      0.00      0.00      0.00      0.00      0.00      0.00      0.00      0.00      0.00      0.00      0.00      0.00
  9594.45      0.00      0.00      0.00      0.00      0.00      0.00      0.00      0.00      0.00      0.00      0.00      0.00
  9595.45      0.00      0.00      0.00      0.00      0.00      0.00      0.00      0.00      0.00      0.00      0.00      0.00
  9596.45      0.00      0.00      0.00      0.00      0.00      0.00      0.00      0.00      0.00      0.00      0.00      0.00
  9597.45      0.00      0.00      0.00      0.00      0.00      0.00      0.00      0.00      0.00      0.00      0.00      0.00
  9598.45      0.00      0.00      0.00      0.00      0.00      0.00      0.00      0.00      0.00      0.00      0.00      0.00
  9599.45      0.00      0.00      0.00      0.00      0.00      0.00      0.00      0.00      0.00      0.00      0.00      0.00
  9600.45      0.00      0.00      0.00      0.00      0.00      0.00      0.00      0.00      0.00      0.00      0.00      0.00
  9601.45      0.00      0.00      0.00      0.00      0.00      0.00      0.00      0.00      0.00      0.00      0.00      0.00
  9602.45      0.00      0.00      0.00      0.00      0.00      0.00      0.00      0.00      0.00      0.00      0.00      0.00
  9603.45      0.00      0.00      0.00      0.00      0.00      0.00      0.00      0.00      0.00      0.00      0.00      0.00
  9604.45      0.00      0.00      0.00      0.00      0.00      0.00      0.00      0.00      0.00      0.00      0.00      0.00
  9605.45      0.00      0.00      0.00      0.00      0.00      0.00      0.00      0.00      0.00      0.00      0.00      0.00
  9606.45      0.00      0.00      0.00      0.00      0.00      0.00      0.00      0.00      0.00      0.00      0.00      0.00
  9607.45      0.00      0.00      0.00      0.00      0.00      0.00      0.00      0.00      0.00      0.00      0.00      0.00
  9608.45      0.00      0.00      0.00      0.00      0.00      0.00      0.00      0.00      0.00      0.00      0.00      0.00
  9609.45      0.00      0.00      0.00      0.00      0.00      0.00      0.00      0.00      0.00      0.00      0.00      0.00
  9610.45      0.00      0.00      0.00      0.00      0.00      0.00      0.00      0.00      0.00      0.00      0.00      0.00
  9611.45      0.00      0.00      0.00      0.00      0.00      0.00      0.00      0.00      0.00      0.00      0.00      0.00
  9612.45      0.00      0.00      0.00      0.00      0.00      0.00      0.00      0.00      0.00      0.00      0.00      0.00
  9613.45      0.00      0.00      0.00      0.00      0.00      0.00      0.00      0.00      0.00      0.00      0.00      0.00
  9614.45      0.00      0.00      0.00      0.00      0.00      0.00      0.00      0.00      0.00      0.00      0.00      0.00
  9615.45      0.00      0.00      0.00      0.00      0.00      0.00      0.00      0.00      0.00      0.00      0.00      0.00
  9616.45      0.00      0.00      0.00      0.00      0.00      0.00      0.00      0.00      0.00      0.00      0.00      0.00
  9617.45      0.00      0.00      0.00      0.00      0.00      0.00      0.00      0.00      0.00      0.00      0.00      0.00
  9618.45      0.00      0.00      0.00      0.00      0.00      0.00      0.00      0.00      0.00      0.00      0.00      0.00
  9619.45      0.00      0.00      0.00      0.00      0.00      0.00      0.00      0.00      0.00      0.00      0.00      0.00
  9620.45      0.00      0.00      0.00      0.00      0.00      0.00      0.00      0.00      0.00      0.00      0.00      0.00
  9621.45      0.00      0.00      0.00      0.00      0.00      0.00      0.00      0.00      0.00      0.00      0.00      0.00
  9622.45      0.00      0.00      0.00      0.00      0.00      0.00      0.00      0.00      0.00      0.00      0.00      0.00
  9623.45      0.00      0.00      0.00      0.00      0.00      0.00      0.00      0.00      0.00      0.00      0.00      0.00
  9624.45      0.00      0.00      0.00      0.00      0.00      0.00      0.00      0.00      0.00      0.00      0.00      0.00
  9625.45      0.00      0.00      0.00      0.00      0.00      0.00      0.00      0.00      0.00      0.00      0.00      0.00
  9626.45      0.00      0.00      0.00      0.00      0.00      0.00      0.00      0.00      0.00      0.00      0.00      0.00
  9627.45      0.00      0.00      0.00      0.00      0.00      0.00      0.00      0.00      0.00      0.00      0.00      0.00
  9628.45      0.00      0.00      0.00      0.00      0.00      0.00      0.00      0.00      0.00      0.00      0.00      0.00
  9629.45      0.00      0.00      0.00      0.00      0.00      0.00      0.00      0.00      0.00      0.00      0.00      0.00
  9630.45      0.00      0.00      0.00      0.00      0.00      0.00      0.00      0.00      0.00      0.00      0.00      0.00
  9631.45      0.00      0.00      0.00      0.00      0.00      0.00      0.00      0.00      0.00      0.00      0.00      0.00
  9632.45      0.00      0.00      0.00      0.00      0.00      0.00      0.00      0.00      0.00      0.00      0.00      0.00
  9633.45      0.00      0.00      0.00      0.00      0.00      0.00      0.00      0.00      0.00      0.00      0.00      0.00
  9634.45      0.00      0.00      0.00      0.00      0.00      0.00      0.00      0.00      0.00      0.00      0.00      0.00
  9635.45      0.00      0.00      0.00      0.00      0.00      0.00      0.00      0.00      0.00      0.00      0.00      0.00
  9636.45      0.00      0.00      0.00      0.00      0.00      0.00      0.00      0.00      0.00      0.00      0.00      0.00
  9637.45      0.00      0.00      0.00      0.00      0.00      0.00      0.00      0.00      0.00      0.00      0.00      0.00
  9638.45      0.00      0.00      0.00      0.00      0.00      0.00      0.00      0.00      0.00      0.00      0.00      0.00
  9639.45      0.00      0.00      0.00      0.00      0.00      0.00      0.00      0.00      0.00      0.00      0.00      0.00
  9640.45      0.00      0.00      0.00      0.00      0.00      0.00      0.00      0.00      0.00      0.00      0.00      0.00
  9641.45      0.00      0.00      0.00      0.00      0.00      0.00      0.00      0.00      0.00      0.00      0.00      0.00
  9642.45      0.00      0.00      0.00      0.00      0.00      0.00      0.00      0.00      0.00      0.00      0.00      0.00
  9643.45      0.00      0.00      0.00      0.00      0.00      0.00      0.00      0.00      0.00      0.00      0.00      0.00
  9644.45      0.00      0.00      0.00      0.00      0.00      0.00      0.00      0.00      0.00      0.00      0.00      0.00
  9645.45      0.00      0.00      0.00      0.00      0.00      0.00      0.00      0.00      0.00      0.00      0.00      0.00
  9646.45      0.00      0.00      0.00      0.00      0.00      0.00      0.00      0.00      0.00      0.00      0.00      0.00
  9647.45      0.00      0.00      0.00      0.00      0.00      0.00      0.00      0.00      0.00      0.00      0.00      0.00
  9648.45      0.00      0.00      0.00      0.00      0.00      0.00      0.00      0.00      0.00      0.00      0.00      0.00
  9649.45      0.00      0.00      0.00      0.00      0.00      0.00      0.00      0.00      0.00      0.00      0.00      0.00
  9650.45      0.00      0.00      0.00      0.00      0.00      0.00      0.00      0.00      0.00      0.00      0.00      0.00
  9651.45      0.00      0.00      0.00      0.00      0.00      0.00      0.00      0.00      0.00      0.00      0.00      0.00
  9652.45      0.00      0.00      0.00      0.00      0.00      0.00      0.00      0.00      0.00      0.00      0.00      0.00
  9653.45      0.00      0.00      0.00      0.00      0.00      0.00      0.00      0.00      0.00      0.00      0.00      0.00
  9654.45      0.00      0.00      0.00      0.00      0.00      0.00      0.00      0.00      0.00      0.00      0.00      0.00
  9655.45      0.00      0.00      0.00      0.00      0.00      0.00      0.00      0.00      0.00      0.00      0.00      0.00
  9656.45      0.00      0.00      0.00      0.00      0.00      0.00      0.00      0.00      0.00      0.00      0.00      0.00
  9657.45      0.00      0.00      0.00      0.00      0.00      0.00      0.00      0.00      0.00      0.00      0.00      0.00
  9658.45      0.00      0.00      0.00      0.00      0.00      0.00      0.00      0.00      0.00      0.00      0.00      0.00
  9659.45      0.00      0.00      0.00      0.00      0.00      0.00      0.00      0.00      0.00      0.00      0.00      0.00
  9660.45      0.00      0.00      0.00      0.00      0.00      0.00      0.00      0.00      0.00      0.00      0.00      0.00
  9661.45      0.00      0.00      0.00      0.00      0.00      0.00      0.00      0.00      0.00      0.00      0.00      0.00
  9662.45      0.00      0.00      0.00      0.00      0.00      0.00      0.00      0.00      0.00      0.00      0.00      0.00
  9663.45      0.00      0.00      0.00      0.00      0.00      0.00      0.00      0.00      0.00      0.00      0.00      0.00
  9664.45      0.00      0.00      0.00      0.00      0.00      0.00      0.00      0.00      0.00      0.00      0.00      0.00
  9665.45      0.00      0.00      0.00      0.00      0.00      0.00      0.00      0.00      0.00      0.00      0.00      0.00
  9666.45      0.00      0.00      0.00      0.00      0.00      0.00      0.00      0.00      0.00      0.00      0.00      0.00
  9667.45      0.00      0.00      0.00      0.00      0.00      0.00      0.00      0.00      0.00      0.00      0.00      0.00
  9668.45      0.00      0.00      0.00      0.00      0.00      0.00      0.00      0.00      0.00      0.00      0.00      0.00
  9669.45      0.00      0.00      0.00      0.00      0.00      0.00      0.00      0.00      0.00      0.00      0.00      0.00
  9670.45      0.00      0.00      0.00      0.00      0.00      0.00      0.00      0.00      0.00      0.00      0.00      0.00
  9671.45      0.00      0.00      0.00      0.00      0.00      0.00      0.00      0.00      0.00      0.00      0.00      0.00
  9672.45      0.00      0.00      0.00      0.00      0.00      0.00      0.00      0.00      0.00      0.00      0.00      0.00
  9673.45      0.00      0.00      0.00      0.00      0.00      0.00      0.00      0.00      0.00      0.00      0.00      0.00
  9674.45      0.00      0.00      0.00      0.00      0.00      0.00      0.00      0.00      0.00      0.00      0.00      0.00
  9675.45      0.00      0.00      0.00      0.00      0.00      0.00      0.00      0.00      0.00      0.00      0.00      0.00
  9676.45      0.00      0.00      0.00      0.00      0.00      0.00      0.00      0.00      0.00      0.00      0.00      0.00
  9677.45      0.00      0.00      0.00      0.00      0.00      0.00      0.00      0.00      0.00      0.00      0.00      0.00
  9678.45      0.00      0.00      0.00      0.00      0.00      0.00      0.00      0.00      0.00      0.00      0.00      0.00
  9679.45      0.00      0.00      0.00      0.00      0.00      0.00      0.00      0.00      0.00      0.00      0.00      0.00
  9680.45      0.00      0.00      0.00      0.00      0.00      0.00      0.00      0.00      0.00      0.00      0.00      0.00
  9681.45      0.00      0.00      0.00      0.00      0.00      0.00      0.00      0.00      0.00      0.00      0.00      0.00
  9682.45      0.00      0.00      0.00      0.00      0.00      0.00      0.00      0.00      0.00      0.00      0.00      0.00
  9683.45      0.00      0.00      0.00      0.00      0.00      0.00      0.00      0.00      0.00      0.00      0.00      0.00
  9684.45      0.00      0.00      0.00      0.00      0.00      0.00      0.00      0.00      0.00      0.00      0.00      0.00
  9685.45      0.00      0.00      0.00      0.00      0.00      0.00      0.00      0.00      0.00      0.00      0.00      0.00
  9686.45      0.00      0.00      0.00      0.00      0.00      0.00      0.00      0.00      0.00      0.00      0.00      0.00
  9687.45      0.00      0.00      0.00      0.00      0.00      0.00      0.00      0.00      0.00      0.00      0.00      0.00
  9688.45      0.00      0.00      0.00      0.00      0.00      0.00      0.00      0.00      0.00      0.00      0.00      0.00
  9689.45      0.00      0.00      0.00      0.00      0.00      0.00      0.00      0.00      0.00      0.00      0.00      0.00
  9690.45      0.00      0.00      0.00      0.00      0.00      0.00      0.00      0.00      0.00      0.00      0.00      0.00
  9691.45      0.00      0.00      0.00      0.00      0.00      0.00      0.00      0.00      0.00      0.00      0.00      0.00
  9692.45      0.00      0.00      0.00      0.00      0.00      0.00      0.00      0.00      0.00      0.00      0.00      0.00
  9693.45      0.00      0.00      0.00      0.00      0.00      0.00      0.00      0.00      0.00      0.00      0.00      0.00
  9694.45      0.00      0.00      0.00      0.00      0.00      0.00      0.00      0.00      0.00      0.00      0.00      0.00
  9695.45      0.00      0.00      0.00      0.00      0.00      0.00      0.00      0.00      0.00      0.00      0.00      0.00
  9696.45      0.00      0.00      0.00      0.00      0.00      0.00      0.00      0.00      0.00      0.00      0.00      0.00
  9697.45      0.00      0.00      0.00      0.00      0.00      0.00      0.00      0.00      0.00      0.00      0.00      0.00
  9698.45      0.00      0.00      0.00      0.00      0.00      0.00      0.00      0.00      0.00      0.00      0.00      0.00
  9699.45      0.00      0.00      0.00      0.00      0.00      0.00      0.00      0.00      0.00      0.00      0.00      0.00
  9700.45      0.00      0.00      0.00      0.00      0.00      0.00      0.00      0.00      0.00      0.00      0.00      0.00
  9701.45      0.00      0.00      0.00      0.00      0.00      0.00      0.00      0.00      0.00      0.00      0.00      0.00
  9702.45      0.00      0.00      0.00      0.00      0.00      0.00      0.00      0.00      0.00      0.00      0.00      0.00
  9703.45      0.00      0.00      0.00      0.00      0.00      0.00      0.00      0.00      0.00      0.00      0.00      0.00
  9704.45      0.00      0.00      0.00      0.00      0.00      0.00      0.00      0.00      0.00      0.00      0.00      0.00
  9705.45      0.00      0.00      0.00      0.00      0.00      0.00      0.00      0.00      0.00      0.00      0.00      0.00
  9706.45      0.00      0.00      0.00      0.00      0.00      0.00      0.00      0.00      0.00      0.00      0.00      0.00
  9707.45      0.00      0.00      0.00      0.00      0.00      0.00      0.00      0.00      0.00      0.00      0.00      0.00
  9708.45      0.00      0.00      0.00      0.00      0.00      0.00      0.00      0.00      0.00      0.00      0.00      0.00
  9709.45      0.00      0.00      0.00      0.00      0.00      0.00      0.00      0.00      0.00      0.00      0.00      0.00
  9710.45      0.00      0.00      0.00      0.00      0.00      0.00      0.00      0.00      0.00      0.00      0.00      0.00
  9711.45      0.00      0.00      0.00      0.00      0.00      0.00      0.00      0.00      0.00      0.00      0.00      0.00
  9712.45      0.00      0.00      0.00      0.00      0.00      0.00      0.00      0.00      0.00      0.00      0.00      0.00
  9713.45      0.00      0.00      0.00      0.00      0.00      0.00      0.00      0.00      0.00      0.00      0.00      0.00
  9714.45      0.00      0.00      0.00      0.00      0.00      0.00      0.00      0.00      0.00      0.00      0.00      0.00
  9715.45      0.00      0.00      0.00      0.00      0.00      0.00      0.00      0.00      0.00      0.00      0.00      0.00
  9716.45      0.00      0.00      0.00      0.00      0.00      0.00      0.00      0.00      0.00      0.00      0.00      0.00
  9717.45      0.00      0.00      0.00      0.00      0.00      0.00      0.00      0.00      0.00      0.00      0.00      0.00
  9718.45      0.00      0.00      0.00      0.00      0.00      0.00      0.00      0.00      0.00      0.00      0.00      0.00
  9719.45      0.00      0.00      0.00      0.00      0.00      0.00      0.00      0.00      0.00      0.00      0.00      0.00
  9720.45      0.00      0.00      0.00      0.00      0.00      0.00      0.00      0.00      0.00      0.00      0.00      0.00
  9721.45      0.00      0.00      0.00      0.00      0.00      0.00      0.00      0.00      0.00      0.00      0.00      0.00
  9722.45      0.00      0.00      0.00      0.00      0.00      0.00      0.00      0.00      0.00      0.00      0.00      0.00
  9723.45      0.00      0.00      0.00      0.00      0.00      0.00      0.00      0.00      0.00      0.00      0.00      0.00
  9724.45      0.00      0.00      0.00      0.00      0.00      0.00      0.00      0.00      0.00      0.00      0.00      0.00
  9725.45      0.00      0.00      0.00      0.00      0.00      0.00      0.00      0.00      0.00      0.00      0.00      0.00
  9726.45      0.00      0.00      0.00      0.00      0.00      0.00      0.00      0.00      0.00      0.00      0.00      0.00
  9727.45      0.00      0.00      0.00      0.00      0.00      0.00      0.00      0.00      0.00      0.00      0.00      0.00
  9728.45      0.00      0.00      0.00      0.00      0.00      0.00      0.00      0.00      0.00      0.00      0.00      0.00
  9729.45      0.00      0.00      0.00      0.00      0.00      0.00      0.00      0.00      0.00      0.00      0.00      0.00
  9730.45      0.00      0.00      0.00      0.00      0.00      0.00      0.00      0.00      0.00      0.00      0.00      0.00
  9731.45      0.00      0.00      0.00      0.00      0.00      0.00      0.00      0.00      0.00      0.00      0.00      0.00
  9732.45      0.00      0.00      0.00      0.00      0.00      0.00      0.00      0.00      0.00      0.00      0.00      0.00
  9733.45      0.00      0.00      0.00      0.00      0.00      0.00      0.00      0.00      0.00      0.00      0.00      0.00
  9734.45      0.00      0.00      0.00      0.00      0.00      0.00      0.00      0.00      0.00      0.00      0.00      0.00
  9735.45      0.00      0.00      0.00      0.00      0.00      0.00      0.00      0.00      0.00      0.00      0.00      0.00
  9736.45      0.00      0.00      0.00      0.00      0.00      0.00      0.00      0.00      0.00      0.00      0.00      0.00
  9737.45      0.00      0.00      0.00      0.00      0.00      0.00      0.00      0.00      0.00      0.00      0.00      0.00
  9738.45      0.00      0.00      0.00      0.00      0.00      0.00      0.00      0.00      0.00      0.00      0.00      0.00
  9739.45      0.00      0.00      0.00      0.00      0.00      0.00      0.00      0.00      0.00      0.00      0.00      0.00
  9740.45      0.00      0.00      0.00      0.00      0.00      0.00      0.00      0.00      0.00      0.00      0.00      0.00
  9741.45      0.00      0.00      0.00      0.00      0.00      0.00      0.00      0.00      0.00      0.00      0.00      0.00
  9742.45      0.00      0.00      0.00      0.00      0.00      0.00      0.00      0.00      0.00      0.00      0.00      0.00
  9743.45      0.00      0.00      0.00      0.00      0.00      0.00      0.00      0.00      0.00      0.00      0.00      0.00
  9744.45      0.00      0.00      0.00      0.00      0.00      0.00      0.00      0.00      0.00      0.00      0.00      0.00
  9745.45      0.00      0.00      0.00      0.00      0.00      0.00      0.00      0.00      0.00      0.00      0.00      0.00
  9746.45      0.00      0.00      0.00      0.00      0.00      0.00      0.00      0.00      0.00      0.00      0.00      0.00
  9747.45      0.00      0.00      0.00      0.00      0.00      0.00      0.00      0.00      0.00      0.00      0.00      0.00
  9748.45      0.00      0.00      0.00      0.00      0.00      0.00      0.00      0.00      0.00      0.00      0.00      0.00
  9749.45      0.00      0.00      0.00      0.00      0.00      0.00      0.00      0.00      0.00      0.00      0.00      0.00
  9750.45      0.00      0.00      0.00      0.00      0.00      0.00      0.00      0.00      0.00      0.00      0.00      0.00
  9751.45      0.00      0.00      0.00      0.00      0.00      0.00      0.00      0.00      0.00      0.00      0.00      0.00
  9752.45      0.00      0.00      0.00      0.00      0.00      0.00      0.00      0.00      0.00      0.00      0.00      0.00
  9753.45      0.00      0.00      0.00      0.00      0.00      0.00      0.00      0.00      0.00      0.00      0.00      0.00
  9754.45      0.00      0.00      0.00      0.00      0.00      0.00      0.00      0.00      0.00      0.00      0.00      0.00
  9755.45      0.00      0.00      0.00      0.00      0.00      0.00      0.00      0.00      0.00      0.00      0.00      0.00
  9756.45      0.00      0.00      0.00      0.00      0.00      0.00      0.00      0.00      0.00      0.00      0.00      0.00
  9757.45      0.00      0.00      0.00      0.00      0.00      0.00      0.00      0.00      0.00      0.00      0.00      0.00
  9758.45      0.00      0.00      0.00      0.00      0.00      0.00      0.00      0.00      0.00      0.00      0.00      0.00
  9759.45      0.00      0.00      0.00      0.00      0.00      0.00      0.00      0.00      0.00      0.00      0.00      0.00
  9760.45      0.00      0.00      0.00      0.00      0.00      0.00      0.00      0.00      0.00      0.00      0.00      0.00
  9761.45      0.00      0.00      0.00      0.00      0.00      0.00      0.00      0.00      0.00      0.00      0.00      0.00
  9762.45      0.00      0.00      0.00      0.00      0.00      0.00      0.00      0.00      0.00      0.00      0.00      0.00
  9763.45      0.00      0.00      0.00      0.00      0.00      0.00      0.00      0.00      0.00      0.00      0.00      0.00
  9764.45      0.00      0.00      0.00      0.00      0.00      0.00      0.00      0.00      0.00      0.00      0.00      0.00
  9765.45      0.00      0.00      0.00      0.00      0.00      0.00      0.00      0.00      0.00      0.00      0.00      0.00
  9766.45      0.00      0.00      0.00      0.00      0.00      0.00      0.00      0.00      0.00      0.00      0.00      0.00
  9767.45      0.00      0.00      0.00      0.00      0.00      0.00      0.00      0.00      0.00      0.00      0.00      0.00
  9768.45      0.00      0.00      0.00      0.00      0.00      0.00      0.00      0.00      0.00      0.00      0.00      0.00
  9769.45      0.00      0.00      0.00      0.00      0.00      0.00      0.00      0.00      0.00      0.00      0.00      0.00
  9770.45      0.00      0.00      0.00      0.00      0.00      0.00      0.00      0.00      0.00      0.00      0.00      0.00
  9771.45      0.00      0.00      0.00      0.00      0.00      0.00      0.00      0.00      0.00      0.00      0.00      0.00
  9772.45      0.00      0.00      0.00      0.00      0.00      0.00      0.00      0.00      0.00      0.00      0.00      0.00
  9773.45      0.00      0.00      0.00      0.00      0.00      0.00      0.00      0.00      0.00      0.00      0.00      0.00
  9774.45      0.00      0.00      0.00      0.00      0.00      0.00      0.00      0.00      0.00      0.00      0.00      0.00
  9775.45      0.00      0.00      0.00      0.00      0.00      0.00      0.00      0.00      0.00      0.00      0.00      0.00
  9776.45      0.00      0.00      0.00      0.00      0.00      0.00      0.00      0.00      0.00      0.00      0.00      0.00
  9777.45      0.00      0.00      0.00      0.00      0.00      0.00      0.00      0.00      0.00      0.00      0.00      0.00
  9778.45      0.00      0.00      0.00      0.00      0.00      0.00      0.00      0.00      0.00      0.00      0.00      0.00
  9779.45      0.00      0.00      0.00      0.00      0.00      0.00      0.00      0.00      0.00      0.00      0.00      0.00
  9780.45      0.00      0.00      0.00      0.00      0.00      0.00      0.00      0.00      0.00      0.00      0.00      0.00
  9781.45      0.00      0.00      0.00      0.00      0.00      0.00      0.00      0.00      0.00      0.00      0.00      0.00
  9782.45      0.00      0.00      0.00      0.00      0.00      0.00      0.00      0.00      0.00      0.00      0.00      0.00
  9783.45      0.00      0.00      0.00      0.00      0.00      0.00      0.00      0.00      0.00      0.00      0.00      0.00
  9784.45      0.00      0.00      0.00      0.00      0.00      0.00      0.00      0.00      0.00      0.00      0.00      0.00
  9785.45      0.00      0.00      0.00      0.00      0.00      0.00      0.00      0.00      0.00      0.00      0.00      0.00
  9786.45      0.00      0.00      0.00      0.00      0.00      0.00      0.00      0.00      0.00      0.00      0.00      0.00
  9787.45      0.00      0.00      0.00      0.00      0.00      0.00      0.00      0.00      0.00      0.00      0.00      0.00
  9788.45      0.00      0.00      0.00      0.00      0.00      0.00      0.00      0.00      0.00      0.00      0.00      0.00
  9789.45      0.00      0.00      0.00      0.00      0.00      0.00      0.00      0.00      0.00      0.00      0.00      0.00
  9790.45      0.00      0.00      0.00      0.00      0.00      0.00      0.00      0.00      0.00      0.00      0.00      0.00
  9791.45      0.00      0.00      0.00      0.00      0.00      0.00      0.00      0.00      0.00      0.00      0.00      0.00
  9792.45      0.00      0.00      0.00      0.00      0.00      0.00      0.00      0.00      0.00      0.00      0.00      0.00
  9793.45      0.00      0.00      0.00      0.00      0.00      0.00      0.00      0.00      0.00      0.00      0.00      0.00
  9794.45      0.00      0.00      0.00      0.00      0.00      0.00      0.00      0.00      0.00      0.00      0.00      0.00
  9795.45      0.00      0.00      0.00      0.00      0.00      0.00      0.00      0.00      0.00      0.00      0.00      0.00
  9796.45      0.00      0.00      0.00      0.00      0.00      0.00      0.00      0.00      0.00      0.00      0.00      0.00
  9797.45      0.00      0.00      0.00      0.00      0.00      0.00      0.00      0.00      0.00      0.00      0.00      0.00
  9798.45      0.00      0.00      0.00      0.00      0.00      0.00      0.00      0.00      0.00      0.00      0.00      0.00
  9799.45      0.00      0.00      0.00      0.00      0.00      0.00      0.00      0.00      0.00      0.00      0.00      0.00
  9800.45      0.00      0.00      0.00      0.00      0.00      0.00      0.00      0.00      0.00      0.00      0.00      0.00
  9801.45      0.00      0.00      0.00      0.00      0.00      0.00      0.00      0.00      0.00      0.00      0.00      0.00
  9802.45      0.00      0.00      0.00      0.00      0.00      0.00      0.00      0.00      0.00      0.00      0.00      0.00
  9803.45      0.00      0.00      0.00      0.00      0.00      0.00      0.00      0.00      0.00      0.00      0.00      0.00
  9804.45      0.00      0.00      0.00      0.00      0.00      0.00      0.00      0.00      0.00      0.00      0.00      0.00
  9805.45      0.00      0.00      0.00      0.00      0.00      0.00      0.00      0.00      0.00      0.00      0.00      0.00
  9806.45      0.00      0.00      0.00      0.00      0.00      0.00      0.00      0.00      0.00      0.00      0.00      0.00
  9807.45      0.00      0.00      0.00      0.00      0.00      0.00      0.00      0.00      0.00      0.00      0.00      0.00
  9808.45      0.00      0.00      0.00      0.00      0.00      0.00      0.00      0.00      0.00      0.00      0.00      0.00
  9809.45      0.00      0.00      0.00      0.00      0.00      0.00      0.00      0.00      0.00      0.00      0.00      0.00
  9810.45      0.00      0.00      0.00      0.00      0.00      0.00      0.00      0.00      0.00      0.00      0.00      0.00
  9811.45      0.00      0.00      0.00      0.00      0.00      0.00      0.00      0.00      0.00      0.00      0.00      0.00
  9812.45      0.00      0.00      0.00      0.00      0.00      0.00      0.00      0.00      0.00      0.00      0.00      0.00
  9813.45      0.00      0.00      0.00      0.00      0.00      0.00      0.00      0.00      0.00      0.00      0.00      0.00
  9814.45      0.00      0.00      0.00      0.00      0.00      0.00      0.00      0.00      0.00      0.00      0.00      0.00
  9815.45      0.00      0.00      0.00      0.00      0.00      0.00      0.00      0.00      0.00      0.00      0.00      0.00
  9816.45      0.00      0.00      0.00      0.00      0.00      0.00      0.00      0.00      0.00      0.00      0.00      0.00
  9817.45      0.00      0.00      0.00      0.00      0.00      0.00      0.00      0.00      0.00      0.00      0.00      0.00
  9818.45      0.00      0.00      0.00      0.00      0.00      0.00      0.00      0.00      0.00      0.00      0.00      0.00
  9819.45      0.00      0.00      0.00      0.00      0.00      0.00      0.00      0.00      0.00      0.00      0.00      0.00
  9820.45      0.00      0.00      0.00      0.00      0.00      0.00      0.00      0.00      0.00      0.00      0.00      0.00
  9821.45      0.00      0.00      0.00      0.00      0.00      0.00      0.00      0.00      0.00      0.00      0.00      0.00
  9822.45      0.00      0.00      0.00      0.00      0.00      0.00      0.00      0.00      0.00      0.00      0.00      0.00
  9823.45      0.00      0.00      0.00      0.00      0.00      0.00      0.00      0.00      0.00      0.00      0.00      0.00
  9824.45      0.00      0.00      0.00      0.00      0.00      0.00      0.00      0.00      0.00      0.00      0.00      0.00
  9825.45      0.00      0.00      0.00      0.00      0.00      0.00      0.00      0.00      0.00      0.00      0.00      0.00
  9826.45      0.00      0.00      0.00      0.00      0.00      0.00      0.00      0.00      0.00      0.00      0.00      0.00
  9827.45      0.00      0.00      0.00      0.00      0.00      0.00      0.00      0.00      0.00      0.00      0.00      0.00
  9828.45      0.00      0.00      0.00      0.00      0.00      0.00      0.00      0.00      0.00      0.00      0.00      0.00
  9829.45      0.00      0.00      0.00      0.00      0.00      0.00      0.00      0.00      0.00      0.00      0.00      0.00
  9830.45      0.00      0.00      0.00      0.00      0.00      0.00      0.00      0.00      0.00      0.00      0.00      0.00
  9831.45      0.00      0.00      0.00      0.00      0.00      0.00      0.00      0.00      0.00      0.00      0.00      0.00
  9832.45      0.00      0.00      0.00      0.00      0.00      0.00      0.00      0.00      0.00      0.00      0.00      0.00
  9833.45      0.00      0.00      0.00      0.00      0.00      0.00      0.00      0.00      0.00      0.00      0.00      0.00
