# using desi_quick_lbg.py -i rrtemplate-lbgV32sp.fits --ab-magnitude r=24.5 --total-exptime 4000 --nexp 4 --prefix /global/common/software/desi/users/jguy/lyaforecast/lyaforecast/resources/data/DESI-2-LBG/snr --template-index 2 --config desi-2
# run by jguy
# on 2026-01-16
# Lyman-alpha forest S/N per Ang for mean quasar with mean forest
# INFILE= rrtemplate-lbgV32sp.fits
# BAND= r
# MAG= 23.25
# EXPTIME= 4000.0
# NEXP= 4
#
# Wave SN(z=2.0) SN(z=2.25) SN(z=2.5) SN(z=2.75) SN(z=3.0) SN(z=3.25) SN(z=3.5) SN(z=3.75) SN(z=4.0) SN(z=4.25) SN(z=4.5) SN(z=4.75)
  3600.00      0.13      0.13      0.07      0.08      0.00      0.00      0.00      0.00      0.00      0.00      0.00      0.00
  3601.00      0.17      0.17      0.09      0.10      0.00      0.00      0.00      0.00      0.00      0.00      0.00      0.00
  3602.00      0.19      0.18      0.10      0.11      0.00      0.00      0.00      0.00      0.00      0.00      0.00      0.00
  3603.00      0.21      0.19      0.11      0.12      0.00      0.00      0.00      0.00      0.00      0.00      0.00      0.00
  3604.00      0.22      0.18      0.11      0.13      0.00      0.00      0.00      0.00      0.00      0.00      0.00      0.00
  3605.00      0.23      0.19      0.12      0.13      0.00      0.00      0.00      0.00      0.00      0.00      0.00      0.00
  3606.00      0.23      0.21      0.13      0.14      0.00      0.00      0.00      0.00      0.00      0.00      0.00      0.00
  3607.00      0.24      0.23      0.13      0.14      0.01      0.00      0.00      0.00      0.00      0.00      0.00      0.00
  3608.00      0.25      0.24      0.14      0.15      0.01      0.00      0.00      0.00      0.00      0.00      0.00      0.00
  3609.00      0.26      0.25      0.14      0.16      0.02      0.00      0.00      0.00      0.00      0.00      0.00      0.00
  3610.00      0.27      0.27      0.15      0.18      0.04      0.00      0.00      0.00      0.00      0.00      0.00      0.00
  3611.00      0.27      0.28      0.15      0.19      0.05      0.00      0.00      0.00      0.00      0.00      0.00      0.00
  3612.00      0.26      0.28      0.15      0.18      0.05      0.00      0.00      0.00      0.00      0.00      0.00      0.00
  3613.00      0.24      0.28      0.16      0.17      0.03      0.00      0.00      0.00      0.00      0.00      0.00      0.00
  3614.00      0.22      0.28      0.19      0.16      0.01      0.00      0.00      0.00      0.00      0.00      0.00      0.00
  3615.00      0.20      0.29      0.22      0.16      0.00      0.00      0.00      0.00      0.00      0.00      0.00      0.00
  3616.00      0.16      0.27      0.22      0.14      0.00      0.00      0.00      0.00      0.00      0.00      0.00      0.00
  3617.00      0.12      0.24      0.21      0.13      0.00      0.00      0.00      0.00      0.00      0.00      0.00      0.00
  3618.00      0.10      0.24      0.22      0.14      0.00      0.00      0.00      0.00      0.00      0.00      0.00      0.00
  3619.00      0.09      0.24      0.23      0.16      0.00      0.00      0.00      0.00      0.00      0.00      0.00      0.00
  3620.00      0.09      0.24      0.22      0.17      0.00      0.00      0.00      0.00      0.00      0.00      0.00      0.00
  3621.00      0.09      0.23      0.20      0.16      0.00      0.00      0.00      0.00      0.00      0.00      0.00      0.00
  3622.00      0.12      0.26      0.20      0.17      0.01      0.00      0.00      0.00      0.00      0.00      0.00      0.00
  3623.00      0.16      0.28      0.19      0.18      0.01      0.00      0.00      0.00      0.00      0.00      0.00      0.00
  3624.00      0.20      0.30      0.17      0.19      0.01      0.00      0.00      0.00      0.00      0.00      0.00      0.00
  3625.00      0.23      0.31      0.15      0.20      0.01      0.00      0.00      0.00      0.00      0.00      0.00      0.00
  3626.00      0.24      0.30      0.12      0.18      0.01      0.00      0.00      0.00      0.00      0.00      0.00      0.00
  3627.00      0.22      0.28      0.09      0.16      0.01      0.00      0.00      0.00      0.00      0.00      0.00      0.00
  3628.00      0.21      0.28      0.09      0.16      0.01      0.00      0.00      0.00      0.00      0.00      0.00      0.00
  3629.00      0.22      0.29      0.11      0.17      0.01      0.00      0.00      0.00      0.00      0.00      0.00      0.00
  3630.00      0.22      0.27      0.13      0.17      0.01      0.00      0.00      0.00      0.00      0.00      0.00      0.00
  3631.00      0.22      0.27      0.16      0.16      0.01      0.00      0.00      0.00      0.00      0.00      0.00      0.00
  3632.00      0.23      0.28      0.21      0.16      0.01      0.00      0.00      0.00      0.00      0.00      0.00      0.00
  3633.00      0.23      0.29      0.25      0.16      0.01      0.00      0.00      0.00      0.00      0.00      0.00      0.00
  3634.00      0.24      0.29      0.27      0.14      0.00      0.00      0.00      0.00      0.00      0.00      0.00      0.00
  3635.00      0.22      0.25      0.25      0.12      0.00      0.00      0.00      0.00      0.00      0.00      0.00      0.00
  3636.00      0.22      0.25      0.23      0.12      0.00      0.00      0.00      0.00      0.00      0.00      0.00      0.00
  3637.00      0.22      0.25      0.21      0.12      0.00      0.00      0.00      0.00      0.00      0.00      0.00      0.00
  3638.00      0.25      0.27      0.21      0.13      0.00      0.01      0.00      0.00      0.00      0.00      0.00      0.00
  3639.00      0.31      0.28      0.22      0.13      0.00      0.00      0.00      0.00      0.00      0.00      0.00      0.00
  3640.00      0.39      0.29      0.25      0.12      0.00      0.00      0.00      0.00      0.00      0.00      0.00      0.00
  3641.00      0.46      0.29      0.28      0.09      0.00      0.00      0.00      0.00      0.00      0.00      0.00      0.00
  3642.00      0.54      0.29      0.30      0.07      0.00      0.01      0.00      0.00      0.00      0.00      0.00      0.00
  3643.00      0.62      0.28      0.32      0.05      0.01      0.02      0.00      0.00      0.00      0.00      0.00      0.00
  3644.00      0.71      0.28      0.33      0.04      0.02      0.02      0.00      0.00      0.00      0.00      0.00      0.00
  3645.00      0.75      0.27      0.33      0.02      0.01      0.02      0.00      0.00      0.00      0.00      0.00      0.00
  3646.00      0.69      0.24      0.32      0.01      0.00      0.00      0.00      0.00      0.00      0.00      0.00      0.00
  3647.00      0.60      0.22      0.33      0.00      0.00      0.00      0.00      0.00      0.00      0.00      0.00      0.00
  3648.00      0.62      0.21      0.35      0.00      0.00      0.02      0.00      0.00      0.00      0.00      0.00      0.00
  3649.00      1.06      0.21      0.36      0.02      0.00      0.03      0.00      0.00      0.00      0.00      0.00      0.00
  3650.00      2.01      0.20      0.34      0.04      0.00      0.03      0.00      0.00      0.00      0.00      0.00      0.00
  3651.00      3.27      0.23      0.33      0.07      0.00      0.03      0.00      0.00      0.00      0.00      0.00      0.00
  3652.00      4.14      0.26      0.31      0.10      0.01      0.02      0.00      0.00      0.00      0.00      0.00      0.00
  3653.00      4.34      0.28      0.30      0.11      0.02      0.02      0.00      0.00      0.00      0.00      0.00      0.00
  3654.00      3.94      0.30      0.31      0.11      0.02      0.01      0.00      0.00      0.00      0.00      0.00      0.00
  3655.00      3.22      0.31      0.32      0.11      0.02      0.00      0.00      0.00      0.00      0.00      0.00      0.00
  3656.00      2.45      0.30      0.32      0.10      0.01      0.00      0.00      0.00      0.00      0.00      0.00      0.00
  3657.00      1.86      0.30      0.33      0.09      0.00      0.00      0.00      0.00      0.00      0.00      0.00      0.00
  3658.00      1.42      0.30      0.32      0.08      0.00      0.00      0.00      0.00      0.00      0.00      0.00      0.00
  3659.00      1.13      0.31      0.33      0.06      0.00      0.00      0.00      0.00      0.00      0.00      0.00      0.00
  3660.00      0.90      0.31      0.32      0.05      0.01      0.00      0.00      0.00      0.00      0.00      0.00      0.00
  3661.00      0.77      0.31      0.33      0.05      0.02      0.00      0.00      0.00      0.00      0.00      0.00      0.00
  3662.00      0.67      0.31      0.33      0.04      0.01      0.00      0.00      0.00      0.00      0.00      0.00      0.00
  3663.00      0.56      0.29      0.31      0.03      0.01      0.00      0.00      0.00      0.00      0.00      0.00      0.00
  3664.00      0.50      0.28      0.30      0.03      0.02      0.01      0.00      0.00      0.00      0.00      0.00      0.00
  3665.00      0.47      0.28      0.32      0.05      0.02      0.00      0.00      0.00      0.00      0.00      0.00      0.00
  3666.00      0.45      0.27      0.32      0.08      0.03      0.00      0.00      0.00      0.00      0.00      0.00      0.00
  3667.00      0.45      0.25      0.33      0.12      0.03      0.00      0.00      0.00      0.00      0.00      0.00      0.00
  3668.00      0.47      0.23      0.34      0.16      0.02      0.00      0.00      0.00      0.00      0.00      0.00      0.00
  3669.00      0.47      0.22      0.34      0.19      0.00      0.00      0.00      0.00      0.00      0.00      0.00      0.00
  3670.00      0.47      0.22      0.34      0.21      0.00      0.00      0.00      0.00      0.00      0.00      0.00      0.00
  3671.00      0.46      0.25      0.34      0.21      0.00      0.00      0.00      0.00      0.00      0.00      0.00      0.00
  3672.00      0.46      0.28      0.35      0.21      0.00      0.01      0.00      0.00      0.00      0.00      0.00      0.00
  3673.00      0.48      0.31      0.37      0.21      0.00      0.01      0.00      0.00      0.00      0.00      0.00      0.00
  3674.00      0.51      0.33      0.38      0.21      0.00      0.00      0.00      0.00      0.00      0.00      0.00      0.00
  3675.00      0.50      0.32      0.36      0.19      0.00      0.00      0.00      0.00      0.00      0.00      0.00      0.00
  3676.00      0.51      0.32      0.34      0.18      0.00      0.00      0.00      0.00      0.00      0.00      0.00      0.00
  3677.00      0.49      0.32      0.34      0.18      0.00      0.00      0.00      0.00      0.00      0.00      0.00      0.00
  3678.00      0.51      0.35      0.36      0.19      0.01      0.00      0.00      0.00      0.00      0.00      0.00      0.00
  3679.00      0.53      0.38      0.38      0.21      0.02      0.00      0.00      0.00      0.00      0.00      0.00      0.00
  3680.00      0.53      0.39      0.38      0.23      0.02      0.00      0.00      0.00      0.00      0.00      0.00      0.00
  3681.00      0.55      0.40      0.39      0.25      0.03      0.00      0.00      0.00      0.00      0.00      0.00      0.00
  3682.00      0.55      0.40      0.40      0.27      0.04      0.00      0.00      0.00      0.00      0.00      0.00      0.00
  3683.00      0.53      0.38      0.38      0.26      0.05      0.00      0.00      0.00      0.00      0.00      0.00      0.00
  3684.00      0.51      0.35      0.36      0.24      0.05      0.00      0.00      0.00      0.00      0.00      0.00      0.00
  3685.00      0.49      0.32      0.34      0.22      0.04      0.00      0.00      0.00      0.00      0.00      0.00      0.00
  3686.00      0.55      0.35      0.38      0.25      0.04      0.00      0.00      0.00      0.00      0.00      0.00      0.00
  3687.00      0.59      0.38      0.41      0.28      0.04      0.00      0.00      0.00      0.00      0.00      0.00      0.00
  3688.00      0.56      0.38      0.40      0.29      0.02      0.00      0.00      0.00      0.00      0.00      0.00      0.00
  3689.00      0.55      0.40      0.40      0.29      0.01      0.00      0.00      0.00      0.00      0.00      0.00      0.00
  3690.00      0.53      0.42      0.39      0.27      0.00      0.00      0.00      0.00      0.00      0.00      0.00      0.00
  3691.00      0.51      0.43      0.37      0.26      0.00      0.00      0.00      0.00      0.00      0.00      0.00      0.00
  3692.00      0.50      0.44      0.36      0.25      0.01      0.00      0.00      0.00      0.00      0.00      0.00      0.00
  3693.00      0.52      0.46      0.37      0.26      0.02      0.00      0.00      0.00      0.00      0.00      0.00      0.00
  3694.00      0.52      0.45      0.36      0.26      0.03      0.00      0.00      0.00      0.00      0.00      0.00      0.00
  3695.00      0.51      0.43      0.36      0.25      0.04      0.01      0.00      0.00      0.00      0.00      0.00      0.00
  3696.00      0.52      0.42      0.36      0.23      0.04      0.02      0.00      0.00      0.00      0.00      0.00      0.00
  3697.00      0.54      0.42      0.38      0.22      0.05      0.02      0.00      0.00      0.00      0.00      0.00      0.00
  3698.00      0.52      0.39      0.36      0.20      0.06      0.00      0.00      0.00      0.00      0.00      0.00      0.00
  3699.00      0.48      0.34      0.33      0.18      0.06      0.00      0.00      0.00      0.00      0.00      0.00      0.00
  3700.00      0.48      0.33      0.33      0.19      0.06      0.00      0.00      0.00      0.00      0.00      0.00      0.00
  3701.00      0.52      0.36      0.37      0.21      0.06      0.00      0.00      0.00      0.00      0.00      0.00      0.00
  3702.00      0.54      0.38      0.40      0.23      0.06      0.00      0.00      0.00      0.00      0.00      0.00      0.00
  3703.00      0.52      0.38      0.38      0.22      0.06      0.00      0.00      0.00      0.00      0.00      0.00      0.00
  3704.00      0.48      0.35      0.35      0.19      0.06      0.00      0.00      0.00      0.00      0.00      0.00      0.00
  3705.00      0.49      0.35      0.36      0.18      0.06      0.00      0.00      0.00      0.00      0.00      0.00      0.00
  3706.00      0.51      0.34      0.39      0.15      0.06      0.00      0.00      0.00      0.00      0.00      0.00      0.00
  3707.00      0.53      0.35      0.42      0.13      0.07      0.01      0.00      0.00      0.00      0.00      0.00      0.00
  3708.00      0.54      0.36      0.44      0.12      0.07      0.02      0.00      0.00      0.00      0.00      0.00      0.00
  3709.00      0.54      0.37      0.44      0.11      0.07      0.02      0.00      0.00      0.00      0.00      0.00      0.00
  3710.00      0.52      0.37      0.43      0.11      0.07      0.01      0.00      0.00      0.00      0.00      0.00      0.00
  3711.00      0.51      0.35      0.42      0.11      0.08      0.00      0.00      0.00      0.00      0.00      0.00      0.00
  3712.00      0.51      0.34      0.40      0.11      0.09      0.00      0.00      0.00      0.00      0.00      0.00      0.00
  3713.00      0.49      0.32      0.39      0.12      0.10      0.00      0.00      0.00      0.00      0.00      0.00      0.00
  3714.00      0.48      0.32      0.37      0.16      0.12      0.00      0.00      0.00      0.00      0.00      0.00      0.00
  3715.00      0.49      0.33      0.36      0.22      0.12      0.01      0.00      0.00      0.00      0.00      0.00      0.00
  3716.00      0.52      0.34      0.36      0.27      0.12      0.03      0.00      0.00      0.00      0.00      0.00      0.00
  3717.00      0.53      0.33      0.33      0.29      0.11      0.04      0.00      0.00      0.00      0.00      0.00      0.00
  3718.00      0.54      0.32      0.29      0.28      0.09      0.05      0.00      0.00      0.00      0.00      0.00      0.00
  3719.00      0.55      0.31      0.27      0.26      0.07      0.05      0.00      0.00      0.00      0.00      0.00      0.00
  3720.00      0.58      0.33      0.26      0.25      0.05      0.04      0.00      0.00      0.00      0.00      0.00      0.00
  3721.00      0.62      0.36      0.27      0.25      0.04      0.03      0.00      0.00      0.00      0.00      0.00      0.00
  3722.00      0.63      0.36      0.28      0.24      0.02      0.01      0.00      0.00      0.00      0.00      0.00      0.00
  3723.00      0.65      0.38      0.32      0.25      0.01      0.00      0.00      0.00      0.00      0.00      0.00      0.00
  3724.00      0.63      0.38      0.33      0.24      0.01      0.00      0.00      0.00      0.00      0.00      0.00      0.00
  3725.00      0.67      0.41      0.37      0.26      0.03      0.00      0.00      0.00      0.00      0.00      0.00      0.00
  3726.00      0.65      0.40      0.36      0.26      0.05      0.01      0.00      0.00      0.00      0.00      0.00      0.00
  3727.00      0.59      0.36      0.32      0.24      0.06      0.02      0.00      0.00      0.00      0.00      0.00      0.00
  3728.00      0.64      0.39      0.35      0.27      0.07      0.03      0.00      0.00      0.00      0.00      0.00      0.00
  3729.00      0.66      0.42      0.37      0.28      0.08      0.02      0.00      0.00      0.00      0.00      0.00      0.00
  3730.00      0.60      0.39      0.33      0.25      0.08      0.00      0.00      0.00      0.00      0.00      0.00      0.00
  3731.00      0.63      0.42      0.34      0.27      0.08      0.00      0.00      0.00      0.00      0.00      0.00      0.00
  3732.00      0.67      0.44      0.35      0.27      0.08      0.00      0.00      0.00      0.00      0.00      0.00      0.00
  3733.00      0.70      0.44      0.34      0.28      0.08      0.00      0.00      0.00      0.00      0.00      0.00      0.00
  3734.00      0.75      0.44      0.36      0.29      0.07      0.00      0.00      0.00      0.00      0.00      0.00      0.00
  3735.00      0.82      0.46      0.39      0.32      0.09      0.00      0.00      0.00      0.00      0.00      0.00      0.00
  3736.00      0.86      0.47      0.43      0.34      0.12      0.00      0.00      0.00      0.00      0.00      0.00      0.00
  3737.00      0.85      0.48      0.44      0.34      0.16      0.00      0.00      0.00      0.00      0.00      0.00      0.00
  3738.00      0.74      0.44      0.41      0.29      0.17      0.00      0.00      0.00      0.00      0.00      0.00      0.00
  3739.00      0.65      0.40      0.37      0.25      0.16      0.00      0.00      0.00      0.00      0.00      0.00      0.00
  3740.00      0.68      0.43      0.41      0.26      0.17      0.00      0.00      0.00      0.00      0.00      0.00      0.00
  3741.00      0.69      0.44      0.43      0.29      0.17      0.00      0.00      0.00      0.00      0.00      0.00      0.00
  3742.00      0.65      0.42      0.42      0.30      0.15      0.00      0.00      0.00      0.00      0.00      0.00      0.00
  3743.00      0.68      0.45      0.46      0.33      0.15      0.00      0.00      0.00      0.00      0.00      0.00      0.00
  3744.00      0.67      0.44      0.46      0.34      0.14      0.00      0.00      0.00      0.00      0.00      0.00      0.00
  3745.00      0.61      0.39      0.42      0.30      0.11      0.00      0.00      0.00      0.00      0.00      0.00      0.00
  3746.00      0.62      0.40      0.42      0.30      0.10      0.00      0.00      0.00      0.00      0.00      0.00      0.00
  3747.00      0.63      0.40      0.41      0.30      0.08      0.00      0.00      0.00      0.00      0.00      0.00      0.00
  3748.00      0.66      0.41      0.41      0.32      0.05      0.00      0.00      0.00      0.00      0.00      0.00      0.00
  3749.00      0.76      0.46      0.46      0.36      0.03      0.00      0.00      0.00      0.00      0.00      0.00      0.00
  3750.00      0.76      0.45      0.46      0.35      0.01      0.00      0.00      0.00      0.00      0.00      0.00      0.00
  3751.00      0.69      0.41      0.43      0.32      0.01      0.00      0.00      0.00      0.00      0.00      0.00      0.00
  3752.00      0.70      0.43      0.44      0.33      0.02      0.00      0.00      0.00      0.00      0.00      0.00      0.00
  3753.00      0.74      0.47      0.47      0.36      0.03      0.00      0.00      0.00      0.00      0.00      0.00      0.00
  3754.00      0.74      0.47      0.45      0.36      0.05      0.00      0.00      0.00      0.00      0.00      0.00      0.00
  3755.00      0.67      0.42      0.40      0.33      0.07      0.01      0.00      0.00      0.00      0.00      0.00      0.00
  3756.00      0.60      0.37      0.35      0.30      0.08      0.00      0.00      0.00      0.00      0.00      0.00      0.00
  3757.00      0.64      0.40      0.37      0.32      0.11      0.00      0.00      0.00      0.00      0.00      0.00      0.00
  3758.00      0.70      0.43      0.40      0.35      0.14      0.01      0.00      0.00      0.00      0.00      0.00      0.00
  3759.00      0.71      0.45      0.41      0.34      0.16      0.02      0.00      0.00      0.00      0.00      0.00      0.00
  3760.00      0.65      0.42      0.38      0.31      0.17      0.03      0.00      0.00      0.00      0.00      0.00      0.00
  3761.00      0.66      0.42      0.39      0.31      0.19      0.03      0.00      0.00      0.00      0.00      0.00      0.00
  3762.00      0.68      0.44      0.41      0.33      0.20      0.02      0.00      0.00      0.00      0.00      0.00      0.00
  3763.00      0.73      0.47      0.44      0.35      0.20      0.01      0.00      0.00      0.00      0.00      0.00      0.00
  3764.00      0.75      0.47      0.45      0.36      0.20      0.00      0.00      0.00      0.00      0.00      0.00      0.00
  3765.00      0.76      0.47      0.45      0.36      0.19      0.00      0.00      0.00      0.00      0.00      0.00      0.00
  3766.00      0.73      0.44      0.43      0.33      0.18      0.00      0.00      0.00      0.00      0.00      0.00      0.00
  3767.00      0.75      0.46      0.45      0.33      0.19      0.00      0.00      0.00      0.00      0.00      0.00      0.00
  3768.00      0.78      0.47      0.46      0.33      0.21      0.00      0.00      0.00      0.00      0.00      0.00      0.00
  3769.00      0.79      0.48      0.46      0.34      0.22      0.00      0.00      0.00      0.00      0.00      0.00      0.00
  3770.00      0.81      0.49      0.48      0.36      0.23      0.00      0.00      0.00      0.00      0.00      0.00      0.00
  3771.00      0.80      0.48      0.49      0.36      0.24      0.00      0.00      0.00      0.00      0.00      0.00      0.00
  3772.00      0.70      0.40      0.44      0.32      0.21      0.00      0.00      0.00      0.00      0.00      0.00      0.00
  3773.00      0.61      0.35      0.39      0.26      0.18      0.00      0.00      0.00      0.00      0.00      0.00      0.00
  3774.00      0.58      0.34      0.37      0.23      0.17      0.00      0.00      0.00      0.00      0.00      0.00      0.00
  3775.00      0.56      0.37      0.38      0.22      0.17      0.00      0.00      0.00      0.00      0.00      0.00      0.00
  3776.00      0.51      0.37      0.38      0.21      0.17      0.00      0.00      0.00      0.00      0.00      0.00      0.00
  3777.00      0.50      0.40      0.40      0.23      0.19      0.00      0.00      0.00      0.00      0.00      0.00      0.00
  3778.00      0.45      0.40      0.41      0.26      0.20      0.00      0.00      0.00      0.00      0.00      0.00      0.00
  3779.00      0.38      0.39      0.41      0.28      0.20      0.01      0.00      0.00      0.00      0.00      0.00      0.00
  3780.00      0.33      0.41      0.43      0.29      0.20      0.02      0.00      0.00      0.00      0.00      0.00      0.00
  3781.00      0.30      0.43      0.44      0.30      0.20      0.02      0.00      0.00      0.00      0.00      0.00      0.00
  3782.00      0.29      0.44      0.43      0.31      0.20      0.01      0.00      0.00      0.00      0.00      0.00      0.00
  3783.00      0.35      0.47      0.45      0.34      0.19      0.00      0.00      0.00      0.00      0.00      0.00      0.00
  3784.00      0.44      0.46      0.42      0.33      0.17      0.00      0.00      0.00      0.00      0.00      0.00      0.00
  3785.00      0.50      0.43      0.38      0.30      0.15      0.00      0.00      0.00      0.00      0.00      0.00      0.00
  3786.00      0.58      0.42      0.37      0.29      0.15      0.00      0.00      0.00      0.00      0.00      0.00      0.00
  3787.00      0.70      0.47      0.40      0.32      0.19      0.00      0.00      0.00      0.00      0.00      0.00      0.00
  3788.00      0.77      0.51      0.43      0.34      0.22      0.00      0.00      0.00      0.00      0.00      0.00      0.00
  3789.00      0.83      0.54      0.46      0.35      0.23      0.00      0.00      0.00      0.00      0.00      0.00      0.00
  3790.00      0.84      0.54      0.46      0.34      0.22      0.00      0.00      0.00      0.00      0.00      0.00      0.00
  3791.00      0.80      0.50      0.42      0.31      0.19      0.00      0.00      0.00      0.00      0.00      0.00      0.00
  3792.00      0.77      0.47      0.37      0.30      0.15      0.00      0.00      0.00      0.00      0.00      0.00      0.00
  3793.00      0.73      0.43      0.31      0.28      0.11      0.00      0.00      0.00      0.00      0.00      0.00      0.00
  3794.00      0.77      0.43      0.26      0.29      0.08      0.00      0.00      0.00      0.00      0.00      0.00      0.00
  3795.00      0.83      0.43      0.24      0.28      0.05      0.00      0.00      0.00      0.00      0.00      0.00      0.00
  3796.00      0.89      0.44      0.24      0.26      0.04      0.00      0.00      0.00      0.00      0.00      0.00      0.00
  3797.00      0.99      0.48      0.28      0.25      0.03      0.00      0.00      0.00      0.00      0.00      0.00      0.00
  3798.00      1.05      0.51      0.34      0.27      0.03      0.00      0.00      0.00      0.00      0.00      0.00      0.00
  3799.00      1.01      0.52      0.39      0.29      0.02      0.00      0.00      0.00      0.00      0.00      0.00      0.00
  3800.00      1.00      0.56      0.45      0.35      0.02      0.00      0.00      0.00      0.00      0.00      0.00      0.00
  3801.00      0.92      0.55      0.46      0.37      0.01      0.00      0.00      0.00      0.00      0.00      0.00      0.00
  3802.00      0.80      0.48      0.41      0.34      0.03      0.00      0.00      0.00      0.00      0.00      0.00      0.00
  3803.00      0.80      0.47      0.42      0.33      0.06      0.00      0.00      0.00      0.00      0.00      0.00      0.00
  3804.00      0.72      0.41      0.38      0.29      0.10      0.00      0.00      0.00      0.00      0.00      0.00      0.00
  3805.00      0.68      0.40      0.38      0.27      0.12      0.00      0.00      0.00      0.00      0.00      0.00      0.00
  3806.00      0.71      0.44      0.43      0.29      0.16      0.00      0.00      0.00      0.00      0.00      0.00      0.00
  3807.00      0.75      0.47      0.48      0.31      0.19      0.00      0.00      0.00      0.00      0.00      0.00      0.00
  3808.00      0.77      0.48      0.51      0.33      0.21      0.00      0.00      0.00      0.00      0.00      0.00      0.00
  3809.00      0.75      0.46      0.50      0.33      0.22      0.00      0.00      0.00      0.00      0.00      0.00      0.00
  3810.00      0.75      0.45      0.49      0.34      0.24      0.00      0.00      0.00      0.00      0.00      0.00      0.00
  3811.00      0.76      0.46      0.49      0.34      0.26      0.01      0.00      0.00      0.00      0.00      0.00      0.00
  3812.00      0.80      0.47      0.51      0.35      0.28      0.03      0.00      0.00      0.00      0.00      0.00      0.00
  3813.00      0.80      0.47      0.49      0.34      0.26      0.04      0.00      0.00      0.00      0.00      0.00      0.00
  3814.00      0.70      0.42      0.42      0.29      0.22      0.03      0.00      0.00      0.00      0.00      0.00      0.00
  3815.00      0.68      0.40      0.39      0.27      0.20      0.03      0.00      0.00      0.00      0.00      0.00      0.00
  3816.00      0.70      0.40      0.39      0.27      0.21      0.02      0.00      0.00      0.00      0.00      0.00      0.00
  3817.00      0.74      0.39      0.42      0.28      0.24      0.01      0.00      0.00      0.00      0.00      0.00      0.00
  3818.00      0.70      0.35      0.42      0.28      0.25      0.00      0.00      0.00      0.00      0.00      0.00      0.00
  3819.00      0.67      0.31      0.41      0.27      0.25      0.00      0.00      0.00      0.00      0.00      0.00      0.00
  3820.00      0.67      0.28      0.41      0.28      0.22      0.00      0.00      0.00      0.00      0.00      0.00      0.00
  3821.00      0.82      0.28      0.49      0.34      0.24      0.00      0.00      0.00      0.00      0.00      0.00      0.00
  3822.00      0.93      0.25      0.56      0.38      0.26      0.00      0.00      0.00      0.00      0.00      0.00      0.00
  3823.00      0.95      0.23      0.58      0.39      0.28      0.00      0.00      0.00      0.00      0.00      0.00      0.00
  3824.00      0.95      0.25      0.57      0.39      0.31      0.00      0.00      0.00      0.00      0.00      0.00      0.00
  3825.00      0.95      0.32      0.57      0.39      0.35      0.00      0.00      0.00      0.00      0.00      0.00      0.00
  3826.00      0.97      0.39      0.58      0.38      0.38      0.00      0.00      0.00      0.00      0.00      0.00      0.00
  3827.00      0.92      0.44      0.56      0.34      0.37      0.00      0.00      0.00      0.00      0.00      0.00      0.00
  3828.00      0.87      0.45      0.53      0.30      0.35      0.00      0.00      0.00      0.00      0.00      0.00      0.00
  3829.00      0.82      0.46      0.51      0.27      0.33      0.00      0.00      0.00      0.00      0.00      0.00      0.00
  3830.00      0.74      0.43      0.47      0.24      0.31      0.01      0.00      0.00      0.00      0.00      0.00      0.00
  3831.00      0.70      0.42      0.44      0.24      0.30      0.01      0.00      0.00      0.00      0.00      0.00      0.00
  3832.00      0.64      0.39      0.39      0.23      0.26      0.01      0.00      0.00      0.00      0.00      0.00      0.00
  3833.00      0.70      0.42      0.42      0.25      0.27      0.01      0.00      0.00      0.00      0.00      0.00      0.00
  3834.00      0.72      0.43      0.42      0.25      0.25      0.03      0.00      0.00      0.00      0.00      0.00      0.00
  3835.00      0.76      0.46      0.44      0.24      0.24      0.05      0.00      0.00      0.00      0.00      0.00      0.00
  3836.00      0.74      0.46      0.42      0.21      0.23      0.07      0.00      0.00      0.00      0.00      0.00      0.00
  3837.00      0.81      0.50      0.44      0.21      0.26      0.08      0.00      0.00      0.00      0.00      0.00      0.00
  3838.00      0.87      0.52      0.47      0.20      0.29      0.07      0.00      0.00      0.00      0.00      0.00      0.00
  3839.00      0.84      0.50      0.46      0.18      0.28      0.04      0.01      0.00      0.00      0.00      0.00      0.00
  3840.00      0.90      0.53      0.51      0.16      0.30      0.01      0.01      0.00      0.00      0.00      0.00      0.00
  3841.00      0.93      0.54      0.54      0.13      0.30      0.00      0.00      0.00      0.00      0.00      0.00      0.00
  3842.00      0.87      0.52      0.51      0.10      0.28      0.00      0.00      0.00      0.00      0.00      0.00      0.00
  3843.00      0.87      0.54      0.51      0.08      0.29      0.00      0.00      0.00      0.00      0.00      0.00      0.00
  3844.00      0.85      0.54      0.50      0.05      0.30      0.00      0.00      0.00      0.00      0.00      0.00      0.00
  3845.00      0.89      0.56      0.52      0.03      0.32      0.00      0.00      0.00      0.00      0.00      0.00      0.00
  3846.00      0.84      0.50      0.49      0.02      0.28      0.00      0.00      0.00      0.00      0.00      0.00      0.00
  3847.00      0.74      0.43      0.43      0.01      0.24      0.00      0.00      0.00      0.00      0.00      0.00      0.00
  3848.00      0.83      0.47      0.50      0.00      0.27      0.01      0.00      0.00      0.00      0.00      0.00      0.00
  3849.00      0.90      0.51      0.55      0.01      0.31      0.02      0.00      0.00      0.00      0.00      0.00      0.00
  3850.00      0.86      0.49      0.52      0.04      0.31      0.02      0.00      0.00      0.00      0.00      0.00      0.00
  3851.00      0.78      0.44      0.46      0.06      0.30      0.02      0.01      0.00      0.00      0.00      0.00      0.00
  3852.00      0.81      0.44      0.47      0.10      0.31      0.02      0.02      0.00      0.00      0.00      0.00      0.00
  3853.00      0.88      0.47      0.51      0.13      0.32      0.02      0.01      0.00      0.00      0.00      0.00      0.00
  3854.00      0.90      0.50      0.53      0.15      0.31      0.02      0.00      0.00      0.00      0.00      0.00      0.00
  3855.00      0.89      0.52      0.55      0.17      0.29      0.01      0.00      0.00      0.00      0.00      0.00      0.00
  3856.00      0.86      0.52      0.55      0.19      0.27      0.01      0.01      0.00      0.00      0.00      0.00      0.00
  3857.00      0.84      0.52      0.55      0.23      0.26      0.01      0.03      0.00      0.00      0.00      0.00      0.00
  3858.00      0.90      0.55      0.59      0.28      0.29      0.02      0.05      0.00      0.00      0.00      0.00      0.00
  3859.00      0.96      0.57      0.62      0.32      0.33      0.02      0.04      0.00      0.00      0.00      0.00      0.00
  3860.00      0.95      0.56      0.62      0.32      0.34      0.01      0.02      0.00      0.00      0.00      0.00      0.00
  3861.00      1.03      0.61      0.68      0.34      0.37      0.00      0.01      0.00      0.00      0.00      0.00      0.00
  3862.00      1.04      0.60      0.68      0.35      0.38      0.00      0.02      0.00      0.00      0.00      0.00      0.00
  3863.00      0.94      0.52      0.61      0.31      0.35      0.00      0.04      0.00      0.00      0.00      0.00      0.00
  3864.00      0.95      0.48      0.61      0.31      0.36      0.00      0.07      0.00      0.00      0.00      0.00      0.00
  3865.00      0.97      0.44      0.62      0.30      0.39      0.00      0.07      0.00      0.00      0.00      0.00      0.00
  3866.00      0.97      0.39      0.61      0.29      0.39      0.00      0.05      0.00      0.00      0.00      0.00      0.00
  3867.00      0.97      0.35      0.62      0.29      0.39      0.00      0.04      0.00      0.00      0.00      0.00      0.00
  3868.00      0.90      0.28      0.58      0.28      0.36      0.00      0.03      0.00      0.00      0.00      0.00      0.00
  3869.00      0.85      0.24      0.53      0.26      0.33      0.00      0.02      0.00      0.00      0.00      0.00      0.00
  3870.00      0.85      0.23      0.52      0.27      0.32      0.01      0.00      0.00      0.00      0.00      0.00      0.00
  3871.00      0.94      0.28      0.57      0.31      0.35      0.03      0.00      0.00      0.00      0.00      0.00      0.00
  3872.00      1.01      0.36      0.62      0.37      0.38      0.04      0.00      0.00      0.00      0.00      0.00      0.00
  3873.00      1.02      0.41      0.63      0.42      0.37      0.02      0.00      0.00      0.00      0.00      0.00      0.00
  3874.00      0.95      0.42      0.59      0.42      0.34      0.01      0.00      0.00      0.00      0.00      0.00      0.00
  3875.00      0.94      0.42      0.57      0.45      0.31      0.00      0.00      0.00      0.00      0.00      0.00      0.00
  3876.00      0.96      0.40      0.57      0.48      0.30      0.00      0.00      0.00      0.00      0.00      0.00      0.00
  3877.00      0.94      0.37      0.57      0.49      0.27      0.00      0.00      0.00      0.00      0.00      0.00      0.00
  3878.00      0.92      0.33      0.56      0.46      0.26      0.00      0.00      0.00      0.00      0.00      0.00      0.00
  3879.00      0.92      0.33      0.55      0.44      0.26      0.00      0.01      0.00      0.00      0.00      0.00      0.00
  3880.00      0.96      0.38      0.53      0.43      0.28      0.01      0.01      0.00      0.00      0.00      0.00      0.00
  3881.00      0.95      0.44      0.50      0.41      0.28      0.03      0.00      0.00      0.00      0.00      0.00      0.00
  3882.00      0.94      0.53      0.49      0.38      0.26      0.04      0.00      0.00      0.00      0.00      0.00      0.00
  3883.00      0.93      0.62      0.49      0.35      0.22      0.04      0.00      0.00      0.00      0.00      0.00      0.00
  3884.00      0.86      0.65      0.47      0.28      0.16      0.03      0.00      0.00      0.00      0.00      0.00      0.00
  3885.00      0.84      0.68      0.47      0.23      0.12      0.01      0.00      0.00      0.00      0.00      0.00      0.00
  3886.00      0.86      0.69      0.49      0.20      0.10      0.00      0.00      0.00      0.00      0.00      0.00      0.00
  3887.00      0.94      0.73      0.55      0.22      0.09      0.00      0.00      0.00      0.00      0.00      0.00      0.00
  3888.00      0.97      0.72      0.58      0.24      0.05      0.01      0.01      0.00      0.00      0.00      0.00      0.00
  3889.00      0.89      0.63      0.54      0.26      0.02      0.03      0.01      0.00      0.00      0.00      0.00      0.00
  3890.00      0.84      0.59      0.52      0.31      0.00      0.03      0.01      0.00      0.00      0.00      0.00      0.00
  3891.00      0.83      0.60      0.52      0.38      0.00      0.02      0.00      0.00      0.00      0.00      0.00      0.00
  3892.00      0.79      0.61      0.51      0.43      0.02      0.02      0.00      0.00      0.00      0.00      0.00      0.00
  3893.00      0.78      0.64      0.50      0.48      0.06      0.03      0.00      0.00      0.00      0.00      0.00      0.00
  3894.00      0.80      0.65      0.51      0.51      0.11      0.04      0.00      0.00      0.00      0.00      0.00      0.00
  3895.00      0.81      0.62      0.50      0.50      0.16      0.05      0.00      0.00      0.00      0.00      0.00      0.00
  3896.00      0.77      0.55      0.46      0.46      0.18      0.05      0.00      0.00      0.00      0.00      0.00      0.00
  3897.00      0.72      0.49      0.42      0.41      0.18      0.03      0.00      0.00      0.00      0.00      0.00      0.00
  3898.00      0.74      0.50      0.42      0.40      0.18      0.01      0.00      0.00      0.00      0.00      0.00      0.00
  3899.00      0.74      0.49      0.43      0.41      0.17      0.00      0.00      0.00      0.00      0.00      0.00      0.00
  3900.00      0.67      0.43      0.41      0.40      0.15      0.00      0.00      0.00      0.00      0.00      0.00      0.00
  3901.00      0.67      0.42      0.44      0.44      0.13      0.00      0.00      0.00      0.00      0.00      0.00      0.00
  3902.00      0.74      0.49      0.53      0.54      0.13      0.00      0.00      0.00      0.00      0.00      0.00      0.00
  3903.00      0.71      0.52      0.55      0.58      0.11      0.00      0.00      0.00      0.00      0.00      0.00      0.00
  3904.00      0.66      0.54      0.57      0.60      0.09      0.00      0.00      0.00      0.00      0.00      0.00      0.00
  3905.00      0.56      0.52      0.55      0.58      0.08      0.00      0.00      0.00      0.00      0.00      0.00      0.00
  3906.00      0.43      0.43      0.49      0.50      0.06      0.00      0.00      0.00      0.00      0.00      0.00      0.00
  3907.00      0.39      0.40      0.48      0.49      0.05      0.01      0.00      0.00      0.00      0.00      0.00      0.00
  3908.00      0.43      0.43      0.51      0.53      0.05      0.02      0.00      0.00      0.00      0.00      0.00      0.00
  3909.00      0.46      0.44      0.51      0.56      0.07      0.02      0.00      0.00      0.00      0.00      0.00      0.00
  3910.00      0.48      0.43      0.48      0.56      0.10      0.02      0.00      0.00      0.00      0.00      0.00      0.00
  3911.00      0.46      0.40      0.44      0.50      0.15      0.03      0.00      0.00      0.00      0.00      0.00      0.00
  3912.00      0.46      0.39      0.44      0.49      0.20      0.04      0.01      0.00      0.00      0.00      0.00      0.00
  3913.00      0.50      0.40      0.47      0.49      0.25      0.06      0.02      0.00      0.00      0.00      0.00      0.00
  3914.00      0.52      0.36      0.43      0.45      0.27      0.06      0.02      0.00      0.00      0.00      0.00      0.00
  3915.00      0.59      0.32      0.42      0.44      0.28      0.05      0.01      0.00      0.00      0.00      0.00      0.00
  3916.00      0.70      0.29      0.43      0.46      0.29      0.05      0.00      0.00      0.00      0.00      0.00      0.00
  3917.00      0.84      0.27      0.47      0.50      0.31      0.05      0.00      0.00      0.00      0.00      0.00      0.00
  3918.00      0.85      0.22      0.45      0.48      0.28      0.03      0.00      0.00      0.00      0.00      0.00      0.00
  3919.00      0.78      0.17      0.41      0.45      0.24      0.01      0.00      0.00      0.00      0.00      0.00      0.00
  3920.00      0.86      0.16      0.46      0.51      0.26      0.00      0.00      0.00      0.00      0.00      0.00      0.00
  3921.00      0.97      0.17      0.54      0.59      0.29      0.00      0.00      0.00      0.00      0.00      0.00      0.00
  3922.00      0.96      0.16      0.55      0.60      0.29      0.00      0.00      0.00      0.00      0.00      0.00      0.00
  3923.00      0.90      0.18      0.52      0.55      0.28      0.02      0.00      0.00      0.00      0.00      0.00      0.00
  3924.00      0.89      0.23      0.50      0.53      0.29      0.03      0.00      0.00      0.00      0.00      0.00      0.00
  3925.00      0.92      0.30      0.48      0.53      0.31      0.05      0.01      0.00      0.00      0.00      0.00      0.00
  3926.00      1.05      0.40      0.49      0.60      0.37      0.06      0.02      0.00      0.00      0.00      0.00      0.00
  3927.00      1.15      0.46      0.46      0.64      0.41      0.06      0.03      0.00      0.00      0.00      0.00      0.00
  3928.00      1.22      0.49      0.42      0.65      0.42      0.08      0.02      0.00      0.00      0.00      0.00      0.00
  3929.00      1.27      0.49      0.39      0.64      0.41      0.09      0.01      0.00      0.00      0.00      0.00      0.00
  3930.00      1.37      0.51      0.41      0.66      0.42      0.11      0.00      0.00      0.00      0.00      0.00      0.00
  3931.00      1.46      0.54      0.48      0.70      0.45      0.13      0.00      0.00      0.00      0.00      0.00      0.00
  3932.00      1.29      0.50      0.50      0.65      0.42      0.11      0.00      0.00      0.00      0.00      0.00      0.00
  3933.00      1.06      0.45      0.48      0.59      0.38      0.10      0.01      0.00      0.00      0.00      0.00      0.00
  3934.00      1.03      0.46      0.53      0.62      0.41      0.10      0.02      0.00      0.00      0.00      0.00      0.00
  3935.00      1.18      0.54      0.65      0.75      0.50      0.12      0.06      0.00      0.00      0.00      0.00      0.00
  3936.00      1.17      0.54      0.68      0.77      0.49      0.12      0.08      0.00      0.00      0.00      0.00      0.00
  3937.00      1.06      0.50      0.63      0.68      0.44      0.11      0.08      0.00      0.00      0.00      0.00      0.00
  3938.00      0.93      0.46      0.57      0.59      0.39      0.10      0.07      0.00      0.00      0.00      0.00      0.00
  3939.00      0.97      0.49      0.60      0.60      0.40      0.10      0.06      0.00      0.00      0.00      0.00      0.00
  3940.00      0.94      0.49      0.59      0.59      0.39      0.10      0.04      0.00      0.00      0.00      0.00      0.00
  3941.00      0.88      0.51      0.56      0.57      0.36      0.10      0.01      0.00      0.00      0.00      0.00      0.00
  3942.00      0.88      0.57      0.55      0.57      0.34      0.10      0.00      0.00      0.00      0.00      0.00      0.00
  3943.00      0.84      0.62      0.50      0.53      0.29      0.10      0.00      0.00      0.00      0.00      0.00      0.00
  3944.00      0.81      0.68      0.46      0.49      0.26      0.11      0.00      0.00      0.00      0.00      0.00      0.00
  3945.00      0.89      0.88      0.50      0.54      0.29      0.15      0.01      0.00      0.00      0.00      0.00      0.00
  3946.00      0.88      1.04      0.49      0.55      0.29      0.17      0.02      0.00      0.00      0.00      0.00      0.00
  3947.00      0.81      1.08      0.44      0.50      0.28      0.16      0.03      0.00      0.00      0.00      0.00      0.00
  3948.00      0.89      1.26      0.45      0.53      0.32      0.16      0.03      0.00      0.00      0.00      0.00      0.00
  3949.00      0.93      1.33      0.44      0.55      0.35      0.16      0.01      0.00      0.00      0.00      0.00      0.00
  3950.00      0.94      1.25      0.41      0.57      0.34      0.14      0.00      0.00      0.00      0.00      0.00      0.00
  3951.00      0.92      1.07      0.37      0.57      0.32      0.11      0.00      0.00      0.00      0.00      0.00      0.00
  3952.00      0.89      1.03      0.36      0.57      0.28      0.08      0.00      0.00      0.00      0.00      0.00      0.00
  3953.00      0.89      1.66      0.40      0.57      0.23      0.06      0.00      0.00      0.00      0.00      0.00      0.00
  3954.00      0.97      3.50      0.49      0.61      0.21      0.05      0.00      0.00      0.00      0.00      0.00      0.00
  3955.00      0.93      5.44      0.51      0.56      0.17      0.03      0.00      0.00      0.00      0.00      0.00      0.00
  3956.00      0.95      7.14      0.52      0.55      0.15      0.01      0.00      0.00      0.00      0.00      0.00      0.00
  3957.00      0.98      7.93      0.54      0.55      0.16      0.02      0.00      0.00      0.00      0.00      0.00      0.00
  3958.00      0.97      7.42      0.53      0.54      0.16      0.04      0.01      0.00      0.00      0.00      0.00      0.00
  3959.00      0.97      6.31      0.53      0.54      0.17      0.07      0.00      0.00      0.00      0.00      0.00      0.00
  3960.00      0.99      5.13      0.55      0.55      0.18      0.09      0.00      0.00      0.00      0.00      0.00      0.00
  3961.00      0.95      3.94      0.55      0.54      0.21      0.10      0.00      0.00      0.00      0.00      0.00      0.00
  3962.00      0.99      3.24      0.60      0.57      0.28      0.12      0.00      0.00      0.00      0.00      0.00      0.00
  3963.00      1.11      2.86      0.68      0.65      0.41      0.14      0.00      0.00      0.00      0.00      0.00      0.00
  3964.00      1.15      2.38      0.71      0.69      0.48      0.15      0.00      0.00      0.00      0.00      0.00      0.00
  3965.00      1.14      1.95      0.70      0.71      0.50      0.15      0.00      0.00      0.00      0.00      0.00      0.00
  3966.00      1.10      1.60      0.67      0.71      0.47      0.14      0.00      0.00      0.00      0.00      0.00      0.00
  3967.00      1.12      1.42      0.67      0.72      0.46      0.12      0.00      0.00      0.00      0.00      0.00      0.00
  3968.00      1.17      1.31      0.67      0.74      0.45      0.13      0.00      0.00      0.00      0.00      0.00      0.00
  3969.00      1.06      1.08      0.59      0.66      0.39      0.14      0.00      0.00      0.00      0.00      0.00      0.00
  3970.00      1.06      0.99      0.58      0.66      0.37      0.18      0.00      0.00      0.00      0.00      0.00      0.00
  3971.00      1.05      0.92      0.58      0.66      0.37      0.22      0.00      0.00      0.00      0.00      0.00      0.00
  3972.00      1.02      0.89      0.61      0.68      0.37      0.26      0.00      0.00      0.00      0.00      0.00      0.00
  3973.00      0.96      0.85      0.62      0.67      0.37      0.26      0.00      0.00      0.00      0.00      0.00      0.00
  3974.00      0.85      0.77      0.61      0.62      0.36      0.24      0.00      0.00      0.00      0.00      0.00      0.00
  3975.00      0.80      0.72      0.60      0.57      0.35      0.21      0.00      0.00      0.00      0.00      0.00      0.00
  3976.00      0.84      0.73      0.62      0.58      0.35      0.19      0.01      0.00      0.00      0.00      0.00      0.00
  3977.00      0.87      0.73      0.62      0.57      0.36      0.18      0.01      0.00      0.00      0.00      0.00      0.00
  3978.00      0.93      0.77      0.64      0.59      0.39      0.18      0.00      0.00      0.00      0.00      0.00      0.00
  3979.00      0.90      0.74      0.60      0.56      0.38      0.15      0.01      0.00      0.00      0.00      0.00      0.00
  3980.00      0.92      0.75      0.58      0.54      0.38      0.13      0.02      0.00      0.00      0.00      0.00      0.00
  3981.00      0.91      0.75      0.55      0.49      0.38      0.11      0.03      0.00      0.00      0.00      0.00      0.00
  3982.00      0.89      0.74      0.53      0.44      0.36      0.07      0.04      0.00      0.00      0.00      0.00      0.00
  3983.00      0.97      0.80      0.57      0.45      0.39      0.04      0.03      0.00      0.00      0.00      0.00      0.00
  3984.00      0.95      0.78      0.56      0.41      0.39      0.02      0.02      0.00      0.00      0.00      0.00      0.00
  3985.00      0.90      0.75      0.54      0.37      0.38      0.01      0.01      0.00      0.00      0.00      0.00      0.00
  3986.00      0.90      0.76      0.55      0.36      0.39      0.01      0.00      0.00      0.00      0.00      0.00      0.00
  3987.00      0.93      0.79      0.57      0.37      0.39      0.03      0.00      0.00      0.00      0.00      0.00      0.00
  3988.00      0.93      0.80      0.58      0.40      0.37      0.05      0.00      0.00      0.00      0.00      0.00      0.00
  3989.00      0.86      0.74      0.53      0.40      0.34      0.07      0.00      0.00      0.00      0.00      0.00      0.00
  3990.00      0.82      0.71      0.49      0.42      0.34      0.09      0.00      0.00      0.00      0.00      0.00      0.00
  3991.00      0.86      0.75      0.49      0.47      0.38      0.12      0.00      0.00      0.00      0.00      0.00      0.00
  3992.00      0.89      0.78      0.49      0.49      0.42      0.15      0.00      0.00      0.00      0.00      0.00      0.00
  3993.00      0.93      0.82      0.51      0.51      0.44      0.18      0.00      0.00      0.00      0.00      0.00      0.00
  3994.00      0.93      0.82      0.53      0.51      0.43      0.21      0.00      0.00      0.00      0.00      0.00      0.00
  3995.00      0.86      0.76      0.51      0.49      0.40      0.22      0.00      0.00      0.00      0.00      0.00      0.00
  3996.00      0.86      0.78      0.52      0.52      0.42      0.25      0.00      0.00      0.00      0.00      0.00      0.00
  3997.00      0.88      0.81      0.53      0.55      0.45      0.28      0.00      0.00      0.00      0.00      0.00      0.00
  3998.00      0.86      0.80      0.52      0.55      0.46      0.27      0.00      0.00      0.00      0.00      0.00      0.00
  3999.00      0.79      0.77      0.51      0.53      0.45      0.25      0.00      0.00      0.00      0.00      0.00      0.00
  4000.00      0.65      0.69      0.46      0.46      0.39      0.22      0.00      0.00      0.00      0.00      0.00      0.00
  4001.00      0.54      0.67      0.44      0.45      0.37      0.21      0.01      0.00      0.00      0.00      0.00      0.00
  4002.00      0.48      0.71      0.46      0.48      0.39      0.23      0.02      0.00      0.00      0.00      0.00      0.00
  4003.00      0.44      0.75      0.47      0.52      0.41      0.24      0.02      0.00      0.00      0.00      0.00      0.00
  4004.00      0.43      0.77      0.47      0.54      0.44      0.26      0.02      0.00      0.00      0.00      0.00      0.00
  4005.00      0.45      0.78      0.48      0.57      0.46      0.26      0.01      0.00      0.00      0.00      0.00      0.00
  4006.00      0.49      0.73      0.45      0.54      0.43      0.25      0.00      0.00      0.00      0.00      0.00      0.00
  4007.00      0.64      0.76      0.46      0.55      0.44      0.26      0.00      0.00      0.00      0.00      0.00      0.00
  4008.00      0.88      0.83      0.50      0.60      0.46      0.28      0.00      0.00      0.00      0.00      0.00      0.00
  4009.00      0.96      0.77      0.47      0.55      0.40      0.25      0.00      0.00      0.00      0.00      0.00      0.00
  4010.00      1.04      0.76      0.49      0.55      0.39      0.24      0.00      0.00      0.00      0.00      0.00      0.00
  4011.00      1.16      0.81      0.55      0.61      0.42      0.26      0.00      0.00      0.00      0.00      0.00      0.00
  4012.00      1.13      0.79      0.57      0.62      0.43      0.27      0.00      0.00      0.00      0.00      0.00      0.00
  4013.00      1.02      0.74      0.54      0.58      0.42      0.27      0.00      0.00      0.00      0.00      0.00      0.00
  4014.00      0.89      0.68      0.50      0.53      0.40      0.25      0.00      0.00      0.00      0.00      0.00      0.00
  4015.00      0.87      0.70      0.51      0.53      0.40      0.26      0.00      0.00      0.00      0.00      0.00      0.00
  4016.00      0.90      0.74      0.57      0.55      0.42      0.28      0.00      0.00      0.00      0.00      0.00      0.00
  4017.00      0.89      0.73      0.60      0.54      0.41      0.27      0.00      0.00      0.00      0.00      0.00      0.00
  4018.00      0.92      0.73      0.63      0.54      0.40      0.27      0.00      0.00      0.00      0.00      0.00      0.00
  4019.00      0.92      0.71      0.63      0.53      0.38      0.25      0.00      0.00      0.00      0.00      0.00      0.00
  4020.00      0.91      0.70      0.60      0.53      0.37      0.22      0.00      0.00      0.00      0.00      0.00      0.00
  4021.00      0.89      0.68      0.56      0.51      0.37      0.20      0.00      0.00      0.00      0.00      0.00      0.00
  4022.00      0.90      0.70      0.54      0.51      0.39      0.20      0.00      0.00      0.00      0.00      0.00      0.00
  4023.00      0.92      0.72      0.55      0.53      0.41      0.22      0.00      0.00      0.00      0.00      0.00      0.00
  4024.00      0.96      0.75      0.59      0.55      0.42      0.26      0.00      0.00      0.00      0.00      0.00      0.00
  4025.00      0.96      0.74      0.60      0.55      0.38      0.27      0.00      0.00      0.00      0.00      0.00      0.00
  4026.00      0.91      0.71      0.57      0.51      0.32      0.25      0.00      0.00      0.00      0.00      0.00      0.00
  4027.00      0.89      0.70      0.55      0.48      0.30      0.22      0.00      0.00      0.00      0.00      0.00      0.00
  4028.00      0.87      0.71      0.54      0.47      0.29      0.20      0.00      0.00      0.00      0.00      0.00      0.00
  4029.00      0.89      0.77      0.57      0.50      0.32      0.18      0.00      0.00      0.00      0.00      0.00      0.00
  4030.00      0.86      0.78      0.56      0.51      0.35      0.14      0.00      0.00      0.00      0.00      0.00      0.00
  4031.00      0.87      0.84      0.58      0.56      0.39      0.11      0.00      0.00      0.00      0.00      0.00      0.00
  4032.00      0.95      0.93      0.62      0.63      0.45      0.08      0.00      0.00      0.00      0.00      0.00      0.00
  4033.00      0.96      0.95      0.61      0.63      0.46      0.06      0.00      0.00      0.00      0.00      0.00      0.00
  4034.00      0.93      0.92      0.58      0.60      0.46      0.04      0.00      0.00      0.00      0.00      0.00      0.00
  4035.00      0.87      0.87      0.55      0.55      0.43      0.03      0.01      0.00      0.00      0.00      0.00      0.00
  4036.00      0.86      0.86      0.54      0.54      0.42      0.03      0.03      0.00      0.00      0.00      0.00      0.00
  4037.00      0.89      0.87      0.54      0.54      0.42      0.02      0.04      0.00      0.00      0.00      0.00      0.00
  4038.00      0.93      0.91      0.54      0.55      0.43      0.01      0.05      0.00      0.00      0.00      0.00      0.00
  4039.00      0.91      0.88      0.51      0.53      0.40      0.02      0.04      0.00      0.00      0.00      0.00      0.00
  4040.00      0.92      0.89      0.51      0.55      0.40      0.04      0.03      0.00      0.00      0.00      0.00      0.00
  4041.00      0.94      0.92      0.53      0.57      0.39      0.09      0.01      0.00      0.00      0.00      0.00      0.00
  4042.00      0.89      0.88      0.51      0.53      0.35      0.13      0.00      0.00      0.00      0.00      0.00      0.00
  4043.00      0.86      0.88      0.50      0.51      0.33      0.16      0.00      0.00      0.00      0.00      0.00      0.00
  4044.00      0.90      0.94      0.53      0.54      0.34      0.20      0.00      0.00      0.00      0.00      0.00      0.00
  4045.00      0.95      1.01      0.56      0.58      0.37      0.23      0.00      0.00      0.00      0.00      0.00      0.00
  4046.00      0.98      1.06      0.57      0.60      0.39      0.26      0.00      0.00      0.00      0.00      0.00      0.00
  4047.00      1.05      1.14      0.62      0.65      0.42      0.30      0.00      0.00      0.00      0.00      0.00      0.00
  4048.00      0.94      1.00      0.55      0.58      0.36      0.29      0.00      0.00      0.00      0.00      0.00      0.00
  4049.00      0.87      0.91      0.52      0.54      0.31      0.28      0.00      0.00      0.00      0.00      0.00      0.00
  4050.00      0.94      0.95      0.56      0.59      0.30      0.31      0.00      0.00      0.00      0.00      0.00      0.00
  4051.00      0.96      0.95      0.58      0.60      0.30      0.31      0.00      0.00      0.00      0.00      0.00      0.00
  4052.00      0.94      0.90      0.56      0.58      0.30      0.28      0.00      0.00      0.00      0.00      0.00      0.00
  4053.00      1.00      0.93      0.59      0.60      0.35      0.28      0.00      0.01      0.00      0.00      0.00      0.00
  4054.00      1.03      0.94      0.60      0.60      0.40      0.29      0.00      0.00      0.00      0.00      0.00      0.00
  4055.00      0.99      0.90      0.59      0.57      0.41      0.30      0.01      0.00      0.00      0.00      0.00      0.00
  4056.00      1.01      0.92      0.61      0.59      0.43      0.34      0.01      0.00      0.00      0.00      0.00      0.00
  4057.00      1.02      0.93      0.62      0.59      0.43      0.37      0.01      0.00      0.00      0.00      0.00      0.00
  4058.00      1.01      0.91      0.60      0.57      0.41      0.36      0.02      0.00      0.00      0.00      0.00      0.00
  4059.00      0.97      0.87      0.56      0.53      0.38      0.31      0.02      0.00      0.00      0.00      0.00      0.00
  4060.00      0.93      0.84      0.53      0.50      0.36      0.27      0.04      0.00      0.00      0.00      0.00      0.00
  4061.00      0.93      0.85      0.51      0.49      0.36      0.25      0.07      0.00      0.00      0.00      0.00      0.00
  4062.00      0.91      0.82      0.48      0.46      0.36      0.25      0.08      0.00      0.00      0.00      0.00      0.00
  4063.00      0.92      0.82      0.47      0.43      0.37      0.29      0.09      0.00      0.00      0.00      0.00      0.00
  4064.00      0.98      0.87      0.51      0.41      0.41      0.34      0.08      0.00      0.00      0.00      0.00      0.00
  4065.00      0.99      0.88      0.55      0.36      0.41      0.37      0.04      0.01      0.00      0.00      0.00      0.00
  4066.00      0.87      0.78      0.51      0.28      0.36      0.33      0.01      0.02      0.00      0.00      0.00      0.00
  4067.00      0.87      0.79      0.52      0.28      0.36      0.33      0.00      0.01      0.00      0.00      0.00      0.00
  4068.00      0.94      0.86      0.54      0.32      0.38      0.36      0.00      0.00      0.00      0.00      0.00      0.00
  4069.00      0.93      0.86      0.52      0.36      0.36      0.36      0.00      0.00      0.00      0.00      0.00      0.00
  4070.00      0.96      0.87      0.54      0.42      0.35      0.38      0.00      0.01      0.00      0.00      0.00      0.00
  4071.00      0.96      0.87      0.56      0.46      0.34      0.38      0.00      0.03      0.00      0.00      0.00      0.00
  4072.00      1.01      0.92      0.62      0.51      0.37      0.39      0.00      0.05      0.00      0.00      0.00      0.00
  4073.00      1.04      0.96      0.66      0.55      0.40      0.37      0.00      0.05      0.00      0.00      0.00      0.00
  4074.00      1.08      1.02      0.70      0.58      0.44      0.36      0.01      0.03      0.00      0.00      0.00      0.00
  4075.00      1.07      1.01      0.69      0.57      0.44      0.33      0.02      0.01      0.00      0.00      0.00      0.00
  4076.00      1.03      0.97      0.66      0.56      0.42      0.32      0.03      0.01      0.00      0.00      0.00      0.00
  4077.00      0.94      0.88      0.59      0.52      0.37      0.30      0.02      0.03      0.00      0.00      0.00      0.00
  4078.00      1.00      0.94      0.63      0.59      0.40      0.33      0.03      0.05      0.00      0.00      0.00      0.00
  4079.00      1.09      1.02      0.68      0.67      0.43      0.37      0.03      0.08      0.00      0.00      0.00      0.00
  4080.00      1.03      0.98      0.64      0.65      0.41      0.35      0.03      0.07      0.00      0.00      0.00      0.00
  4081.00      0.91      0.88      0.57      0.58      0.35      0.30      0.02      0.04      0.00      0.00      0.00      0.00
  4082.00      0.90      0.88      0.56      0.58      0.32      0.30      0.01      0.04      0.00      0.00      0.00      0.00
  4083.00      0.99      0.95      0.61      0.62      0.33      0.34      0.01      0.04      0.00      0.00      0.00      0.00
  4084.00      1.02      0.98      0.63      0.64      0.33      0.36      0.02      0.02      0.00      0.00      0.00      0.00
  4085.00      1.03      0.99      0.62      0.64      0.32      0.37      0.02      0.00      0.00      0.00      0.00      0.00
  4086.00      0.96      0.94      0.58      0.59      0.32      0.35      0.02      0.00      0.00      0.00      0.00      0.00
  4087.00      0.90      0.88      0.54      0.54      0.32      0.32      0.01      0.00      0.00      0.00      0.00      0.00
  4088.00      0.89      0.86      0.55      0.52      0.32      0.30      0.00      0.00      0.00      0.00      0.00      0.00
  4089.00      0.93      0.86      0.58      0.53      0.33      0.32      0.00      0.00      0.00      0.00      0.00      0.00
  4090.00      0.93      0.82      0.59      0.54      0.31      0.33      0.00      0.00      0.00      0.00      0.00      0.00
  4091.00      0.91      0.76      0.58      0.55      0.28      0.35      0.00      0.00      0.00      0.00      0.00      0.00
  4092.00      0.91      0.70      0.59      0.58      0.27      0.36      0.00      0.00      0.00      0.00      0.00      0.00
  4093.00      0.92      0.62      0.59      0.59      0.25      0.36      0.00      0.00      0.00      0.00      0.00      0.00
  4094.00      0.94      0.54      0.59      0.60      0.23      0.35      0.00      0.01      0.00      0.00      0.00      0.00
  4095.00      0.95      0.47      0.58      0.61      0.21      0.33      0.00      0.01      0.00      0.00      0.00      0.00
  4096.00      0.96      0.43      0.58      0.62      0.18      0.32      0.00      0.00      0.00      0.00      0.00      0.00
  4097.00      0.95      0.42      0.58      0.62      0.15      0.31      0.01      0.00      0.00      0.00      0.00      0.00
  4098.00      0.98      0.47      0.61      0.62      0.12      0.31      0.02      0.00      0.00      0.00      0.00      0.00
  4099.00      1.02      0.57      0.63      0.62      0.10      0.32      0.04      0.00      0.00      0.00      0.00      0.00
  4100.00      1.04      0.72      0.63      0.62      0.07      0.34      0.04      0.00      0.00      0.00      0.00      0.00
  4101.00      1.04      0.85      0.62      0.62      0.04      0.35      0.02      0.00      0.00      0.00      0.00      0.00
  4102.00      1.09      1.00      0.64      0.66      0.03      0.38      0.01      0.00      0.00      0.00      0.00      0.00
  4103.00      1.07      1.04      0.62      0.67      0.02      0.39      0.00      0.00      0.00      0.00      0.00      0.00
  4104.00      1.02      1.02      0.60      0.65      0.00      0.38      0.00      0.01      0.00      0.00      0.00      0.00
  4105.00      0.99      1.00      0.59      0.63      0.01      0.38      0.00      0.01      0.00      0.00      0.00      0.00
  4106.00      0.93      0.95      0.56      0.58      0.02      0.38      0.00      0.01      0.00      0.00      0.00      0.00
  4107.00      0.96      0.99      0.59      0.59      0.05      0.41      0.00      0.00      0.00      0.00      0.00      0.00
  4108.00      1.01      1.05      0.61      0.60      0.09      0.44      0.01      0.00      0.00      0.00      0.00      0.00
  4109.00      1.04      1.08      0.61      0.61      0.14      0.43      0.03      0.00      0.00      0.00      0.00      0.00
  4110.00      1.02      1.09      0.56      0.60      0.16      0.41      0.04      0.00      0.00      0.00      0.00      0.00
  4111.00      1.00      1.15      0.52      0.59      0.18      0.40      0.05      0.00      0.00      0.00      0.00      0.00
  4112.00      0.97      1.20      0.47      0.57      0.19      0.38      0.04      0.00      0.00      0.00      0.00      0.00
  4113.00      0.95      1.24      0.43      0.56      0.21      0.38      0.02      0.00      0.00      0.00      0.00      0.00
  4114.00      0.95      1.24      0.39      0.57      0.25      0.38      0.00      0.00      0.00      0.00      0.00      0.00
  4115.00      0.94      1.17      0.32      0.57      0.28      0.36      0.00      0.00      0.00      0.00      0.00      0.00
  4116.00      0.96      1.12      0.26      0.59      0.31      0.35      0.00      0.00      0.00      0.00      0.00      0.00
  4117.00      0.98      1.07      0.23      0.60      0.32      0.34      0.02      0.00      0.00      0.00      0.00      0.00
  4118.00      0.97      1.00      0.25      0.59      0.31      0.31      0.03      0.00      0.00      0.00      0.00      0.00
  4119.00      0.98      0.99      0.31      0.60      0.31      0.28      0.03      0.00      0.00      0.00      0.00      0.00
  4120.00      1.02      1.03      0.39      0.62      0.33      0.28      0.02      0.00      0.00      0.00      0.00      0.00
  4121.00      0.95      0.97      0.43      0.59      0.32      0.27      0.02      0.00      0.00      0.00      0.00      0.00
  4122.00      0.88      0.90      0.44      0.55      0.28      0.26      0.03      0.00      0.00      0.00      0.00      0.00
  4123.00      0.94      0.94      0.50      0.59      0.29      0.28      0.05      0.00      0.00      0.00      0.00      0.00
  4124.00      0.95      0.93      0.54      0.59      0.29      0.28      0.06      0.00      0.00      0.00      0.00      0.00
  4125.00      0.96      0.95      0.57      0.59      0.30      0.25      0.06      0.00      0.00      0.00      0.00      0.00
  4126.00      0.97      0.95      0.58      0.58      0.30      0.21      0.04      0.00      0.00      0.00      0.00      0.00
  4127.00      0.97      0.94      0.59      0.58      0.30      0.16      0.02      0.00      0.00      0.00      0.00      0.00
  4128.00      0.96      0.93      0.57      0.57      0.31      0.12      0.00      0.00      0.00      0.00      0.00      0.00
  4129.00      0.94      0.92      0.55      0.57      0.32      0.10      0.00      0.00      0.00      0.00      0.00      0.00
  4130.00      0.95      0.95      0.57      0.60      0.35      0.08      0.00      0.02      0.00      0.00      0.00      0.00
  4131.00      0.98      0.98      0.61      0.64      0.41      0.05      0.00      0.03      0.00      0.00      0.00      0.00
  4132.00      0.97      0.96      0.61      0.64      0.43      0.02      0.00      0.02      0.00      0.00      0.00      0.00
  4133.00      1.01      0.99      0.63      0.67      0.48      0.00      0.00      0.01      0.00      0.00      0.00      0.00
  4134.00      1.02      1.00      0.62      0.67      0.51      0.00      0.00      0.00      0.00      0.00      0.00      0.00
  4135.00      1.07      1.04      0.64      0.70      0.54      0.01      0.00      0.00      0.00      0.00      0.00      0.00
  4136.00      1.00      0.97      0.60      0.65      0.50      0.05      0.00      0.00      0.00      0.00      0.00      0.00
  4137.00      0.93      0.90      0.57      0.60      0.44      0.10      0.01      0.00      0.00      0.00      0.00      0.00
  4138.00      0.91      0.90      0.57      0.60      0.42      0.15      0.02      0.00      0.00      0.00      0.00      0.00
  4139.00      0.92      0.93      0.59      0.61      0.40      0.19      0.02      0.00      0.00      0.00      0.00      0.00
  4140.00      0.89      0.91      0.57      0.58      0.37      0.20      0.03      0.00      0.00      0.00      0.00      0.00
  4141.00      0.87      0.90      0.56      0.58      0.35      0.20      0.04      0.00      0.00      0.00      0.00      0.00
  4142.00      0.90      0.92      0.56      0.61      0.32      0.20      0.05      0.00      0.00      0.00      0.00      0.00
  4143.00      0.96      0.99      0.58      0.66      0.30      0.20      0.07      0.01      0.00      0.00      0.00      0.00
  4144.00      0.98      1.01      0.57      0.66      0.25      0.19      0.08      0.02      0.00      0.00      0.00      0.00
  4145.00      0.97      0.97      0.54      0.62      0.21      0.17      0.07      0.03      0.00      0.00      0.00      0.00
  4146.00      0.96      0.93      0.53      0.59      0.20      0.14      0.07      0.03      0.00      0.00      0.00      0.00
  4147.00      0.99      0.96      0.54      0.61      0.21      0.12      0.07      0.01      0.00      0.00      0.00      0.00
  4148.00      1.01      0.98      0.54      0.65      0.26      0.11      0.05      0.00      0.00      0.00      0.00      0.00
  4149.00      1.02      0.99      0.55      0.67      0.33      0.09      0.03      0.00      0.00      0.00      0.00      0.00
  4150.00      0.97      0.94      0.53      0.63      0.38      0.08      0.01      0.00      0.00      0.00      0.00      0.00
  4151.00      0.99      0.96      0.56      0.63      0.46      0.07      0.00      0.00      0.00      0.00      0.00      0.00
  4152.00      1.03      0.99      0.60      0.63      0.53      0.07      0.00      0.01      0.00      0.00      0.00      0.00
  4153.00      1.00      0.96      0.60      0.60      0.56      0.07      0.01      0.04      0.00      0.00      0.00      0.00
  4154.00      0.99      0.96      0.60      0.60      0.57      0.11      0.02      0.06      0.00      0.00      0.00      0.00
  4155.00      0.96      0.97      0.59      0.60      0.55      0.17      0.04      0.07      0.00      0.00      0.00      0.00
  4156.00      0.89      0.93      0.53      0.54      0.49      0.22      0.05      0.07      0.00      0.00      0.00      0.00
  4157.00      0.84      0.89      0.50      0.49      0.43      0.26      0.05      0.07      0.00      0.00      0.00      0.00
  4158.00      0.84      0.90      0.50      0.46      0.41      0.30      0.06      0.05      0.00      0.00      0.00      0.00
  4159.00      0.88      0.92      0.50      0.46      0.42      0.33      0.07      0.03      0.00      0.00      0.00      0.00
  4160.00      0.85      0.88      0.46      0.44      0.44      0.34      0.08      0.01      0.00      0.00      0.00      0.00
  4161.00      0.86      0.90      0.44      0.46      0.49      0.35      0.09      0.00      0.00      0.00      0.00      0.00
  4162.00      0.85      0.89      0.40      0.45      0.53      0.34      0.09      0.00      0.00      0.00      0.00      0.00
  4163.00      0.90      0.94      0.39      0.49      0.61      0.35      0.10      0.00      0.00      0.00      0.00      0.00
  4164.00      0.90      0.95      0.36      0.50      0.63      0.34      0.10      0.00      0.00      0.00      0.00      0.00
  4165.00      0.81      0.88      0.29      0.48      0.58      0.30      0.09      0.02      0.00      0.00      0.00      0.00
  4166.00      0.75      0.83      0.24      0.46      0.54      0.27      0.09      0.03      0.00      0.00      0.00      0.00
  4167.00      0.77      0.85      0.22      0.48      0.54      0.26      0.09      0.03      0.00      0.00      0.00      0.00
  4168.00      0.78      0.85      0.23      0.48      0.54      0.27      0.09      0.02      0.00      0.00      0.00      0.00
  4169.00      0.78      0.82      0.26      0.48      0.55      0.28      0.08      0.00      0.00      0.00      0.00      0.00
  4170.00      0.81      0.85      0.32      0.50      0.59      0.31      0.09      0.00      0.00      0.00      0.00      0.00
  4171.00      0.81      0.87      0.37      0.51      0.61      0.34      0.09      0.00      0.00      0.00      0.00      0.00
  4172.00      0.84      0.91      0.42      0.54      0.63      0.38      0.10      0.00      0.00      0.00      0.00      0.00
  4173.00      0.85      0.97      0.44      0.57      0.64      0.42      0.10      0.00      0.00      0.00      0.00      0.00
  4174.00      0.80      0.94      0.40      0.53      0.58      0.40      0.10      0.00      0.00      0.00      0.00      0.00
  4175.00      0.77      0.94      0.36      0.50      0.55      0.38      0.11      0.00      0.00      0.00      0.00      0.00
  4176.00      0.73      0.92      0.32      0.47      0.54      0.36      0.12      0.00      0.00      0.00      0.00      0.00
  4177.00      0.72      0.94      0.32      0.48      0.58      0.37      0.16      0.00      0.00      0.00      0.00      0.00
  4178.00      0.65      0.92      0.33      0.48      0.59      0.37      0.18      0.01      0.00      0.00      0.00      0.00
  4179.00      0.54      0.87      0.37      0.49      0.57      0.37      0.18      0.00      0.00      0.00      0.00      0.00
  4180.00      0.49      0.90      0.45      0.55      0.60      0.41      0.18      0.00      0.00      0.00      0.00      0.00
  4181.00      0.48      0.95      0.56      0.62      0.64      0.43      0.17      0.00      0.00      0.00      0.00      0.00
  4182.00      0.51      0.99      0.68      0.66      0.67      0.44      0.16      0.00      0.00      0.00      0.00      0.00
  4183.00      0.58      0.99      0.74      0.67      0.66      0.43      0.13      0.00      0.00      0.00      0.00      0.00
  4184.00      0.66      0.98      0.75      0.66      0.64      0.42      0.10      0.00      0.00      0.00      0.00      0.00
  4185.00      0.77      1.00      0.75      0.67      0.64      0.41      0.08      0.00      0.00      0.00      0.00      0.00
  4186.00      0.82      0.95      0.67      0.64      0.59      0.39      0.06      0.00      0.00      0.00      0.00      0.00
  4187.00      0.82      0.91      0.61      0.59      0.55      0.37      0.04      0.00      0.00      0.00      0.00      0.00
  4188.00      0.90      0.99      0.63      0.62      0.60      0.37      0.02      0.00      0.00      0.00      0.00      0.00
  4189.00      0.98      1.07      0.69      0.66      0.67      0.38      0.01      0.00      0.00      0.00      0.00      0.00
  4190.00      0.96      1.03      0.68      0.64      0.66      0.35      0.03      0.00      0.00      0.00      0.00      0.00
  4191.00      0.91      0.95      0.65      0.59      0.61      0.32      0.05      0.00      0.00      0.00      0.00      0.00
  4192.00      0.90      0.93      0.66      0.57      0.58      0.31      0.07      0.00      0.00      0.00      0.00      0.00
  4193.00      0.90      0.93      0.67      0.55      0.56      0.32      0.09      0.00      0.00      0.00      0.00      0.00
  4194.00      0.91      0.95      0.66      0.53      0.56      0.33      0.10      0.00      0.00      0.00      0.00      0.00
  4195.00      0.93      1.00      0.65      0.55      0.59      0.36      0.11      0.00      0.00      0.00      0.00      0.00
  4196.00      0.94      1.02      0.62      0.59      0.63      0.38      0.12      0.01      0.00      0.00      0.00      0.00
  4197.00      0.93      1.01      0.59      0.61      0.66      0.36      0.13      0.01      0.00      0.00      0.00      0.00
  4198.00      0.95      1.03      0.59      0.64      0.68      0.35      0.13      0.01      0.00      0.00      0.00      0.00
  4199.00      0.97      1.02      0.58      0.64      0.67      0.32      0.13      0.00      0.00      0.00      0.00      0.00
  4200.00      0.93      0.97      0.54      0.60      0.61      0.26      0.11      0.01      0.00      0.00      0.00      0.00
  4201.00      0.86      0.90      0.51      0.56      0.57      0.20      0.10      0.02      0.00      0.00      0.00      0.00
  4202.00      0.82      0.88      0.51      0.55      0.55      0.17      0.11      0.03      0.00      0.00      0.00      0.00
  4203.00      0.89      0.98      0.59      0.62      0.61      0.17      0.15      0.05      0.00      0.00      0.00      0.00
  4204.00      0.88      1.02      0.62      0.62      0.63      0.17      0.20      0.04      0.00      0.00      0.00      0.00
  4205.00      0.85      1.03      0.63      0.60      0.65      0.17      0.24      0.03      0.00      0.00      0.00      0.00
  4206.00      0.75      0.98      0.59      0.54      0.63      0.18      0.26      0.01      0.00      0.00      0.00      0.00
  4207.00      0.63      0.90      0.52      0.46      0.58      0.17      0.25      0.00      0.00      0.00      0.00      0.00
  4208.00      0.56      0.85      0.48      0.40      0.56      0.18      0.23      0.00      0.00      0.00      0.00      0.00
  4209.00      0.56      0.83      0.48      0.37      0.56      0.22      0.21      0.00      0.00      0.00      0.00      0.00
  4210.00      0.64      0.87      0.51      0.38      0.59      0.31      0.21      0.00      0.00      0.00      0.00      0.00
  4211.00      0.76      0.91      0.54      0.40      0.60      0.39      0.20      0.00      0.00      0.00      0.00      0.00
  4212.00      0.87      0.92      0.54      0.44      0.60      0.44      0.19      0.00      0.00      0.00      0.00      0.00
  4213.00      0.93      0.91      0.52      0.47      0.59      0.44      0.17      0.00      0.00      0.00      0.00      0.00
  4214.00      0.96      0.89      0.49      0.51      0.57      0.41      0.15      0.00      0.00      0.00      0.00      0.00
  4215.00      1.00      0.89      0.46      0.55      0.59      0.40      0.12      0.00      0.00      0.00      0.00      0.00
  4216.00      1.03      0.89      0.43      0.58      0.61      0.38      0.09      0.00      0.00      0.00      0.00      0.00
  4217.00      1.04      0.88      0.39      0.59      0.60      0.36      0.05      0.00      0.00      0.00      0.00      0.00
  4218.00      0.98      0.83      0.33      0.55      0.55      0.33      0.02      0.00      0.00      0.00      0.00      0.00
  4219.00      0.98      0.85      0.30      0.57      0.55      0.33      0.01      0.00      0.00      0.00      0.00      0.00
  4220.00      0.95      0.85      0.25      0.57      0.54      0.33      0.01      0.00      0.00      0.00      0.00      0.00
  4221.00      0.93      0.86      0.22      0.59      0.53      0.35      0.02      0.00      0.00      0.00      0.00      0.00
  4222.00      0.89      0.80      0.18      0.57      0.51      0.35      0.03      0.00      0.00      0.00      0.00      0.00
  4223.00      0.93      0.81      0.17      0.58      0.52      0.37      0.05      0.01      0.00      0.00      0.00      0.00
  4224.00      1.00      0.85      0.18      0.60      0.56      0.40      0.08      0.02      0.00      0.00      0.00      0.00
  4225.00      1.05      0.88      0.22      0.61      0.59      0.42      0.12      0.03      0.00      0.00      0.00      0.00
  4226.00      1.08      0.92      0.30      0.63      0.62      0.45      0.15      0.02      0.00      0.00      0.00      0.00
  4227.00      1.12      0.95      0.39      0.64      0.65      0.47      0.19      0.02      0.00      0.00      0.00      0.00
  4228.00      1.17      0.96      0.48      0.67      0.70      0.50      0.22      0.00      0.00      0.00      0.00      0.00
  4229.00      1.07      0.82      0.49      0.60      0.67      0.47      0.23      0.00      0.00      0.00      0.00      0.00
  4230.00      0.96      0.67      0.47      0.52      0.62      0.43      0.24      0.00      0.00      0.00      0.00      0.00
  4231.00      0.95      0.59      0.48      0.48      0.62      0.42      0.26      0.00      0.00      0.00      0.00      0.00
  4232.00      0.95      0.53      0.47      0.43      0.60      0.41      0.27      0.00      0.00      0.00      0.00      0.00
  4233.00      0.98      0.51      0.46      0.39      0.60      0.42      0.27      0.00      0.00      0.00      0.00      0.00
  4234.00      1.03      0.55      0.47      0.40      0.62      0.45      0.27      0.00      0.00      0.00      0.00      0.00
  4235.00      1.04      0.60      0.49      0.44      0.64      0.45      0.26      0.00      0.00      0.00      0.00      0.00
  4236.00      1.01      0.62      0.49      0.49      0.65      0.43      0.25      0.00      0.00      0.00      0.00      0.00
  4237.00      1.04      0.66      0.50      0.56      0.69      0.43      0.26      0.00      0.00      0.00      0.00      0.00
  4238.00      1.04      0.64      0.48      0.57      0.68      0.40      0.26      0.00      0.00      0.00      0.00      0.00
  4239.00      1.06      0.65      0.47      0.57      0.67      0.41      0.27      0.00      0.00      0.00      0.00      0.00
  4240.00      1.11      0.72      0.50      0.59      0.70      0.45      0.28      0.00      0.00      0.00      0.00      0.00
  4241.00      1.11      0.82      0.52      0.60      0.70      0.49      0.30      0.00      0.00      0.00      0.00      0.00
  4242.00      1.04      0.91      0.50      0.58      0.65      0.47      0.29      0.00      0.00      0.00      0.00      0.00
  4243.00      1.03      1.03      0.50      0.58      0.63      0.46      0.29      0.00      0.00      0.00      0.00      0.00
  4244.00      1.06      1.15      0.55      0.62      0.64      0.47      0.30      0.00      0.00      0.00      0.00      0.00
  4245.00      1.02      1.15      0.60      0.62      0.60      0.44      0.28      0.00      0.00      0.00      0.00      0.00
  4246.00      0.97      1.08      0.66      0.60      0.54      0.43      0.25      0.00      0.00      0.00      0.00      0.00
  4247.00      0.94      1.01      0.74      0.59      0.50      0.43      0.25      0.00      0.00      0.00      0.00      0.00
  4248.00      0.92      0.97      0.85      0.58      0.46      0.43      0.26      0.00      0.00      0.00      0.00      0.00
  4249.00      0.93      0.99      1.03      0.59      0.44      0.44      0.28      0.00      0.00      0.00      0.00      0.00
  4250.00      0.93      0.99      1.18      0.57      0.40      0.43      0.28      0.00      0.00      0.00      0.00      0.00
  4251.00      0.95      1.01      1.34      0.57      0.39      0.42      0.29      0.00      0.00      0.00      0.00      0.00
  4252.00      1.00      1.09      1.50      0.58      0.40      0.45      0.31      0.00      0.00      0.00      0.00      0.00
  4253.00      0.95      1.09      1.43      0.55      0.39      0.44      0.29      0.00      0.00      0.00      0.00      0.00
  4254.00      0.92      1.11      1.27      0.54      0.41      0.44      0.28      0.00      0.00      0.00      0.00      0.00
  4255.00      0.91      1.14      1.07      0.55      0.44      0.45      0.27      0.00      0.00      0.00      0.00      0.00
  4256.00      0.96      1.25      1.07      0.60      0.49      0.48      0.26      0.00      0.00      0.00      0.00      0.00
  4257.00      0.97      1.29      1.64      0.63      0.51      0.48      0.23      0.00      0.00      0.00      0.00      0.00
  4258.00      0.98      1.31      3.19      0.67      0.53      0.49      0.22      0.00      0.00      0.00      0.00      0.00
  4259.00      0.95      1.23      5.20      0.68      0.52      0.46      0.22      0.01      0.00      0.00      0.00      0.00
  4260.00      0.97      1.17      7.22      0.70      0.52      0.45      0.25      0.03      0.00      0.00      0.00      0.00
  4261.00      1.01      1.15      8.47      0.73      0.55      0.46      0.28      0.04      0.00      0.00      0.00      0.00
  4262.00      1.02      1.11      8.48      0.73      0.57      0.47      0.29      0.05      0.00      0.00      0.00      0.00
  4263.00      0.99      1.05      7.39      0.69      0.56      0.46      0.28      0.05      0.00      0.00      0.00      0.00
  4264.00      0.99      1.03      6.20      0.68      0.56      0.48      0.26      0.04      0.00      0.00      0.00      0.00
  4265.00      1.00      1.02      5.09      0.67      0.56      0.49      0.23      0.02      0.00      0.00      0.00      0.00
  4266.00      0.95      0.97      3.94      0.63      0.53      0.47      0.19      0.01      0.01      0.00      0.00      0.00
  4267.00      0.94      0.95      3.11      0.61      0.51      0.45      0.15      0.00      0.01      0.00      0.00      0.00
  4268.00      0.95      0.94      2.48      0.60      0.50      0.43      0.11      0.00      0.00      0.00      0.00      0.00
  4269.00      0.98      0.95      2.07      0.61      0.52      0.43      0.08      0.00      0.00      0.00      0.00      0.00
  4270.00      1.00      0.97      1.75      0.62      0.55      0.42      0.06      0.00      0.00      0.00      0.00      0.00
  4271.00      1.05      1.04      1.57      0.66      0.60      0.44      0.05      0.00      0.00      0.00      0.00      0.00
  4272.00      1.09      1.12      1.42      0.69      0.64      0.47      0.04      0.00      0.00      0.00      0.00      0.00
  4273.00      1.15      1.19      1.32      0.73      0.69      0.51      0.04      0.00      0.00      0.00      0.00      0.00
  4274.00      1.07      1.08      1.10      0.66      0.64      0.48      0.03      0.00      0.00      0.00      0.00      0.00
  4275.00      1.06      1.07      1.01      0.63      0.65      0.48      0.02      0.00      0.00      0.00      0.00      0.00
  4276.00      1.04      1.07      0.94      0.59      0.65      0.45      0.02      0.00      0.00      0.00      0.00      0.00
  4277.00      0.95      1.00      0.84      0.53      0.61      0.37      0.03      0.00      0.00      0.00      0.00      0.00
  4278.00      0.92      0.98      0.81      0.52      0.61      0.34      0.06      0.00      0.00      0.00      0.00      0.00
  4279.00      0.94      0.98      0.81      0.54      0.61      0.33      0.11      0.00      0.01      0.00      0.00      0.00
  4280.00      0.98      1.00      0.84      0.58      0.64      0.35      0.16      0.01      0.03      0.00      0.00      0.00
  4281.00      1.00      1.01      0.85      0.58      0.65      0.38      0.21      0.01      0.01      0.00      0.00      0.00
  4282.00      0.98      1.00      0.85      0.57      0.64      0.42      0.23      0.01      0.00      0.00      0.00      0.00
  4283.00      0.94      0.96      0.82      0.53      0.60      0.42      0.24      0.01      0.00      0.00      0.00      0.00
  4284.00      0.97      1.01      0.85      0.55      0.61      0.45      0.27      0.02      0.00      0.00      0.00      0.00
  4285.00      0.98      1.02      0.85      0.55      0.60      0.46      0.29      0.04      0.02      0.00      0.00      0.00
  4286.00      0.99      1.03      0.86      0.55      0.59      0.47      0.31      0.06      0.05      0.00      0.00      0.00
  4287.00      1.03      1.06      0.90      0.56      0.61      0.49      0.34      0.09      0.06      0.00      0.00      0.00
  4288.00      1.02      1.05      0.90      0.54      0.61      0.49      0.35      0.11      0.04      0.00      0.00      0.00
  4289.00      1.01      1.05      0.88      0.52      0.60      0.48      0.35      0.10      0.02      0.00      0.00      0.00
  4290.00      1.04      1.09      0.90      0.53      0.61      0.49      0.34      0.08      0.01      0.00      0.00      0.00
  4291.00      1.08      1.13      0.92      0.55      0.63      0.50      0.33      0.04      0.02      0.00      0.00      0.00
  4292.00      1.01      1.05      0.85      0.51      0.58      0.46      0.30      0.01      0.04      0.00      0.00      0.00
  4293.00      0.96      1.00      0.82      0.51      0.55      0.43      0.29      0.00      0.07      0.00      0.00      0.00
  4294.00      0.92      0.96      0.80      0.50      0.53      0.40      0.30      0.00      0.08      0.00      0.00      0.00
  4295.00      0.95      0.99      0.82      0.53      0.53      0.39      0.33      0.00      0.06      0.00      0.00      0.00
  4296.00      0.98      1.03      0.85      0.57      0.55      0.40      0.36      0.00      0.05      0.00      0.00      0.00
  4297.00      0.97      1.00      0.83      0.57      0.54      0.39      0.35      0.00      0.04      0.00      0.00      0.00
  4298.00      0.96      0.98      0.82      0.58      0.54      0.39      0.31      0.00      0.04      0.00      0.00      0.00
  4299.00      1.03      1.04      0.88      0.62      0.60      0.42      0.30      0.00      0.02      0.00      0.00      0.00
  4300.00      1.07      1.08      0.92      0.65      0.64      0.44      0.30      0.00      0.00      0.00      0.00      0.00
  4301.00      1.11      1.13      0.96      0.68      0.67      0.45      0.34      0.02      0.00      0.00      0.00      0.00
  4302.00      1.17      1.20      1.00      0.73      0.71      0.43      0.39      0.03      0.00      0.00      0.00      0.00
  4303.00      1.15      1.15      0.96      0.74      0.69      0.39      0.42      0.03      0.00      0.00      0.00      0.00
  4304.00      1.17      1.11      0.95      0.78      0.68      0.37      0.45      0.03      0.00      0.00      0.00      0.00
  4305.00      1.09      0.99      0.87      0.74      0.63      0.36      0.42      0.03      0.00      0.00      0.00      0.00
  4306.00      1.06      0.97      0.84      0.74      0.62      0.39      0.41      0.03      0.00      0.00      0.00      0.00
  4307.00      1.06      1.00      0.84      0.74      0.61      0.43      0.42      0.03      0.00      0.00      0.00      0.00
  4308.00      1.00      0.99      0.79      0.67      0.58      0.43      0.40      0.02      0.00      0.00      0.00      0.00
  4309.00      1.01      1.01      0.79      0.64      0.60      0.43      0.42      0.01      0.01      0.00      0.00      0.00
  4310.00      1.00      1.00      0.78      0.61      0.60      0.42      0.41      0.01      0.01      0.00      0.00      0.00
  4311.00      1.04      1.05      0.81      0.63      0.63      0.43      0.42      0.02      0.01      0.00      0.00      0.00
  4312.00      1.06      1.11      0.84      0.66      0.65      0.44      0.40      0.02      0.00      0.00      0.00      0.00
  4313.00      1.03      1.10      0.83      0.66      0.63      0.43      0.36      0.02      0.00      0.00      0.00      0.00
  4314.00      1.02      1.10      0.85      0.67      0.64      0.43      0.33      0.01      0.00      0.00      0.00      0.00
  4315.00      0.94      1.02      0.81      0.63      0.60      0.41      0.30      0.00      0.00      0.00      0.00      0.00
  4316.00      0.88      0.94      0.78      0.59      0.56      0.39      0.29      0.00      0.00      0.00      0.00      0.00
  4317.00      0.88      0.91      0.78      0.58      0.55      0.39      0.30      0.00      0.00      0.00      0.00      0.00
  4318.00      0.93      0.94      0.81      0.60      0.57      0.41      0.32      0.00      0.00      0.00      0.00      0.00
  4319.00      0.96      0.95      0.81      0.59      0.59      0.41      0.33      0.00      0.00      0.00      0.00      0.00
  4320.00      0.99      0.98      0.82      0.59      0.62      0.43      0.34      0.00      0.01      0.00      0.00      0.00
  4321.00      0.96      0.95      0.77      0.56      0.61      0.41      0.32      0.00      0.01      0.00      0.00      0.00
  4322.00      0.98      0.95      0.78      0.57      0.62      0.41      0.32      0.00      0.01      0.00      0.00      0.00
  4323.00      0.98      0.94      0.77      0.57      0.61      0.40      0.33      0.00      0.00      0.00      0.00      0.00
  4324.00      1.07      1.03      0.85      0.64      0.64      0.42      0.37      0.00      0.00      0.00      0.00      0.00
  4325.00      1.15      1.12      0.91      0.69      0.67      0.43      0.41      0.01      0.00      0.00      0.00      0.00
  4326.00      1.10      1.09      0.88      0.65      0.64      0.42      0.40      0.03      0.00      0.00      0.00      0.00
  4327.00      1.09      1.07      0.86      0.63      0.63      0.42      0.38      0.04      0.00      0.00      0.00      0.00
  4328.00      1.04      1.01      0.82      0.60      0.59      0.42      0.36      0.04      0.00      0.00      0.00      0.00
  4329.00      1.00      0.95      0.80      0.59      0.57      0.43      0.34      0.02      0.00      0.00      0.00      0.00
  4330.00      0.96      0.88      0.77      0.57      0.55      0.42      0.33      0.00      0.00      0.00      0.00      0.00
  4331.00      0.95      0.84      0.75      0.58      0.53      0.40      0.34      0.00      0.00      0.00      0.00      0.00
  4332.00      0.98      0.83      0.77      0.60      0.54      0.41      0.37      0.00      0.00      0.00      0.00      0.00
  4333.00      0.97      0.76      0.76      0.60      0.51      0.41      0.37      0.00      0.00      0.00      0.00      0.00
  4334.00      0.96      0.65      0.74      0.58      0.47      0.40      0.36      0.00      0.00      0.00      0.00      0.00
  4335.00      0.98      0.56      0.75      0.59      0.42      0.41      0.35      0.00      0.00      0.00      0.00      0.00
  4336.00      1.02      0.50      0.78      0.60      0.37      0.40      0.34      0.00      0.00      0.00      0.00      0.00
  4337.00      1.00      0.44      0.78      0.59      0.32      0.36      0.32      0.02      0.00      0.00      0.00      0.00
  4338.00      1.05      0.45      0.84      0.61      0.32      0.35      0.31      0.04      0.00      0.00      0.00      0.00
  4339.00      1.07      0.50      0.89      0.64      0.36      0.34      0.32      0.05      0.00      0.00      0.00      0.00
  4340.00      1.07      0.60      0.91      0.65      0.41      0.33      0.32      0.05      0.01      0.00      0.00      0.00
  4341.00      1.09      0.78      0.95      0.68      0.47      0.35      0.35      0.03      0.01      0.00      0.00      0.00
  4342.00      1.06      0.95      0.93      0.65      0.50      0.36      0.36      0.01      0.00      0.00      0.00      0.00
  4343.00      1.01      1.06      0.87      0.60      0.50      0.35      0.34      0.00      0.00      0.00      0.00      0.00
  4344.00      0.98      1.11      0.85      0.57      0.49      0.33      0.33      0.00      0.00      0.00      0.00      0.00
  4345.00      0.98      1.13      0.86      0.57      0.49      0.32      0.33      0.01      0.00      0.00      0.00      0.00
  4346.00      0.94      1.09      0.84      0.55      0.47      0.29      0.33      0.02      0.00      0.00      0.00      0.00
  4347.00      0.86      0.98      0.81      0.52      0.45      0.26      0.32      0.03      0.01      0.00      0.00      0.00
  4348.00      0.84      0.93      0.82      0.51      0.47      0.24      0.34      0.03      0.03      0.00      0.00      0.00
  4349.00      0.83      0.87      0.81      0.51      0.49      0.22      0.35      0.02      0.03      0.00      0.00      0.00
  4350.00      0.80      0.81      0.78      0.48      0.49      0.19      0.34      0.02      0.02      0.00      0.00      0.00
  4351.00      0.84      0.82      0.81      0.50      0.53      0.18      0.34      0.03      0.00      0.00      0.00      0.00
  4352.00      0.91      0.88      0.88      0.51      0.58      0.17      0.35      0.04      0.00      0.00      0.00      0.00
  4353.00      0.93      0.91      0.92      0.50      0.59      0.14      0.35      0.05      0.00      0.00      0.00      0.00
  4354.00      0.89      0.88      0.90      0.48      0.56      0.11      0.33      0.05      0.00      0.00      0.00      0.00
  4355.00      0.84      0.85      0.87      0.47      0.52      0.09      0.32      0.04      0.00      0.00      0.00      0.00
  4356.00      0.82      0.83      0.87      0.48      0.51      0.07      0.32      0.02      0.00      0.00      0.00      0.00
  4357.00      0.80      0.81      0.86      0.49      0.49      0.04      0.30      0.00      0.00      0.00      0.00      0.00
  4358.00      0.80      0.79      0.85      0.48      0.48      0.02      0.29      0.00      0.00      0.00      0.00      0.00
  4359.00      0.82      0.79      0.85      0.47      0.47      0.02      0.27      0.00      0.00      0.00      0.00      0.00
  4360.00      0.88      0.83      0.88      0.49      0.48      0.01      0.27      0.00      0.00      0.00      0.00      0.00
  4361.00      0.88      0.83      0.85      0.50      0.46      0.00      0.24      0.00      0.01      0.00      0.00      0.00
  4362.00      0.81      0.78      0.77      0.48      0.43      0.01      0.21      0.00      0.02      0.00      0.00      0.00
  4363.00      0.76      0.75      0.73      0.47      0.42      0.02      0.20      0.00      0.02      0.00      0.00      0.00
  4364.00      0.77      0.77      0.75      0.49      0.44      0.05      0.21      0.00      0.02      0.00      0.00      0.00
  4365.00      0.78      0.78      0.76      0.51      0.47      0.08      0.23      0.00      0.01      0.00      0.00      0.00
  4366.00      0.77      0.75      0.74      0.52      0.48      0.11      0.23      0.00      0.00      0.00      0.00      0.00
  4367.00      0.79      0.75      0.73      0.53      0.50      0.13      0.23      0.01      0.00      0.00      0.00      0.00
  4368.00      0.80      0.76      0.74      0.54      0.51      0.14      0.20      0.02      0.00      0.00      0.00      0.00
  4369.00      0.79      0.75      0.72      0.54      0.50      0.15      0.16      0.02      0.00      0.00      0.00      0.00
  4370.00      0.79      0.76      0.72      0.53      0.50      0.18      0.12      0.02      0.00      0.00      0.00      0.00
  4371.00      0.83      0.80      0.77      0.56      0.52      0.23      0.10      0.03      0.02      0.00      0.00      0.00
  4372.00      0.84      0.80      0.78      0.55      0.51      0.25      0.09      0.05      0.04      0.00      0.00      0.00
  4373.00      0.83      0.80      0.78      0.53      0.49      0.27      0.07      0.06      0.06      0.00      0.00      0.00
  4374.00      0.86      0.84      0.81      0.54      0.51      0.28      0.04      0.07      0.07      0.00      0.00      0.00
  4375.00      0.88      0.87      0.82      0.54      0.52      0.28      0.02      0.07      0.07      0.00      0.00      0.00
  4376.00      0.90      0.88      0.81      0.55      0.53      0.28      0.00      0.06      0.07      0.00      0.00      0.00
  4377.00      0.88      0.86      0.77      0.52      0.53      0.28      0.00      0.06      0.05      0.00      0.00      0.00
  4378.00      0.85      0.84      0.74      0.49      0.51      0.27      0.01      0.05      0.03      0.00      0.00      0.00
  4379.00      0.85      0.85      0.75      0.49      0.50      0.27      0.03      0.03      0.01      0.00      0.00      0.00
  4380.00      0.83      0.85      0.76      0.50      0.49      0.26      0.07      0.02      0.00      0.00      0.00      0.00
  4381.00      0.86      0.89      0.81      0.54      0.50      0.26      0.12      0.00      0.00      0.00      0.00      0.00
  4382.00      0.92      0.94      0.87      0.57      0.52      0.28      0.17      0.00      0.00      0.00      0.00      0.00
  4383.00      0.92      0.92      0.86      0.57      0.51      0.28      0.20      0.00      0.00      0.00      0.00      0.00
  4384.00      0.97      0.96      0.88      0.59      0.54      0.29      0.22      0.01      0.02      0.00      0.00      0.00
  4385.00      1.03      1.01      0.92      0.63      0.56      0.31      0.22      0.03      0.04      0.00      0.00      0.00
  4386.00      1.00      0.99      0.89      0.61      0.55      0.31      0.20      0.05      0.05      0.00      0.00      0.00
  4387.00      0.93      0.92      0.83      0.56      0.51      0.31      0.18      0.05      0.03      0.00      0.00      0.00
  4388.00      0.91      0.91      0.82      0.53      0.51      0.33      0.16      0.05      0.01      0.00      0.00      0.00
  4389.00      0.97      0.97      0.88      0.54      0.55      0.39      0.16      0.06      0.00      0.00      0.00      0.00
  4390.00      1.00      1.02      0.93      0.57      0.59      0.43      0.14      0.07      0.00      0.00      0.00      0.00
  4391.00      1.01      1.05      0.96      0.60      0.61      0.47      0.12      0.09      0.00      0.00      0.00      0.00
  4392.00      0.99      1.04      0.95      0.61      0.60      0.49      0.10      0.10      0.00      0.00      0.00      0.00
  4393.00      0.98      1.00      0.94      0.61      0.59      0.50      0.09      0.11      0.00      0.00      0.00      0.00
  4394.00      0.94      0.92      0.89      0.57      0.55      0.47      0.07      0.10      0.00      0.00      0.00      0.00
  4395.00      0.93      0.90      0.88      0.54      0.55      0.45      0.07      0.09      0.00      0.00      0.00      0.00
  4396.00      0.94      0.92      0.90      0.54      0.56      0.44      0.06      0.10      0.00      0.00      0.00      0.00
  4397.00      0.93      0.95      0.89      0.54      0.57      0.42      0.06      0.10      0.00      0.00      0.00      0.00
  4398.00      0.91      0.94      0.87      0.53      0.56      0.40      0.09      0.10      0.01      0.00      0.00      0.00
  4399.00      0.93      0.97      0.89      0.54      0.56      0.39      0.13      0.10      0.00      0.00      0.00      0.00
  4400.00      0.95      1.00      0.90      0.56      0.56      0.37      0.20      0.10      0.00      0.00      0.00      0.00
  4401.00      0.97      1.03      0.92      0.58      0.57      0.34      0.27      0.10      0.00      0.00      0.00      0.00
  4402.00      0.95      1.03      0.91      0.57      0.56      0.29      0.31      0.10      0.00      0.00      0.00      0.00
  4403.00      0.88      0.96      0.84      0.52      0.53      0.23      0.33      0.10      0.00      0.00      0.00      0.00
  4404.00      0.86      0.93      0.79      0.48      0.53      0.20      0.34      0.09      0.00      0.00      0.00      0.00
  4405.00      0.88      0.93      0.75      0.45      0.55      0.19      0.36      0.10      0.00      0.00      0.00      0.00
  4406.00      0.92      0.97      0.73      0.44      0.59      0.21      0.38      0.10      0.00      0.00      0.00      0.00
  4407.00      0.87      0.92      0.62      0.39      0.57      0.22      0.35      0.11      0.00      0.00      0.00      0.00
  4408.00      0.88      0.94      0.56      0.36      0.58      0.27      0.34      0.12      0.00      0.00      0.00      0.00
  4409.00      0.91      0.98      0.50      0.32      0.60      0.34      0.33      0.15      0.00      0.00      0.00      0.00
  4410.00      0.85      0.92      0.42      0.24      0.57      0.39      0.30      0.17      0.00      0.00      0.00      0.00
  4411.00      0.87      0.93      0.39      0.21      0.58      0.45      0.30      0.18      0.00      0.00      0.00      0.00
  4412.00      0.89      0.92      0.37      0.23      0.58      0.50      0.29      0.18      0.00      0.00      0.00      0.00
  4413.00      0.85      0.84      0.36      0.25      0.54      0.49      0.27      0.15      0.00      0.00      0.00      0.00
  4414.00      0.88      0.86      0.44      0.32      0.56      0.50      0.29      0.14      0.00      0.00      0.00      0.00
  4415.00      0.94      0.93      0.58      0.39      0.59      0.51      0.32      0.13      0.00      0.00      0.00      0.00
  4416.00      0.96      0.96      0.72      0.44      0.60      0.50      0.35      0.11      0.00      0.00      0.00      0.00
  4417.00      0.90      0.91      0.77      0.45      0.57      0.44      0.35      0.08      0.01      0.00      0.00      0.00
  4418.00      0.93      0.93      0.83      0.48      0.58      0.42      0.37      0.06      0.01      0.00      0.00      0.00
  4419.00      0.95      0.95      0.88      0.52      0.60      0.44      0.39      0.05      0.01      0.00      0.00      0.00
  4420.00      0.94      0.95      0.89      0.54      0.60      0.48      0.38      0.03      0.00      0.00      0.00      0.00
  4421.00      0.88      0.90      0.86      0.53      0.56      0.50      0.36      0.01      0.01      0.00      0.00      0.00
  4422.00      0.85      0.87      0.84      0.51      0.53      0.54      0.34      0.01      0.02      0.00      0.00      0.00
  4423.00      0.92      0.92      0.89      0.53      0.56      0.61      0.36      0.03      0.03      0.00      0.00      0.00
  4424.00      0.97      0.96      0.94      0.55      0.59      0.65      0.38      0.05      0.05      0.00      0.00      0.00
  4425.00      1.00      0.98      0.97      0.58      0.62      0.66      0.41      0.07      0.04      0.00      0.00      0.00
  4426.00      0.97      0.94      0.97      0.58      0.61      0.64      0.42      0.09      0.03      0.00      0.00      0.00
  4427.00      0.96      0.93      1.02      0.59      0.60      0.63      0.42      0.10      0.02      0.00      0.00      0.00
  4428.00      0.91      0.88      1.05      0.57      0.56      0.60      0.38      0.11      0.01      0.00      0.00      0.00
  4429.00      0.90      0.86      1.08      0.54      0.53      0.59      0.37      0.11      0.00      0.00      0.00      0.00
  4430.00      0.95      0.92      1.18      0.55      0.55      0.64      0.38      0.12      0.00      0.00      0.00      0.00
  4431.00      1.01      0.97      1.23      0.59      0.58      0.69      0.40      0.13      0.00      0.00      0.00      0.00
  4432.00      1.00      0.95      1.18      0.60      0.59      0.70      0.40      0.13      0.00      0.00      0.00      0.00
  4433.00      0.94      0.89      1.04      0.57      0.54      0.64      0.38      0.11      0.00      0.00      0.00      0.00
  4434.00      0.95      0.91      1.00      0.60      0.53      0.62      0.37      0.10      0.00      0.00      0.00      0.00
  4435.00      1.01      0.98      1.01      0.65      0.53      0.62      0.37      0.11      0.00      0.00      0.00      0.00
  4436.00      1.02      0.99      0.99      0.65      0.51      0.60      0.35      0.14      0.00      0.00      0.00      0.00
  4437.00      1.01      0.94      0.95      0.61      0.49      0.58      0.32      0.17      0.00      0.00      0.00      0.00
  4438.00      0.98      0.89      0.93      0.57      0.48      0.58      0.31      0.20      0.00      0.00      0.00      0.00
  4439.00      0.96      0.89      0.91      0.55      0.48      0.60      0.31      0.22      0.00      0.00      0.00      0.00
  4440.00      0.96      0.91      0.90      0.53      0.49      0.61      0.32      0.24      0.00      0.00      0.00      0.00
  4441.00      0.98      0.97      0.91      0.54      0.50      0.64      0.35      0.25      0.00      0.00      0.00      0.00
  4442.00      1.00      1.01      0.94      0.55      0.53      0.66      0.38      0.25      0.00      0.00      0.00      0.00
  4443.00      1.00      1.00      0.94      0.55      0.54      0.65      0.37      0.23      0.00      0.00      0.00      0.00
  4444.00      1.00      0.98      0.92      0.53      0.55      0.64      0.35      0.21      0.00      0.00      0.00      0.00
  4445.00      1.02      0.98      0.92      0.53      0.57      0.65      0.33      0.20      0.01      0.00      0.00      0.00
  4446.00      0.98      0.93      0.89      0.51      0.54      0.61      0.29      0.18      0.02      0.00      0.00      0.00
  4447.00      0.93      0.88      0.86      0.51      0.52      0.57      0.24      0.16      0.02      0.00      0.00      0.00
  4448.00      0.94      0.90      0.90      0.54      0.54      0.58      0.20      0.15      0.02      0.00      0.00      0.00
  4449.00      0.95      0.92      0.93      0.58      0.55      0.60      0.18      0.13      0.02      0.00      0.00      0.00
  4450.00      0.92      0.91      0.91      0.57      0.54      0.60      0.16      0.10      0.01      0.00      0.00      0.00
  4451.00      0.92      0.92      0.90      0.56      0.54      0.61      0.15      0.06      0.00      0.00      0.00      0.00
  4452.00      0.95      0.94      0.91      0.56      0.53      0.62      0.15      0.03      0.00      0.00      0.00      0.00
  4453.00      1.00      0.96      0.93      0.56      0.53      0.63      0.17      0.01      0.00      0.00      0.00      0.00
  4454.00      1.01      0.96      0.94      0.57      0.51      0.63      0.17      0.01      0.00      0.00      0.00      0.00
  4455.00      0.98      0.93      0.91      0.55      0.48      0.60      0.18      0.01      0.00      0.00      0.00      0.00
  4456.00      1.01      0.96      0.95      0.56      0.50      0.61      0.21      0.03      0.00      0.00      0.00      0.00
  4457.00      1.03      0.99      0.99      0.55      0.53      0.63      0.28      0.05      0.00      0.00      0.00      0.00
  4458.00      1.02      1.00      1.00      0.52      0.57      0.65      0.35      0.07      0.00      0.00      0.00      0.00
  4459.00      1.01      1.00      1.00      0.48      0.60      0.67      0.41      0.09      0.00      0.00      0.00      0.00
  4460.00      1.02      1.01      0.99      0.45      0.64      0.68      0.45      0.12      0.00      0.00      0.00      0.00
  4461.00      1.02      1.00      0.97      0.40      0.64      0.66      0.44      0.15      0.00      0.00      0.00      0.00
  4462.00      0.97      0.94      0.92      0.34      0.61      0.60      0.40      0.16      0.00      0.00      0.00      0.00
  4463.00      1.01      0.96      0.95      0.30      0.62      0.60      0.39      0.19      0.00      0.00      0.00      0.00
  4464.00      0.96      0.91      0.89      0.26      0.60      0.56      0.35      0.20      0.00      0.00      0.00      0.00
  4465.00      1.01      0.94      0.93      0.26      0.64      0.59      0.35      0.24      0.00      0.00      0.00      0.00
  4466.00      1.09      1.02      1.01      0.30      0.68      0.65      0.37      0.28      0.00      0.00      0.00      0.00
  4467.00      1.06      1.01      0.98      0.34      0.65      0.65      0.36      0.29      0.00      0.00      0.00      0.00
  4468.00      1.06      1.02      0.99      0.39      0.64      0.66      0.37      0.29      0.00      0.00      0.00      0.00
  4469.00      1.03      0.98      0.95      0.42      0.61      0.63      0.36      0.27      0.00      0.00      0.00      0.00
  4470.00      1.01      0.96      0.93      0.44      0.59      0.61      0.37      0.25      0.00      0.00      0.00      0.00
  4471.00      1.05      1.01      0.97      0.46      0.62      0.64      0.40      0.25      0.00      0.00      0.00      0.00
  4472.00      1.06      1.02      0.98      0.44      0.62      0.65      0.41      0.26      0.00      0.00      0.00      0.00
  4473.00      1.04      1.01      0.96      0.40      0.59      0.64      0.41      0.26      0.00      0.00      0.00      0.00
  4474.00      1.01      0.99      0.94      0.36      0.56      0.61      0.41      0.26      0.00      0.00      0.00      0.00
  4475.00      0.96      0.94      0.91      0.32      0.54      0.57      0.39      0.25      0.00      0.00      0.00      0.00
  4476.00      0.96      0.93      0.93      0.32      0.56      0.57      0.40      0.25      0.00      0.00      0.00      0.00
  4477.00      0.98      0.95      0.96      0.37      0.58      0.58      0.41      0.27      0.00      0.00      0.00      0.00
  4478.00      0.99      0.95      0.96      0.43      0.59      0.59      0.42      0.28      0.00      0.00      0.00      0.00
  4479.00      0.98      0.96      0.97      0.50      0.58      0.60      0.42      0.29      0.00      0.01      0.00      0.00
  4480.00      0.98      0.97      0.97      0.59      0.58      0.61      0.41      0.28      0.00      0.01      0.00      0.00
  4481.00      0.99      1.00      1.01      0.69      0.59      0.61      0.42      0.28      0.00      0.00      0.00      0.00
  4482.00      1.00      1.01      1.03      0.75      0.61      0.61      0.44      0.27      0.00      0.00      0.00      0.00
  4483.00      0.98      1.00      1.01      0.76      0.61      0.60      0.44      0.27      0.01      0.00      0.00      0.00
  4484.00      0.97      0.98      0.98      0.73      0.59      0.57      0.43      0.28      0.02      0.00      0.00      0.00
  4485.00      0.95      0.94      0.94      0.67      0.55      0.54      0.40      0.28      0.04      0.00      0.00      0.00
  4486.00      0.94      0.92      0.93      0.63      0.51      0.53      0.38      0.28      0.05      0.00      0.00      0.00
  4487.00      0.96      0.94      0.97      0.64      0.49      0.55      0.38      0.29      0.05      0.00      0.00      0.00
  4488.00      0.96      0.94      0.98      0.63      0.44      0.56      0.38      0.29      0.05      0.00      0.00      0.00
  4489.00      0.98      0.95      0.97      0.64      0.41      0.57      0.40      0.29      0.03      0.00      0.00      0.00
  4490.00      1.00      0.98      0.97      0.67      0.40      0.59      0.44      0.29      0.02      0.00      0.00      0.00
  4491.00      1.02      0.99      0.96      0.70      0.39      0.59      0.45      0.29      0.00      0.00      0.00      0.00
  4492.00      1.01      0.97      0.93      0.71      0.39      0.59      0.45      0.26      0.00      0.00      0.00      0.00
  4493.00      1.00      0.96      0.92      0.70      0.42      0.59      0.44      0.23      0.00      0.01      0.00      0.00
  4494.00      0.99      0.95      0.92      0.68      0.46      0.62      0.43      0.22      0.00      0.03      0.00      0.00
  4495.00      1.00      0.97      0.95      0.65      0.52      0.64      0.43      0.22      0.00      0.01      0.00      0.00
  4496.00      1.00      0.99      0.98      0.62      0.56      0.64      0.45      0.24      0.00      0.00      0.00      0.00
  4497.00      0.97      0.97      0.96      0.58      0.56      0.61      0.45      0.25      0.00      0.00      0.00      0.00
  4498.00      0.97      1.00      0.96      0.57      0.58      0.61      0.46      0.27      0.00      0.00      0.00      0.00
  4499.00      0.95      0.97      0.94      0.54      0.57      0.60      0.45      0.27      0.00      0.02      0.00      0.00
  4500.00      0.92      0.94      0.91      0.51      0.56      0.60      0.43      0.26      0.00      0.05      0.00      0.00
  4501.00      0.90      0.91      0.90      0.50      0.56      0.61      0.41      0.23      0.00      0.06      0.00      0.00
  4502.00      0.92      0.90      0.90      0.52      0.57      0.63      0.40      0.21      0.00      0.05      0.00      0.00
  4503.00      0.93      0.92      0.92      0.57      0.60      0.65      0.42      0.19      0.00      0.03      0.00      0.00
  4504.00      0.88      0.90      0.89      0.56      0.58      0.62      0.41      0.15      0.00      0.01      0.00      0.00
  4505.00      0.83      0.89      0.87      0.56      0.56      0.61      0.42      0.11      0.01      0.01      0.00      0.00
  4506.00      0.86      0.94      0.92      0.57      0.57      0.63      0.46      0.08      0.01      0.03      0.00      0.00
  4507.00      0.85      0.94      0.91      0.54      0.55      0.62      0.46      0.06      0.01      0.06      0.00      0.00
  4508.00      0.82      0.91      0.89      0.50      0.53      0.59      0.44      0.04      0.01      0.08      0.00      0.00
  4509.00      0.85      0.93      0.92      0.50      0.54      0.60      0.45      0.04      0.02      0.09      0.00      0.00
  4510.00      0.88      0.94      0.96      0.51      0.54      0.60      0.44      0.03      0.03      0.07      0.00      0.00
  4511.00      0.89      0.93      0.97      0.52      0.53      0.58      0.43      0.03      0.05      0.05      0.00      0.00
  4512.00      0.88      0.88      0.93      0.51      0.50      0.53      0.42      0.02      0.07      0.05      0.00      0.00
  4513.00      0.91      0.90      0.94      0.52      0.48      0.51      0.43      0.01      0.10      0.04      0.00      0.00
  4514.00      0.93      0.91      0.95      0.52      0.44      0.48      0.45      0.02      0.11      0.02      0.00      0.00
  4515.00      0.91      0.92      0.95      0.50      0.39      0.44      0.45      0.04      0.10      0.00      0.00      0.00
  4516.00      0.90      0.92      0.97      0.46      0.37      0.41      0.46      0.07      0.07      0.00      0.00      0.00
  4517.00      0.90      0.91      0.98      0.43      0.39      0.39      0.45      0.12      0.03      0.00      0.00      0.00
  4518.00      0.92      0.91      0.99      0.39      0.44      0.39      0.45      0.16      0.01      0.00      0.00      0.00
  4519.00      0.95      0.90      0.99      0.37      0.50      0.40      0.44      0.20      0.00      0.00      0.00      0.00
  4520.00      0.98      0.88      0.99      0.33      0.54      0.43      0.43      0.23      0.00      0.00      0.00      0.00
  4521.00      0.99      0.85      0.97      0.29      0.55      0.46      0.41      0.24      0.00      0.00      0.00      0.00
  4522.00      0.97      0.81      0.93      0.24      0.53      0.48      0.39      0.25      0.00      0.00      0.00      0.00
  4523.00      0.95      0.78      0.90      0.20      0.52      0.50      0.39      0.27      0.00      0.00      0.00      0.00
  4524.00      0.95      0.77      0.90      0.18      0.53      0.52      0.41      0.29      0.01      0.00      0.00      0.00
  4525.00      0.93      0.72      0.89      0.16      0.53      0.51      0.41      0.30      0.00      0.01      0.00      0.00
  4526.00      0.96      0.68      0.92      0.18      0.56      0.52      0.43      0.33      0.00      0.02      0.00      0.00
  4527.00      0.97      0.60      0.93      0.21      0.58      0.52      0.42      0.33      0.01      0.00      0.00      0.00
  4528.00      0.97      0.53      0.93      0.28      0.59      0.53      0.38      0.32      0.02      0.00      0.00      0.00
  4529.00      0.98      0.48      0.92      0.34      0.60      0.54      0.34      0.30      0.03      0.00      0.00      0.00
  4530.00      1.05      0.49      0.95      0.42      0.63      0.57      0.34      0.30      0.03      0.00      0.00      0.00
  4531.00      1.04      0.53      0.93      0.46      0.63      0.56      0.34      0.29      0.03      0.00      0.00      0.00
  4532.00      0.98      0.58      0.88      0.46      0.60      0.53      0.33      0.29      0.03      0.00      0.00      0.00
  4533.00      0.93      0.65      0.85      0.47      0.57      0.50      0.35      0.31      0.03      0.00      0.00      0.00
  4534.00      0.90      0.74      0.84      0.46      0.55      0.49      0.37      0.33      0.02      0.00      0.00      0.00
  4535.00      0.90      0.81      0.84      0.45      0.53      0.50      0.39      0.34      0.02      0.00      0.00      0.00
  4536.00      0.94      0.91      0.89      0.46      0.55      0.54      0.42      0.34      0.01      0.01      0.00      0.00
  4537.00      0.93      0.91      0.89      0.46      0.54      0.54      0.43      0.31      0.01      0.02      0.00      0.00
  4538.00      0.90      0.88      0.87      0.45      0.53      0.54      0.43      0.27      0.02      0.01      0.00      0.00
  4539.00      0.87      0.86      0.84      0.44      0.53      0.54      0.43      0.26      0.02      0.00      0.00      0.00
  4540.00      0.89      0.90      0.85      0.45      0.57      0.57      0.44      0.28      0.02      0.00      0.00      0.00
  4541.00      0.93      0.95      0.86      0.46      0.63      0.60      0.46      0.32      0.01      0.00      0.00      0.00
  4542.00      0.91      0.94      0.83      0.44      0.64      0.59      0.44      0.35      0.00      0.00      0.00      0.00
  4543.00      0.85      0.87      0.78      0.42      0.61      0.55      0.39      0.34      0.00      0.00      0.00      0.00
  4544.00      0.86      0.88      0.80      0.43      0.63      0.56      0.39      0.35      0.00      0.00      0.00      0.00
  4545.00      0.92      0.91      0.85      0.46      0.67      0.60      0.41      0.37      0.00      0.00      0.00      0.00
  4546.00      0.95      0.91      0.86      0.49      0.68      0.63      0.41      0.38      0.00      0.00      0.00      0.00
  4547.00      0.97      0.90      0.84      0.52      0.66      0.62      0.40      0.39      0.00      0.00      0.00      0.00
  4548.00      0.95      0.88      0.80      0.56      0.63      0.61      0.38      0.39      0.00      0.00      0.00      0.00
  4549.00      0.94      0.88      0.79      0.63      0.61      0.59      0.36      0.39      0.00      0.00      0.00      0.00
  4550.00      0.98      0.93      0.84      0.76      0.63      0.62      0.39      0.41      0.00      0.00      0.00      0.00
  4551.00      0.99      0.95      0.88      0.91      0.64      0.62      0.41      0.41      0.00      0.00      0.00      0.00
  4552.00      0.94      0.89      0.83      1.00      0.61      0.59      0.39      0.36      0.00      0.00      0.00      0.00
  4553.00      0.91      0.85      0.79      1.12      0.59      0.57      0.38      0.32      0.02      0.00      0.00      0.00
  4554.00      0.92      0.83      0.74      1.26      0.59      0.56      0.37      0.29      0.04      0.00      0.00      0.00
  4555.00      0.91      0.78      0.65      1.34      0.57      0.55      0.34      0.29      0.04      0.00      0.00      0.00
  4556.00      0.93      0.74      0.59      1.40      0.58      0.56      0.31      0.30      0.03      0.00      0.00      0.00
  4557.00      0.97      0.70      0.55      1.41      0.61      0.58      0.31      0.33      0.01      0.01      0.00      0.00
  4558.00      0.94      0.63      0.51      1.26      0.61      0.57      0.32      0.34      0.00      0.01      0.00      0.00
  4559.00      0.92      0.59      0.50      1.07      0.59      0.56      0.34      0.34      0.00      0.00      0.00      0.00
  4560.00      0.90      0.58      0.51      1.00      0.55      0.54      0.36      0.33      0.00      0.00      0.00      0.00
  4561.00      0.92      0.65      0.55      1.49      0.53      0.54      0.39      0.32      0.00      0.00      0.00      0.00
  4562.00      0.93      0.73      0.58      2.81      0.51      0.54      0.40      0.32      0.00      0.00      0.00      0.00
  4563.00      0.94      0.82      0.58      4.75      0.51      0.53      0.40      0.32      0.00      0.00      0.00      0.00
  4564.00      0.95      0.90      0.58      6.71      0.52      0.52      0.39      0.33      0.00      0.01      0.00      0.00
  4565.00      0.99      0.98      0.61      8.24      0.55      0.54      0.40      0.36      0.02      0.03      0.00      0.00
  4566.00      1.01      1.01      0.64      8.59      0.55      0.54      0.40      0.36      0.03      0.04      0.00      0.00
  4567.00      1.00      1.02      0.71      7.92      0.54      0.56      0.39      0.34      0.05      0.03      0.00      0.00
  4568.00      0.97      1.01      0.81      6.74      0.51      0.57      0.39      0.33      0.05      0.01      0.00      0.00
  4569.00      0.94      1.00      0.91      5.47      0.50      0.57      0.39      0.31      0.04      0.00      0.00      0.00
  4570.00      0.95      1.01      1.03      4.52      0.51      0.58      0.41      0.32      0.02      0.00      0.00      0.00
  4571.00      0.95      0.99      1.09      3.66      0.51      0.58      0.41      0.33      0.01      0.00      0.00      0.00
  4572.00      0.95      0.96      1.09      2.96      0.51      0.57      0.42      0.35      0.00      0.00      0.00      0.00
  4573.00      0.95      0.96      1.08      2.47      0.51      0.58      0.42      0.37      0.00      0.00      0.00      0.00
  4574.00      0.89      0.94      1.03      2.01      0.49      0.57      0.41      0.37      0.01      0.00      0.00      0.00
  4575.00      0.83      0.95      0.98      1.66      0.47      0.56      0.40      0.35      0.03      0.00      0.00      0.00
  4576.00      0.80      0.98      0.99      1.45      0.48      0.56      0.40      0.34      0.04      0.00      0.00      0.00
  4577.00      0.74      0.99      0.99      1.27      0.47      0.56      0.40      0.32      0.03      0.00      0.00      0.00
  4578.00      0.65      0.98      0.98      1.12      0.47      0.56      0.38      0.31      0.02      0.00      0.00      0.00
  4579.00      0.57      0.98      1.01      1.03      0.49      0.58      0.36      0.30      0.03      0.01      0.00      0.00
  4580.00      0.52      1.00      1.06      0.97      0.52      0.61      0.37      0.30      0.04      0.03      0.00      0.00
  4581.00      0.49      0.98      1.08      0.89      0.51      0.60      0.36      0.29      0.05      0.04      0.00      0.00
  4582.00      0.51      0.97      1.13      0.86      0.54      0.60      0.38      0.32      0.06      0.04      0.00      0.00
  4583.00      0.59      0.98      1.22      0.86      0.57      0.62      0.40      0.34      0.07      0.02      0.00      0.00
  4584.00      0.70      0.99      1.29      0.85      0.59      0.62      0.42      0.35      0.06      0.01      0.00      0.00
  4585.00      0.83      1.03      1.34      0.86      0.61      0.64      0.43      0.36      0.04      0.00      0.00      0.00
  4586.00      0.90      1.02      1.29      0.83      0.60      0.63      0.41      0.36      0.01      0.00      0.00      0.00
  4587.00      0.93      1.00      1.20      0.81      0.58      0.61      0.40      0.36      0.00      0.00      0.00      0.00
  4588.00      0.95      0.98      1.12      0.80      0.58      0.60      0.40      0.36      0.00      0.00      0.00      0.00
  4589.00      0.96      0.96      1.06      0.80      0.59      0.61      0.40      0.38      0.00      0.01      0.00      0.00
  4590.00      0.90      0.91      0.97      0.76      0.59      0.59      0.37      0.38      0.00      0.04      0.00      0.00
  4591.00      0.89      0.94      0.95      0.77      0.62      0.60      0.36      0.39      0.00      0.06      0.00      0.00
  4592.00      0.90      0.99      0.96      0.80      0.65      0.62      0.35      0.39      0.00      0.08      0.00      0.00
  4593.00      0.91      1.01      0.94      0.82      0.67      0.61      0.33      0.38      0.00      0.09      0.00      0.00
  4594.00      0.92      1.02      0.95      0.85      0.68      0.61      0.32      0.38      0.00      0.09      0.00      0.00
  4595.00      0.88      0.97      0.91      0.82      0.63      0.56      0.30      0.36      0.00      0.09      0.00      0.00
  4596.00      0.87      0.98      0.92      0.82      0.60      0.56      0.30      0.36      0.00      0.07      0.00      0.00
  4597.00      0.89      1.01      0.93      0.83      0.59      0.57      0.32      0.38      0.02      0.04      0.00      0.00
  4598.00      0.91      1.01      0.92      0.82      0.59      0.55      0.34      0.38      0.03      0.01      0.00      0.00
  4599.00      0.96      1.00      0.93      0.82      0.59      0.55      0.35      0.38      0.03      0.00      0.00      0.00
  4600.00      1.05      1.01      0.97      0.84      0.62      0.56      0.35      0.37      0.03      0.00      0.00      0.00
  4601.00      1.12      1.00      0.99      0.84      0.62      0.55      0.33      0.35      0.04      0.00      0.00      0.00
  4602.00      1.20      0.99      1.00      0.84      0.63      0.55      0.31      0.32      0.06      0.00      0.00      0.00
  4603.00      1.23      0.96      0.97      0.82      0.62      0.53      0.28      0.29      0.07      0.02      0.00      0.00
  4604.00      1.23      0.97      0.98      0.83      0.63      0.52      0.27      0.27      0.08      0.04      0.00      0.00
  4605.00      1.13      0.95      0.96      0.81      0.62      0.47      0.25      0.26      0.08      0.05      0.00      0.00
  4606.00      1.02      0.94      0.97      0.82      0.61      0.41      0.22      0.27      0.08      0.04      0.00      0.00
  4607.00      0.95      0.94      0.98      0.84      0.60      0.36      0.21      0.28      0.08      0.02      0.00      0.00
  4608.00      0.90      0.93      0.97      0.84      0.58      0.33      0.18      0.29      0.07      0.00      0.00      0.00
  4609.00      0.90      0.95      0.97      0.84      0.58      0.32      0.15      0.29      0.05      0.00      0.00      0.00
  4610.00      0.87      0.92      0.92      0.79      0.56      0.32      0.12      0.26      0.03      0.00      0.00      0.00
  4611.00      0.86      0.92      0.90      0.77      0.56      0.36      0.10      0.22      0.01      0.00      0.00      0.00
  4612.00      0.85      0.93      0.90      0.77      0.57      0.40      0.08      0.17      0.00      0.00      0.00      0.00
  4613.00      0.85      0.94      0.91      0.78      0.57      0.45      0.05      0.14      0.00      0.00      0.00      0.00
  4614.00      0.87      0.97      0.96      0.79      0.59      0.50      0.04      0.12      0.00      0.00      0.00      0.00
  4615.00      0.87      0.98      0.99      0.79      0.58      0.52      0.02      0.10      0.01      0.00      0.00      0.00
  4616.00      0.83      0.97      0.97      0.77      0.55      0.52      0.01      0.08      0.03      0.00      0.00      0.00
  4617.00      0.80      0.96      0.96      0.76      0.54      0.51      0.00      0.05      0.05      0.00      0.00      0.00
  4618.00      0.81      0.97      0.98      0.77      0.56      0.52      0.00      0.02      0.06      0.01      0.00      0.00
  4619.00      0.80      0.96      0.98      0.77      0.57      0.53      0.02      0.00      0.06      0.00      0.00      0.00
  4620.00      0.82      0.97      1.01      0.78      0.59      0.56      0.04      0.00      0.07      0.00      0.00      0.00
  4621.00      0.82      0.96      1.00      0.79      0.60      0.58      0.07      0.00      0.08      0.00      0.00      0.00
  4622.00      0.81      0.92      0.97      0.77      0.58      0.59      0.10      0.03      0.09      0.00      0.00      0.00
  4623.00      0.81      0.93      0.96      0.79      0.57      0.61      0.13      0.07      0.10      0.00      0.00      0.00
  4624.00      0.80      0.94      0.96      0.81      0.57      0.62      0.15      0.12      0.11      0.00      0.00      0.00
  4625.00      0.77      0.93      0.94      0.81      0.55      0.61      0.16      0.16      0.11      0.00      0.00      0.00
  4626.00      0.78      0.95      0.96      0.83      0.57      0.62      0.18      0.20      0.11      0.00      0.00      0.00
  4627.00      0.77      0.95      0.96      0.83      0.57      0.61      0.21      0.22      0.11      0.00      0.00      0.00
  4628.00      0.74      0.93      0.93      0.79      0.56      0.59      0.24      0.21      0.11      0.00      0.00      0.00
  4629.00      0.73      0.93      0.92      0.77      0.57      0.59      0.27      0.20      0.11      0.00      0.00      0.00
  4630.00      0.74      0.94      0.93      0.76      0.59      0.59      0.30      0.19      0.11      0.00      0.00      0.00
  4631.00      0.77      0.96      0.94      0.77      0.60      0.58      0.31      0.19      0.11      0.00      0.00      0.00
  4632.00      0.78      0.95      0.95      0.77      0.59      0.56      0.31      0.18      0.10      0.00      0.00      0.00
  4633.00      0.76      0.91      0.93      0.76      0.58      0.53      0.30      0.16      0.10      0.00      0.00      0.00
  4634.00      0.73      0.92      0.93      0.76      0.58      0.53      0.30      0.14      0.11      0.00      0.00      0.00
  4635.00      0.72      0.94      0.92      0.77      0.59      0.55      0.32      0.12      0.11      0.00      0.00      0.00
  4636.00      0.72      0.95      0.89      0.77      0.59      0.57      0.32      0.10      0.11      0.00      0.00      0.00
  4637.00      0.72      0.95      0.88      0.76      0.59      0.59      0.31      0.09      0.11      0.00      0.00      0.00
  4638.00      0.69      0.93      0.89      0.75      0.58      0.59      0.30      0.08      0.12      0.01      0.00      0.00
  4639.00      0.65      0.92      0.93      0.76      0.58      0.61      0.29      0.07      0.13      0.02      0.00      0.00
  4640.00      0.60      0.93      0.97      0.77      0.59      0.62      0.30      0.07      0.15      0.01      0.00      0.00
  4641.00      0.55      0.93      0.98      0.77      0.58      0.61      0.30      0.06      0.17      0.00      0.00      0.00
  4642.00      0.51      0.95      0.99      0.77      0.57      0.62      0.30      0.08      0.20      0.01      0.00      0.00
  4643.00      0.48      0.98      1.02      0.78      0.55      0.63      0.31      0.13      0.22      0.02      0.00      0.00
  4644.00      0.44      0.95      1.01      0.75      0.53      0.60      0.31      0.18      0.21      0.04      0.00      0.00
  4645.00      0.46      0.97      1.03      0.76      0.55      0.60      0.33      0.24      0.20      0.05      0.00      0.00
  4646.00      0.52      1.00      1.05      0.79      0.59      0.62      0.36      0.31      0.18      0.06      0.00      0.00
  4647.00      0.61      1.00      1.05      0.83      0.62      0.62      0.41      0.35      0.16      0.04      0.00      0.00
  4648.00      0.70      1.01      1.05      0.86      0.63      0.63      0.45      0.38      0.14      0.03      0.00      0.00
  4649.00      0.80      1.07      1.09      0.93      0.66      0.67      0.50      0.42      0.12      0.01      0.00      0.00
  4650.00      0.77      1.05      1.05      0.92      0.62      0.66      0.51      0.42      0.09      0.00      0.00      0.00
  4651.00      0.68      0.97      0.96      0.87      0.57      0.62      0.49      0.39      0.07      0.00      0.00      0.00
  4652.00      0.64      0.93      0.93      0.85      0.57      0.60      0.48      0.37      0.05      0.00      0.00      0.00
  4653.00      0.69      0.95      0.95      0.88      0.61      0.60      0.48      0.37      0.03      0.00      0.00      0.00
  4654.00      0.79      0.97      0.97      0.91      0.64      0.60      0.48      0.36      0.01      0.00      0.00      0.00
  4655.00      0.90      0.97      0.96      0.92      0.64      0.58      0.46      0.34      0.02      0.00      0.00      0.00
  4656.00      1.02      0.98      0.95      0.92      0.64      0.56      0.44      0.33      0.04      0.00      0.00      0.00
  4657.00      1.09      0.96      0.93      0.91      0.63      0.55      0.41      0.31      0.06      0.00      0.00      0.00
  4658.00      1.16      0.98      0.96      0.94      0.64      0.57      0.40      0.32      0.08      0.00      0.00      0.00
  4659.00      1.13      0.95      0.94      0.92      0.63      0.55      0.37      0.32      0.10      0.00      0.00      0.00
  4660.00      1.06      0.90      0.88      0.88      0.60      0.52      0.31      0.32      0.11      0.00      0.00      0.00
  4661.00      1.02      0.88      0.83      0.86      0.58      0.51      0.26      0.33      0.11      0.00      0.00      0.00
  4662.00      1.00      0.90      0.81      0.87      0.59      0.52      0.22      0.35      0.12      0.00      0.00      0.00
  4663.00      1.03      0.96      0.83      0.93      0.61      0.56      0.21      0.39      0.13      0.00      0.00      0.00
  4664.00      1.06      0.99      0.84      0.98      0.63      0.60      0.20      0.42      0.14      0.00      0.00      0.00
  4665.00      1.07      1.00      0.83      1.03      0.63      0.61      0.21      0.42      0.14      0.00      0.00      0.00
  4666.00      1.08      1.00      0.79      1.06      0.63      0.62      0.24      0.42      0.14      0.00      0.00      0.00
  4667.00      1.06      0.99      0.70      1.07      0.63      0.62      0.28      0.40      0.12      0.00      0.00      0.00
  4668.00      1.09      1.03      0.63      1.13      0.64      0.63      0.36      0.41      0.11      0.02      0.00      0.00
  4669.00      1.09      1.06      0.55      1.14      0.64      0.64      0.43      0.42      0.14      0.03      0.00      0.00
  4670.00      1.04      1.03      0.48      1.11      0.61      0.63      0.48      0.42      0.17      0.03      0.00      0.00
  4671.00      0.97      0.97      0.43      1.03      0.58      0.60      0.51      0.42      0.20      0.03      0.00      0.00
  4672.00      0.96      0.96      0.42      1.00      0.58      0.60      0.54      0.43      0.23      0.02      0.00      0.00
  4673.00      0.97      0.94      0.46      0.98      0.60      0.60      0.56      0.43      0.26      0.00      0.00      0.00
  4674.00      0.96      0.92      0.55      0.96      0.59      0.58      0.54      0.40      0.27      0.00      0.00      0.00
  4675.00      0.96      0.91      0.69      0.94      0.58      0.57      0.52      0.40      0.26      0.00      0.00      0.00
  4676.00      0.96      0.91      0.85      0.92      0.58      0.56      0.49      0.39      0.25      0.00      0.00      0.00
  4677.00      0.96      0.92      1.00      0.90      0.59      0.55      0.46      0.39      0.23      0.00      0.00      0.00
  4678.00      0.97      0.96      1.12      0.90      0.60      0.56      0.45      0.39      0.23      0.00      0.00      0.00
  4679.00      0.99      0.99      1.19      0.90      0.61      0.59      0.47      0.41      0.22      0.00      0.00      0.00
  4680.00      1.00      1.01      1.20      0.90      0.60      0.61      0.51      0.41      0.21      0.00      0.00      0.00
  4681.00      0.96      0.98      1.12      0.86      0.57      0.61      0.55      0.37      0.18      0.00      0.00      0.00
  4682.00      0.93      0.96      1.05      0.85      0.55      0.62      0.58      0.34      0.16      0.00      0.00      0.00
  4683.00      0.91      0.96      0.98      0.85      0.56      0.62      0.62      0.32      0.14      0.00      0.00      0.00
  4684.00      0.92      0.97      0.95      0.88      0.58      0.63      0.65      0.32      0.11      0.00      0.00      0.00
  4685.00      0.92      0.97      0.93      0.90      0.59      0.63      0.65      0.32      0.08      0.00      0.00      0.00
  4686.00      0.90      0.93      0.89      0.89      0.58      0.61      0.63      0.32      0.04      0.00      0.00      0.00
  4687.00      0.91      0.93      0.90      0.90      0.58      0.61      0.62      0.33      0.02      0.00      0.00      0.00
  4688.00      0.97      0.98      0.97      0.93      0.59      0.64      0.65      0.37      0.01      0.00      0.00      0.00
  4689.00      0.97      0.97      0.99      0.92      0.58      0.65      0.66      0.39      0.01      0.00      0.00      0.00
  4690.00      0.93      0.93      0.97      0.87      0.55      0.63      0.65      0.37      0.02      0.00      0.00      0.00
  4691.00      0.92      0.93      0.97      0.87      0.56      0.63      0.66      0.35      0.04      0.00      0.00      0.00
  4692.00      0.94      0.96      0.99      0.90      0.58      0.64      0.69      0.33      0.06      0.00      0.01      0.00
  4693.00      0.98      1.02      1.03      0.96      0.61      0.68      0.72      0.32      0.09      0.00      0.01      0.00
  4694.00      0.98      1.02      1.02      0.97      0.61      0.69      0.69      0.27      0.11      0.00      0.00      0.00
  4695.00      0.97      1.01      1.00      0.97      0.60      0.68      0.66      0.23      0.14      0.00      0.00      0.00
  4696.00      0.96      1.01      1.00      0.97      0.59      0.68      0.63      0.20      0.17      0.00      0.00      0.00
  4697.00      0.92      0.98      0.97      0.91      0.54      0.64      0.58      0.17      0.19      0.00      0.00      0.00
  4698.00      0.92      0.98      0.97      0.89      0.50      0.61      0.57      0.16      0.21      0.00      0.00      0.00
  4699.00      0.96      1.01      0.98      0.89      0.47      0.61      0.60      0.16      0.23      0.00      0.00      0.00
  4700.00      0.98      1.03      0.99      0.91      0.45      0.62      0.63      0.17      0.26      0.00      0.00      0.00
  4701.00      0.97      1.02      0.96      0.91      0.43      0.64      0.64      0.17      0.28      0.00      0.00      0.00
  4702.00      0.96      1.01      0.93      0.93      0.40      0.66      0.65      0.18      0.30      0.00      0.00      0.00
  4703.00      0.96      1.02      0.91      0.96      0.34      0.66      0.67      0.20      0.30      0.00      0.00      0.00
  4704.00      0.96      1.02      0.90      0.96      0.27      0.65      0.66      0.24      0.29      0.00      0.00      0.00
  4705.00      0.96      1.04      0.91      0.97      0.24      0.63      0.66      0.31      0.28      0.00      0.00      0.00
  4706.00      0.94      1.04      0.91      0.95      0.24      0.61      0.65      0.37      0.26      0.00      0.00      0.00
  4707.00      0.92      1.03      0.90      0.95      0.28      0.59      0.63      0.42      0.26      0.01      0.02      0.00
  4708.00      0.95      1.04      0.93      0.97      0.35      0.60      0.63      0.45      0.27      0.02      0.04      0.00
  4709.00      0.95      1.01      0.95      0.97      0.41      0.61      0.62      0.45      0.28      0.04      0.01      0.00
  4710.00      0.95      0.98      0.96      0.97      0.46      0.59      0.61      0.43      0.28      0.06      0.00      0.00
  4711.00      0.96      0.97      0.98      0.96      0.50      0.57      0.62      0.41      0.29      0.06      0.00      0.00
  4712.00      0.95      0.98      0.99      0.96      0.53      0.54      0.63      0.39      0.29      0.06      0.00      0.00
  4713.00      0.95      1.00      1.00      0.97      0.56      0.53      0.65      0.37      0.31      0.05      0.01      0.00
  4714.00      0.95      1.02      1.01      0.97      0.59      0.53      0.66      0.36      0.32      0.03      0.05      0.00
  4715.00      0.98      1.06      1.05      1.00      0.62      0.54      0.67      0.37      0.33      0.01      0.09      0.00
  4716.00      1.00      1.06      1.06      0.99      0.63      0.55      0.66      0.37      0.33      0.00      0.08      0.00
  4717.00      0.99      1.04      1.04      0.95      0.61      0.55      0.63      0.37      0.31      0.00      0.05      0.00
  4718.00      0.95      1.00      1.00      0.89      0.58      0.53      0.60      0.37      0.29      0.00      0.02      0.00
  4719.00      0.94      0.99      0.99      0.85      0.57      0.53      0.61      0.39      0.29      0.00      0.00      0.00
  4720.00      0.94      0.99      0.98      0.79      0.58      0.53      0.62      0.40      0.30      0.00      0.02      0.00
  4721.00      0.97      1.00      0.98      0.74      0.60      0.55      0.64      0.40      0.31      0.00      0.05      0.00
  4722.00      1.00      1.04      1.00      0.69      0.63      0.58      0.67      0.41      0.33      0.00      0.09      0.00
  4723.00      1.00      1.05      1.00      0.62      0.64      0.59      0.67      0.42      0.33      0.00      0.11      0.00
  4724.00      0.99      1.07      1.00      0.54      0.62      0.59      0.65      0.43      0.33      0.00      0.11      0.00
  4725.00      0.97      1.04      0.98      0.46      0.59      0.58      0.61      0.42      0.32      0.00      0.07      0.00
  4726.00      0.95      1.00      0.96      0.41      0.57      0.56      0.58      0.42      0.30      0.00      0.05      0.00
  4727.00      0.93      0.97      0.97      0.39      0.57      0.56      0.57      0.42      0.30      0.00      0.06      0.00
  4728.00      0.94      0.97      1.01      0.41      0.59      0.57      0.59      0.42      0.30      0.00      0.05      0.00
  4729.00      0.99      1.00      1.07      0.49      0.64      0.60      0.63      0.44      0.28      0.00      0.02      0.00
  4730.00      1.01      1.01      1.07      0.62      0.67      0.60      0.65      0.45      0.26      0.01      0.00      0.00
  4731.00      0.98      0.98      1.01      0.73      0.65      0.56      0.63      0.44      0.24      0.01      0.00      0.00
  4732.00      0.97      0.94      0.95      0.81      0.62      0.52      0.60      0.43      0.24      0.01      0.00      0.00
  4733.00      0.95      0.91      0.92      0.86      0.60      0.48      0.59      0.42      0.25      0.01      0.00      0.00
  4734.00      0.93      0.91      0.93      0.90      0.58      0.48      0.59      0.41      0.27      0.02      0.00      0.00
  4735.00      0.92      0.92      0.95      0.92      0.56      0.49      0.59      0.39      0.28      0.02      0.00      0.00
  4736.00      0.92      0.94      0.97      0.93      0.55      0.53      0.59      0.38      0.29      0.04      0.00      0.00
  4737.00      0.96      0.99      1.02      0.97      0.56      0.59      0.61      0.39      0.29      0.07      0.00      0.00
  4738.00      0.98      1.02      1.06      0.99      0.57      0.64      0.61      0.41      0.27      0.10      0.00      0.00
  4739.00      0.94      0.97      1.01      0.95      0.54      0.62      0.58      0.42      0.24      0.12      0.00      0.00
  4740.00      0.94      0.96      1.00      0.95      0.52      0.62      0.57      0.43      0.20      0.13      0.01      0.00
  4741.00      0.98      1.02      1.04      1.00      0.54      0.65      0.60      0.47      0.17      0.11      0.02      0.00
  4742.00      1.01      1.06      1.05      1.05      0.55      0.67      0.63      0.48      0.14      0.08      0.02      0.00
  4743.00      0.98      1.04      1.01      1.07      0.55      0.66      0.62      0.46      0.10      0.03      0.00      0.00
  4744.00      0.96      1.00      0.98      1.12      0.56      0.66      0.60      0.44      0.07      0.00      0.00      0.00
  4745.00      0.98      1.01      1.01      1.22      0.60      0.67      0.61      0.45      0.05      0.00      0.00      0.00
  4746.00      0.99      1.00      1.03      1.28      0.62      0.65      0.60      0.46      0.04      0.00      0.00      0.00
  4747.00      0.97      0.99      1.02      1.26      0.60      0.63      0.58      0.47      0.04      0.00      0.00      0.00
  4748.00      0.95      0.96      0.99      1.18      0.57      0.59      0.55      0.45      0.03      0.00      0.00      0.00
  4749.00      0.97      0.99      1.01      1.14      0.58      0.60      0.55      0.46      0.03      0.00      0.00      0.00
  4750.00      1.00      1.02      1.02      1.09      0.58      0.61      0.56      0.45      0.02      0.01      0.00      0.00
  4751.00      1.00      1.02      1.00      1.04      0.57      0.61      0.56      0.44      0.01      0.00      0.01      0.00
  4752.00      0.98      1.00      0.96      0.98      0.56      0.59      0.56      0.43      0.02      0.00      0.02      0.00
  4753.00      0.98      1.00      0.96      0.97      0.56      0.57      0.57      0.43      0.05      0.01      0.02      0.00
  4754.00      0.98      1.00      0.96      0.96      0.54      0.56      0.57      0.44      0.09      0.02      0.02      0.00
  4755.00      0.98      1.02      0.99      0.98      0.52      0.58      0.58      0.46      0.14      0.04      0.01      0.00
  4756.00      1.01      1.06      1.05      1.02      0.51      0.63      0.62      0.50      0.20      0.03      0.00      0.00
  4757.00      0.99      1.04      1.06      1.00      0.47      0.65      0.63      0.51      0.23      0.03      0.00      0.00
  4758.00      0.98      1.02      1.05      0.98      0.43      0.64      0.65      0.51      0.26      0.04      0.00      0.00
  4759.00      0.99      1.01      1.05      0.97      0.39      0.63      0.66      0.50      0.27      0.04      0.00      0.00
  4760.00      1.00      1.01      1.03      0.96      0.34      0.61      0.65      0.49      0.29      0.03      0.00      0.00
  4761.00      1.01      1.02      1.02      0.96      0.30      0.61      0.64      0.47      0.31      0.03      0.00      0.00
  4762.00      1.02      1.03      1.02      0.97      0.28      0.63      0.63      0.46      0.33      0.02      0.00      0.00
  4763.00      1.03      1.02      1.02      0.97      0.28      0.64      0.63      0.46      0.36      0.02      0.00      0.00
  4764.00      1.03      1.00      1.01      0.96      0.30      0.63      0.63      0.46      0.37      0.02      0.00      0.00
  4765.00      1.02      0.99      0.99      0.96      0.34      0.60      0.63      0.46      0.37      0.02      0.00      0.00
  4766.00      1.02      1.00      0.99      0.98      0.39      0.57      0.65      0.48      0.36      0.03      0.00      0.00
  4767.00      1.05      1.03      1.00      1.01      0.44      0.55      0.68      0.50      0.35      0.03      0.00      0.00
  4768.00      1.06      1.03      1.00      1.01      0.47      0.51      0.69      0.50      0.33      0.02      0.00      0.00
  4769.00      1.05      0.99      0.99      0.99      0.46      0.46      0.68      0.48      0.32      0.00      0.00      0.00
  4770.00      1.06      0.99      1.01      1.00      0.45      0.43      0.69      0.47      0.33      0.00      0.00      0.00
  4771.00      1.01      0.95      0.98      0.96      0.40      0.40      0.65      0.44      0.34      0.00      0.00      0.00
  4772.00      0.98      0.94      0.95      0.94      0.36      0.39      0.64      0.42      0.36      0.00      0.00      0.00
  4773.00      1.00      0.98      0.96      0.96      0.35      0.43      0.65      0.42      0.39      0.00      0.00      0.00
  4774.00      0.96      0.97      0.94      0.95      0.34      0.45      0.63      0.42      0.39      0.00      0.01      0.00
  4775.00      0.92      0.93      0.90      0.93      0.35      0.48      0.59      0.41      0.35      0.00      0.01      0.00
  4776.00      0.92      0.92      0.91      0.94      0.39      0.51      0.57      0.42      0.31      0.00      0.00      0.00
  4777.00      0.93      0.92      0.93      0.96      0.46      0.55      0.54      0.43      0.29      0.00      0.00      0.00
  4778.00      0.92      0.91      0.91      0.94      0.53      0.56      0.51      0.43      0.29      0.00      0.00      0.00
  4779.00      0.93      0.92      0.90      0.94      0.61      0.57      0.48      0.41      0.31      0.00      0.00      0.00
  4780.00      0.98      0.96      0.92      0.96      0.70      0.59      0.46      0.38      0.35      0.01      0.00      0.00
  4781.00      0.99      0.99      0.94      0.97      0.74      0.60      0.43      0.35      0.38      0.03      0.01      0.00
  4782.00      0.95      0.98      0.94      0.94      0.73      0.59      0.40      0.33      0.40      0.05      0.03      0.00
  4783.00      0.92      0.96      0.95      0.91      0.70      0.58      0.37      0.32      0.40      0.05      0.05      0.00
  4784.00      0.88      0.92      0.91      0.87      0.64      0.57      0.35      0.32      0.38      0.03      0.04      0.00
  4785.00      0.92      0.96      0.94      0.90      0.64      0.59      0.38      0.36      0.39      0.01      0.02      0.00
  4786.00      0.96      1.00      0.96      0.93      0.64      0.61      0.42      0.40      0.41      0.00      0.01      0.00
  4787.00      0.99      1.02      0.97      0.94      0.65      0.61      0.46      0.42      0.43      0.00      0.00      0.00
  4788.00      1.00      1.02      0.97      0.95      0.66      0.60      0.49      0.43      0.44      0.00      0.00      0.00
  4789.00      0.97      0.97      0.94      0.93      0.65      0.58      0.51      0.44      0.44      0.00      0.00      0.00
  4790.00      0.98      0.98      0.95      0.96      0.69      0.59      0.54      0.46      0.44      0.00      0.00      0.00
  4791.00      0.98      0.99      0.95      0.96      0.73      0.59      0.54      0.47      0.41      0.00      0.00      0.00
  4792.00      0.95      0.99      0.94      0.93      0.73      0.56      0.53      0.47      0.37      0.00      0.00      0.00
  4793.00      0.93      0.99      0.93      0.91      0.71      0.54      0.52      0.46      0.33      0.01      0.00      0.00
  4794.00      0.93      1.00      0.95      0.93      0.68      0.52      0.53      0.46      0.32      0.03      0.00      0.00
  4795.00      0.93      1.00      0.95      0.96      0.64      0.49      0.54      0.45      0.32      0.05      0.00      0.00
  4796.00      0.91      0.97      0.92      0.96      0.59      0.44      0.54      0.43      0.33      0.06      0.00      0.00
  4797.00      0.94      0.98      0.94      0.99      0.58      0.41      0.55      0.44      0.36      0.05      0.01      0.00
  4798.00      0.97      1.00      0.95      1.00      0.58      0.39      0.55      0.44      0.37      0.04      0.03      0.00
  4799.00      0.98      1.02      0.96      1.00      0.56      0.39      0.54      0.42      0.37      0.02      0.04      0.00
  4800.00      1.00      1.02      0.98      1.01      0.55      0.44      0.53      0.41      0.37      0.00      0.05      0.00
  4801.00      1.02      1.04      1.01      1.03      0.56      0.50      0.53      0.41      0.37      0.00      0.03      0.00
  4802.00      1.00      1.02      1.01      1.03      0.57      0.55      0.54      0.40      0.36      0.00      0.01      0.00
  4803.00      0.97      1.01      1.00      1.02      0.59      0.57      0.54      0.40      0.37      0.02      0.00      0.00
  4804.00      0.97      1.03      1.02      1.04      0.63      0.59      0.57      0.42      0.39      0.04      0.00      0.00
  4805.00      0.97      1.04      1.03      1.04      0.64      0.59      0.59      0.42      0.40      0.05      0.00      0.00
  4806.00      0.98      1.07      1.03      1.04      0.64      0.59      0.61      0.43      0.41      0.04      0.00      0.00
  4807.00      0.98      1.09      1.03      1.06      0.62      0.60      0.63      0.42      0.40      0.03      0.01      0.00
  4808.00      0.99      1.10      1.03      1.08      0.60      0.62      0.64      0.39      0.39      0.03      0.03      0.00
  4809.00      1.01      1.10      1.03      1.08      0.58      0.64      0.66      0.36      0.39      0.05      0.07      0.00
  4810.00      1.01      1.08      1.03      1.05      0.57      0.66      0.66      0.34      0.38      0.06      0.10      0.00
  4811.00      1.02      1.07      1.02      1.03      0.57      0.67      0.66      0.34      0.38      0.07      0.11      0.00
  4812.00      1.03      1.07      1.03      1.02      0.58      0.68      0.67      0.37      0.40      0.08      0.12      0.00
  4813.00      1.02      1.05      1.01      1.00      0.57      0.67      0.66      0.39      0.41      0.08      0.12      0.00
  4814.00      1.02      1.05      1.00      0.99      0.56      0.66      0.65      0.42      0.42      0.05      0.11      0.00
  4815.00      1.01      1.07      1.01      1.00      0.55      0.66      0.65      0.44      0.42      0.02      0.08      0.00
  4816.00      0.96      1.05      0.99      0.99      0.52      0.64      0.64      0.44      0.41      0.00      0.05      0.00
  4817.00      0.92      1.02      0.97      0.99      0.49      0.61      0.62      0.42      0.38      0.00      0.01      0.00
  4818.00      0.91      1.02      0.99      1.01      0.46      0.60      0.62      0.42      0.36      0.00      0.00      0.00
  4819.00      0.91      1.03      1.02      1.02      0.43      0.59      0.62      0.42      0.36      0.00      0.00      0.00
  4820.00      0.89      1.00      1.01      1.00      0.39      0.57      0.60      0.42      0.34      0.00      0.00      0.00
  4821.00      0.88      0.98      0.99      0.97      0.35      0.56      0.59      0.41      0.33      0.00      0.00      0.00
  4822.00      0.85      0.95      0.95      0.94      0.30      0.55      0.56      0.40      0.31      0.00      0.01      0.00
  4823.00      0.86      0.98      0.96      0.95      0.26      0.58      0.57      0.41      0.34      0.00      0.04      0.00
  4824.00      0.90      1.06      1.03      1.00      0.24      0.65      0.61      0.45      0.38      0.00      0.07      0.00
  4825.00      0.92      1.10      1.07      1.04      0.22      0.71      0.63      0.48      0.40      0.00      0.07      0.00
  4826.00      0.86      1.05      1.02      0.99      0.19      0.71      0.60      0.46      0.39      0.01      0.04      0.00
  4827.00      0.85      1.03      1.00      0.98      0.18      0.73      0.59      0.45      0.39      0.02      0.01      0.00
  4828.00      0.87      1.05      1.02      1.00      0.20      0.75      0.60      0.45      0.41      0.03      0.00      0.00
  4829.00      0.90      1.06      1.03      1.02      0.25      0.76      0.60      0.46      0.41      0.04      0.00      0.00
  4830.00      0.91      1.04      1.01      1.01      0.31      0.74      0.58      0.44      0.42      0.04      0.00      0.00
  4831.00      0.94      1.04      1.01      1.03      0.38      0.72      0.58      0.44      0.44      0.05      0.00      0.00
  4832.00      0.94      1.03      0.99      1.04      0.44      0.70      0.56      0.42      0.46      0.07      0.00      0.00
  4833.00      0.93      1.03      0.97      1.03      0.47      0.68      0.55      0.40      0.46      0.08      0.00      0.00
  4834.00      0.93      1.06      0.99      1.03      0.50      0.67      0.56      0.39      0.45      0.10      0.00      0.00
  4835.00      0.93      1.08      1.01      1.02      0.52      0.67      0.57      0.39      0.44      0.10      0.00      0.00
  4836.00      0.93      1.09      1.03      1.02      0.53      0.67      0.60      0.40      0.44      0.10      0.00      0.00
  4837.00      0.93      1.10      1.05      1.04      0.52      0.67      0.62      0.42      0.43      0.10      0.00      0.00
  4838.00      0.92      1.07      1.04      1.04      0.50      0.66      0.63      0.43      0.43      0.09      0.01      0.00
  4839.00      0.91      1.04      1.01      1.04      0.48      0.64      0.61      0.43      0.42      0.07      0.00      0.00
  4840.00      0.94      1.05      1.02      1.06      0.49      0.65      0.62      0.44      0.44      0.05      0.00      0.00
  4841.00      0.95      1.04      1.01      1.05      0.50      0.65      0.61      0.43      0.43      0.03      0.00      0.00
  4842.00      0.98      1.05      1.01      1.04      0.50      0.65      0.60      0.43      0.41      0.01      0.00      0.00
  4843.00      0.96      1.03      0.99      1.00      0.48      0.64      0.59      0.42      0.38      0.00      0.00      0.00
  4844.00      0.94      1.00      0.99      0.97      0.46      0.61      0.58      0.41      0.35      0.00      0.00      0.00
  4845.00      0.96      1.02      1.01      0.99      0.47      0.60      0.59      0.42      0.33      0.00      0.00      0.00
  4846.00      1.00      1.05      1.03      1.00      0.50      0.60      0.60      0.41      0.32      0.02      0.00      0.00
  4847.00      1.01      1.04      1.00      0.99      0.51      0.57      0.60      0.39      0.30      0.05      0.00      0.00
  4848.00      1.00      1.02      0.96      0.96      0.50      0.55      0.60      0.36      0.30      0.06      0.00      0.00
  4849.00      1.01      1.04      0.97      0.98      0.52      0.57      0.62      0.34      0.31      0.07      0.00      0.00
  4850.00      1.04      1.08      1.01      1.03      0.57      0.61      0.65      0.34      0.34      0.08      0.00      0.00
  4851.00      1.03      1.08      1.01      1.04      0.62      0.61      0.64      0.34      0.34      0.08      0.00      0.00
  4852.00      1.02      1.05      1.00      1.00      0.68      0.58      0.63      0.34      0.32      0.09      0.00      0.00
  4853.00      1.02      1.03      1.00      0.99      0.77      0.57      0.62      0.36      0.29      0.11      0.00      0.00
  4854.00      1.04      1.03      1.02      0.99      0.88      0.56      0.64      0.37      0.25      0.13      0.00      0.00
  4855.00      1.06      1.03      1.04      0.99      1.02      0.57      0.65      0.38      0.20      0.15      0.00      0.00
  4856.00      1.12      1.07      1.09      1.01      1.22      0.60      0.68      0.39      0.16      0.15      0.00      0.00
  4857.00      1.16      1.08      1.08      1.01      1.39      0.60      0.69      0.37      0.14      0.15      0.00      0.00
  4858.00      1.15      1.06      1.03      0.98      1.50      0.59      0.66      0.33      0.12      0.14      0.00      0.00
  4859.00      1.17      1.09      1.02      0.99      1.62      0.59      0.68      0.32      0.09      0.14      0.02      0.00
  4860.00      1.19      1.12      1.03      1.02      1.68      0.59      0.72      0.31      0.06      0.15      0.02      0.00
  4861.00      1.18      1.14      1.06      1.05      1.65      0.59      0.74      0.30      0.03      0.16      0.01      0.00
  4862.00      1.12      1.10      1.04      1.03      1.45      0.57      0.72      0.26      0.01      0.15      0.00      0.00
  4863.00      1.07      1.10      1.05      1.02      1.23      0.56      0.71      0.24      0.00      0.14      0.01      0.00
  4864.00      1.06      1.13      1.07      1.03      1.20      0.57      0.70      0.21      0.00      0.14      0.03      0.00
  4865.00      1.05      1.15      1.05      1.00      1.69      0.59      0.67      0.18      0.02      0.15      0.05      0.00
  4866.00      1.03      1.15      1.03      0.98      3.01      0.60      0.65      0.14      0.07      0.15      0.07      0.00
  4867.00      1.03      1.16      1.01      0.99      5.10      0.61      0.65      0.13      0.13      0.15      0.08      0.00
  4868.00      1.03      1.14      0.97      0.99      7.22      0.61      0.63      0.10      0.18      0.15      0.06      0.00
  4869.00      1.02      1.11      0.93      0.99      8.79      0.62      0.61      0.07      0.23      0.15      0.04      0.00
  4870.00      1.00      1.07      0.89      0.96      9.31      0.63      0.59      0.04      0.26      0.15      0.02      0.00
  4871.00      0.97      1.02      0.84      0.91      8.78      0.62      0.57      0.03      0.26      0.16      0.01      0.00
  4872.00      1.02      1.05      0.85      0.92      8.05      0.65      0.59      0.02      0.26      0.18      0.00      0.00
  4873.00      1.11      1.12      0.88      0.98      7.24      0.70      0.63      0.01      0.26      0.23      0.00      0.00
  4874.00      1.09      1.08      0.79      0.95      5.90      0.68      0.60      0.00      0.24      0.26      0.00      0.00
  4875.00      1.05      1.04      0.69      0.92      4.74      0.66      0.55      0.01      0.22      0.27      0.00      0.00
  4876.00      1.02      1.01      0.60      0.91      3.82      0.66      0.50      0.03      0.21      0.27      0.00      0.00
  4877.00      1.04      1.03      0.55      0.92      3.20      0.70      0.45      0.05      0.19      0.26      0.00      0.00
  4878.00      1.05      1.04      0.52      0.91      2.67      0.74      0.39      0.09      0.17      0.24      0.00      0.00
  4879.00      1.04      1.00      0.52      0.84      2.20      0.74      0.35      0.12      0.14      0.20      0.00      0.00
  4880.00      1.00      0.93      0.56      0.74      1.80      0.72      0.32      0.15      0.11      0.17      0.00      0.00
  4881.00      0.96      0.88      0.61      0.65      1.51      0.69      0.32      0.16      0.10      0.14      0.00      0.00
  4882.00      0.98      0.88      0.71      0.59      1.35      0.68      0.36      0.17      0.09      0.11      0.00      0.00
  4883.00      1.02      0.93      0.84      0.57      1.27      0.68      0.43      0.20      0.08      0.09      0.00      0.00
  4884.00      0.97      0.89      0.87      0.52      1.10      0.62      0.45      0.22      0.07      0.07      0.00      0.00
  4885.00      0.98      0.92      0.94      0.54      1.04      0.63      0.50      0.26      0.07      0.05      0.00      0.00
  4886.00      0.98      0.94      0.96      0.57      0.99      0.64      0.53      0.30      0.08      0.02      0.00      0.00
  4887.00      0.96      0.95      0.95      0.61      0.94      0.65      0.54      0.33      0.12      0.01      0.00      0.00
  4888.00      0.94      0.95      0.95      0.63      0.90      0.66      0.54      0.34      0.17      0.03      0.00      0.00
  4889.00      0.93      0.94      0.95      0.63      0.87      0.65      0.53      0.33      0.24      0.05      0.00      0.00
  4890.00      0.97      0.97      0.98      0.64      0.88      0.67      0.54      0.34      0.31      0.08      0.01      0.00
  4891.00      1.00      0.98      1.02      0.66      0.89      0.68      0.57      0.34      0.36      0.11      0.03      0.00
  4892.00      1.01      0.98      1.04      0.69      0.89      0.69      0.59      0.35      0.40      0.13      0.04      0.00
  4893.00      1.04      0.98      1.05      0.76      0.90      0.70      0.63      0.36      0.43      0.15      0.04      0.00
  4894.00      1.01      0.96      1.01      0.84      0.87      0.67      0.64      0.34      0.44      0.16      0.03      0.00
  4895.00      1.00      0.98      0.99      0.97      0.87      0.65      0.66      0.33      0.45      0.16      0.01      0.00
  4896.00      0.97      0.99      0.95      1.07      0.86      0.62      0.66      0.32      0.44      0.16      0.00      0.00
  4897.00      0.95      0.98      0.92      1.12      0.84      0.59      0.64      0.30      0.42      0.16      0.00      0.00
  4898.00      0.97      1.01      0.93      1.16      0.86      0.60      0.64      0.31      0.41      0.17      0.00      0.00
  4899.00      0.99      1.04      0.96      1.17      0.89      0.62      0.65      0.32      0.40      0.17      0.00      0.00
  4900.00      1.00      1.05      0.99      1.17      0.92      0.64      0.66      0.33      0.39      0.15      0.00      0.00
  4901.00      1.03      1.06      0.99      1.15      0.95      0.66      0.67      0.34      0.39      0.14      0.00      0.00
  4902.00      1.05      1.05      0.96      1.11      0.93      0.65      0.66      0.34      0.37      0.15      0.00      0.00
  4903.00      1.09      1.05      0.95      1.10      0.92      0.64      0.65      0.36      0.37      0.18      0.00      0.00
  4904.00      1.15      1.09      0.96      1.14      0.94      0.64      0.65      0.40      0.39      0.23      0.00      0.00
  4905.00      1.15      1.11      0.94      1.15      0.94      0.64      0.63      0.45      0.41      0.28      0.00      0.01
  4906.00      1.12      1.10      0.88      1.15      0.93      0.63      0.61      0.48      0.43      0.32      0.00      0.02
  4907.00      1.07      1.09      0.79      1.14      0.91      0.62      0.59      0.49      0.44      0.34      0.00      0.01
  4908.00      1.06      1.09      0.71      1.17      0.91      0.63      0.59      0.51      0.46      0.35      0.00      0.00
  4909.00      1.09      1.10      0.67      1.24      0.93      0.66      0.62      0.54      0.49      0.35      0.00      0.00
  4910.00      1.10      1.07      0.65      1.30      0.92      0.67      0.64      0.55      0.50      0.33      0.00      0.00
  4911.00      1.12      1.05      0.67      1.37      0.92      0.67      0.65      0.55      0.49      0.31      0.00      0.00
  4912.00      1.14      1.05      0.76      1.43      0.94      0.67      0.68      0.54      0.49      0.30      0.00      0.00
  4913.00      1.13      1.03      0.84      1.43      0.94      0.66      0.67      0.52      0.47      0.28      0.00      0.00
  4914.00      1.13      1.02      0.93      1.39      0.94      0.65      0.66      0.50      0.46      0.26      0.00      0.00
  4915.00      1.12      1.00      1.00      1.29      0.92      0.64      0.65      0.47      0.46      0.24      0.00      0.00
  4916.00      1.09      0.96      1.02      1.18      0.89      0.63      0.63      0.44      0.45      0.21      0.00      0.00
  4917.00      1.11      0.96      1.06      1.13      0.88      0.64      0.63      0.43      0.49      0.18      0.00      0.00
  4918.00      1.14      0.97      1.09      1.11      0.88      0.65      0.63      0.40      0.51      0.15      0.00      0.00
  4919.00      1.19      1.01      1.13      1.12      0.90      0.68      0.65      0.37      0.52      0.11      0.00      0.00
  4920.00      1.27      1.07      1.20      1.16      0.95      0.73      0.69      0.34      0.53      0.07      0.00      0.01
  4921.00      1.29      1.08      1.21      1.14      0.94      0.73      0.69      0.29      0.52      0.03      0.00      0.03
  4922.00      1.36      1.12      1.23      1.15      0.95      0.74      0.71      0.27      0.53      0.01      0.00      0.06
  4923.00      1.36      1.09      1.16      1.11      0.91      0.71      0.69      0.24      0.51      0.01      0.00      0.02
  4924.00      1.39      1.10      1.13      1.11      0.91      0.71      0.71      0.24      0.50      0.02      0.00      0.00
  4925.00      1.34      1.07      1.07      1.06      0.87      0.68      0.68      0.25      0.49      0.04      0.00      0.00
  4926.00      1.21      1.00      0.99      0.97      0.81      0.62      0.62      0.28      0.45      0.05      0.00      0.00
  4927.00      1.28      1.10      1.11      1.06      0.89      0.67      0.66      0.36      0.47      0.09      0.00      0.01
  4928.00      1.29      1.14      1.17      1.12      0.92      0.70      0.67      0.45      0.45      0.12      0.00      0.06
  4929.00      1.26      1.11      1.17      1.14      0.93      0.70      0.66      0.52      0.43      0.16      0.00      0.11
  4930.00      1.24      1.09      1.16      1.16      0.93      0.69      0.64      0.58      0.42      0.19      0.00      0.12
  4931.00      1.22      1.07      1.14      1.15      0.95      0.68      0.64      0.63      0.41      0.23      0.01      0.09
  4932.00      1.24      1.09      1.16      1.16      0.99      0.68      0.66      0.67      0.42      0.26      0.03      0.05
  4933.00      1.23      1.09      1.15      1.15      1.01      0.64      0.65      0.68      0.43      0.29      0.05      0.01
  4934.00      1.23      1.11      1.16      1.17      1.03      0.64      0.64      0.67      0.45      0.32      0.08      0.01
  4935.00      1.24      1.13      1.15      1.19      1.03      0.66      0.66      0.64      0.48      0.36      0.09      0.05
  4936.00      1.22      1.13      1.13      1.18      1.01      0.68      0.67      0.61      0.49      0.39      0.09      0.10
  4937.00      1.23      1.12      1.13      1.17      0.98      0.71      0.68      0.57      0.48      0.41      0.07      0.15
  4938.00      1.23      1.09      1.14      1.13      0.95      0.72      0.68      0.54      0.44      0.40      0.05      0.17
  4939.00      1.22      1.05      1.12      1.09      0.91      0.69      0.68      0.54      0.41      0.38      0.02      0.14
  4940.00      1.28      1.10      1.18      1.13      0.95      0.71      0.71      0.61      0.39      0.38      0.01      0.10
  4941.00      1.29      1.14      1.20      1.15      0.99      0.72      0.73      0.69      0.35      0.38      0.00      0.09
  4942.00      1.22      1.13      1.16      1.13      0.97      0.71      0.71      0.73      0.29      0.36      0.00      0.09
  4943.00      1.19      1.14      1.16      1.15      0.96      0.73      0.71      0.78      0.25      0.37      0.00      0.07
  4944.00      1.17      1.14      1.17      1.15      0.94      0.75      0.70      0.80      0.22      0.37      0.00      0.03
  4945.00      1.19      1.16      1.21      1.17      0.94      0.76      0.71      0.81      0.21      0.38      0.00      0.00
  4946.00      1.23      1.19      1.24      1.19      0.94      0.78      0.72      0.82      0.21      0.40      0.00      0.00
  4947.00      1.27      1.23      1.27      1.22      0.96      0.80      0.74      0.83      0.22      0.41      0.00      0.00
  4948.00      1.27      1.23      1.26      1.23      0.97      0.81      0.75      0.82      0.23      0.43      0.00      0.00
  4949.00      1.24      1.20      1.23      1.23      0.96      0.81      0.73      0.81      0.23      0.44      0.00      0.00
  4950.00      1.19      1.13      1.19      1.19      0.92      0.78      0.69      0.79      0.23      0.43      0.00      0.00
  4951.00      1.15      1.09      1.16      1.15      0.89      0.75      0.66      0.78      0.26      0.42      0.00      0.00
  4952.00      1.20      1.15      1.21      1.20      0.93      0.78      0.68      0.83      0.34      0.43      0.00      0.00
  4953.00      1.22      1.18      1.23      1.23      0.94      0.81      0.70      0.86      0.43      0.42      0.00      0.00
  4954.00      1.21      1.15      1.22      1.22      0.93      0.80      0.70      0.85      0.52      0.40      0.00      0.00
  4955.00      1.17      1.07      1.18      1.18      0.91      0.77      0.69      0.79      0.55      0.40      0.01      0.01
  4956.00      1.21      1.04      1.19      1.20      0.95      0.77      0.73      0.77      0.59      0.42      0.01      0.03
  4957.00      1.23      0.99      1.17      1.20      0.98      0.76      0.75      0.74      0.58      0.44      0.02      0.03
  4958.00      1.23      0.94      1.18      1.21      1.03      0.77      0.78      0.73      0.56      0.46      0.02      0.01
  4959.00      1.25      0.89      1.22      1.24      1.09      0.80      0.81      0.76      0.56      0.48      0.02      0.00
  4960.00      1.10      0.72      1.11      1.14      1.01      0.72      0.74      0.71      0.48      0.44      0.03      0.00
  4961.00      1.03      0.60      1.05      1.09      0.98      0.67      0.70      0.70      0.44      0.41      0.04      0.00
  4962.00      1.03      0.55      1.04      1.09      0.99      0.66      0.70      0.72      0.42      0.41      0.07      0.00
  4963.00      1.06      0.55      1.05      1.11      1.01      0.67      0.71      0.74      0.43      0.41      0.11      0.00
  4964.00      1.08      0.58      1.06      1.11      1.03      0.69      0.71      0.75      0.43      0.40      0.15      0.00
  4965.00      1.07      0.63      1.04      1.07      1.01      0.68      0.69      0.73      0.42      0.36      0.17      0.00
  4966.00      1.07      0.72      1.03      1.01      1.00      0.67      0.68      0.71      0.42      0.32      0.17      0.00
  4967.00      1.07      0.82      1.02      0.97      1.00      0.66      0.67      0.70      0.44      0.30      0.14      0.01
  4968.00      1.05      0.90      1.01      0.94      1.00      0.65      0.66      0.69      0.45      0.29      0.08      0.02
  4969.00      1.07      0.99      1.04      0.98      1.04      0.68      0.69      0.70      0.47      0.31      0.02      0.03
  4970.00      1.08      1.06      1.09      1.05      1.08      0.71      0.73      0.71      0.49      0.35      0.00      0.02
  4971.00      1.08      1.09      1.10      1.10      1.10      0.71      0.74      0.71      0.51      0.38      0.00      0.01
  4972.00      1.05      1.07      1.09      1.10      1.08      0.69      0.72      0.69      0.51      0.39      0.00      0.00
  4973.00      0.99      0.99      1.03      1.05      1.03      0.63      0.67      0.66      0.49      0.37      0.00      0.00
  4974.00      1.03      1.01      1.06      1.09      1.08      0.63      0.68      0.70      0.51      0.36      0.00      0.00
  4975.00      1.07      1.03      1.09      1.14      1.14      0.66      0.68      0.73      0.53      0.35      0.00      0.00
  4976.00      1.09      1.03      1.08      1.16      1.18      0.68      0.68      0.73      0.54      0.32      0.01      0.00
  4977.00      1.07      1.01      1.05      1.15      1.17      0.68      0.68      0.71      0.52      0.27      0.00      0.00
  4978.00      1.07      0.98      1.04      1.13      1.17      0.68      0.69      0.69      0.50      0.22      0.00      0.00
  4979.00      1.07      0.96      1.04      1.11      1.18      0.68      0.70      0.67      0.50      0.17      0.00      0.00
  4980.00      1.14      1.00      1.11      1.15      1.24      0.70      0.72      0.70      0.53      0.13      0.02      0.00
  4981.00      1.18      1.04      1.14      1.15      1.26      0.69      0.72      0.72      0.55      0.10      0.05      0.00
  4982.00      1.19      1.09      1.14      1.14      1.25      0.68      0.71      0.74      0.55      0.08      0.05      0.00
  4983.00      1.23      1.18      1.16      1.16      1.25      0.69      0.71      0.78      0.56      0.06      0.04      0.00
  4984.00      1.31      1.34      1.22      1.22      1.29      0.73      0.73      0.84      0.57      0.06      0.05      0.00
  4985.00      1.29      1.39      1.19      1.19      1.24      0.72      0.71      0.82      0.53      0.05      0.05      0.00
  4986.00      1.27      1.44      1.17      1.16      1.20      0.71      0.70      0.79      0.50      0.04      0.05      0.00
  4987.00      1.27      1.49      1.21      1.17      1.22      0.73      0.71      0.78      0.53      0.03      0.05      0.00
  4988.00      1.21      1.41      1.17      1.14      1.17      0.71      0.67      0.74      0.54      0.02      0.04      0.00
  4989.00      1.14      1.27      1.11      1.10      1.10      0.68      0.61      0.70      0.55      0.02      0.02      0.00
  4990.00      1.14      1.18      1.10      1.12      1.09      0.67      0.59      0.71      0.58      0.04      0.02      0.00
  4991.00      1.12      1.07      1.08      1.11      1.04      0.62      0.57      0.70      0.58      0.09      0.03      0.01
  4992.00      1.10      1.01      1.08      1.10      1.02      0.57      0.57      0.71      0.57      0.14      0.03      0.01
  4993.00      1.11      1.00      1.08      1.08      1.01      0.54      0.58      0.72      0.56      0.21      0.04      0.01
  4994.00      1.15      1.03      1.11      1.08      1.04      0.53      0.60      0.73      0.56      0.27      0.04      0.00
  4995.00      1.17      1.04      1.10      1.05      1.05      0.51      0.61      0.73      0.57      0.31      0.02      0.00
  4996.00      1.16      0.99      1.05      0.99      1.04      0.45      0.59      0.71      0.56      0.33      0.01      0.00
  4997.00      1.18      0.96      1.03      0.96      1.04      0.37      0.58      0.69      0.56      0.34      0.00      0.00
  4998.00      1.27      0.97      1.05      0.95      1.08      0.30      0.60      0.71      0.58      0.37      0.00      0.00
  4999.00      1.33      0.96      1.06      0.91      1.09      0.27      0.62      0.71      0.57      0.39      0.00      0.02
  5000.00      1.40      0.95      1.09      0.84      1.09      0.28      0.65      0.71      0.56      0.42      0.00      0.07
  5001.00      1.44      0.94      1.11      0.75      1.09      0.33      0.66      0.71      0.56      0.46      0.00      0.08
  5002.00      1.41      0.92      1.11      0.64      1.06      0.39      0.66      0.70      0.54      0.48      0.00      0.05
  5003.00      1.33      0.91      1.10      0.56      1.04      0.45      0.65      0.69      0.54      0.48      0.00      0.02
  5004.00      1.23      0.90      1.10      0.51      1.04      0.51      0.65      0.69      0.55      0.48      0.00      0.00
  5005.00      1.12      0.90      1.09      0.49      1.03      0.54      0.64      0.69      0.56      0.45      0.00      0.00
  5006.00      1.03      0.90      1.08      0.50      1.05      0.58      0.64      0.70      0.57      0.42      0.00      0.00
  5007.00      0.99      0.92      1.10      0.56      1.08      0.62      0.65      0.71      0.59      0.41      0.00      0.00
  5008.00      0.97      0.94      1.10      0.67      1.09      0.65      0.64      0.70      0.60      0.41      0.01      0.00
  5009.00      0.96      0.94      1.11      0.85      1.09      0.68      0.63      0.70      0.61      0.43      0.05      0.00
  5010.00      0.91      0.92      1.10      1.03      1.08      0.69      0.60      0.68      0.60      0.46      0.07      0.00
  5011.00      0.84      0.90      1.07      1.18      1.05      0.68      0.57      0.66      0.57      0.48      0.07      0.00
  5012.00      0.81      0.89      1.08      1.31      1.04      0.68      0.55      0.65      0.55      0.50      0.04      0.00
  5013.00      0.83      0.90      1.12      1.40      1.07      0.68      0.57      0.66      0.57      0.51      0.01      0.00
  5014.00      0.91      0.90      1.15      1.43      1.10      0.70      0.61      0.67      0.58      0.49      0.00      0.00
  5015.00      1.00      0.89      1.15      1.37      1.10      0.71      0.65      0.67      0.58      0.44      0.00      0.01
  5016.00      1.09      0.89      1.13      1.29      1.10      0.72      0.68      0.67      0.59      0.41      0.00      0.04
  5017.00      1.10      0.86      1.07      1.17      1.06      0.69      0.68      0.64      0.56      0.38      0.00      0.06
  5018.00      1.16      0.89      1.08      1.14      1.09      0.72      0.71      0.66      0.58      0.42      0.00      0.07
  5019.00      1.25      0.94      1.17      1.19      1.17      0.76      0.77      0.72      0.62      0.49      0.00      0.06
  5020.00      1.26      0.93      1.20      1.19      1.20      0.75      0.79      0.74      0.62      0.55      0.00      0.03
  5021.00      1.18      0.86      1.17      1.13      1.15      0.71      0.75      0.73      0.58      0.56      0.01      0.00
  5022.00      1.15      0.84      1.18      1.14      1.15      0.72      0.76      0.75      0.56      0.57      0.04      0.00
  5023.00      1.15      0.85      1.20      1.18      1.17      0.73      0.78      0.78      0.55      0.58      0.07      0.00
  5024.00      1.13      0.83      1.17      1.19      1.16      0.74      0.77      0.78      0.53      0.58      0.09      0.00
  5025.00      1.13      0.79      1.15      1.19      1.14      0.75      0.74      0.76      0.53      0.57      0.09      0.00
  5026.00      1.15      0.74      1.15      1.20      1.14      0.77      0.73      0.75      0.55      0.59      0.06      0.02
  5027.00      1.21      0.70      1.20      1.24      1.19      0.80      0.74      0.76      0.58      0.62      0.04      0.07
  5028.00      1.20      0.64      1.19      1.21      1.17      0.78      0.73      0.75      0.59      0.62      0.01      0.12
  5029.00      1.21      0.60      1.20      1.20      1.17      0.77      0.73      0.76      0.60      0.62      0.00      0.15
  5030.00      1.26      0.57      1.23      1.23      1.20      0.77      0.75      0.80      0.60      0.62      0.00      0.17
  5031.00      1.22      0.53      1.18      1.18      1.14      0.72      0.72      0.80      0.54      0.55      0.01      0.17
  5032.00      1.18      0.52      1.13      1.15      1.08      0.67      0.67      0.78      0.47      0.49      0.03      0.17
  5033.00      1.18      0.58      1.13      1.18      1.06      0.67      0.66      0.79      0.45      0.46      0.06      0.15
  5034.00      1.17      0.66      1.12      1.19      1.00      0.66      0.66      0.79      0.43      0.44      0.07      0.11
  5035.00      1.14      0.73      1.10      1.16      0.93      0.65      0.67      0.77      0.43      0.44      0.05      0.06
  5036.00      1.18      0.82      1.13      1.17      0.88      0.66      0.71      0.78      0.46      0.48      0.04      0.02
  5037.00      1.24      0.87      1.18      1.18      0.83      0.67      0.75      0.80      0.51      0.51      0.05      0.00
  5038.00      1.24      0.83      1.19      1.12      0.74      0.66      0.73      0.78      0.54      0.52      0.06      0.00
  5039.00      1.21      0.77      1.17      1.07      0.64      0.65      0.71      0.76      0.54      0.51      0.08      0.00
  5040.00      1.24      0.78      1.20      1.09      0.58      0.68      0.71      0.76      0.57      0.52      0.10      0.00
  5041.00      1.26      0.84      1.20      1.11      0.53      0.72      0.72      0.75      0.59      0.51      0.11      0.01
  5042.00      1.24      0.93      1.19      1.10      0.50      0.73      0.72      0.71      0.60      0.50      0.11      0.06
  5043.00      1.25      1.08      1.23      1.14      0.52      0.76      0.74      0.69      0.62      0.51      0.08      0.10
  5044.00      1.21      1.18      1.20      1.11      0.56      0.73      0.72      0.63      0.61      0.51      0.04      0.10
  5045.00      1.17      1.26      1.16      1.09      0.65      0.70      0.69      0.57      0.59      0.51      0.01      0.07
  5046.00      1.17      1.32      1.16      1.12      0.80      0.70      0.67      0.54      0.59      0.53      0.00      0.03
  5047.00      1.16      1.32      1.14      1.14      0.93      0.68      0.63      0.50      0.58      0.52      0.00      0.01
  5048.00      1.16      1.30      1.13      1.14      1.03      0.67      0.57      0.48      0.57      0.50      0.00      0.00
  5049.00      1.18      1.28      1.12      1.15      1.10      0.67      0.53      0.46      0.57      0.48      0.01      0.00
  5050.00      1.20      1.28      1.13      1.18      1.15      0.68      0.50      0.47      0.57      0.49      0.00      0.00
  5051.00      1.19      1.27      1.14      1.19      1.17      0.67      0.47      0.49      0.56      0.49      0.00      0.00
  5052.00      1.16      1.24      1.14      1.20      1.17      0.64      0.46      0.52      0.54      0.50      0.00      0.00
  5053.00      1.17      1.25      1.17      1.23      1.19      0.62      0.47      0.57      0.53      0.53      0.00      0.00
  5054.00      1.18      1.23      1.16      1.21      1.17      0.56      0.49      0.59      0.51      0.55      0.00      0.00
  5055.00      1.21      1.21      1.15      1.19      1.17      0.51      0.53      0.62      0.50      0.56      0.00      0.00
  5056.00      1.22      1.18      1.13      1.17      1.17      0.47      0.57      0.63      0.50      0.55      0.01      0.00
  5057.00      1.21      1.16      1.12      1.15      1.16      0.41      0.61      0.62      0.50      0.52      0.03      0.01
  5058.00      1.22      1.16      1.14      1.16      1.20      0.37      0.65      0.63      0.51      0.50      0.05      0.01
  5059.00      1.22      1.14      1.17      1.16      1.25      0.34      0.67      0.63      0.52      0.48      0.05      0.00
  5060.00      1.20      1.12      1.18      1.16      1.31      0.31      0.68      0.63      0.50      0.46      0.05      0.00
  5061.00      1.21      1.13      1.20      1.17      1.41      0.32      0.69      0.65      0.47      0.45      0.07      0.00
  5062.00      1.23      1.14      1.21      1.19      1.50      0.36      0.70      0.67      0.44      0.44      0.09      0.00
  5063.00      1.22      1.15      1.19      1.19      1.53      0.41      0.70      0.67      0.41      0.44      0.11      0.00
  5064.00      1.20      1.15      1.18      1.20      1.50      0.47      0.71      0.66      0.41      0.46      0.13      0.00
  5065.00      1.18      1.17      1.19      1.23      1.46      0.52      0.73      0.66      0.44      0.50      0.14      0.00
  5066.00      1.20      1.22      1.24      1.29      1.42      0.57      0.76      0.67      0.49      0.53      0.14      0.00
  5067.00      1.19      1.21      1.26      1.29      1.34      0.56      0.76      0.65      0.53      0.53      0.14      0.00
  5068.00      1.19      1.18      1.27      1.25      1.26      0.54      0.74      0.64      0.56      0.53      0.13      0.00
  5069.00      1.24      1.20      1.30      1.25      1.26      0.52      0.75      0.67      0.58      0.56      0.12      0.00
  5070.00      1.27      1.20      1.29      1.23      1.25      0.48      0.73      0.69      0.58      0.57      0.09      0.00
  5071.00      1.23      1.14      1.21      1.18      1.21      0.43      0.70      0.67      0.55      0.55      0.05      0.00
  5072.00      1.22      1.12      1.16      1.17      1.20      0.41      0.69      0.68      0.53      0.57      0.02      0.00
  5073.00      1.23      1.12      1.16      1.20      1.21      0.43      0.69      0.71      0.54      0.61      0.01      0.00
  5074.00      1.23      1.14      1.18      1.24      1.21      0.48      0.68      0.74      0.54      0.64      0.00      0.00
  5075.00      1.25      1.16      1.21      1.28      1.21      0.56      0.68      0.76      0.56      0.64      0.00      0.00
  5076.00      1.26      1.16      1.23      1.31      1.21      0.65      0.65      0.78      0.57      0.63      0.01      0.00
  5077.00      1.27      1.16      1.24      1.32      1.21      0.75      0.62      0.79      0.58      0.61      0.04      0.00
  5078.00      1.24      1.15      1.23      1.30      1.19      0.83      0.56      0.78      0.58      0.59      0.07      0.00
  5079.00      1.18      1.12      1.20      1.26      1.15      0.88      0.50      0.76      0.57      0.56      0.09      0.01
  5080.00      1.15      1.12      1.20      1.25      1.15      0.92      0.46      0.77      0.57      0.56      0.11      0.03
  5081.00      1.17      1.15      1.23      1.27      1.18      0.95      0.47      0.80      0.59      0.59      0.11      0.03
  5082.00      1.20      1.15      1.24      1.26      1.20      0.93      0.51      0.80      0.59      0.60      0.12      0.01
  5083.00      1.18      1.12      1.21      1.22      1.20      0.88      0.56      0.78      0.57      0.58      0.13      0.00
  5084.00      1.19      1.10      1.21      1.22      1.20      0.84      0.61      0.77      0.56      0.56      0.15      0.01
  5085.00      1.21      1.11      1.24      1.25      1.21      0.82      0.66      0.77      0.56      0.54      0.18      0.03
  5086.00      1.18      1.09      1.24      1.24      1.18      0.80      0.67      0.74      0.54      0.50      0.20      0.06
  5087.00      1.17      1.09      1.26      1.26      1.18      0.80      0.67      0.73      0.52      0.47      0.20      0.09
  5088.00      1.14      1.08      1.26      1.25      1.17      0.80      0.66      0.72      0.49      0.43      0.19      0.10
  5089.00      1.11      1.08      1.24      1.22      1.16      0.82      0.65      0.70      0.48      0.40      0.18      0.09
  5090.00      1.13      1.10      1.21      1.20      1.15      0.85      0.65      0.70      0.49      0.40      0.18      0.07
  5091.00      1.12      1.10      1.16      1.15      1.11      0.86      0.65      0.68      0.49      0.40      0.18      0.04
  5092.00      1.15      1.11      1.14      1.14      1.12      0.87      0.68      0.69      0.51      0.42      0.19      0.02
  5093.00      1.17      1.10      1.13      1.15      1.15      0.86      0.70      0.69      0.53      0.43      0.19      0.00
  5094.00      1.15      1.07      1.12      1.16      1.16      0.80      0.72      0.68      0.53      0.43      0.18      0.00
  5095.00      1.14      1.06      1.11      1.17      1.17      0.75      0.72      0.68      0.53      0.40      0.18      0.00
  5096.00      1.16      1.07      1.12      1.20      1.19      0.72      0.73      0.68      0.53      0.36      0.18      0.00
  5097.00      1.17      1.08      1.12      1.22      1.18      0.70      0.73      0.68      0.53      0.30      0.19      0.00
  5098.00      1.16      1.07      1.12      1.22      1.17      0.69      0.73      0.67      0.53      0.24      0.19      0.00
  5099.00      1.19      1.10      1.15      1.25      1.21      0.69      0.74      0.69      0.55      0.19      0.19      0.00
  5100.00      1.23      1.12      1.19      1.26      1.23      0.68      0.74      0.69      0.56      0.18      0.19      0.00
  5101.00      1.23      1.09      1.18      1.22      1.20      0.66      0.70      0.67      0.52      0.15      0.19      0.00
  5102.00      1.22      1.07      1.17      1.18      1.16      0.66      0.67      0.65      0.48      0.11      0.20      0.00
  5103.00      1.23      1.08      1.17      1.17      1.15      0.69      0.65      0.65      0.46      0.07      0.21      0.00
  5104.00      1.23      1.08      1.17      1.18      1.15      0.72      0.64      0.67      0.44      0.03      0.24      0.00
  5105.00      1.22      1.08      1.19      1.19      1.15      0.74      0.65      0.69      0.42      0.01      0.29      0.00
  5106.00      1.19      1.06      1.20      1.18      1.15      0.73      0.66      0.71      0.41      0.00      0.33      0.00
  5107.00      1.19      1.08      1.24      1.19      1.17      0.73      0.71      0.74      0.43      0.00      0.37      0.00
  5108.00      1.17      1.09      1.24      1.18      1.17      0.70      0.74      0.74      0.45      0.02      0.37      0.00
  5109.00      1.21      1.16      1.26      1.21      1.22      0.70      0.81      0.76      0.48      0.07      0.37      0.00
  5110.00      1.21      1.17      1.24      1.22      1.22      0.69      0.85      0.75      0.49      0.14      0.34      0.00
  5111.00      1.23      1.17      1.24      1.25      1.23      0.69      0.88      0.76      0.49      0.21      0.31      0.00
  5112.00      1.25      1.17      1.26      1.26      1.23      0.71      0.90      0.77      0.48      0.28      0.27      0.01
  5113.00      1.21      1.14      1.23      1.20      1.19      0.69      0.87      0.74      0.43      0.32      0.22      0.05
  5114.00      1.15      1.11      1.19      1.13      1.16      0.66      0.83      0.70      0.39      0.34      0.18      0.06
  5115.00      1.16      1.14      1.21      1.13      1.20      0.66      0.82      0.70      0.37      0.34      0.14      0.06
  5116.00      1.20      1.17      1.24      1.17      1.25      0.66      0.82      0.72      0.36      0.34      0.12      0.05
  5117.00      1.24      1.20      1.27      1.22      1.30      0.66      0.83      0.75      0.35      0.33      0.09      0.03
  5118.00      1.20      1.17      1.24      1.20      1.27      0.61      0.79      0.75      0.31      0.30      0.06      0.01
  5119.00      1.14      1.14      1.20      1.16      1.22      0.55      0.75      0.74      0.28      0.28      0.02      0.00
  5120.00      1.14      1.12      1.20      1.13      1.21      0.50      0.73      0.73      0.24      0.26      0.02      0.00
  5121.00      1.15      1.11      1.21      1.12      1.21      0.47      0.73      0.73      0.20      0.23      0.05      0.00
  5122.00      1.19      1.12      1.22      1.14      1.24      0.44      0.74      0.74      0.17      0.21      0.08      0.00
  5123.00      1.19      1.12      1.21      1.18      1.25      0.40      0.74      0.75      0.15      0.18      0.12      0.00
  5124.00      1.16      1.11      1.18      1.20      1.23      0.35      0.73      0.75      0.13      0.16      0.15      0.00
  5125.00      1.14      1.11      1.17      1.21      1.21      0.30      0.73      0.75      0.09      0.14      0.18      0.00
  5126.00      1.13      1.12      1.16      1.20      1.19      0.26      0.72      0.74      0.06      0.12      0.20      0.00
  5127.00      1.15      1.14      1.19      1.20      1.21      0.23      0.73      0.74      0.04      0.11      0.21      0.00
  5128.00      1.15      1.15      1.21      1.20      1.24      0.22      0.75      0.75      0.03      0.10      0.23      0.00
  5129.00      1.12      1.12      1.19      1.18      1.24      0.22      0.73      0.76      0.01      0.09      0.23      0.00
  5130.00      1.07      1.09      1.15      1.15      1.20      0.24      0.68      0.76      0.00      0.10      0.23      0.00
  5131.00      1.06      1.08      1.15      1.14      1.17      0.29      0.65      0.76      0.00      0.14      0.23      0.00
  5132.00      1.06      1.06      1.13      1.10      1.13      0.36      0.62      0.75      0.02      0.19      0.23      0.00
  5133.00      1.08      1.05      1.13      1.09      1.12      0.43      0.60      0.74      0.04      0.27      0.21      0.00
  5134.00      1.12      1.07      1.13      1.09      1.12      0.49      0.61      0.72      0.07      0.35      0.18      0.00
  5135.00      1.16      1.10      1.14      1.13      1.15      0.54      0.64      0.71      0.12      0.43      0.18      0.00
  5136.00      1.15      1.09      1.10      1.13      1.14      0.56      0.64      0.68      0.16      0.48      0.21      0.00
  5137.00      1.12      1.06      1.06      1.11      1.12      0.57      0.63      0.66      0.18      0.50      0.26      0.00
  5138.00      1.13      1.09      1.09      1.13      1.17      0.59      0.63      0.67      0.21      0.54      0.32      0.00
  5139.00      1.14      1.10      1.12      1.14      1.20      0.59      0.63      0.67      0.22      0.58      0.39      0.00
  5140.00      1.13      1.10      1.13      1.13      1.19      0.57      0.62      0.66      0.24      0.58      0.43      0.00
  5141.00      1.18      1.14      1.18      1.18      1.22      0.58      0.64      0.69      0.29      0.60      0.49      0.00
  5142.00      1.10      1.08      1.11      1.12      1.13      0.55      0.60      0.65      0.31      0.55      0.46      0.00
  5143.00      1.09      1.07      1.10      1.12      1.12      0.55      0.60      0.64      0.36      0.52      0.43      0.00
  5144.00      1.13      1.12      1.13      1.17      1.16      0.58      0.62      0.65      0.41      0.52      0.43      0.00
  5145.00      1.14      1.13      1.12      1.18      1.16      0.58      0.61      0.64      0.42      0.50      0.40      0.00
  5146.00      1.15      1.14      1.12      1.17      1.15      0.57      0.59      0.61      0.42      0.48      0.38      0.00
  5147.00      1.15      1.13      1.13      1.17      1.15      0.56      0.58      0.56      0.42      0.47      0.36      0.00
  5148.00      1.16      1.14      1.16      1.19      1.16      0.57      0.59      0.50      0.42      0.47      0.34      0.00
  5149.00      1.14      1.12      1.18      1.17      1.15      0.57      0.57      0.44      0.42      0.48      0.32      0.00
  5150.00      1.15      1.13      1.19      1.17      1.16      0.59      0.58      0.40      0.43      0.49      0.29      0.00
  5151.00      1.16      1.14      1.20      1.17      1.18      0.60      0.60      0.38      0.43      0.52      0.26      0.00
  5152.00      1.16      1.13      1.20      1.16      1.19      0.61      0.61      0.40      0.43      0.55      0.22      0.00
  5153.00      1.12      1.07      1.17      1.13      1.17      0.62      0.60      0.42      0.40      0.56      0.16      0.00
  5154.00      1.11      1.06      1.19      1.13      1.19      0.67      0.62      0.47      0.39      0.59      0.10      0.00
  5155.00      1.12      1.09      1.23      1.17      1.23      0.77      0.65      0.53      0.40      0.63      0.05      0.01
  5156.00      1.09      1.12      1.22      1.17      1.22      0.87      0.67      0.58      0.41      0.63      0.02      0.03
  5157.00      1.07      1.14      1.19      1.18      1.20      0.98      0.69      0.61      0.40      0.61      0.01      0.06
  5158.00      1.05      1.13      1.16      1.17      1.18      1.10      0.70      0.63      0.40      0.59      0.02      0.09
  5159.00      1.06      1.13      1.15      1.17      1.17      1.24      0.70      0.63      0.40      0.58      0.04      0.11
  5160.00      1.07      1.13      1.16      1.16      1.18      1.40      0.70      0.63      0.41      0.57      0.06      0.11
  5161.00      1.13      1.18      1.22      1.19      1.24      1.60      0.72      0.64      0.44      0.59      0.09      0.11
  5162.00      1.16      1.19      1.24      1.20      1.27      1.74      0.72      0.65      0.47      0.62      0.13      0.08
  5163.00      1.18      1.18      1.24      1.20      1.26      1.82      0.74      0.67      0.52      0.65      0.17      0.05
  5164.00      1.21      1.19      1.24      1.22      1.28      1.84      0.79      0.71      0.58      0.68      0.22      0.02
  5165.00      1.19      1.18      1.21      1.21      1.25      1.73      0.81      0.73      0.60      0.66      0.26      0.00
  5166.00      1.17      1.18      1.20      1.21      1.23      1.55      0.82      0.76      0.63      0.63      0.30      0.00
  5167.00      1.15      1.18      1.21      1.20      1.22      1.33      0.84      0.78      0.65      0.63      0.33      0.00
  5168.00      1.21      1.24      1.29      1.27      1.27      1.34      0.88      0.84      0.71      0.66      0.39      0.00
  5169.00      1.27      1.30      1.36      1.34      1.32      1.92      0.90      0.89      0.76      0.69      0.46      0.00
  5170.00      1.18      1.20      1.27      1.26      1.22      3.11      0.81      0.82      0.69      0.63      0.47      0.00
  5171.00      1.14      1.15      1.23      1.22      1.19      5.13      0.75      0.79      0.65      0.62      0.49      0.00
  5172.00      1.13      1.13      1.21      1.21      1.19      7.37      0.73      0.78      0.63      0.62      0.52      0.00
  5173.00      1.21      1.20      1.29      1.29      1.29      9.67      0.78      0.83      0.65      0.64      0.55      0.00
  5174.00      1.28      1.26      1.34      1.35      1.36     10.97      0.82      0.86      0.65      0.63      0.56      0.01
  5175.00      1.20      1.18      1.27      1.26      1.27     10.60      0.78      0.79      0.59      0.55      0.50      0.01
  5176.00      1.13      1.10      1.20      1.17      1.17      9.38      0.74      0.72      0.53      0.50      0.45      0.00
  5177.00      1.12      1.09      1.20      1.14      1.14      8.13      0.73      0.69      0.48      0.48      0.43      0.00
  5178.00      1.15      1.12      1.21      1.14      1.13      6.96      0.74      0.67      0.44      0.48      0.44      0.00
  5179.00      1.17      1.13      1.20      1.14      1.11      5.85      0.75      0.66      0.38      0.49      0.44      0.00
  5180.00      1.17      1.12      1.19      1.14      1.09      4.86      0.74      0.66      0.32      0.50      0.45      0.01
  5181.00      1.18      1.10      1.17      1.15      1.08      4.03      0.74      0.67      0.29      0.53      0.46      0.02
  5182.00      1.18      1.08      1.16      1.15      1.06      3.34      0.72      0.68      0.27      0.55      0.47      0.02
  5183.00      1.20      1.09      1.17      1.18      1.07      2.85      0.71      0.71      0.27      0.56      0.48      0.02
  5184.00      1.28      1.18      1.27      1.26      1.16      2.58      0.74      0.77      0.31      0.58      0.53      0.03
  5185.00      1.40      1.32      1.41      1.38      1.29      2.43      0.80      0.87      0.39      0.61      0.61      0.03
  5186.00      1.34      1.26      1.34      1.30      1.23      2.03      0.76      0.82      0.44      0.55      0.59      0.05
  5187.00      1.26      1.17      1.25      1.22      1.15      1.68      0.71      0.76      0.49      0.47      0.55      0.07
  5188.00      1.17      1.08      1.15      1.13      1.05      1.41      0.67      0.71      0.53      0.38      0.49      0.11
  5189.00      1.10      1.00      1.07      1.07      0.97      1.21      0.63      0.66      0.56      0.30      0.44      0.15
  5190.00      1.14      1.04      1.10      1.14      1.00      1.17      0.66      0.69      0.65      0.27      0.45      0.20
  5191.00      1.11      1.02      1.07      1.11      0.98      1.08      0.64      0.67      0.68      0.24      0.45      0.22
  5192.00      1.13      1.04      1.09      1.12      1.02      1.05      0.64      0.69      0.73      0.23      0.48      0.22
  5193.00      1.19      1.10      1.16      1.17      1.10      1.07      0.67      0.73      0.76      0.24      0.53      0.18
  5194.00      1.27      1.16      1.27      1.23      1.18      1.11      0.71      0.78      0.79      0.26      0.58      0.11
  5195.00      1.25      1.14      1.26      1.20      1.15      1.08      0.70      0.76      0.74      0.27      0.58      0.03
  5196.00      1.23      1.13      1.25      1.19      1.11      1.06      0.71      0.76      0.70      0.27      0.57      0.00
  5197.00      1.23      1.15      1.26      1.21      1.10      1.07      0.73      0.78      0.67      0.27      0.58      0.00
  5198.00      1.19      1.13      1.22      1.19      1.05      1.03      0.73      0.77      0.62      0.29      0.55      0.00
  5199.00      1.14      1.10      1.17      1.14      1.00      0.98      0.70      0.73      0.62      0.33      0.52      0.00
  5200.00      1.13      1.10      1.16      1.15      1.00      0.98      0.69      0.71      0.66      0.41      0.51      0.00
  5201.00      1.06      1.03      1.08      1.08      0.95      0.92      0.64      0.65      0.67      0.47      0.46      0.00
  5202.00      0.96      0.92      0.98      0.97      0.86      0.83      0.57      0.58      0.65      0.49      0.37      0.01
  5203.00      1.08      1.01      1.09      1.08      0.94      0.93      0.64      0.63      0.78      0.60      0.38      0.01
  5204.00      1.19      1.09      1.21      1.18      0.99      1.03      0.71      0.68      0.90      0.68      0.41      0.00
  5205.00      1.20      1.08      1.23      1.17      0.93      1.05      0.72      0.69      0.92      0.66      0.41      0.00
  5206.00      1.26      1.12      1.29      1.18      0.88      1.10      0.75      0.73      0.95      0.66      0.45      0.02
  5207.00      1.26      1.11      1.28      1.15      0.79      1.10      0.75      0.71      0.93      0.62      0.48      0.05
  5208.00      1.27      1.08      1.26      1.13      0.70      1.08      0.75      0.69      0.90      0.59      0.50      0.07
  5209.00      1.28      1.09      1.26      1.15      0.66      1.07      0.76      0.70      0.89      0.56      0.53      0.06
  5210.00      1.29      1.11      1.27      1.18      0.65      1.07      0.77      0.72      0.91      0.54      0.53      0.06
  5211.00      1.26      1.11      1.24      1.17      0.66      1.05      0.75      0.72      0.91      0.53      0.49      0.06
  5212.00      1.21      1.08      1.19      1.12      0.67      1.01      0.71      0.71      0.90      0.51      0.44      0.06
  5213.00      1.17      1.07      1.16      1.08      0.70      0.99      0.69      0.71      0.89      0.51      0.39      0.06
  5214.00      1.17      1.08      1.17      1.06      0.72      1.00      0.69      0.71      0.89      0.51      0.35      0.05
  5215.00      1.17      1.09      1.18      1.04      0.73      1.00      0.69      0.71      0.88      0.54      0.29      0.04
  5216.00      1.18      1.09      1.20      1.03      0.74      1.02      0.69      0.72      0.86      0.57      0.23      0.03
  5217.00      1.19      1.10      1.22      1.03      0.76      1.04      0.71      0.73      0.84      0.60      0.18      0.03
  5218.00      1.16      1.06      1.20      1.00      0.78      1.02      0.70      0.73      0.80      0.60      0.13      0.04
  5219.00      1.10      0.98      1.14      0.94      0.80      0.97      0.67      0.69      0.75      0.57      0.10      0.04
  5220.00      1.10      0.94      1.12      0.90      0.88      0.97      0.65      0.68      0.73      0.57      0.08      0.05
  5221.00      1.12      0.93      1.13      0.87      1.02      0.98      0.65      0.69      0.76      0.58      0.06      0.04
  5222.00      1.16      0.96      1.17      0.84      1.18      1.01      0.66      0.71      0.81      0.61      0.06      0.03
  5223.00      1.16      0.97      1.18      0.77      1.29      1.01      0.63      0.72      0.83      0.62      0.05      0.01
  5224.00      1.15      0.97      1.17      0.68      1.34      0.99      0.61      0.71      0.84      0.62      0.04      0.00
  5225.00      1.14      0.96      1.17      0.61      1.34      0.98      0.62      0.70      0.85      0.62      0.03      0.00
  5226.00      1.15      0.97      1.18      0.58      1.34      0.99      0.66      0.70      0.87      0.63      0.02      0.00
  5227.00      1.16      0.96      1.18      0.58      1.32      1.00      0.70      0.70      0.87      0.63      0.03      0.00
  5228.00      1.19      0.96      1.18      0.63      1.30      1.00      0.73      0.71      0.88      0.64      0.07      0.00
  5229.00      1.22      0.96      1.18      0.71      1.29      1.00      0.74      0.72      0.88      0.65      0.14      0.00
  5230.00      1.20      0.95      1.15      0.79      1.26      0.97      0.71      0.72      0.86      0.65      0.21      0.00
  5231.00      1.20      0.96      1.15      0.89      1.26      0.96      0.69      0.74      0.84      0.65      0.28      0.00
  5232.00      1.17      0.97      1.15      0.97      1.24      0.94      0.67      0.75      0.81      0.63      0.34      0.00
  5233.00      1.17      0.99      1.14      1.03      1.23      0.92      0.68      0.75      0.79      0.60      0.38      0.00
  5234.00      1.20      1.02      1.16      1.09      1.28      0.95      0.71      0.78      0.81      0.58      0.42      0.00
  5235.00      1.22      1.04      1.17      1.11      1.33      0.95      0.74      0.78      0.83      0.57      0.45      0.01
  5236.00      1.23      1.03      1.17      1.11      1.39      0.96      0.75      0.79      0.85      0.58      0.48      0.03
  5237.00      1.25      1.02      1.17      1.11      1.45      0.97      0.76      0.78      0.86      0.60      0.51      0.08
  5238.00      1.25      1.00      1.16      1.11      1.48      0.97      0.74      0.76      0.84      0.63      0.53      0.09
  5239.00      1.22      0.95      1.13      1.08      1.48      0.94      0.72      0.73      0.80      0.63      0.54      0.08
  5240.00      1.11      0.87      1.06      1.01      1.39      0.89      0.67      0.67      0.73      0.60      0.52      0.04
  5241.00      1.18      0.95      1.17      1.12      1.50      0.99      0.73      0.74      0.78      0.65      0.58      0.01
  5242.00      1.22      1.00      1.23      1.18      1.53      1.06      0.77      0.78      0.81      0.68      0.61      0.00
  5243.00      1.20      1.02      1.22      1.18      1.44      1.07      0.77      0.78      0.82      0.66      0.60      0.00
  5244.00      1.22      1.07      1.23      1.19      1.40      1.08      0.79      0.80      0.86      0.67      0.58      0.00
  5245.00      1.22      1.10      1.23      1.17      1.35      1.07      0.79      0.81      0.89      0.68      0.55      0.00
  5246.00      1.23      1.13      1.22      1.15      1.33      1.04      0.79      0.82      0.91      0.70      0.54      0.00
  5247.00      1.22      1.11      1.20      1.14      1.29      1.01      0.77      0.82      0.91      0.71      0.54      0.00
  5248.00      1.22      1.09      1.18      1.13      1.25      0.99      0.75      0.80      0.89      0.71      0.57      0.00
  5249.00      1.24      1.08      1.16      1.13      1.21      0.99      0.74      0.79      0.86      0.69      0.61      0.01
  5250.00      1.27      1.10      1.16      1.14      1.20      0.99      0.75      0.78      0.84      0.67      0.64      0.04
  5251.00      1.34      1.16      1.20      1.16      1.24      1.03      0.77      0.79      0.85      0.68      0.69      0.08
  5252.00      1.33      1.16      1.19      1.13      1.23      1.02      0.75      0.77      0.83      0.66      0.66      0.11
  5253.00      1.24      1.10      1.13      1.06      1.16      0.96      0.70      0.74      0.80      0.63      0.58      0.11
  5254.00      1.19      1.08      1.10      1.03      1.14      0.94      0.68      0.75      0.80      0.63      0.52      0.09
  5255.00      1.19      1.11      1.10      1.04      1.16      0.95      0.70      0.79      0.83      0.67      0.51      0.06
  5256.00      1.15      1.10      1.06      0.98      1.15      0.93      0.70      0.78      0.82      0.68      0.50      0.03
  5257.00      1.14      1.11      1.04      0.92      1.17      0.93      0.72      0.76      0.82      0.70      0.53      0.01
  5258.00      1.12      1.09      1.02      0.83      1.18      0.92      0.72      0.74      0.80      0.70      0.58      0.00
  5259.00      1.12      1.09      1.02      0.76      1.19      0.92      0.70      0.71      0.79      0.69      0.62      0.00
  5260.00      1.15      1.10      1.03      0.71      1.19      0.92      0.70      0.70      0.80      0.69      0.66      0.02
  5261.00      1.16      1.10      1.02      0.69      1.16      0.90      0.70      0.68      0.79      0.67      0.67      0.05
  5262.00      1.17      1.13      1.04      0.73      1.16      0.90      0.70      0.68      0.79      0.65      0.67      0.08
  5263.00      1.20      1.19      1.08      0.83      1.21      0.92      0.72      0.71      0.81      0.65      0.69      0.08
  5264.00      1.21      1.22      1.10      0.94      1.24      0.94      0.73      0.72      0.81      0.66      0.71      0.06
  5265.00      1.24      1.24      1.14      1.08      1.28      0.98      0.73      0.71      0.83      0.68      0.74      0.05
  5266.00      1.24      1.21      1.15      1.17      1.27      1.00      0.71      0.68      0.83      0.70      0.76      0.06
  5267.00      1.24      1.17      1.15      1.23      1.24      1.03      0.70      0.65      0.83      0.71      0.77      0.08
  5268.00      1.24      1.13      1.14      1.26      1.22      1.06      0.71      0.64      0.83      0.72      0.77      0.11
  5269.00      1.23      1.08      1.11      1.26      1.19      1.06      0.72      0.62      0.83      0.71      0.75      0.13
  5270.00      1.27      1.09      1.13      1.30      1.21      1.10      0.75      0.65      0.86      0.72      0.72      0.14
  5271.00      1.28      1.08      1.15      1.31      1.20      1.11      0.76      0.66      0.85      0.71      0.67      0.14
  5272.00      1.17      0.97      1.06      1.19      1.09      1.02      0.69      0.59      0.76      0.62      0.55      0.10
  5273.00      1.18      0.99      1.10      1.20      1.13      1.04      0.68      0.60      0.75      0.61      0.52      0.05
  5274.00      1.22      1.03      1.15      1.22      1.18      1.08      0.68      0.63      0.77      0.61      0.53      0.01
  5275.00      1.28      1.08      1.22      1.24      1.24      1.14      0.69      0.66      0.79      0.62      0.58      0.00
  5276.00      1.27      1.07      1.21      1.20      1.23      1.14      0.68      0.67      0.77      0.62      0.60      0.00
  5277.00      1.24      1.05      1.17      1.15      1.20      1.12      0.67      0.67      0.74      0.61      0.61      0.00
  5278.00      1.19      1.02      1.10      1.11      1.15      1.08      0.64      0.65      0.70      0.60      0.59      0.01
  5279.00      1.20      1.05      1.11      1.15      1.18      1.11      0.66      0.67      0.72      0.62      0.60      0.00
  5280.00      1.21      1.07      1.14      1.19      1.21      1.14      0.68      0.68      0.75      0.65      0.61      0.00
  5281.00      1.20      1.08      1.16      1.21      1.23      1.16      0.69      0.69      0.76      0.65      0.60      0.00
  5282.00      1.21      1.09      1.19      1.23      1.24      1.18      0.69      0.70      0.78      0.63      0.60      0.00
  5283.00      1.20      1.08      1.18      1.20      1.22      1.16      0.67      0.69      0.77      0.57      0.60      0.00
  5284.00      1.20      1.09      1.21      1.21      1.22      1.18      0.65      0.69      0.79      0.52      0.62      0.00
  5285.00      1.22      1.13      1.27      1.24      1.26      1.23      0.63      0.72      0.83      0.52      0.66      0.00
  5286.00      1.20      1.12      1.25      1.22      1.24      1.25      0.59      0.70      0.84      0.50      0.66      0.02
  5287.00      1.20      1.10      1.20      1.18      1.22      1.26      0.55      0.68      0.84      0.50      0.65      0.05
  5288.00      1.22      1.11      1.18      1.17      1.22      1.29      0.53      0.66      0.87      0.53      0.64      0.06
  5289.00      1.22      1.10      1.15      1.16      1.21      1.30      0.50      0.63      0.86      0.57      0.61      0.06
  5290.00      1.22      1.11      1.15      1.19      1.22      1.33      0.46      0.61      0.85      0.61      0.61      0.06
  5291.00      1.20      1.07      1.11      1.18      1.19      1.30      0.38      0.59      0.81      0.61      0.59      0.08
  5292.00      1.18      1.05      1.09      1.18      1.17      1.28      0.30      0.59      0.79      0.61      0.59      0.11
  5293.00      1.16      1.04      1.08      1.18      1.17      1.27      0.27      0.63      0.79      0.63      0.61      0.14
  5294.00      1.15      1.03      1.09      1.17      1.19      1.26      0.27      0.68      0.81      0.65      0.64      0.16
  5295.00      1.16      1.03      1.10      1.18      1.21      1.26      0.32      0.73      0.85      0.68      0.68      0.17
  5296.00      1.16      1.03      1.10      1.18      1.19      1.23      0.37      0.76      0.87      0.68      0.69      0.17
  5297.00      1.15      1.03      1.09      1.18      1.14      1.21      0.44      0.76      0.87      0.68      0.67      0.16
  5298.00      1.18      1.06      1.11      1.23      1.12      1.22      0.50      0.78      0.88      0.68      0.66      0.16
  5299.00      1.14      1.03      1.07      1.20      1.05      1.15      0.52      0.75      0.84      0.65      0.60      0.15
  5300.00      1.04      0.93      0.96      1.08      0.95      1.02      0.50      0.67      0.75      0.57      0.51      0.10
  5301.00      1.07      0.96      0.99      1.09      0.99      1.02      0.54      0.69      0.76      0.58      0.50      0.07
  5302.00      1.18      1.04      1.09      1.18      1.12      1.08      0.62      0.76      0.83      0.63      0.54      0.04
  5303.00      1.21      1.06      1.12      1.20      1.17      1.08      0.66      0.78      0.84      0.63      0.53      0.02
  5304.00      1.20      1.04      1.13      1.20      1.17      1.05      0.67      0.75      0.82      0.60      0.52      0.00
  5305.00      1.15      1.00      1.10      1.16      1.14      1.01      0.66      0.71      0.79      0.56      0.53      0.00
  5306.00      1.12      1.00      1.09      1.14      1.13      0.99      0.65      0.69      0.76      0.54      0.55      0.00
  5307.00      1.11      1.00      1.09      1.13      1.15      1.01      0.64      0.68      0.73      0.53      0.57      0.01
  5308.00      1.10      0.97      1.06      1.11      1.15      1.01      0.62      0.67      0.69      0.52      0.57      0.05
  5309.00      1.15      1.01      1.08      1.15      1.20      1.07      0.64      0.69      0.67      0.55      0.60      0.09
  5310.00      1.16      1.04      1.08      1.14      1.20      1.10      0.67      0.70      0.64      0.56      0.61      0.11
  5311.00      1.15      1.07      1.06      1.12      1.18      1.10      0.68      0.68      0.59      0.56      0.61      0.12
  5312.00      1.13      1.09      1.05      1.10      1.16      1.09      0.68      0.65      0.55      0.55      0.61      0.13
  5313.00      1.11      1.09      1.06      1.10      1.14      1.07      0.69      0.64      0.52      0.54      0.63      0.13
  5314.00      1.11      1.08      1.07      1.10      1.13      1.05      0.69      0.65      0.50      0.50      0.67      0.15
  5315.00      1.12      1.07      1.09      1.09      1.13      1.04      0.67      0.67      0.49      0.47      0.71      0.17
  5316.00      1.13      1.08      1.10      1.09      1.14      1.05      0.67      0.70      0.50      0.45      0.72      0.20
  5317.00      1.13      1.07      1.10      1.08      1.14      1.05      0.67      0.71      0.52      0.45      0.70      0.23
  5318.00      1.12      1.08      1.08      1.08      1.13      1.06      0.67      0.71      0.55      0.46      0.68      0.24
  5319.00      1.10      1.07      1.05      1.07      1.10      1.05      0.66      0.68      0.58      0.49      0.65      0.23
  5320.00      1.11      1.07      1.03      1.07      1.08      1.06      0.67      0.66      0.61      0.52      0.63      0.21
  5321.00      1.12      1.07      1.03      1.07      1.07      1.06      0.69      0.66      0.64      0.56      0.62      0.21
  5322.00      1.12      1.05      1.03      1.07      1.06      1.04      0.68      0.66      0.65      0.57      0.62      0.21
  5323.00      1.17      1.10      1.08      1.11      1.12      1.08      0.71      0.69      0.68      0.59      0.65      0.22
  5324.00      1.15      1.10      1.09      1.10      1.11      1.05      0.70      0.69      0.67      0.57      0.66      0.23
  5325.00      1.13      1.10      1.09      1.09      1.10      1.04      0.68      0.67      0.66      0.56      0.64      0.22
  5326.00      1.13      1.11      1.11      1.10      1.08      1.03      0.66      0.66      0.67      0.55      0.62      0.21
  5327.00      1.13      1.11      1.11      1.10      1.05      1.03      0.63      0.62      0.67      0.55      0.60      0.21
  5328.00      1.15      1.15      1.13      1.12      1.04      1.06      0.63      0.59      0.70      0.56      0.58      0.22
  5329.00      1.22      1.24      1.20      1.20      1.09      1.15      0.67      0.59      0.76      0.61      0.58      0.24
  5330.00      1.25      1.32      1.26      1.26      1.13      1.23      0.70      0.57      0.80      0.65      0.56      0.25
  5331.00      1.10      1.19      1.10      1.11      0.99      1.12      0.62      0.47      0.70      0.59      0.47      0.22
  5332.00      1.01      1.11      1.00      1.00      0.86      1.01      0.56      0.41      0.62      0.54      0.42      0.20
  5333.00      1.08      1.23      1.08      1.07      0.86      1.08      0.59      0.44      0.65      0.59      0.45      0.22
  5334.00      1.13      1.31      1.12      1.12      0.80      1.13      0.61      0.47      0.67      0.62      0.49      0.24
  5335.00      1.14      1.33      1.10      1.14      0.70      1.14      0.61      0.49      0.68      0.61      0.51      0.26
  5336.00      1.17      1.32      1.07      1.16      0.61      1.14      0.63      0.54      0.69      0.61      0.52      0.29
  5337.00      1.21      1.30      1.04      1.19      0.57      1.16      0.66      0.60      0.71      0.62      0.52      0.35
  5338.00      1.22      1.26      0.99      1.18      0.53      1.17      0.69      0.64      0.73      0.62      0.48      0.41
  5339.00      1.20      1.23      0.94      1.16      0.52      1.15      0.70      0.67      0.74      0.60      0.41      0.44
  5340.00      1.17      1.18      0.85      1.13      0.53      1.11      0.68      0.67      0.74      0.58      0.33      0.43
  5341.00      1.21      1.20      0.79      1.17      0.60      1.15      0.69      0.70      0.78      0.57      0.27      0.43
  5342.00      1.24      1.21      0.71      1.20      0.74      1.17      0.70      0.72      0.81      0.56      0.23      0.41
  5343.00      1.20      1.17      0.61      1.17      0.89      1.13      0.67      0.70      0.79      0.53      0.20      0.36
  5344.00      1.15      1.14      0.56      1.13      1.05      1.10      0.64      0.68      0.78      0.52      0.17      0.31
  5345.00      1.14      1.13      0.56      1.11      1.21      1.08      0.63      0.69      0.78      0.52      0.13      0.27
  5346.00      1.18      1.14      0.61      1.12      1.35      1.09      0.65      0.71      0.81      0.55      0.08      0.23
  5347.00      1.20      1.14      0.68      1.12      1.42      1.07      0.65      0.73      0.82      0.57      0.04      0.19
  5348.00      1.18      1.12      0.77      1.09      1.39      1.00      0.62      0.71      0.81      0.57      0.01      0.15
  5349.00      1.18      1.12      0.87      1.09      1.35      0.95      0.59      0.71      0.80      0.58      0.00      0.12
  5350.00      1.19      1.18      0.99      1.12      1.34      0.92      0.58      0.72      0.82      0.59      0.00      0.09
  5351.00      1.17      1.18      1.05      1.11      1.27      0.85      0.54      0.70      0.81      0.58      0.01      0.05
  5352.00      1.14      1.15      1.07      1.07      1.19      0.76      0.49      0.67      0.79      0.57      0.06      0.02
  5353.00      1.17      1.14      1.10      1.08      1.17      0.69      0.46      0.67      0.78      0.58      0.13      0.03
  5354.00      1.20      1.11      1.12      1.09      1.15      0.63      0.43      0.68      0.78      0.59      0.21      0.06
  5355.00      1.21      1.08      1.10      1.09      1.13      0.55      0.38      0.67      0.76      0.58      0.28      0.10
  5356.00      1.19      1.04      1.05      1.06      1.08      0.49      0.33      0.63      0.73      0.54      0.33      0.14
  5357.00      1.20      1.06      1.04      1.07      1.10      0.46      0.30      0.62      0.73      0.51      0.38      0.17
  5358.00      1.18      1.08      1.03      1.08      1.11      0.46      0.29      0.59      0.72      0.48      0.39      0.20
  5359.00      1.17      1.09      1.03      1.09      1.14      0.50      0.30      0.56      0.73      0.46      0.38      0.23
  5360.00      1.16      1.09      1.03      1.10      1.16      0.59      0.34      0.52      0.73      0.44      0.36      0.25
  5361.00      1.16      1.08      1.02      1.10      1.16      0.72      0.39      0.48      0.73      0.43      0.35      0.26
  5362.00      1.15      1.07      0.99      1.10      1.15      0.85      0.43      0.44      0.72      0.43      0.33      0.27
  5363.00      1.18      1.08      1.00      1.11      1.16      0.97      0.48      0.43      0.73      0.46      0.32      0.27
  5364.00      1.19      1.09      1.03      1.12      1.15      1.06      0.50      0.46      0.73      0.48      0.30      0.28
  5365.00      1.18      1.09      1.07      1.12      1.14      1.10      0.51      0.51      0.73      0.50      0.27      0.28
  5366.00      1.18      1.10      1.15      1.15      1.16      1.14      0.50      0.58      0.73      0.51      0.24      0.27
  5367.00      1.18      1.10      1.23      1.15      1.17      1.15      0.47      0.63      0.73      0.50      0.21      0.24
  5368.00      1.17      1.07      1.28      1.11      1.15      1.13      0.43      0.64      0.71      0.46      0.18      0.21
  5369.00      1.18      1.08      1.35      1.10      1.16      1.13      0.39      0.64      0.69      0.43      0.16      0.23
  5370.00      1.17      1.10      1.40      1.10      1.17      1.13      0.37      0.64      0.69      0.41      0.14      0.29
  5371.00      1.18      1.11      1.42      1.12      1.18      1.15      0.38      0.64      0.70      0.39      0.13      0.36
  5372.00      1.22      1.13      1.41      1.18      1.20      1.21      0.43      0.67      0.73      0.39      0.13      0.44
  5373.00      1.24      1.12      1.35      1.21      1.20      1.25      0.50      0.70      0.78      0.37      0.12      0.52
  5374.00      1.17      1.03      1.18      1.16      1.10      1.20      0.54      0.67      0.76      0.33      0.11      0.55
  5375.00      1.15      1.01      1.08      1.14      1.06      1.23      0.61      0.68      0.76      0.29      0.14      0.57
  5376.00      1.15      1.02      1.04      1.13      1.06      1.29      0.69      0.71      0.77      0.26      0.21      0.56
  5377.00      1.14      1.02      1.02      1.12      1.06      1.36      0.77      0.72      0.77      0.22      0.29      0.53
  5378.00      1.16      1.06      1.04      1.15      1.09      1.46      0.83      0.74      0.77      0.18      0.39      0.51
  5379.00      1.18      1.09      1.06      1.17      1.10      1.52      0.87      0.75      0.77      0.16      0.49      0.49
  5380.00      1.17      1.10      1.04      1.18      1.10      1.51      0.86      0.74      0.77      0.15      0.55      0.46
  5381.00      1.16      1.10      1.02      1.18      1.10      1.46      0.83      0.73      0.76      0.11      0.60      0.43
  5382.00      1.19      1.12      1.03      1.19      1.15      1.42      0.82      0.74      0.78      0.07      0.66      0.42
  5383.00      1.20      1.10      1.02      1.17      1.16      1.34      0.78      0.72      0.77      0.05      0.68      0.39
  5384.00      1.21      1.08      1.01      1.17      1.18      1.27      0.77      0.71      0.76      0.04      0.70      0.36
  5385.00      1.24      1.09      1.01      1.19      1.22      1.25      0.78      0.71      0.78      0.02      0.73      0.33
  5386.00      1.18      1.04      0.95      1.16      1.18      1.18      0.75      0.66      0.76      0.01      0.70      0.27
  5387.00      1.17      1.03      0.93      1.16      1.17      1.16      0.74      0.65      0.77      0.00      0.67      0.21
  5388.00      1.19      1.04      0.94      1.18      1.20      1.17      0.77      0.65      0.80      0.01      0.65      0.14
  5389.00      1.21      1.05      0.94      1.18      1.21      1.18      0.80      0.66      0.80      0.03      0.63      0.08
  5390.00      1.21      1.06      0.95      1.17      1.22      1.18      0.83      0.68      0.80      0.05      0.61      0.04
  5391.00      1.19      1.06      0.94      1.15      1.21      1.16      0.85      0.70      0.79      0.09      0.58      0.01
  5392.00      1.17      1.06      0.95      1.13      1.20      1.13      0.83      0.73      0.79      0.14      0.56      0.01
  5393.00      1.20      1.09      0.98      1.14      1.21      1.15      0.81      0.78      0.81      0.19      0.57      0.04
  5394.00      1.21      1.10      0.97      1.13      1.20      1.14      0.76      0.81      0.81      0.22      0.58      0.06
  5395.00      1.22      1.11      0.96      1.13      1.19      1.14      0.72      0.83      0.81      0.24      0.59      0.09
  5396.00      1.21      1.12      0.94      1.13      1.18      1.13      0.69      0.83      0.81      0.25      0.61      0.12
  5397.00      1.19      1.11      0.92      1.13      1.17      1.11      0.66      0.82      0.79      0.26      0.63      0.17
  5398.00      1.18      1.12      0.91      1.15      1.17      1.10      0.65      0.82      0.79      0.30      0.67      0.22
  5399.00      1.20      1.15      0.91      1.18      1.19      1.12      0.64      0.82      0.82      0.35      0.71      0.27
  5400.00      1.18      1.15      0.88      1.16      1.17      1.12      0.61      0.79      0.82      0.39      0.73      0.31
  5401.00      1.19      1.16      0.88      1.15      1.18      1.14      0.61      0.77      0.83      0.43      0.74      0.36
  5402.00      1.21      1.16      0.90      1.16      1.21      1.16      0.63      0.76      0.84      0.46      0.73      0.40
  5403.00      1.22      1.12      0.91      1.16      1.21      1.14      0.65      0.74      0.82      0.46      0.71      0.44
  5404.00      1.22      1.09      0.92      1.16      1.22      1.13      0.67      0.73      0.80      0.45      0.68      0.48
  5405.00      1.24      1.09      0.92      1.19      1.24      1.15      0.70      0.74      0.79      0.46      0.69      0.53
  5406.00      1.25      1.10      0.91      1.20      1.24      1.17      0.72      0.75      0.78      0.47      0.70      0.59
  5407.00      1.23      1.10      0.88      1.19      1.22      1.18      0.71      0.75      0.78      0.48      0.72      0.62
  5408.00      1.18      1.07      0.84      1.15      1.17      1.13      0.66      0.72      0.76      0.47      0.72      0.61
  5409.00      1.17      1.07      0.83      1.14      1.15      1.12      0.63      0.72      0.74      0.46      0.76      0.59
  5410.00      1.17      1.08      0.83      1.13      1.16      1.12      0.61      0.72      0.72      0.45      0.79      0.57
  5411.00      1.18      1.09      0.82      1.12      1.17      1.14      0.61      0.73      0.72      0.44      0.77      0.55
  5412.00      1.18      1.10      0.76      1.11      1.18      1.15      0.60      0.73      0.71      0.42      0.73      0.52
  5413.00      1.20      1.14      0.71      1.12      1.20      1.17      0.61      0.73      0.72      0.43      0.73      0.53
  5414.00      1.17      1.17      0.64      1.11      1.20      1.16      0.61      0.70      0.70      0.43      0.71      0.52
  5415.00      1.15      1.22      0.60      1.12      1.21      1.15      0.60      0.67      0.69      0.42      0.70      0.53
  5416.00      1.14      1.29      0.56      1.13      1.22      1.15      0.60      0.65      0.68      0.42      0.69      0.55
  5417.00      1.15      1.35      0.53      1.15      1.24      1.16      0.60      0.64      0.65      0.44      0.71      0.57
  5418.00      1.13      1.35      0.51      1.14      1.23      1.15      0.58      0.62      0.60      0.44      0.71      0.57
  5419.00      1.11      1.30      0.50      1.13      1.20      1.14      0.54      0.62      0.52      0.45      0.69      0.58
  5420.00      1.09      1.22      0.54      1.12      1.16      1.11      0.50      0.62      0.46      0.47      0.64      0.59
  5421.00      1.10      1.14      0.61      1.15      1.15      1.10      0.47      0.64      0.42      0.52      0.60      0.61
  5422.00      1.13      1.08      0.71      1.19      1.17      1.12      0.44      0.65      0.41      0.59      0.59      0.63
  5423.00      1.13      1.00      0.79      1.19      1.18      1.12      0.41      0.64      0.41      0.62      0.58      0.62
  5424.00      1.12      0.94      0.82      1.16      1.18      1.11      0.37      0.62      0.44      0.64      0.56      0.60
  5425.00      1.15      0.93      0.82      1.18      1.21      1.13      0.34      0.62      0.50      0.68      0.57      0.58
  5426.00      1.22      0.96      0.82      1.23      1.28      1.18      0.31      0.65      0.58      0.74      0.62      0.60
  5427.00      1.23      0.92      0.79      1.22      1.28      1.17      0.27      0.65      0.63      0.75      0.64      0.61
  5428.00      1.20      0.84      0.77      1.19      1.22      1.13      0.23      0.62      0.65      0.71      0.64      0.61
  5429.00      1.21      0.80      0.82      1.20      1.20      1.13      0.21      0.62      0.67      0.69      0.67      0.63
  5430.00      1.25      0.80      0.95      1.27      1.22      1.17      0.20      0.64      0.71      0.69      0.70      0.67
  5431.00      1.28      0.83      1.11      1.31      1.24      1.20      0.22      0.65      0.73      0.69      0.69      0.70
  5432.00      1.24      0.87      1.21      1.26      1.20      1.16      0.24      0.62      0.71      0.65      0.64      0.68
  5433.00      1.21      0.95      1.29      1.20      1.19      1.14      0.29      0.60      0.70      0.62      0.60      0.67
  5434.00      1.25      1.07      1.38      1.20      1.24      1.20      0.38      0.61      0.72      0.62      0.56      0.67
  5435.00      1.23      1.14      1.39      1.18      1.25      1.23      0.44      0.60      0.75      0.59      0.49      0.66
  5436.00      1.21      1.16      1.37      1.17      1.26      1.23      0.50      0.60      0.77      0.54      0.41      0.65
  5437.00      1.18      1.15      1.33      1.16      1.24      1.22      0.52      0.60      0.79      0.48      0.36      0.63
  5438.00      1.18      1.14      1.30      1.17      1.24      1.22      0.55      0.62      0.82      0.41      0.32      0.58
  5439.00      1.16      1.10      1.26      1.16      1.21      1.19      0.56      0.61      0.83      0.35      0.29      0.52
  5440.00      1.13      1.06      1.22      1.16      1.19      1.17      0.56      0.62      0.83      0.31      0.28      0.48
  5441.00      1.09      1.02      1.20      1.15      1.17      1.17      0.55      0.62      0.82      0.29      0.28      0.47
  5442.00      1.10      1.02      1.19      1.15      1.16      1.18      0.53      0.64      0.82      0.29      0.29      0.48
  5443.00      1.10      1.01      1.18      1.14      1.14      1.16      0.51      0.65      0.80      0.30      0.30      0.51
  5444.00      1.12      1.02      1.17      1.13      1.14      1.16      0.51      0.67      0.79      0.34      0.29      0.55
  5445.00      1.14      1.03      1.16      1.13      1.15      1.14      0.52      0.67      0.79      0.40      0.30      0.57
  5446.00      1.13      1.02      1.13      1.11      1.13      1.12      0.52      0.66      0.77      0.46      0.34      0.58
  5447.00      1.14      1.03      1.12      1.13      1.12      1.13      0.53      0.67      0.77      0.54      0.42      0.58
  5448.00      1.17      1.06      1.13      1.17      1.13      1.17      0.53      0.68      0.77      0.63      0.53      0.56
  5449.00      1.19      1.09      1.12      1.20      1.13      1.19      0.53      0.70      0.76      0.71      0.64      0.52
  5450.00      1.18      1.07      1.10      1.19      1.11      1.17      0.51      0.71      0.72      0.75      0.71      0.47
  5451.00      1.16      1.05      1.08      1.18      1.10      1.13      0.51      0.73      0.69      0.77      0.74      0.41
  5452.00      1.17      1.03      1.07      1.17      1.10      1.09      0.51      0.74      0.68      0.78      0.75      0.34
  5453.00      1.20      1.03      1.08      1.15      1.10      1.08      0.52      0.76      0.69      0.76      0.73      0.27
  5454.00      1.24      1.02      1.09      1.13      1.08      1.08      0.53      0.78      0.71      0.74      0.70      0.21
  5455.00      1.25      1.02      1.09      1.10      1.06      1.08      0.54      0.77      0.72      0.71      0.67      0.16
  5456.00      1.25      1.06      1.12      1.11      1.08      1.11      0.57      0.77      0.75      0.69      0.65      0.12
  5457.00      1.27      1.12      1.16      1.14      1.13      1.16      0.64      0.77      0.80      0.68      0.65      0.10
  5458.00      1.20      1.10      1.12      1.11      1.12      1.14      0.69      0.72      0.79      0.64      0.61      0.08
  5459.00      1.15      1.08      1.08      1.08      1.11      1.12      0.75      0.68      0.77      0.65      0.59      0.07
  5460.00      1.11      1.06      1.06      1.06      1.09      1.11      0.83      0.66      0.76      0.68      0.58      0.07
  5461.00      1.09      1.06      1.04      1.05      1.06      1.11      0.92      0.67      0.75      0.74      0.58      0.06
  5462.00      1.07      1.05      1.03      1.04      1.04      1.09      1.03      0.68      0.75      0.79      0.59      0.04
  5463.00      1.07      1.06      1.04      1.06      1.06      1.09      1.18      0.70      0.75      0.86      0.61      0.03
  5464.00      1.09      1.07      1.06      1.10      1.10      1.11      1.35      0.72      0.76      0.92      0.66      0.03
  5465.00      1.11      1.08      1.07      1.13      1.14      1.12      1.50      0.73      0.77      0.95      0.69      0.05
  5466.00      1.13      1.06      1.06      1.13      1.15      1.11      1.59      0.73      0.76      0.94      0.68      0.10
  5467.00      1.17      1.05      1.05      1.13      1.17      1.11      1.64      0.73      0.76      0.93      0.68      0.18
  5468.00      1.18      1.06      1.07      1.14      1.18      1.11      1.64      0.73      0.76      0.92      0.70      0.27
  5469.00      1.14      1.05      1.05      1.12      1.14      1.09      1.51      0.71      0.75      0.89      0.70      0.34
  5470.00      1.09      1.03      1.03      1.10      1.09      1.06      1.31      0.68      0.74      0.87      0.69      0.39
  5471.00      1.09      1.03      1.03      1.12      1.09      1.07      1.14      0.67      0.75      0.88      0.70      0.44
  5472.00      1.13      1.05      1.05      1.17      1.12      1.10      1.12      0.67      0.78      0.93      0.73      0.49
  5473.00      1.16      1.05      1.07      1.18      1.13      1.13      1.51      0.68      0.79      0.96      0.76      0.53
  5474.00      1.19      1.07      1.09      1.19      1.15      1.17      2.58      0.69      0.79      1.00      0.77      0.58
  5475.00      1.19      1.10      1.10      1.19      1.15      1.20      4.41      0.70      0.79      1.01      0.77      0.61
  5476.00      1.20      1.14      1.10      1.18      1.15      1.22      6.47      0.71      0.78      0.99      0.76      0.65
  5477.00      1.21      1.17      1.09      1.18      1.16      1.22      8.30      0.72      0.76      0.95      0.76      0.69
  5478.00      1.22      1.18      1.09      1.19      1.18      1.22      9.49      0.72      0.75      0.91      0.77      0.73
  5479.00      1.21      1.16      1.07      1.19      1.17      1.18      9.78      0.70      0.74      0.86      0.77      0.74
  5480.00      1.20      1.14      1.07      1.19      1.16      1.16      9.31      0.69      0.75      0.84      0.77      0.74
  5481.00      1.18      1.12      1.07      1.18      1.13      1.14      8.31      0.66      0.73      0.83      0.75      0.71
  5482.00      1.18      1.12      1.10      1.18      1.13      1.15      7.22      0.65      0.72      0.86      0.73      0.68
  5483.00      1.19      1.13      1.13      1.19      1.14      1.18      6.21      0.66      0.73      0.90      0.72      0.65
  5484.00      1.17      1.13      1.12      1.18      1.14      1.21      5.25      0.67      0.75      0.92      0.69      0.63
  5485.00      1.14      1.11      1.09      1.18      1.14      1.21      4.37      0.67      0.75      0.92      0.67      0.62
  5486.00      1.12      1.10      1.07      1.18      1.15      1.20      3.67      0.69      0.76      0.93      0.70      0.64
  5487.00      1.11      1.07      1.07      1.19      1.16      1.19      3.09      0.70      0.77      0.93      0.73      0.68
  5488.00      1.10      1.03      1.05      1.16      1.14      1.16      2.60      0.70      0.77      0.91      0.76      0.72
  5489.00      1.11      1.03      1.06      1.14      1.14      1.15      2.23      0.69      0.78      0.91      0.79      0.75
  5490.00      1.14      1.06      1.07      1.14      1.16      1.16      1.97      0.70      0.79      0.92      0.81      0.78
  5491.00      1.15      1.08      1.06      1.15      1.17      1.15      1.74      0.69      0.78      0.92      0.81      0.74
  5492.00      1.11      1.05      1.02      1.12      1.13      1.10      1.50      0.67      0.75      0.88      0.76      0.66
  5493.00      1.08      1.02      0.99      1.09      1.08      1.04      1.30      0.64      0.72      0.82      0.72      0.59
  5494.00      1.09      1.04      0.99      1.10      1.08      1.04      1.20      0.65      0.73      0.81      0.72      0.56
  5495.00      1.10      1.05      1.01      1.10      1.08      1.06      1.12      0.66      0.74      0.82      0.74      0.57
  5496.00      1.06      1.02      1.00      1.07      1.06      1.06      1.03      0.66      0.73      0.81      0.75      0.60
  5497.00      1.03      1.01      0.99      1.06      1.06      1.07      0.98      0.66      0.73      0.83      0.76      0.65
  5498.00      1.06      1.03      1.00      1.08      1.09      1.10      0.95      0.69      0.75      0.86      0.78      0.73
  5499.00      1.10      1.03      0.99      1.09      1.09      1.08      0.92      0.69      0.74      0.86      0.76      0.77
  5500.00      1.10      1.01      0.96      1.06      1.06      1.04      0.89      0.67      0.71      0.84      0.72      0.77
  5501.00      1.08      0.99      0.96      1.04      1.04      1.01      0.86      0.65      0.69      0.82      0.69      0.76
  5502.00      1.10      0.99      0.99      1.04      1.06      1.01      0.87      0.65      0.69      0.82      0.69      0.77
  5503.00      1.10      0.97      1.01      1.03      1.07      1.00      0.87      0.65      0.69      0.81      0.69      0.78
  5504.00      1.07      0.93      0.97      0.99      1.04      0.97      0.84      0.63      0.67      0.77      0.68      0.76
  5505.00      1.08      0.95      0.98      1.00      1.05      0.98      0.86      0.64      0.70      0.79      0.71      0.79
  5506.00      1.09      0.97      0.99      1.02      1.06      0.98      0.86      0.64      0.72      0.82      0.74      0.82
  5507.00      1.10      0.98      1.01      1.03      1.07      0.98      0.87      0.64      0.74      0.84      0.77      0.83
  5508.00      1.11      0.99      1.02      1.04      1.07      0.98      0.87      0.64      0.76      0.86      0.78      0.82
  5509.00      1.11      0.99      1.03      1.04      1.08      0.99      0.87      0.64      0.77      0.87      0.78      0.79
  5510.00      1.11      0.98      1.02      1.03      1.07      0.99      0.87      0.64      0.78      0.87      0.78      0.74
  5511.00      1.11      0.97      1.03      1.04      1.08      1.00      0.88      0.64      0.78      0.86      0.78      0.68
  5512.00      1.10      0.96      1.03      1.03      1.08      1.00      0.90      0.63      0.78      0.83      0.76      0.63
  5513.00      1.09      0.94      1.03      1.02      1.08      0.97      0.91      0.60      0.77      0.80      0.73      0.60
  5514.00      1.10      0.95      1.03      1.02      1.08      0.96      0.91      0.58      0.77      0.79      0.72      0.61
  5515.00      1.10      0.98      1.03      1.05      1.09      0.96      0.91      0.59      0.77      0.80      0.72      0.64
  5516.00      1.10      1.00      1.02      1.07      1.09      0.97      0.90      0.61      0.78      0.81      0.73      0.67
  5517.00      1.07      1.00      1.00      1.09      1.07      0.98      0.89      0.63      0.77      0.81      0.74      0.68
  5518.00      1.07      1.00      1.00      1.10      1.08      0.99      0.89      0.66      0.78      0.83      0.76      0.70
  5519.00      1.06      1.00      1.02      1.10      1.09      0.99      0.89      0.67      0.78      0.83      0.77      0.70
  5520.00      1.07      1.01      1.04      1.10      1.09      0.99      0.90      0.67      0.78      0.83      0.78      0.70
  5521.00      1.11      1.04      1.08      1.13      1.11      0.99      0.92      0.66      0.80      0.84      0.79      0.70
  5522.00      1.13      1.05      1.09      1.16      1.11      0.98      0.94      0.66      0.82      0.86      0.79      0.70
  5523.00      1.14      1.05      1.08      1.18      1.11      0.98      0.94      0.66      0.83      0.86      0.77      0.70
  5524.00      1.12      1.03      1.05      1.15      1.09      0.96      0.93      0.67      0.82      0.86      0.74      0.71
  5525.00      1.10      1.03      1.02      1.11      1.08      0.95      0.90      0.68      0.80      0.84      0.70      0.72
  5526.00      1.08      1.03      1.00      1.06      1.07      0.94      0.89      0.68      0.77      0.81      0.67      0.72
  5527.00      1.09      1.05      1.00      1.05      1.08      0.94      0.90      0.69      0.75      0.80      0.67      0.73
  5528.00      1.11      1.06      1.02      1.07      1.10      0.94      0.91      0.70      0.74      0.80      0.68      0.72
  5529.00      1.14      1.09      1.05      1.11      1.13      0.93      0.94      0.72      0.77      0.82      0.72      0.71
  5530.00      1.16      1.13      1.10      1.18      1.18      0.91      0.97      0.75      0.81      0.86      0.76      0.72
  5531.00      1.10      1.07      1.07      1.16      1.13      0.81      0.93      0.74      0.81      0.83      0.76      0.69
  5532.00      1.05      1.03      1.05      1.13      1.11      0.72      0.90      0.73      0.80      0.83      0.75      0.68
  5533.00      1.03      1.01      1.05      1.12      1.11      0.66      0.89      0.72      0.80      0.84      0.73      0.70
  5534.00      1.05      1.01      1.05      1.12      1.12      0.61      0.90      0.73      0.79      0.85      0.69      0.73
  5535.00      1.07      1.01      1.05      1.12      1.14      0.59      0.90      0.73      0.78      0.84      0.63      0.77
  5536.00      1.08      1.01      1.05      1.13      1.15      0.59      0.88      0.73      0.76      0.82      0.59      0.79
  5537.00      1.07      1.02      1.06      1.14      1.14      0.61      0.87      0.73      0.75      0.81      0.57      0.80
  5538.00      1.03      1.01      1.05      1.12      1.11      0.64      0.85      0.71      0.73      0.79      0.56      0.77
  5539.00      1.04      1.01      1.05      1.11      1.09      0.67      0.84      0.70      0.73      0.77      0.57      0.74
  5540.00      1.04      0.99      1.05      1.10      1.06      0.68      0.83      0.69      0.72      0.75      0.59      0.70
  5541.00      1.06      1.00      1.06      1.10      1.06      0.69      0.84      0.69      0.72      0.75      0.64      0.67
  5542.00      1.06      1.00      1.06      1.09      1.06      0.69      0.84      0.69      0.70      0.75      0.68      0.65
  5543.00      1.04      0.99      1.04      1.06      1.04      0.68      0.83      0.67      0.66      0.74      0.68      0.62
  5544.00      0.98      0.92      0.96      1.00      0.98      0.65      0.77      0.61      0.59      0.70      0.65      0.56
  5545.00      0.93      0.86      0.91      0.95      0.94      0.65      0.74      0.57      0.54      0.67      0.63      0.52
  5546.00      0.87      0.80      0.86      0.91      0.89      0.68      0.70      0.53      0.50      0.63      0.61      0.51
  5547.00      0.95      0.89      0.95      1.01      0.98      0.86      0.79      0.59      0.56      0.70      0.68      0.60
  5548.00      1.04      0.98      1.02      1.10      1.07      1.05      0.87      0.65      0.62      0.77      0.75      0.68
  5549.00      1.05      1.00      1.01      1.10      1.08      1.16      0.90      0.67      0.63      0.79      0.76      0.69
  5550.00      1.00      0.95      0.95      1.05      1.03      1.18      0.88      0.65      0.60      0.77      0.72      0.67
  5551.00      0.94      0.90      0.91      0.99      0.98      1.15      0.84      0.61      0.58      0.76      0.68      0.65
  5552.00      0.97      0.92      0.95      1.03      0.99      1.18      0.87      0.63      0.61      0.81      0.70      0.69
  5553.00      0.97      0.92      0.97      1.03      0.97      1.16      0.86      0.64      0.62      0.81      0.69      0.69
  5554.00      0.96      0.94      0.99      1.04      0.97      1.13      0.85      0.65      0.63      0.81      0.69      0.71
  5555.00      0.97      0.95      1.01      1.07      0.98      1.12      0.84      0.66      0.66      0.80      0.69      0.74
  5556.00      1.00      0.95      1.03      1.10      1.01      1.13      0.85      0.66      0.69      0.81      0.69      0.81
  5557.00      1.02      0.93      1.04      1.11      1.03      1.13      0.85      0.66      0.70      0.81      0.68      0.84
  5558.00      1.00      0.89      1.04      1.08      1.02      1.11      0.83      0.63      0.68      0.80      0.64      0.82
  5559.00      0.97      0.90      1.04      1.06      1.02      1.11      0.83      0.61      0.68      0.81      0.62      0.80
  5560.00      0.93      0.92      1.04      1.05      1.00      1.12      0.83      0.61      0.68      0.83      0.62      0.78
  5561.00      0.91      0.95      1.03      1.03      0.98      1.14      0.83      0.62      0.68      0.85      0.62      0.76
  5562.00      0.89      0.98      1.04      1.03      0.97      1.18      0.83      0.64      0.68      0.86      0.63      0.75
  5563.00      0.87      1.00      1.05      1.03      0.96      1.22      0.82      0.66      0.69      0.87      0.64      0.75
  5564.00      0.89      1.02      1.07      1.06      0.95      1.29      0.83      0.68      0.70      0.88      0.66      0.76
  5565.00      0.91      1.01      1.07      1.08      0.93      1.34      0.82      0.68      0.69      0.87      0.66      0.78
  5566.00      0.93      0.99      1.05      1.09      0.91      1.39      0.82      0.66      0.66      0.86      0.64      0.78
  5567.00      0.96      0.98      1.04      1.09      0.90      1.42      0.82      0.64      0.63      0.85      0.60      0.77
  5568.00      0.99      0.96      1.01      1.07      0.87      1.41      0.81      0.61      0.60      0.84      0.54      0.74
  5569.00      1.04      0.95      0.99      1.06      0.83      1.38      0.81      0.61      0.58      0.82      0.51      0.71
  5570.00      1.02      0.90      0.93      1.00      0.74      1.25      0.76      0.58      0.56      0.77      0.48      0.64
  5571.00      0.96      0.84      0.86      0.93      0.63      1.09      0.70      0.54      0.54      0.71      0.45      0.56
  5572.00      1.05      0.91      0.95      1.02      0.62      1.14      0.76      0.60      0.62      0.75      0.53      0.56
  5573.00      1.09      0.96      1.00      1.07      0.59      1.17      0.80      0.63      0.70      0.76      0.61      0.56
  5574.00      1.10      0.99      1.02      1.09      0.55      1.17      0.82      0.65      0.75      0.73      0.67      0.55
  5575.00      1.08      1.00      1.02      1.09      0.53      1.14      0.83      0.65      0.77      0.69      0.70      0.55
  5576.00      1.02      0.95      0.99      1.05      0.52      1.07      0.81      0.61      0.75      0.62      0.67      0.54
  5577.00      0.43      0.39      0.41      0.44      0.23      0.43      0.35      0.24      0.31      0.24      0.27      0.23
  5578.00      0.11      0.10      0.11      0.12      0.07      0.11      0.09      0.06      0.08      0.06      0.07      0.06
  5579.00      0.07      0.06      0.07      0.07      0.05      0.07      0.06      0.04      0.05      0.04      0.04      0.04
  5580.00      0.11      0.10      0.11      0.12      0.09      0.11      0.10      0.05      0.08      0.05      0.07      0.06
  5581.00      0.43      0.39      0.40      0.44      0.37      0.42      0.37      0.20      0.32      0.20      0.26      0.21
  5582.00      1.03      0.95      0.99      1.07      0.95      1.02      0.91      0.47      0.77      0.50      0.64      0.43
  5583.00      1.02      0.96      1.02      1.08      1.00      1.03      0.93      0.45      0.77      0.54      0.65      0.36
  5584.00      1.01      0.96      1.04      1.09      1.02      1.04      0.96      0.42      0.76      0.58      0.67      0.29
  5585.00      1.00      0.95      1.06      1.11      1.03      1.07      0.98      0.36      0.75      0.63      0.69      0.25
  5586.00      0.98      0.94      1.07      1.12      1.03      1.11      1.00      0.29      0.75      0.67      0.71      0.23
  5587.00      0.97      0.93      1.07      1.14      1.06      1.14      1.01      0.26      0.76      0.71      0.73      0.21
  5588.00      0.97      0.93      1.06      1.15      1.08      1.16      1.03      0.26      0.76      0.74      0.73      0.16
  5589.00      0.97      0.94      1.05      1.14      1.09      1.15      1.04      0.30      0.76      0.74      0.73      0.10
  5590.00      0.97      0.93      1.02      1.10      1.08      1.10      1.02      0.34      0.74      0.72      0.70      0.05
  5591.00      0.99      0.93      1.00      1.08      1.07      1.08      1.01      0.39      0.70      0.70      0.69      0.01
  5592.00      1.04      0.97      1.01      1.09      1.09      1.11      1.03      0.45      0.69      0.72      0.70      0.00
  5593.00      1.05      0.99      1.00      1.09      1.07      1.11      1.02      0.49      0.69      0.72      0.68      0.00
  5594.00      1.06      0.99      0.98      1.08      1.04      1.10      1.01      0.52      0.69      0.72      0.67      0.01
  5595.00      1.06      0.98      0.97      1.08      1.01      1.09      1.02      0.55      0.71      0.73      0.65      0.05
  5596.00      1.08      0.99      0.99      1.10      1.01      1.08      1.04      0.58      0.74      0.74      0.62      0.12
  5597.00      1.06      0.94      0.97      1.07      0.98      1.04      1.04      0.59      0.72      0.71      0.59      0.20
  5598.00      1.05      0.92      0.98      1.05      0.98      1.01      1.05      0.60      0.71      0.70      0.58      0.28
  5599.00      1.06      0.94      1.00      1.06      1.00      1.02      1.09      0.63      0.71      0.70      0.59      0.36
  5600.00      1.07      0.94      1.02      1.06      1.01      1.03      1.11      0.64      0.71      0.69      0.61      0.42
  5601.00      1.06      0.92      1.00      1.03      0.98      1.01      1.11      0.63      0.70      0.67      0.62      0.45
  5602.00      1.08      0.92      1.00      1.03      0.98      1.04      1.13      0.63      0.71      0.68      0.65      0.45
  5603.00      1.10      0.93      1.00      1.03      0.98      1.07      1.14      0.62      0.73      0.70      0.67      0.45
  5604.00      1.09      0.92      0.96      1.01      0.95      1.06      1.11      0.61      0.72      0.70      0.66      0.42
  5605.00      1.07      0.91      0.94      1.00      0.91      1.05      1.08      0.62      0.70      0.70      0.64      0.39
  5606.00      1.05      0.90      0.91      0.99      0.87      1.03      1.04      0.62      0.67      0.71      0.63      0.37
  5607.00      1.02      0.89      0.89      0.98      0.80      1.00      1.00      0.62      0.63      0.71      0.61      0.34
  5608.00      1.06      0.91      0.91      1.00      0.77      1.03      1.01      0.64      0.61      0.74      0.63      0.33
  5609.00      1.08      0.95      0.93      1.02      0.72      1.07      1.02      0.66      0.58      0.76      0.64      0.30
  5610.00      1.08      0.96      0.93      1.02      0.67      1.08      1.02      0.64      0.54      0.78      0.64      0.27
  5611.00      1.07      0.99      0.95      1.03      0.65      1.09      1.02      0.63      0.50      0.79      0.62      0.23
  5612.00      1.05      1.00      0.97      1.04      0.65      1.09      1.01      0.63      0.48      0.81      0.60      0.20
  5613.00      1.02      0.98      0.96      1.03      0.67      1.06      0.96      0.62      0.45      0.79      0.56      0.18
  5614.00      0.99      0.97      0.94      1.03      0.72      1.03      0.92      0.61      0.44      0.78      0.52      0.16
  5615.00      1.01      0.99      0.97      1.05      0.82      1.05      0.91      0.63      0.46      0.80      0.50      0.15
  5616.00      1.07      1.03      1.02      1.11      0.94      1.10      0.93      0.68      0.51      0.84      0.50      0.14
  5617.00      1.10      1.07      1.05      1.14      1.05      1.14      0.97      0.72      0.58      0.87      0.52      0.14
  5618.00      1.05      1.04      1.01      1.10      1.08      1.11      0.94      0.70      0.61      0.84      0.53      0.13
  5619.00      1.02      1.02      0.95      1.06      1.09      1.07      0.92      0.68      0.64      0.82      0.54      0.14
  5620.00      1.03      1.02      0.93      1.05      1.11      1.06      0.94      0.67      0.67      0.81      0.56      0.20
  5621.00      1.06      1.03      0.91      1.05      1.12      1.07      0.97      0.66      0.69      0.79      0.57      0.29
  5622.00      1.09      1.03      0.91      1.05      1.14      1.08      0.99      0.65      0.71      0.79      0.57      0.40
  5623.00      1.09      1.03      0.90      1.05      1.15      1.08      1.01      0.63      0.71      0.78      0.55      0.51
  5624.00      1.09      1.03      0.91      1.05      1.16      1.09      1.02      0.62      0.72      0.78      0.53      0.60
  5625.00      1.08      1.00      0.91      1.02      1.14      1.09      1.00      0.60      0.71      0.77      0.49      0.66
  5626.00      1.11      1.03      0.93      1.05      1.15      1.11      1.01      0.62      0.74      0.78      0.48      0.73
  5627.00      1.09      1.03      0.92      1.05      1.11      1.09      0.98      0.61      0.74      0.78      0.45      0.77
  5628.00      1.06      1.01      0.90      1.04      1.07      1.05      0.96      0.60      0.74      0.78      0.42      0.78
  5629.00      1.06      1.01      0.88      1.03      1.07      1.02      0.96      0.59      0.75      0.78      0.40      0.80
  5630.00      1.06      0.99      0.86      1.00      1.07      0.98      0.96      0.58      0.75      0.77      0.37      0.80
  5631.00      1.06      0.98      0.85      0.97      1.09      0.98      0.96      0.58      0.74      0.76      0.33      0.79
  5632.00      1.06      0.99      0.85      0.95      1.11      1.01      0.98      0.58      0.73      0.76      0.30      0.77
  5633.00      1.07      0.99      0.87      0.95      1.12      1.04      1.00      0.60      0.71      0.75      0.25      0.74
  5634.00      1.10      1.00      0.90      0.96      1.13      1.08      1.02      0.63      0.71      0.76      0.21      0.72
  5635.00      1.14      1.03      0.95      0.99      1.15      1.12      1.04      0.67      0.73      0.77      0.19      0.71
  5636.00      1.12      1.03      0.97      1.00      1.14      1.13      1.03      0.68      0.72      0.77      0.18      0.69
  5637.00      1.09      1.02      0.97      0.99      1.12      1.12      1.00      0.67      0.70      0.75      0.14      0.66
  5638.00      1.08      1.02      0.96      0.99      1.12      1.13      0.99      0.66      0.69      0.73      0.10      0.65
  5639.00      1.11      1.05      0.98      1.02      1.13      1.17      1.00      0.67      0.68      0.74      0.06      0.68
  5640.00      1.05      1.00      0.92      0.97      1.06      1.12      0.95      0.62      0.63      0.71      0.05      0.66
  5641.00      0.98      0.95      0.85      0.91      0.98      1.05      0.90      0.57      0.55      0.68      0.03      0.63
  5642.00      1.05      1.04      0.90      0.98      1.04      1.12      0.97      0.61      0.55      0.74      0.02      0.71
  5643.00      1.10      1.07      0.92      1.02      1.09      1.14      1.01      0.63      0.52      0.79      0.00      0.77
  5644.00      1.08      1.04      0.89      0.98      1.08      1.09      0.99      0.60      0.47      0.78      0.00      0.78
  5645.00      1.06      1.01      0.88      0.95      1.07      1.06      0.99      0.58      0.44      0.77      0.02      0.80
  5646.00      1.00      0.95      0.84      0.89      1.00      0.99      0.92      0.53      0.42      0.72      0.04      0.78
  5647.00      0.94      0.86      0.78      0.82      0.90      0.89      0.84      0.46      0.43      0.65      0.06      0.71
  5648.00      1.06      0.92      0.86      0.90      0.96      0.96      0.91      0.47      0.51      0.70      0.11      0.74
  5649.00      1.18      0.97      0.93      0.97      1.01      1.01      0.96      0.46      0.58      0.73      0.16      0.76
  5650.00      1.22      0.97      0.93      0.98      1.03      1.01      0.96      0.43      0.62      0.73      0.20      0.75
  5651.00      1.24      0.97      0.94      1.01      1.06      1.01      0.97      0.40      0.64      0.74      0.24      0.75
  5652.00      1.25      0.97      0.95      1.04      1.11      1.03      1.00      0.37      0.66      0.75      0.26      0.77
  5653.00      1.21      0.96      0.96      1.05      1.12      1.02      0.99      0.34      0.65      0.75      0.27      0.78
  5654.00      1.13      0.95      0.95      1.02      1.09      1.01      0.97      0.30      0.63      0.73      0.28      0.80
  5655.00      0.94      0.83      0.84      0.87      0.93      0.87      0.84      0.24      0.55      0.63      0.28      0.73
  5656.00      0.48      0.44      0.44      0.46      0.49      0.46      0.44      0.12      0.29      0.34      0.17      0.39
  5657.00      0.33      0.31      0.30      0.32      0.34      0.32      0.30      0.09      0.21      0.24      0.13      0.26
  5658.00      0.49      0.47      0.46      0.49      0.52      0.49      0.46      0.16      0.32      0.37      0.22      0.39
  5659.00      0.93      0.89      0.89      0.94      0.99      0.92      0.88      0.34      0.64      0.71      0.45      0.74
  5660.00      0.85      0.82      0.83      0.88      0.92      0.83      0.81      0.35      0.62      0.66      0.43      0.69
  5661.00      0.94      0.91      0.93      0.99      1.02      0.91      0.89      0.43      0.69      0.74      0.48      0.76
  5662.00      0.94      0.91      0.94      1.02      1.02      0.89      0.87      0.45      0.70      0.74      0.48      0.75
  5663.00      1.00      0.99      1.02      1.11      1.10      0.95      0.90      0.49      0.76      0.81      0.51      0.81
  5664.00      1.11      1.12      1.15      1.22      1.22      1.04      0.96      0.53      0.84      0.91      0.58      0.92
  5665.00      1.15      1.18      1.21      1.25      1.25      1.05      0.94      0.53      0.87      0.96      0.62      0.96
  5666.00      1.14      1.17      1.22      1.21      1.23      0.98      0.87      0.48      0.85      0.94      0.61      0.90
  5667.00      1.19      1.19      1.27      1.20      1.25      0.91      0.81      0.46      0.85      0.95      0.62      0.86
  5668.00      1.26      1.23      1.34      1.24      1.30      0.84      0.76      0.45      0.86      0.99      0.62      0.85
  5669.00      1.29      1.25      1.34      1.24      1.29      0.74      0.68      0.44      0.84      1.01      0.60      0.83
  5670.00      1.18      1.14      1.20      1.11      1.16      0.59      0.55      0.42      0.74      0.93      0.54      0.74
  5671.00      1.08      1.06      1.08      1.02      1.05      0.51      0.46      0.43      0.67      0.86      0.50      0.67
  5672.00      1.13      1.11      1.10      1.06      1.10      0.51      0.46      0.51      0.71      0.91      0.53      0.71
  5673.00      1.12      1.11      1.06      1.05      1.10      0.50      0.45      0.57      0.71      0.89      0.52      0.72
  5674.00      1.12      1.10      1.01      1.03      1.08      0.52      0.47      0.63      0.72      0.86      0.51      0.74
  5675.00      1.16      1.16      1.02      1.06      1.12      0.60      0.55      0.73      0.77      0.86      0.53      0.80
  5676.00      1.18      1.17      1.01      1.06      1.13      0.72      0.66      0.80      0.81      0.83      0.54      0.83
  5677.00      1.21      1.17      1.02      1.08      1.16      0.90      0.81      0.87      0.86      0.83      0.57      0.84
  5678.00      1.25      1.15      1.03      1.10      1.16      1.08      0.93      0.89      0.90      0.84      0.61      0.81
  5679.00      1.27      1.12      1.02      1.09      1.15      1.23      1.01      0.88      0.91      0.82      0.66      0.76
  5680.00      1.22      1.07      1.00      1.07      1.12      1.31      1.03      0.83      0.89      0.77      0.70      0.70
  5681.00      1.17      1.05      1.00      1.07      1.11      1.36      1.05      0.79      0.89      0.76      0.74      0.65
  5682.00      1.10      1.01      0.97      1.04      1.08      1.33      1.03      0.74      0.85      0.74      0.74      0.55
  5683.00      1.04      0.99      0.95      1.02      1.06      1.28      1.00      0.70      0.82      0.72      0.75      0.46
  5684.00      1.04      1.02      0.99      1.07      1.08      1.27      1.04      0.71      0.83      0.74      0.80      0.41
  5685.00      1.03      1.02      1.00      1.07      1.08      1.21      1.04      0.71      0.81      0.73      0.82      0.37
  5686.00      1.00      1.02      0.98      1.04      1.04      1.14      1.01      0.69      0.77      0.71      0.80      0.34
  5687.00      1.00      1.05      0.99      1.03      1.04      1.10      1.03      0.71      0.76      0.69      0.79      0.32
  5688.00      1.03      1.10      1.01      1.04      1.06      1.10      1.07      0.75      0.77      0.67      0.79      0.33
  5689.00      1.02      1.11      1.01      1.03      1.06      1.07      1.07      0.78      0.76      0.62      0.76      0.34
  5690.00      1.01      1.07      0.98      1.00      1.05      1.03      1.06      0.78      0.74      0.54      0.72      0.35
  5691.00      1.04      1.06      1.00      1.01      1.07      1.04      1.10      0.80      0.74      0.48      0.70      0.35
  5692.00      1.06      1.03      1.00      1.01      1.08      1.05      1.14      0.77      0.73      0.44      0.68      0.35
  5693.00      1.04      0.98      0.98      0.99      1.06      1.04      1.18      0.72      0.72      0.41      0.65      0.37
  5694.00      1.04      0.97      0.98      1.01      1.05      1.07      1.25      0.68      0.72      0.41      0.62      0.44
  5695.00      1.04      0.97      0.99      1.02      1.05      1.09      1.32      0.66      0.73      0.44      0.58      0.53
  5696.00      1.05      0.97      0.99      1.03      1.06      1.10      1.34      0.64      0.74      0.49      0.52      0.66
  5697.00      1.01      0.94      0.94      0.98      1.02      1.05      1.27      0.60      0.71      0.52      0.44      0.74
  5698.00      0.98      0.92      0.90      0.93      0.99      1.00      1.17      0.56      0.69      0.55      0.36      0.78
  5699.00      1.00      0.97      0.92      0.95      1.02      1.02      1.15      0.56      0.69      0.60      0.34      0.85
  5700.00      1.01      1.00      0.94      0.97      1.05      1.03      1.11      0.56      0.67      0.65      0.32      0.87
  5701.00      0.98      0.99      0.91      0.96      1.02      1.01      1.04      0.55      0.64      0.65      0.31      0.83
  5702.00      0.99      0.98      0.90      0.97      1.01      1.02      1.02      0.56      0.62      0.66      0.33      0.80
  5703.00      0.99      0.97      0.89      0.98      0.99      1.02      0.99      0.58      0.61      0.66      0.36      0.77
  5704.00      0.96      0.94      0.88      0.96      0.97      1.01      0.96      0.59      0.60      0.64      0.41      0.72
  5705.00      0.95      0.93      0.88      0.96      0.96      1.01      0.96      0.60      0.60      0.64      0.48      0.68
  5706.00      0.95      0.92      0.88      0.96      0.95      1.00      0.95      0.60      0.61      0.64      0.55      0.64
  5707.00      0.97      0.94      0.89      0.98      0.96      0.99      0.95      0.60      0.62      0.67      0.64      0.64
  5708.00      0.97      0.95      0.90      0.99      0.96      0.98      0.95      0.58      0.62      0.70      0.71      0.65
  5709.00      0.95      0.94      0.90      0.97      0.93      0.94      0.92      0.55      0.59      0.72      0.76      0.64
  5710.00      0.97      0.98      0.92      0.99      0.95      0.94      0.94      0.55      0.60      0.76      0.84      0.67
  5711.00      0.98      0.99      0.92      0.98      0.96      0.92      0.94      0.54      0.59      0.79      0.87      0.69
  5712.00      0.97      0.97      0.89      0.95      0.94      0.90      0.93      0.53      0.58      0.79      0.85      0.70
  5713.00      1.00      0.98      0.90      0.96      0.96      0.92      0.94      0.54      0.59      0.80      0.84      0.74
  5714.00      0.99      0.97      0.89      0.95      0.95      0.90      0.91      0.53      0.58      0.77      0.80      0.73
  5715.00      0.97      0.94      0.87      0.92      0.93      0.89      0.88      0.52      0.56      0.74      0.74      0.71
  5716.00      0.98      0.94      0.86      0.90      0.93      0.89      0.87      0.52      0.56      0.73      0.70      0.72
  5717.00      1.01      0.95      0.86      0.88      0.94      0.90      0.89      0.51      0.55      0.73      0.67      0.74
  5718.00      1.05      0.95      0.86      0.84      0.94      0.91      0.90      0.50      0.53      0.73      0.65      0.75
  5719.00      1.13      0.95      0.89      0.81      0.94      0.93      0.91      0.49      0.53      0.73      0.68      0.75
  5720.00      1.25      0.93      0.92      0.77      0.94      0.94      0.91      0.47      0.52      0.71      0.72      0.76
  5721.00      1.39      0.91      0.94      0.73      0.94      0.95      0.91      0.44      0.52      0.70      0.78      0.77
  5722.00      1.52      0.91      0.95      0.67      0.95      0.96      0.91      0.41      0.52      0.68      0.85      0.78
  5723.00      1.56      0.90      0.92      0.59      0.93      0.94      0.89      0.38      0.53      0.65      0.89      0.77
  5724.00      1.53      0.89      0.90      0.52      0.92      0.94      0.88      0.35      0.53      0.63      0.92      0.74
  5725.00      1.50      0.89      0.90      0.48      0.93      0.96      0.89      0.33      0.55      0.64      0.96      0.74
  5726.00      1.41      0.87      0.88      0.45      0.91      0.95      0.87      0.29      0.54      0.64      0.94      0.74
  5727.00      1.37      0.87      0.89      0.46      0.90      0.95      0.86      0.26      0.56      0.66      0.93      0.74
  5728.00      1.39      0.90      0.91      0.50      0.92      0.97      0.87      0.23      0.58      0.68      0.93      0.76
  5729.00      1.42      0.93      0.94      0.56      0.94      0.98      0.90      0.21      0.61      0.70      0.94      0.79
  5730.00      1.40      0.92      0.94      0.65      0.95      0.98      0.92      0.18      0.62      0.72      0.94      0.78
  5731.00      1.33      0.91      0.93      0.73      0.95      0.96      0.93      0.17      0.62      0.72      0.93      0.75
  5732.00      1.23      0.91      0.93      0.79      0.94      0.95      0.93      0.16      0.62      0.71      0.94      0.72
  5733.00      1.15      0.92      0.95      0.86      0.96      0.97      0.94      0.18      0.64      0.72      0.98      0.71
  5734.00      1.08      0.92      0.97      0.91      0.96      0.98      0.94      0.21      0.64      0.73      1.00      0.70
  5735.00      1.04      0.91      0.98      0.93      0.96      0.98      0.94      0.26      0.65      0.74      1.02      0.72
  5736.00      1.01      0.88      0.97      0.93      0.95      0.97      0.93      0.31      0.65      0.72      1.00      0.74
  5737.00      1.00      0.88      0.97      0.91      0.95      0.96      0.92      0.36      0.66      0.71      0.96      0.77
  5738.00      1.01      0.89      0.99      0.91      0.97      0.97      0.93      0.41      0.70      0.71      0.93      0.81
  5739.00      1.00      0.90      1.01      0.90      0.99      0.99      0.93      0.44      0.72      0.71      0.90      0.84
  5740.00      0.96      0.89      1.00      0.88      0.97      0.98      0.90      0.45      0.73      0.70      0.85      0.83
  5741.00      0.95      0.91      1.01      0.88      0.97      1.01      0.90      0.47      0.75      0.70      0.84      0.83
  5742.00      0.97      0.95      1.06      0.90      0.98      1.04      0.93      0.49      0.77      0.72      0.87      0.83
  5743.00      0.94      0.91      1.05      0.86      0.94      0.99      0.89      0.47      0.71      0.70      0.85      0.78
  5744.00      0.85      0.83      0.97      0.76      0.84      0.88      0.80      0.41      0.62      0.64      0.80      0.70
  5745.00      0.88      0.88      1.04      0.79      0.89      0.90      0.84      0.42      0.62      0.68      0.86      0.75
  5746.00      0.90      0.91      1.07      0.82      0.93      0.92      0.87      0.43      0.63      0.71      0.90      0.80
  5747.00      0.91      0.92      1.06      0.84      0.95      0.93      0.88      0.44      0.63      0.71      0.93      0.83
  5748.00      0.90      0.89      1.02      0.86      0.94      0.92      0.87      0.44      0.62      0.68      0.92      0.82
  5749.00      0.89      0.87      0.98      0.88      0.92      0.91      0.86      0.44      0.62      0.66      0.90      0.79
  5750.00      0.90      0.86      0.96      0.93      0.91      0.92      0.85      0.44      0.63      0.65      0.89      0.77
  5751.00      0.90      0.87      0.94      0.99      0.90      0.93      0.84      0.43      0.64      0.63      0.88      0.75
  5752.00      0.90      0.87      0.93      1.04      0.88      0.94      0.84      0.42      0.64      0.62      0.88      0.73
  5753.00      0.89      0.87      0.91      1.08      0.87      0.94      0.84      0.41      0.63      0.62      0.86      0.72
  5754.00      0.88      0.85      0.90      1.10      0.86      0.94      0.85      0.42      0.63      0.62      0.84      0.72
  5755.00      0.84      0.83      0.89      1.06      0.85      0.93      0.86      0.42      0.62      0.60      0.81      0.73
  5756.00      0.82      0.82      0.87      1.00      0.85      0.92      0.86      0.42      0.61      0.59      0.79      0.74
  5757.00      0.81      0.81      0.87      0.93      0.86      0.91      0.86      0.42      0.61      0.59      0.79      0.76
  5758.00      0.82      0.81      0.86      0.86      0.87      0.90      0.86      0.43      0.60      0.60      0.80      0.78
  5759.00      0.81      0.80      0.84      0.79      0.86      0.87      0.84      0.44      0.58      0.60      0.80      0.77
  5760.00      0.81      0.80      0.85      0.76      0.86      0.86      0.84      0.47      0.56      0.61      0.81      0.77
  5761.00      0.82      0.79      0.86      0.75      0.85      0.86      0.84      0.51      0.55      0.62      0.81      0.77
  5762.00      0.84      0.81      0.89      0.77      0.87      0.88      0.86      0.57      0.56      0.64      0.83      0.77
  5763.00      0.87      0.84      0.92      0.79      0.90      0.91      0.88      0.66      0.58      0.67      0.85      0.76
  5764.00      0.86      0.86      0.91      0.79      0.91      0.93      0.88      0.73      0.58      0.67      0.84      0.75
  5765.00      0.85      0.86      0.88      0.77      0.90      0.92      0.87      0.81      0.58      0.65      0.81      0.73
  5766.00      0.86      0.87      0.85      0.76      0.90      0.93      0.86      0.91      0.59      0.65      0.80      0.73
  5767.00      0.88      0.88      0.84      0.76      0.89      0.93      0.86      1.03      0.59      0.65      0.81      0.75
  5768.00      0.89      0.87      0.85      0.76      0.89      0.92      0.88      1.14      0.58      0.66      0.83      0.77
  5769.00      0.87      0.86      0.85      0.75      0.89      0.91      0.89      1.24      0.57      0.66      0.85      0.78
  5770.00      0.83      0.85      0.86      0.72      0.87      0.88      0.88      1.29      0.55      0.65      0.86      0.78
  5771.00      0.82      0.87      0.88      0.71      0.87      0.88      0.88      1.33      0.55      0.66      0.88      0.79
  5772.00      0.84      0.90      0.91      0.74      0.89      0.91      0.90      1.35      0.57      0.69      0.92      0.81
  5773.00      0.85      0.89      0.91      0.74      0.90      0.93      0.89      1.28      0.59      0.70      0.92      0.81
  5774.00      0.85      0.87      0.91      0.75      0.91      0.95      0.89      1.15      0.61      0.70      0.90      0.79
  5775.00      0.86      0.86      0.90      0.75      0.93      0.97      0.89      0.99      0.62      0.69      0.87      0.77
  5776.00      0.88      0.86      0.90      0.75      0.93      0.97      0.88      0.94      0.63      0.67      0.85      0.74
  5777.00      0.90      0.88      0.91      0.77      0.94      0.98      0.90      1.22      0.64      0.67      0.85      0.73
  5778.00      0.88      0.87      0.90      0.77      0.93      0.97      0.89      1.96      0.63      0.66      0.84      0.72
  5779.00      0.85      0.86      0.87      0.76      0.91      0.95      0.88      3.29      0.61      0.65      0.84      0.72
  5780.00      0.85      0.87      0.88      0.75      0.92      0.96      0.90      4.93      0.61      0.66      0.86      0.74
  5781.00      0.87      0.92      0.91      0.77      0.96      0.98      0.93      6.66      0.63      0.70      0.89      0.78
  5782.00      0.88      0.94      0.93      0.77      0.98      0.97      0.94      7.87      0.63      0.72      0.90      0.80
  5783.00      0.87      0.92      0.92      0.75      0.98      0.95      0.91      8.30      0.62      0.73      0.88      0.79
  5784.00      0.88      0.93      0.93      0.75      1.00      0.96      0.92      8.32      0.64      0.76      0.89      0.81
  5785.00      0.89      0.95      0.93      0.74      1.01      0.98      0.92      7.74      0.65      0.78      0.90      0.78
  5786.00      0.88      0.94      0.89      0.72      0.98      0.97      0.91      6.76      0.65      0.76      0.89      0.70
  5787.00      0.89      0.96      0.87      0.73      0.99      0.98      0.92      5.89      0.67      0.77      0.90      0.66
  5788.00      0.90      0.96      0.87      0.76      1.00      0.97      0.93      5.07      0.68      0.78      0.91      0.63
  5789.00      0.89      0.95      0.87      0.77      0.99      0.95      0.92      4.29      0.68      0.77      0.90      0.61
  5790.00      0.88      0.92      0.86      0.77      0.99      0.93      0.91      3.59      0.66      0.75      0.87      0.61
  5791.00      0.85      0.90      0.85      0.74      0.98      0.91      0.88      2.96      0.63      0.73      0.84      0.60
  5792.00      0.84      0.90      0.85      0.71      0.98      0.91      0.87      2.50      0.62      0.73      0.83      0.63
  5793.00      0.84      0.92      0.87      0.68      0.99      0.93      0.88      2.16      0.63      0.74      0.84      0.69
  5794.00      0.80      0.89      0.85      0.64      0.94      0.88      0.84      1.79      0.60      0.71      0.80      0.69
  5795.00      0.77      0.85      0.83      0.61      0.88      0.83      0.82      1.51      0.57      0.68      0.78      0.68
  5796.00      0.80      0.85      0.83      0.61      0.87      0.83      0.83      1.35      0.57      0.68      0.80      0.69
  5797.00      0.83      0.83      0.81      0.61      0.85      0.82      0.84      1.20      0.57      0.68      0.80      0.71
  5798.00      0.81      0.79      0.76      0.56      0.80      0.78      0.80      1.03      0.54      0.66      0.75      0.69
  5799.00      0.74      0.72      0.68      0.48      0.73      0.72      0.74      0.86      0.49      0.60      0.68      0.64
  5800.00      0.71      0.71      0.65      0.43      0.71      0.71      0.72      0.78      0.48      0.58      0.65      0.63
  5801.00      0.53      0.54      0.48      0.29      0.54      0.53      0.52      0.54      0.35      0.43      0.47      0.47
  5802.00      0.53      0.55      0.48      0.28      0.55      0.53      0.52      0.51      0.35      0.43      0.47      0.47
  5803.00      0.54      0.56      0.49      0.27      0.56      0.53      0.53      0.50      0.34      0.42      0.47      0.48
  5804.00      0.54      0.56      0.50      0.25      0.56      0.52      0.52      0.48      0.33      0.41      0.46      0.47
  5805.00      0.54      0.55      0.51      0.24      0.56      0.53      0.53      0.47      0.33      0.41      0.46      0.46
  5806.00      0.55      0.55      0.51      0.24      0.57      0.54      0.55      0.47      0.34      0.42      0.47      0.46
  5807.00      0.58      0.56      0.53      0.27      0.58      0.57      0.57      0.48      0.36      0.44      0.48      0.48
  5808.00      0.59      0.57      0.54      0.30      0.58      0.59      0.58      0.48      0.38      0.46      0.49      0.47
  5809.00      0.58      0.57      0.55      0.35      0.59      0.59      0.58      0.48      0.39      0.46      0.50      0.46
  5810.00      0.56      0.57      0.56      0.38      0.59      0.59      0.58      0.48      0.40      0.46      0.50      0.45
  5811.00      0.55      0.58      0.56      0.41      0.60      0.59      0.57      0.48      0.39      0.45      0.51      0.43
  5812.00      0.55      0.58      0.57      0.42      0.61      0.59      0.57      0.48      0.38      0.45      0.52      0.43
  5813.00      0.55      0.57      0.58      0.41      0.63      0.59      0.58      0.49      0.38      0.44      0.53      0.43
  5814.00      0.56      0.59      0.61      0.40      0.65      0.60      0.59      0.51      0.39      0.45      0.56      0.45
  5815.00      0.57      0.60      0.62      0.40      0.66      0.60      0.58      0.51      0.41      0.45      0.58      0.46
  5816.00      0.59      0.62      0.64      0.42      0.67      0.61      0.59      0.53      0.43      0.46      0.60      0.47
  5817.00      0.60      0.63      0.65      0.46      0.67      0.61      0.59      0.54      0.45      0.47      0.62      0.48
  5818.00      0.61      0.63      0.64      0.51      0.66      0.62      0.60      0.55      0.46      0.46      0.62      0.49
  5819.00      0.61      0.62      0.63      0.58      0.64      0.62      0.61      0.56      0.45      0.45      0.61      0.47
  5820.00      0.61      0.63      0.62      0.65      0.64      0.63      0.62      0.57      0.46      0.44      0.60      0.45
  5821.00      0.63      0.63      0.62      0.71      0.64      0.65      0.64      0.57      0.47      0.43      0.60      0.42
  5822.00      0.64      0.64      0.62      0.75      0.65      0.66      0.64      0.57      0.48      0.42      0.61      0.40
  5823.00      0.64      0.64      0.63      0.77      0.66      0.66      0.64      0.57      0.49      0.42      0.62      0.40
  5824.00      0.64      0.64      0.63      0.77      0.66      0.66      0.64      0.57      0.49      0.42      0.64      0.41
  5825.00      0.64      0.66      0.64      0.78      0.67      0.67      0.64      0.58      0.50      0.44      0.67      0.44
  5826.00      0.65      0.67      0.66      0.78      0.68      0.68      0.65      0.60      0.51      0.45      0.70      0.49
  5827.00      0.67      0.68      0.67      0.77      0.68      0.69      0.64      0.60      0.51      0.46      0.70      0.53
  5828.00      0.69      0.68      0.68      0.76      0.69      0.70      0.64      0.61      0.51      0.46      0.70      0.56
  5829.00      0.71      0.69      0.71      0.76      0.72      0.72      0.64      0.62      0.52      0.47      0.72      0.58
  5830.00      0.73      0.72      0.77      0.78      0.75      0.75      0.66      0.64      0.53      0.49      0.74      0.60
  5831.00      0.72      0.72      0.80      0.78      0.75      0.75      0.66      0.63      0.52      0.50      0.73      0.59
  5832.00      0.74      0.74      0.85      0.79      0.77      0.76      0.68      0.64      0.53      0.52      0.74      0.58
  5833.00      0.75      0.75      0.89      0.79      0.78      0.77      0.69      0.64      0.53      0.54      0.74      0.58
  5834.00      0.77      0.76      0.93      0.80      0.80      0.79      0.71      0.67      0.54      0.56      0.75      0.59
  5835.00      0.78      0.77      0.95      0.81      0.82      0.81      0.72      0.69      0.55      0.57      0.76      0.61
  5836.00      0.78      0.77      0.93      0.81      0.83      0.80      0.72      0.69      0.54      0.57      0.75      0.61
  5837.00      0.77      0.78      0.88      0.79      0.84      0.79      0.71      0.69      0.53      0.57      0.73      0.61
  5838.00      0.79      0.81      0.85      0.80      0.85      0.81      0.71      0.70      0.53      0.59      0.72      0.64
  5839.00      0.80      0.82      0.79      0.80      0.85      0.81      0.71      0.70      0.54      0.59      0.69      0.66
  5840.00      0.82      0.81      0.74      0.80      0.84      0.81      0.72      0.69      0.56      0.59      0.66      0.67
  5841.00      0.83      0.81      0.71      0.81      0.84      0.82      0.73      0.69      0.57      0.59      0.63      0.68
  5842.00      0.85      0.82      0.70      0.83      0.85      0.84      0.75      0.70      0.59      0.60      0.60      0.70
  5843.00      0.83      0.82      0.68      0.82      0.84      0.83      0.75      0.68      0.58      0.59      0.56      0.68
  5844.00      0.84      0.85      0.68      0.84      0.87      0.85      0.76      0.69      0.58      0.59      0.54      0.69
  5845.00      0.86      0.88      0.67      0.87      0.90      0.87      0.77      0.70      0.60      0.58      0.54      0.71
  5846.00      0.85      0.86      0.63      0.86      0.90      0.86      0.74      0.69      0.60      0.55      0.51      0.69
  5847.00      0.86      0.85      0.59      0.85      0.89      0.86      0.73      0.68      0.60      0.53      0.50      0.68
  5848.00      0.86      0.85      0.58      0.84      0.89      0.86      0.72      0.68      0.60      0.53      0.51      0.68
  5849.00      0.84      0.84      0.58      0.82      0.87      0.84      0.71      0.67      0.58      0.53      0.53      0.65
  5850.00      0.83      0.83      0.63      0.81      0.87      0.84      0.71      0.67      0.56      0.55      0.56      0.62
  5851.00      0.86      0.86      0.72      0.83      0.90      0.87      0.74      0.69      0.57      0.61      0.61      0.62
  5852.00      0.87      0.89      0.80      0.84      0.93      0.89      0.76      0.71      0.57      0.66      0.66      0.62
  5853.00      0.85      0.89      0.84      0.83      0.92      0.89      0.74      0.71      0.57      0.68      0.69      0.62
  5854.00      0.78      0.84      0.81      0.77      0.85      0.82      0.67      0.66      0.54      0.65      0.66      0.58
  5855.00      0.79      0.85      0.83      0.78      0.85      0.83      0.65      0.68      0.56      0.66      0.67      0.61
  5856.00      0.85      0.91      0.89      0.84      0.90      0.90      0.65      0.75      0.62      0.72      0.73      0.68
  5857.00      0.88      0.92      0.89      0.85      0.92      0.92      0.61      0.78      0.64      0.73      0.74      0.71
  5858.00      0.88      0.90      0.87      0.85      0.93      0.92      0.55      0.80      0.64      0.73      0.74      0.72
  5859.00      0.89      0.91      0.86      0.87      0.95      0.94      0.51      0.82      0.63      0.75      0.75      0.73
  5860.00      0.87      0.89      0.83      0.86      0.94      0.92      0.47      0.80      0.60      0.74      0.75      0.71
  5861.00      0.86      0.88      0.82      0.86      0.93      0.91      0.46      0.79      0.58      0.74      0.76      0.70
  5862.00      0.85      0.88      0.82      0.85      0.91      0.90      0.46      0.77      0.57      0.72      0.76      0.70
  5863.00      0.85      0.90      0.84      0.85      0.91      0.91      0.49      0.76      0.58      0.71      0.76      0.71
  5864.00      0.84      0.91      0.85      0.85      0.91      0.91      0.52      0.75      0.59      0.70      0.76      0.71
  5865.00      0.80      0.89      0.84      0.83      0.90      0.90      0.53      0.73      0.58      0.68      0.73      0.70
  5866.00      0.68      0.76      0.73      0.71      0.78      0.77      0.47      0.62      0.51      0.58      0.62      0.58
  5867.00      0.55      0.61      0.60      0.58      0.64      0.62      0.39      0.51      0.41      0.47      0.49      0.45
  5868.00      0.64      0.68      0.69      0.66      0.72      0.70      0.44      0.58      0.47      0.54      0.56      0.49
  5869.00      0.59      0.61      0.62      0.58      0.63      0.62      0.39      0.52      0.42      0.48      0.50      0.41
  5870.00      0.62      0.62      0.64      0.60      0.64      0.64      0.41      0.53      0.43      0.49      0.53      0.41
  5871.00      0.70      0.69      0.70      0.66      0.71      0.72      0.48      0.59      0.45      0.52      0.60      0.44
  5872.00      0.84      0.81      0.82      0.79      0.83      0.86      0.62      0.68      0.51      0.60      0.72      0.50
  5873.00      0.89      0.86      0.86      0.85      0.88      0.92      0.74      0.72      0.51      0.64      0.78      0.55
  5874.00      0.86      0.85      0.84      0.86      0.87      0.91      0.82      0.70      0.47      0.65      0.78      0.56
  5875.00      0.86      0.85      0.85      0.86      0.88      0.91      0.91      0.70      0.45      0.67      0.79      0.59
  5876.00      0.83      0.83      0.84      0.83      0.86      0.88      0.96      0.68      0.43      0.67      0.79      0.59
  5877.00      0.80      0.81      0.83      0.79      0.84      0.85      0.97      0.67      0.39      0.65      0.78      0.57
  5878.00      0.83      0.87      0.88      0.84      0.89      0.90      1.02      0.71      0.38      0.69      0.83      0.60
  5879.00      0.84      0.89      0.90      0.84      0.89      0.91      1.02      0.72      0.32      0.68      0.85      0.58
  5880.00      0.86      0.91      0.90      0.84      0.89      0.92      0.99      0.71      0.27      0.67      0.85      0.55
  5881.00      0.86      0.91      0.89      0.84      0.88      0.92      0.96      0.70      0.23      0.67      0.85      0.51
  5882.00      0.87      0.92      0.90      0.84      0.88      0.93      0.94      0.70      0.23      0.68      0.87      0.49
  5883.00      0.87      0.93      0.90      0.85      0.91      0.94      0.95      0.71      0.26      0.69      0.89      0.48
  5884.00      0.86      0.91      0.89      0.84      0.93      0.93      0.94      0.71      0.30      0.70      0.88      0.45
  5885.00      0.85      0.89      0.87      0.83      0.93      0.90      0.92      0.71      0.35      0.68      0.86      0.41
  5886.00      0.86      0.88      0.85      0.81      0.91      0.87      0.91      0.72      0.39      0.66      0.84      0.38
  5887.00      0.91      0.91      0.87      0.84      0.95      0.88      0.95      0.77      0.45      0.66      0.87      0.36
  5888.00      0.92      0.91      0.87      0.85      0.95      0.89      0.97      0.79      0.49      0.63      0.86      0.32
  5889.00      0.76      0.75      0.74      0.72      0.80      0.75      0.84      0.67      0.43      0.49      0.70      0.23
  5890.00      0.61      0.61      0.61      0.58      0.66      0.61      0.70      0.55      0.37      0.37      0.56      0.16
  5891.00      0.73      0.75      0.75      0.70      0.82      0.76      0.89      0.69      0.48      0.43      0.69      0.17
  5892.00      0.78      0.81      0.81      0.76      0.88      0.83      1.00      0.75      0.53      0.43      0.74      0.17
  5893.00      0.85      0.87      0.86      0.82      0.94      0.91      1.14      0.82      0.59      0.45      0.80      0.16
  5894.00      0.90      0.88      0.88      0.86      0.95      0.94      1.21      0.86      0.62      0.46      0.82      0.12
  5895.00      0.80      0.77      0.76      0.77      0.82      0.83      1.08      0.76      0.55      0.40      0.72      0.07
  5896.00      0.65      0.63      0.63      0.63      0.67      0.68      0.88      0.63      0.45      0.34      0.59      0.04
  5897.00      0.79      0.78      0.80      0.77      0.83      0.83      1.05      0.77      0.54      0.44      0.73      0.04
  5898.00      0.84      0.88      0.90      0.84      0.93      0.90      1.09      0.85      0.58      0.53      0.79      0.02
  5899.00      0.86      0.93      0.95      0.87      0.98      0.92      1.07      0.90      0.61      0.60      0.82      0.01
  5900.00      0.86      0.94      0.96      0.89      1.00      0.91      1.04      0.92      0.63      0.64      0.82      0.00
  5901.00      0.86      0.94      0.95      0.90      0.99      0.89      1.01      0.92      0.65      0.67      0.82      0.01
  5902.00      0.88      0.94      0.95      0.91      0.98      0.89      0.99      0.92      0.66      0.69      0.81      0.03
  5903.00      0.89      0.95      0.95      0.92      0.97      0.90      0.98      0.93      0.67      0.70      0.81      0.06
  5904.00      0.86      0.92      0.91      0.88      0.93      0.87      0.92      0.90      0.65      0.68      0.78      0.09
  5905.00      0.82      0.87      0.85      0.82      0.88      0.83      0.84      0.84      0.59      0.63      0.72      0.13
  5906.00      0.92      0.97      0.93      0.91      0.98      0.91      0.91      0.93      0.63      0.70      0.77      0.20
  5907.00      0.95      1.00      0.94      0.93      0.99      0.92      0.92      0.96      0.64      0.71      0.78      0.25
  5908.00      0.95      1.01      0.91      0.90      0.97      0.88      0.90      0.96      0.63      0.71      0.76      0.28
  5909.00      0.96      1.04      0.89      0.90      0.97      0.88      0.91      0.99      0.63      0.72      0.78      0.30
  5910.00      0.93      1.01      0.86      0.87      0.94      0.84      0.89      0.98      0.62      0.71      0.78      0.30
  5911.00      0.83      0.90      0.77      0.78      0.85      0.75      0.79      0.90      0.58      0.65      0.73      0.29
  5912.00      0.90      0.93      0.83      0.83      0.90      0.78      0.84      0.97      0.63      0.69      0.79      0.35
  5913.00      0.96      0.96      0.89      0.88      0.96      0.81      0.90      1.04      0.68      0.72      0.85      0.43
  5914.00      0.98      0.96      0.92      0.92      0.98      0.81      0.93      1.06      0.70      0.73      0.87      0.50
  5915.00      0.95      0.93      0.91      0.91      0.98      0.79      0.93      1.03      0.68      0.69      0.85      0.54
  5916.00      0.67      0.64      0.65      0.65      0.69      0.54      0.67      0.72      0.47      0.48      0.59      0.40
  5917.00      0.47      0.44      0.45      0.45      0.49      0.37      0.47      0.49      0.32      0.33      0.41      0.28
  5918.00      0.66      0.61      0.63      0.61      0.68      0.49      0.65      0.68      0.43      0.47      0.57      0.40
  5919.00      0.90      0.83      0.86      0.84      0.93      0.62      0.88      0.92      0.58      0.64      0.79      0.54
  5920.00      0.94      0.87      0.90      0.87      0.97      0.59      0.93      0.96      0.59      0.65      0.83      0.56
  5921.00      0.92      0.88      0.88      0.86      0.95      0.52      0.92      0.93      0.57      0.63      0.81      0.56
  5922.00      0.90      0.90      0.87      0.85      0.93      0.47      0.92      0.91      0.56      0.60      0.79      0.56
  5923.00      0.91      0.92      0.88      0.86      0.93      0.44      0.92      0.91      0.57      0.57      0.79      0.57
  5924.00      0.92      0.92      0.88      0.87      0.94      0.44      0.92      0.89      0.57      0.54      0.80      0.57
  5925.00      0.92      0.90      0.87      0.87      0.94      0.47      0.90      0.87      0.56      0.49      0.80      0.56
  5926.00      0.94      0.89      0.85      0.87      0.96      0.52      0.89      0.85      0.55      0.45      0.82      0.54
  5927.00      0.93      0.89      0.83      0.87      0.96      0.58      0.88      0.84      0.55      0.43      0.84      0.52
  5928.00      0.91      0.89      0.82      0.87      0.95      0.65      0.87      0.82      0.55      0.43      0.84      0.52
  5929.00      0.89      0.88      0.82      0.85      0.93      0.71      0.85      0.80      0.55      0.46      0.83      0.52
  5930.00      0.88      0.87      0.82      0.84      0.91      0.77      0.84      0.80      0.57      0.51      0.81      0.52
  5931.00      0.92      0.89      0.85      0.86      0.92      0.83      0.86      0.82      0.60      0.57      0.83      0.52
  5932.00      0.94      0.89      0.86      0.86      0.92      0.86      0.88      0.83      0.62      0.61      0.84      0.53
  5933.00      0.95      0.90      0.86      0.87      0.91      0.87      0.90      0.85      0.62      0.63      0.85      0.53
  5934.00      0.93      0.91      0.85      0.87      0.90      0.86      0.90      0.87      0.62      0.64      0.85      0.54
  5935.00      0.89      0.89      0.82      0.85      0.89      0.83      0.88      0.86      0.60      0.62      0.83      0.55
  5936.00      0.87      0.87      0.79      0.85      0.89      0.83      0.87      0.85      0.58      0.60      0.81      0.57
  5937.00      0.87      0.88      0.79      0.86      0.91      0.84      0.87      0.85      0.57      0.60      0.81      0.62
  5938.00      0.88      0.89      0.80      0.87      0.93      0.86      0.89      0.85      0.57      0.62      0.82      0.69
  5939.00      0.89      0.90      0.83      0.88      0.93      0.89      0.91      0.84      0.58      0.64      0.85      0.75
  5940.00      0.90      0.89      0.84      0.87      0.93      0.90      0.91      0.83      0.58      0.65      0.86      0.77
  5941.00      0.90      0.88      0.85      0.87      0.92      0.90      0.92      0.82      0.57      0.66      0.87      0.80
  5942.00      0.91      0.88      0.87      0.88      0.94      0.92      0.93      0.84      0.57      0.70      0.89      0.85
  5943.00      0.93      0.88      0.87      0.90      0.96      0.92      0.94      0.85      0.57      0.73      0.90      0.89
  5944.00      0.94      0.88      0.88      0.90      0.96      0.90      0.94      0.87      0.55      0.74      0.89      0.90
  5945.00      0.93      0.87      0.87      0.88      0.95      0.87      0.93      0.87      0.51      0.73      0.86      0.88
  5946.00      0.90      0.86      0.87      0.85      0.93      0.86      0.92      0.87      0.47      0.72      0.82      0.85
  5947.00      0.88      0.87      0.86      0.84      0.93      0.86      0.92      0.88      0.44      0.72      0.80      0.82
  5948.00      0.86      0.88      0.86      0.84      0.94      0.86      0.92      0.88      0.41      0.71      0.80      0.80
  5949.00      0.86      0.89      0.86      0.87      0.96      0.88      0.92      0.88      0.38      0.71      0.80      0.78
  5950.00      0.88      0.91      0.89      0.90      0.99      0.90      0.93      0.89      0.35      0.71      0.80      0.78
  5951.00      0.89      0.92      0.92      0.91      1.00      0.89      0.93      0.88      0.32      0.70      0.79      0.76
  5952.00      0.89      0.92      0.92      0.90      0.99      0.86      0.92      0.86      0.29      0.67      0.78      0.73
  5953.00      0.88      0.89      0.91      0.88      0.97      0.84      0.90      0.84      0.27      0.64      0.76      0.68
  5954.00      0.67      0.66      0.68      0.67      0.72      0.62      0.68      0.64      0.20      0.47      0.57      0.47
  5955.00      0.48      0.46      0.49      0.48      0.51      0.44      0.49      0.46      0.16      0.34      0.41      0.30
  5956.00      0.67      0.64      0.67      0.68      0.71      0.59      0.68      0.65      0.25      0.48      0.57      0.37
  5957.00      0.90      0.90      0.89      0.92      0.96      0.77      0.92      0.89      0.38      0.66      0.76      0.44
  5958.00      0.93      0.96      0.90      0.95      1.00      0.76      0.94      0.94      0.44      0.71      0.76      0.41
  5959.00      0.92      0.95      0.87      0.93      0.99      0.69      0.90      0.93      0.46      0.72      0.70      0.38
  5960.00      0.91      0.93      0.85      0.91      0.97      0.62      0.86      0.90      0.47      0.74      0.63      0.36
  5961.00      0.90      0.93      0.85      0.91      0.97      0.58      0.83      0.90      0.47      0.77      0.57      0.37
  5962.00      0.91      0.94      0.86      0.93      0.97      0.57      0.84      0.92      0.46      0.80      0.51      0.41
  5963.00      0.93      0.95      0.88      0.94      0.98      0.59      0.87      0.93      0.45      0.84      0.48      0.48
  5964.00      0.93      0.95      0.89      0.93      0.98      0.63      0.89      0.93      0.42      0.85      0.45      0.56
  5965.00      0.94      0.95      0.89      0.92      0.98      0.69      0.93      0.94      0.39      0.85      0.46      0.66
  5966.00      0.93      0.95      0.88      0.90      0.98      0.76      0.93      0.93      0.36      0.84      0.48      0.75
  5967.00      0.95      0.97      0.88      0.90      0.99      0.84      0.95      0.93      0.36      0.83      0.53      0.84
  5968.00      0.90      0.93      0.85      0.85      0.95      0.87      0.91      0.89      0.35      0.79      0.56      0.88
  5969.00      0.79      0.82      0.75      0.75      0.84      0.80      0.81      0.78      0.33      0.68      0.54      0.83
  5970.00      0.82      0.86      0.80      0.80      0.89      0.88      0.87      0.83      0.39      0.70      0.61      0.93
  5971.00      0.81      0.84      0.78      0.79      0.87      0.88      0.86      0.81      0.43      0.68      0.63      0.93
  5972.00      0.68      0.70      0.64      0.65      0.72      0.74      0.72      0.67      0.41      0.55      0.54      0.76
  5973.00      0.82      0.83      0.76      0.78      0.85      0.88      0.87      0.80      0.55      0.65      0.66      0.89
  5974.00      0.91      0.92      0.85      0.88      0.94      0.99      0.96      0.88      0.68      0.72      0.73      0.95
  5975.00      0.92      0.93      0.87      0.90      0.94      1.01      0.96      0.88      0.75      0.73      0.74      0.92
  5976.00      0.90      0.91      0.87      0.90      0.92      0.99      0.94      0.85      0.77      0.71      0.73      0.87
  5977.00      0.88      0.88      0.85      0.88      0.90      0.97      0.91      0.81      0.77      0.70      0.72      0.81
  5978.00      0.82      0.82      0.79      0.81      0.85      0.89      0.85      0.73      0.72      0.66      0.69      0.75
  5979.00      0.71      0.73      0.69      0.72      0.76      0.77      0.75      0.62      0.62      0.59      0.64      0.69
  5980.00      0.80      0.83      0.79      0.82      0.87      0.86      0.85      0.66      0.69      0.67      0.76      0.84
  5981.00      0.82      0.89      0.84      0.87      0.93      0.90      0.90      0.65      0.70      0.71      0.83      0.96
  5982.00      0.80      0.89      0.83      0.87      0.92      0.91      0.89      0.59      0.68      0.72      0.85      1.02
  5983.00      0.81      0.90      0.82      0.88      0.92      0.93      0.89      0.54      0.67      0.72      0.88      1.09
  5984.00      0.82      0.89      0.80      0.89      0.92      0.95      0.88      0.48      0.67      0.70      0.90      1.15
  5985.00      0.83      0.90      0.79      0.90      0.93      0.96      0.88      0.44      0.67      0.68      0.90      1.20
  5986.00      0.82      0.90      0.79      0.89      0.93      0.96      0.89      0.41      0.68      0.65      0.89      1.21
  5987.00      0.82      0.91      0.80      0.88      0.95      0.95      0.89      0.38      0.70      0.63      0.88      1.20
  5988.00      0.83      0.92      0.82      0.87      0.96      0.95      0.89      0.38      0.72      0.62      0.87      1.18
  5989.00      0.86      0.93      0.86      0.87      0.98      0.96      0.91      0.40      0.76      0.62      0.88      1.17
  5990.00      0.87      0.92      0.87      0.86      0.98      0.95      0.90      0.44      0.77      0.63      0.87      1.16
  5991.00      0.87      0.90      0.87      0.85      0.97      0.94      0.89      0.51      0.76      0.64      0.86      1.15
  5992.00      0.88      0.88      0.88      0.86      0.97      0.93      0.88      0.62      0.74      0.65      0.85      1.16
  5993.00      0.90      0.87      0.89      0.87      0.97      0.93      0.87      0.73      0.71      0.66      0.85      1.21
  5994.00      0.89      0.85      0.87      0.85      0.95      0.92      0.84      0.80      0.67      0.65      0.82      1.22
  5995.00      0.89      0.85      0.86      0.86      0.95      0.93      0.82      0.86      0.64      0.63      0.80      1.24
  5996.00      0.89      0.87      0.85      0.86      0.94      0.94      0.81      0.90      0.62      0.62      0.78      1.25
  5997.00      0.89      0.88      0.84      0.87      0.93      0.95      0.80      0.91      0.61      0.62      0.77      1.23
  5998.00      0.89      0.88      0.86      0.89      0.94      0.97      0.79      0.92      0.60      0.63      0.79      1.21
  5999.00      0.86      0.86      0.85      0.90      0.93      0.96      0.74      0.92      0.58      0.62      0.80      1.16
  6000.00      0.85      0.87      0.86      0.91      0.92      0.96      0.69      0.93      0.57      0.63      0.82      1.11
  6001.00      0.86      0.88      0.86      0.91      0.92      0.95      0.62      0.93      0.57      0.63      0.84      1.08
  6002.00      0.88      0.90      0.87      0.91      0.94      0.95      0.55      0.94      0.58      0.63      0.86      1.07
  6003.00      0.90      0.91      0.88      0.90      0.95      0.97      0.49      0.96      0.61      0.62      0.88      1.08
  6004.00      0.91      0.92      0.90      0.90      0.96      1.01      0.46      0.98      0.64      0.61      0.90      1.12
  6005.00      0.90      0.91      0.89      0.88      0.93      1.02      0.43      0.98      0.66      0.60      0.89      1.15
  6006.00      0.86      0.90      0.86      0.84      0.88      1.00      0.40      0.96      0.65      0.58      0.86      1.15
  6007.00      0.88      0.92      0.88      0.86      0.87      1.02      0.42      1.00      0.66      0.59      0.88      1.19
  6008.00      0.88      0.91      0.88      0.86      0.86      1.00      0.44      1.04      0.64      0.59      0.88      1.20
  6009.00      0.88      0.91      0.89      0.86      0.86      0.99      0.50      1.10      0.62      0.60      0.88      1.21
  6010.00      0.89      0.91      0.89      0.86      0.87      1.00      0.60      1.17      0.60      0.62      0.87      1.22
  6011.00      0.89      0.92      0.88      0.87      0.88      1.01      0.73      1.22      0.58      0.63      0.87      1.21
  6012.00      0.90      0.92      0.88      0.88      0.89      1.02      0.88      1.26      0.58      0.64      0.87      1.20
  6013.00      0.91      0.92      0.88      0.90      0.90      1.02      1.01      1.26      0.58      0.65      0.88      1.21
  6014.00      0.92      0.91      0.88      0.92      0.92      1.02      1.12      1.24      0.59      0.68      0.88      1.22
  6015.00      0.93      0.91      0.85      0.92      0.92      1.01      1.17      1.19      0.60      0.69      0.88      1.20
  6016.00      0.94      0.90      0.83      0.93      0.92      1.01      1.19      1.12      0.60      0.71      0.88      1.17
  6017.00      0.96      0.89      0.82      0.93      0.92      1.00      1.17      1.06      0.59      0.72      0.89      1.14
  6018.00      0.98      0.89      0.82      0.94      0.94      1.00      1.15      1.03      0.59      0.73      0.91      1.15
  6019.00      0.96      0.90      0.83      0.92      0.94      0.98      1.10      1.00      0.58      0.73      0.92      1.15
  6020.00      0.94      0.91      0.84      0.90      0.94      0.98      1.06      0.98      0.56      0.73      0.91      1.17
  6021.00      0.95      0.93      0.88      0.89      0.94      1.00      1.04      1.00      0.55      0.75      0.91      1.21
  6022.00      0.96      0.91      0.90      0.88      0.94      1.01      1.01      1.01      0.52      0.75      0.90      1.24
  6023.00      0.96      0.89      0.92      0.86      0.94      1.00      0.99      1.01      0.49      0.76      0.89      1.24
  6024.00      0.96      0.87      0.94      0.85      0.96      0.99      0.97      1.02      0.46      0.80      0.88      1.24
  6025.00      0.95      0.84      0.94      0.84      0.98      0.97      0.96      1.00      0.43      0.83      0.85      1.23
  6026.00      0.95      0.82      0.93      0.85      1.00      0.97      0.97      0.99      0.40      0.85      0.84      1.21
  6027.00      0.89      0.75      0.86      0.80      0.95      0.91      0.92      0.91      0.34      0.81      0.80      1.12
  6028.00      0.81      0.68      0.76      0.71      0.85      0.82      0.83      0.81      0.27      0.74      0.72      0.98
  6029.00      0.85      0.71      0.77      0.73      0.89      0.85      0.86      0.83      0.25      0.76      0.73      1.00
  6030.00      0.88      0.75      0.78      0.73      0.90      0.86      0.89      0.85      0.22      0.76      0.73      1.04
  6031.00      0.94      0.84      0.85      0.78      0.97      0.95      0.97      0.92      0.22      0.79      0.80      1.16
  6032.00      0.93      0.90      0.86      0.79      0.99      0.98      0.99      0.94      0.20      0.78      0.83      1.22
  6033.00      0.93      0.95      0.87      0.79      0.99      0.98      0.99      0.94      0.19      0.76      0.85      1.25
  6034.00      0.93      0.98      0.86      0.78      0.99      0.98      0.98      0.94      0.19      0.74      0.86      1.26
  6035.00      0.92      0.98      0.84      0.77      0.97      0.96      0.95      0.93      0.20      0.72      0.86      1.22
  6036.00      0.87      0.92      0.80      0.74      0.92      0.90      0.88      0.89      0.22      0.69      0.82      1.12
  6037.00      0.91      0.95      0.84      0.79      0.96      0.94      0.92      0.93      0.28      0.73      0.86      1.13
  6038.00      0.92      0.95      0.86      0.82      0.98      0.96      0.94      0.95      0.35      0.75      0.88      1.12
  6039.00      0.91      0.94      0.87      0.85      1.01      0.96      0.95      0.95      0.41      0.76      0.88      1.11
  6040.00      0.90      0.93      0.88      0.85      1.03      0.96      0.97      0.95      0.46      0.77      0.87      1.11
  6041.00      0.89      0.93      0.89      0.85      1.02      0.95      0.97      0.94      0.48      0.77      0.86      1.11
  6042.00      0.90      0.94      0.90      0.83      1.00      0.94      0.97      0.94      0.51      0.77      0.86      1.12
  6043.00      0.92      0.95      0.90      0.83      0.98      0.93      0.95      0.93      0.52      0.77      0.86      1.14
  6044.00      0.93      0.95      0.91      0.82      0.96      0.94      0.93      0.93      0.54      0.77      0.87      1.15
  6045.00      0.93      0.95      0.92      0.82      0.94      0.94      0.91      0.92      0.54      0.77      0.87      1.15
  6046.00      0.95      0.96      0.95      0.83      0.95      0.97      0.90      0.94      0.54      0.77      0.89      1.17
  6047.00      0.94      0.94      0.94      0.82      0.94      0.98      0.88      0.94      0.52      0.74      0.89      1.15
  6048.00      0.92      0.90      0.91      0.80      0.91      0.96      0.85      0.93      0.49      0.70      0.87      1.12
  6049.00      0.92      0.88      0.92      0.82      0.91      0.97      0.86      0.95      0.49      0.70      0.87      1.13
  6050.00      0.94      0.87      0.93      0.84      0.92      0.97      0.88      0.98      0.51      0.70      0.87      1.15
  6051.00      0.94      0.86      0.94      0.86      0.92      0.97      0.89      0.99      0.52      0.71      0.86      1.16
  6052.00      0.95      0.84      0.95      0.89      0.93      0.97      0.90      0.98      0.53      0.72      0.85      1.15
  6053.00      0.94      0.81      0.94      0.89      0.91      0.97      0.89      0.96      0.52      0.72      0.83      1.12
  6054.00      0.92      0.81      0.93      0.88      0.91      0.97      0.90      0.95      0.50      0.72      0.83      1.10
  6055.00      0.92      0.82      0.93      0.88      0.92      0.98      0.92      0.96      0.50      0.72      0.84      1.11
  6056.00      0.92      0.84      0.92      0.88      0.92      0.98      0.93      0.96      0.50      0.72      0.86      1.11
  6057.00      0.93      0.88      0.92      0.89      0.93      0.98      0.95      0.97      0.51      0.71      0.88      1.12
  6058.00      0.94      0.92      0.92      0.91      0.96      0.97      0.97      0.97      0.53      0.70      0.92      1.14
  6059.00      0.95      0.94      0.93      0.93      0.97      0.96      0.97      0.96      0.54      0.69      0.94      1.15
  6060.00      0.95      0.94      0.92      0.92      0.96      0.95      0.96      0.95      0.53      0.68      0.94      1.16
  6061.00      0.97      0.95      0.92      0.93      0.97      0.95      0.97      0.95      0.55      0.69      0.96      1.17
  6062.00      0.96      0.96      0.91      0.92      0.98      0.96      0.99      0.95      0.56      0.70      0.96      1.15
  6063.00      0.93      0.94      0.88      0.90      0.96      0.94      0.97      0.93      0.58      0.70      0.92      1.10
  6064.00      0.89      0.92      0.85      0.87      0.94      0.91      0.94      0.89      0.61      0.70      0.89      1.05
  6065.00      0.94      0.96      0.89      0.92      0.98      0.94      0.98      0.93      0.70      0.74      0.93      1.09
  6066.00      0.96      0.99      0.92      0.95      1.00      0.96      1.01      0.97      0.80      0.76      0.95      1.11
  6067.00      0.97      1.01      0.94      0.97      1.00      0.97      1.03      0.99      0.91      0.77      0.98      1.11
  6068.00      0.96      0.99      0.91      0.95      0.96      0.94      0.99      0.96      0.97      0.74      0.95      1.06
  6069.00      0.93      0.96      0.88      0.92      0.92      0.91      0.95      0.92      1.05      0.71      0.92      1.02
  6070.00      0.96      0.98      0.90      0.94      0.93      0.93      0.96      0.93      1.19      0.72      0.94      1.04
  6071.00      0.98      1.01      0.92      0.98      0.95      0.96      0.98      0.94      1.34      0.73      0.95      1.07
  6072.00      0.99      1.01      0.92      1.01      0.97      0.97      0.99      0.95      1.47      0.74      0.95      1.09
  6073.00      0.99      1.01      0.94      1.03      0.98      0.98      0.99      0.98      1.59      0.75      0.97      1.11
  6074.00      0.98      1.02      0.95      1.04      1.00      1.00      1.00      1.01      1.68      0.76      0.99      1.12
  6075.00      0.95      1.02      0.96      1.01      1.00      0.99      1.00      1.02      1.67      0.76      0.98      1.12
  6076.00      0.94      1.04      0.99      1.00      1.00      1.00      1.01      1.03      1.64      0.78      0.99      1.13
  6077.00      0.93      1.04      1.00      0.98      1.00      1.01      1.03      1.04      1.53      0.79      0.99      1.15
  6078.00      0.91      1.03      1.00      0.96      0.99      1.01      1.04      1.04      1.38      0.80      0.98      1.18
  6079.00      0.89      0.99      0.98      0.92      0.97      0.99      1.04      1.02      1.17      0.78      0.95      1.19
  6080.00      0.93      0.99      0.98      0.91      0.98      1.01      1.06      1.03      1.12      0.78      0.94      1.23
  6081.00      0.94      0.96      0.96      0.88      0.96      0.99      1.03      1.02      1.38      0.76      0.91      1.23
  6082.00      0.94      0.95      0.94      0.87      0.96      0.98      1.00      1.02      2.14      0.75      0.91      1.22
  6083.00      0.93      0.97      0.96      0.88      0.98      0.99      0.99      1.03      3.71      0.76      0.94      1.22
  6084.00      0.94      1.00      0.97      0.90      1.01      1.00      0.99      1.04      5.63      0.77      0.97      1.22
  6085.00      0.93      0.97      0.95      0.89      1.00      0.98      0.97      1.02      7.43      0.75      0.98      1.18
  6086.00      0.97      0.98      0.96      0.91      1.03      1.00      0.99      1.03      9.11      0.76      0.99      1.19
  6087.00      0.98      0.97      0.94      0.92      1.04      1.01      1.00      1.03      9.95      0.76      0.98      1.20
  6088.00      0.89      0.88      0.85      0.83      0.96      0.92      0.93      0.94      9.45      0.69      0.88      1.10
  6089.00      0.81      0.84      0.79      0.78      0.89      0.86      0.87      0.88      8.41      0.64      0.80      1.05
  6090.00      0.92      0.97      0.90      0.89      1.00      0.98      1.00      1.01      8.35      0.73      0.88      1.21
  6091.00      0.97      1.01      0.95      0.94      1.03      1.02      1.05      1.04      7.55      0.75      0.90      1.28
  6092.00      0.99      1.00      0.96      0.95      1.01      1.01      1.06      1.03      6.49      0.74      0.89      1.29
  6093.00      0.99      0.99      0.95      0.94      1.00      0.99      1.05      1.00      5.53      0.71      0.89      1.27
  6094.00      0.98      1.00      0.95      0.94      1.00      1.00      1.06      0.99      4.73      0.68      0.90      1.27
  6095.00      0.97      1.00      0.94      0.93      1.00      1.00      1.05      0.98      4.03      0.67      0.89      1.27
  6096.00      0.96      0.97      0.92      0.92      0.98      0.99      1.02      0.96      3.39      0.68      0.85      1.24
  6097.00      0.95      0.95      0.91      0.92      0.97      1.00      1.01      0.96      2.91      0.70      0.82      1.22
  6098.00      0.95      0.95      0.90      0.92      0.94      1.01      0.99      0.96      2.50      0.72      0.78      1.21
  6099.00      0.96      0.97      0.92      0.94      0.92      1.02      1.00      0.98      2.22      0.76      0.77      1.22
  6100.00      0.96      0.97      0.93      0.93      0.88      1.01      0.99      0.98      1.94      0.77      0.75      1.20
  6101.00      0.92      0.93      0.90      0.90      0.81      0.96      0.96      0.95      1.66      0.73      0.73      1.15
  6102.00      0.94      0.95      0.92      0.91      0.79      0.97      0.99      0.98      1.52      0.73      0.75      1.15
  6103.00      0.97      0.99      0.94      0.93      0.76      0.99      1.02      1.01      1.42      0.73      0.78      1.14
  6104.00      0.99      1.03      0.96      0.95      0.70      1.02      1.06      1.03      1.34      0.75      0.80      1.11
  6105.00      0.98      1.03      0.97      0.95      0.63      1.03      1.07      1.02      1.25      0.76      0.81      1.07
  6106.00      0.95      0.99      0.96      0.93      0.55      1.02      1.04      0.99      1.14      0.76      0.79      0.99
  6107.00      0.93      0.96      0.95      0.90      0.50      1.00      1.01      0.96      1.06      0.77      0.78      0.92
  6108.00      0.92      0.95      0.94      0.88      0.49      0.98      0.98      0.95      1.00      0.77      0.78      0.86
  6109.00      0.93      0.95      0.95      0.86      0.50      0.98      0.97      0.95      0.97      0.79      0.80      0.82
  6110.00      0.92      0.95      0.96      0.86      0.54      0.98      0.96      0.96      0.94      0.79      0.82      0.79
  6111.00      0.90      0.94      0.98      0.86      0.59      0.96      0.94      0.94      0.92      0.78      0.83      0.75
  6112.00      0.90      0.95      0.99      0.87      0.68      0.95      0.95      0.94      0.92      0.79      0.84      0.73
  6113.00      0.91      0.97      0.99      0.88      0.76      0.95      0.97      0.95      0.91      0.80      0.84      0.72
  6114.00      0.89      0.97      0.96      0.88      0.83      0.94      0.97      0.94      0.90      0.79      0.84      0.73
  6115.00      0.91      1.00      0.97      0.91      0.91      0.96      1.01      0.97      0.92      0.81      0.86      0.80
  6116.00      0.92      1.00      0.96      0.93      0.96      0.98      1.03      0.97      0.93      0.82      0.87      0.85
  6117.00      0.93      1.00      0.93      0.92      0.97      0.99      1.01      0.97      0.91      0.81      0.85      0.89
  6118.00      0.93      1.05      0.92      0.92      0.98      1.00      1.01      0.98      0.91      0.81      0.85      0.94
  6119.00      0.93      1.11      0.93      0.92      0.99      1.02      1.02      1.00      0.93      0.82      0.86      0.99
  6120.00      0.90      1.15      0.92      0.90      0.97      1.01      1.01      1.01      0.92      0.81      0.86      1.01
  6121.00      0.88      1.17      0.92      0.90      0.95      0.99      0.99      1.01      0.92      0.79      0.84      1.01
  6122.00      0.88      1.18      0.93      0.90      0.94      0.99      0.98      1.01      0.92      0.78      0.82      1.01
  6123.00      0.90      1.19      0.96      0.93      0.95      1.02      0.99      1.02      0.95      0.79      0.81      1.03
  6124.00      0.94      1.17      1.00      0.94      0.98      1.06      1.02      1.02      0.98      0.80      0.80      1.05
  6125.00      0.94      1.10      1.00      0.91      0.95      1.04      1.00      0.99      0.97      0.79      0.76      1.03
  6126.00      0.94      1.05      1.01      0.91      0.94      1.03      1.00      0.98      0.98      0.78      0.74      1.04
  6127.00      0.95      1.03      1.02      0.94      0.94      1.02      1.01      1.00      0.98      0.78      0.75      1.07
  6128.00      0.94      1.02      1.02      0.98      0.93      1.02      1.00      1.02      0.98      0.77      0.78      1.08
  6129.00      0.93      0.98      0.98      0.99      0.91      1.00      0.97      1.02      0.95      0.75      0.81      1.07
  6130.00      0.95      0.98      0.96      1.01      0.92      1.00      0.96      1.04      0.95      0.74      0.87      1.07
  6131.00      1.00      0.99      0.96      1.03      0.97      1.02      0.99      1.07      0.97      0.77      0.94      1.09
  6132.00      1.00      0.97      0.95      1.01      1.01      1.00      0.99      1.07      0.97      0.78      0.97      1.06
  6133.00      0.98      0.96      0.93      1.00      1.06      0.99      1.00      1.05      0.97      0.79      0.98      1.04
  6134.00      0.95      0.95      0.92      0.98      1.11      0.99      1.00      1.03      0.97      0.80      0.98      1.01
  6135.00      0.93      0.93      0.91      0.96      1.17      0.98      0.98      1.01      0.96      0.78      0.97      1.00
  6136.00      0.93      0.92      0.93      0.97      1.24      1.00      0.96      1.01      0.96      0.77      0.97      1.02
  6137.00      0.95      0.92      0.96      0.99      1.29      1.01      0.95      1.01      0.96      0.79      0.98      1.04
  6138.00      0.95      0.93      0.99      1.01      1.30      1.02      0.95      1.00      0.96      0.80      1.00      1.06
  6139.00      0.94      0.96      1.00      1.02      1.29      1.03      0.97      1.00      0.97      0.81      1.02      1.10
  6140.00      0.88      0.92      0.94      0.97      1.15      0.97      0.92      0.93      0.92      0.76      0.97      1.06
  6141.00      0.79      0.84      0.83      0.87      0.95      0.87      0.84      0.84      0.83      0.67      0.85      0.97
  6142.00      0.88      0.92      0.89      0.94      0.96      0.95      0.92      0.92      0.91      0.72      0.90      1.07
  6143.00      0.97      1.00      0.96      1.03      0.98      1.04      0.98      1.01      0.99      0.76      0.95      1.17
  6144.00      0.91      0.95      0.92      0.99      0.90      1.01      0.92      0.97      0.93      0.70      0.89      1.13
  6145.00      0.79      0.82      0.81      0.86      0.78      0.89      0.79      0.85      0.81      0.61      0.78      1.00
  6146.00      0.75      0.80      0.77      0.83      0.75      0.85      0.76      0.80      0.77      0.60      0.74      0.96
  6147.00      0.87      0.94      0.91      0.98      0.88      0.99      0.90      0.92      0.88      0.71      0.86      1.13
  6148.00      0.92      1.01      0.97      1.05      0.92      1.03      0.97      0.97      0.93      0.77      0.91      1.20
  6149.00      0.85      0.92      0.88      0.96      0.82      0.93      0.90      0.86      0.83      0.70      0.82      1.10
  6150.00      0.73      0.78      0.75      0.81      0.69      0.78      0.77      0.72      0.70      0.60      0.67      0.94
  6151.00      0.87      0.95      0.89      0.97      0.81      0.92      0.91      0.84      0.82      0.71      0.77      1.10
  6152.00      0.96      1.08      0.97      1.08      0.88      1.03      1.00      0.92      0.89      0.76      0.84      1.21
  6153.00      0.95      1.08      0.98      1.12      0.87      1.05      0.99      0.91      0.88      0.74      0.86      1.20
  6154.00      0.92      1.04      0.97      1.13      0.85      1.05      0.97      0.89      0.87      0.71      0.87      1.19
  6155.00      0.90      1.00      0.98      1.15      0.82      1.05      0.96      0.89      0.86      0.70      0.89      1.18
  6156.00      0.93      1.00      1.01      1.21      0.84      1.08      0.99      0.94      0.89      0.73      0.94      1.20
  6157.00      0.94      0.98      1.02      1.19      0.84      1.06      0.98      0.94      0.90      0.74      0.95      1.17
  6158.00      0.93      0.94      0.99      1.13      0.82      1.01      0.95      0.93      0.88      0.73      0.92      1.13
  6159.00      0.90      0.90      0.95      1.05      0.79      0.95      0.91      0.89      0.84      0.71      0.87      1.08
  6160.00      0.82      0.81      0.85      0.94      0.72      0.85      0.82      0.81      0.77      0.64      0.77      0.97
  6161.00      0.89      0.87      0.89      0.99      0.77      0.91      0.88      0.85      0.83      0.69      0.83      1.03
  6162.00      0.94      0.91      0.93      1.03      0.82      0.97      0.94      0.89      0.89      0.73      0.88      1.09
  6163.00      0.95      0.93      0.95      1.04      0.85      1.00      0.97      0.89      0.91      0.73      0.91      1.12
  6164.00      0.97      0.97      1.00      1.08      0.89      1.05      1.02      0.92      0.96      0.75      0.96      1.17
  6165.00      0.95      0.98      0.97      1.06      0.87      1.04      1.00      0.92      0.97      0.70      0.94      1.15
  6166.00      0.94      0.98      0.93      1.03      0.84      1.02      0.96      0.90      0.97      0.65      0.90      1.11
  6167.00      0.95      0.99      0.93      1.02      0.83      1.02      0.95      0.91      0.98      0.61      0.87      1.10
  6168.00      0.95      0.98      0.95      1.02      0.82      1.02      0.95      0.91      0.98      0.59      0.84      1.10
  6169.00      0.93      0.97      0.95      1.00      0.81      1.01      0.94      0.90      0.97      0.56      0.79      1.09
  6170.00      0.90      0.95      0.95      0.99      0.79      1.00      0.94      0.88      0.95      0.54      0.73      1.07
  6171.00      0.88      0.95      0.94      0.99      0.77      0.99      0.95      0.86      0.92      0.51      0.68      1.06
  6172.00      0.87      0.95      0.93      0.99      0.75      0.98      0.95      0.84      0.89      0.46      0.62      1.04
  6173.00      0.89      0.97      0.94      1.02      0.77      1.00      0.96      0.84      0.89      0.39      0.60      1.05
  6174.00      0.91      0.97      0.95      1.05      0.79      1.02      0.97      0.85      0.89      0.32      0.58      1.04
  6175.00      0.94      0.97      0.95      1.06      0.82      1.04      0.99      0.86      0.90      0.29      0.59      1.04
  6176.00      0.91      0.92      0.90      1.00      0.80      1.02      0.95      0.84      0.88      0.28      0.58      1.00
  6177.00      0.84      0.85      0.82      0.90      0.73      0.95      0.88      0.78      0.81      0.28      0.55      0.92
  6178.00      0.70      0.73      0.70      0.74      0.60      0.82      0.75      0.66      0.69      0.27      0.50      0.80
  6179.00      0.79      0.85      0.82      0.86      0.68      0.96      0.88      0.76      0.80      0.38      0.64      0.97
  6180.00      0.87      0.94      0.92      0.96      0.74      1.05      0.97      0.80      0.89      0.48      0.76      1.11
  6181.00      0.87      0.94      0.92      0.96      0.72      1.02      0.95      0.75      0.87      0.53      0.80      1.11
  6182.00      0.90      0.96      0.93      0.97      0.72      1.00      0.94      0.69      0.86      0.57      0.84      1.13
  6183.00      0.92      0.96      0.94      0.99      0.72      0.99      0.95      0.64      0.86      0.61      0.86      1.13
  6184.00      0.92      0.95      0.94      0.98      0.71      0.96      0.94      0.58      0.85      0.63      0.87      1.12
  6185.00      0.90      0.92      0.93      0.96      0.66      0.94      0.93      0.52      0.84      0.65      0.85      1.09
  6186.00      0.85      0.88      0.89      0.91      0.59      0.90      0.89      0.48      0.80      0.65      0.81      1.03
  6187.00      0.88      0.93      0.95      0.95      0.57      0.95      0.94      0.50      0.85      0.70      0.86      1.09
  6188.00      0.89      0.97      0.98      0.98      0.56      0.97      0.97      0.53      0.88      0.74      0.90      1.13
  6189.00      0.89      1.00      0.99      0.99      0.53      0.98      0.98      0.56      0.88      0.75      0.91      1.14
  6190.00      0.90      1.01      0.97      0.98      0.50      0.97      0.98      0.59      0.87      0.76      0.92      1.12
  6191.00      0.91      1.02      0.96      0.98      0.47      0.97      0.98      0.62      0.87      0.76      0.94      1.12
  6192.00      0.91      1.05      0.97      0.99      0.46      1.00      1.00      0.64      0.87      0.75      0.96      1.13
  6193.00      0.93      1.08      1.00      1.01      0.47      1.03      1.01      0.66      0.89      0.75      0.98      1.15
  6194.00      0.91      1.08      0.97      0.98      0.48      1.01      0.98      0.63      0.87      0.73      0.94      1.13
  6195.00      0.94      1.14      0.97      0.99      0.54      1.02      0.98      0.63      0.89      0.75      0.92      1.15
  6196.00      0.98      1.25      0.99      1.02      0.62      1.04      1.01      0.66      0.93      0.79      0.92      1.20
  6197.00      0.95      1.35      0.96      1.00      0.67      1.01      0.98      0.67      0.93      0.78      0.88      1.17
  6198.00      0.94      1.50      0.95      0.99      0.73      1.02      0.99      0.73      0.96      0.80      0.88      1.18
  6199.00      0.96      1.63      0.96      0.97      0.76      1.04      1.00      0.82      0.98      0.81      0.89      1.19
  6200.00      0.96      1.68      0.94      0.94      0.74      1.04      0.99      0.92      0.98      0.79      0.88      1.17
  6201.00      0.96      1.67      0.95      0.92      0.71      1.06      1.00      1.03      1.00      0.77      0.87      1.18
  6202.00      0.94      1.61      0.96      0.91      0.68      1.06      0.99      1.11      1.01      0.76      0.85      1.18
  6203.00      0.90      1.52      0.94      0.91      0.67      1.04      0.99      1.15      1.00      0.75      0.82      1.18
  6204.00      0.88      1.49      0.94      0.93      0.70      1.03      0.99      1.18      1.02      0.76      0.80      1.20
  6205.00      0.89      1.50      0.95      0.95      0.77      1.03      1.00      1.18      1.04      0.77      0.78      1.22
  6206.00      0.90      1.49      0.95      0.96      0.85      1.01      0.99      1.14      1.04      0.78      0.72      1.19
  6207.00      0.91      1.48      0.96      0.97      0.94      1.00      0.98      1.11      1.04      0.79      0.66      1.17
  6208.00      0.91      1.44      0.98      0.98      1.04      1.01      0.98      1.08      1.05      0.81      0.61      1.18
  6209.00      0.86      1.33      0.95      0.96      1.09      0.99      0.95      1.03      1.03      0.79      0.56      1.16
  6210.00      0.83      1.19      0.92      0.92      1.10      0.96      0.92      0.98      1.00      0.76      0.53      1.14
  6211.00      0.87      1.12      0.95      0.93      1.15      1.00      0.94      1.01      1.04      0.78      0.58      1.19
  6212.00      0.83      0.97      0.87      0.84      1.05      0.92      0.86      0.93      0.96      0.71      0.59      1.10
  6213.00      0.69      0.79      0.72      0.69      0.87      0.77      0.71      0.78      0.81      0.58      0.54      0.92
  6214.00      0.83      0.93      0.86      0.82      1.03      0.92      0.85      0.95      0.97      0.67      0.70      1.09
  6215.00      0.87      0.98      0.91      0.86      1.06      0.96      0.89      1.01      1.02      0.68      0.77      1.11
  6216.00      0.92      1.01      0.94      0.88      1.08      0.99      0.93      1.06      1.05      0.69      0.81      1.11
  6217.00      0.96      1.03      0.95      0.91      1.10      1.03      0.97      1.13      1.09      0.70      0.84      1.11
  6218.00      0.98      1.01      0.94      0.92      1.09      1.05      0.98      1.17      1.12      0.70      0.84      1.12
  6219.00      0.96      0.99      0.92      0.93      1.08      1.04      0.99      1.21      1.14      0.70      0.83      1.11
  6220.00      0.92      0.97      0.91      0.93      1.06      1.02      0.98      1.24      1.15      0.69      0.82      1.08
  6221.00      0.91      0.99      0.93      0.95      1.08      1.01      0.99      1.30      1.19      0.69      0.84      1.07
  6222.00      0.92      1.00      0.93      0.95      1.07      1.00      0.99      1.33      1.20      0.68      0.86      1.06
  6223.00      0.91      0.98      0.91      0.94      1.05      0.98      0.97      1.32      1.19      0.66      0.86      1.04
  6224.00      0.92      0.96      0.91      0.95      1.04      0.99      0.96      1.30      1.20      0.66      0.88      1.05
  6225.00      0.94      0.96      0.94      0.97      1.04      1.01      0.97      1.26      1.22      0.68      0.91      1.05
  6226.00      0.93      0.94      0.95      0.97      1.01      1.01      0.97      1.18      1.20      0.69      0.92      1.04
  6227.00      0.92      0.94      0.95      0.97      0.98      1.00      0.97      1.12      1.18      0.71      0.92      1.02
  6228.00      0.92      0.95      0.95      0.98      0.98      0.99      0.98      1.08      1.17      0.74      0.93      1.01
  6229.00      0.93      0.97      0.95      0.99      0.98      0.98      0.98      1.06      1.15      0.75      0.93      0.98
  6230.00      0.94      0.97      0.95      1.00      0.98      0.97      0.96      1.04      1.13      0.75      0.93      0.92
  6231.00      0.95      0.98      0.96      1.01      0.99      0.98      0.96      1.02      1.12      0.75      0.93      0.85
  6232.00      0.93      0.98      0.97      1.02      1.00      0.99      0.94      1.01      1.11      0.74      0.92      0.76
  6233.00      0.91      0.97      0.95      1.01      0.99      0.98      0.92      0.98      1.10      0.72      0.89      0.68
  6234.00      0.89      0.91      0.90      0.94      0.95      0.94      0.88      0.92      1.04      0.68      0.84      0.60
  6235.00      0.67      0.65      0.66      0.68      0.71      0.68      0.65      0.67      0.76      0.49      0.60      0.41
  6236.00      0.48      0.45      0.46      0.47      0.50      0.48      0.46      0.47      0.53      0.35      0.41      0.29
  6237.00      0.66      0.64      0.66      0.65      0.69      0.66      0.65      0.67      0.72      0.49      0.57      0.43
  6238.00      0.80      0.78      0.80      0.78      0.83      0.79      0.79      0.81      0.85      0.59      0.68      0.56
  6239.00      0.71      0.69      0.72      0.69      0.73      0.70      0.71      0.71      0.74      0.51      0.60      0.55
  6240.00      0.85      0.83      0.87      0.83      0.87      0.84      0.85      0.84      0.88      0.60      0.74      0.72
  6241.00      0.80      0.79      0.82      0.79      0.82      0.81      0.81      0.80      0.83      0.55      0.71      0.74
  6242.00      0.64      0.65      0.65      0.64      0.66      0.66      0.66      0.65      0.67      0.42      0.60      0.63
  6243.00      0.79      0.82      0.81      0.81      0.81      0.83      0.82      0.84      0.84      0.50      0.78      0.82
  6244.00      0.91      0.93      0.92      0.94      0.93      0.95      0.94      0.98      0.97      0.53      0.93      0.96
  6245.00      0.90      0.91      0.92      0.95      0.92      0.93      0.92      0.98      0.98      0.50      0.95      0.96
  6246.00      0.94      0.95      0.96      1.01      0.95      0.96      0.93      1.01      1.03      0.48      1.02      0.98
  6247.00      0.95      0.97      0.98      1.06      0.95      0.96      0.92      1.01      1.06      0.44      1.05      0.99
  6248.00      0.94      0.98      0.99      1.10      0.94      0.95      0.90      0.99      1.06      0.39      1.05      0.98
  6249.00      0.88      0.90      0.93      1.06      0.88      0.88      0.83      0.92      0.98      0.33      0.98      0.92
  6250.00      0.91      0.90      0.95      1.12      0.91      0.91      0.85      0.95      1.00      0.32      0.99      0.97
  6251.00      0.94      0.90      0.97      1.17      0.94      0.95      0.89      0.99      1.01      0.32      1.01      1.04
  6252.00      0.94      0.89      0.97      1.18      0.95      0.99      0.91      1.01      1.01      0.33      1.01      1.09
  6253.00      0.92      0.88      0.96      1.15      0.94      1.00      0.92      1.00      0.99      0.36      0.99      1.13
  6254.00      0.91      0.88      0.95      1.10      0.94      1.00      0.92      0.99      0.99      0.41      0.97      1.17
  6255.00      0.92      0.89      0.96      1.04      0.94      1.01      0.91      0.98      1.00      0.46      0.96      1.21
  6256.00      0.95      0.92      0.99      0.99      0.96      1.03      0.92      0.99      1.03      0.52      0.97      1.26
  6257.00      0.95      0.92      0.98      0.91      0.94      1.02      0.89      0.97      1.03      0.54      0.94      1.23
  6258.00      0.93      0.93      0.97      0.85      0.93      1.02      0.87      0.95      1.03      0.56      0.92      1.20
  6259.00      0.86      0.87      0.90      0.78      0.87      0.97      0.80      0.89      0.98      0.53      0.86      1.12
  6260.00      0.77      0.78      0.80      0.69      0.78      0.87      0.71      0.80      0.89      0.46      0.77      1.00
  6261.00      0.82      0.81      0.84      0.72      0.82      0.90      0.73      0.86      0.94      0.47      0.81      1.05
  6262.00      0.91      0.89      0.94      0.77      0.91      0.98      0.80      0.97      1.03      0.49      0.90      1.17
  6263.00      0.94      0.93      1.00      0.77      0.96      1.01      0.83      1.02      1.07      0.48      0.94      1.22
  6264.00      0.91      0.91      0.98      0.72      0.95      0.98      0.80      1.01      1.04      0.43      0.92      1.18
  6265.00      0.88      0.88      0.94      0.66      0.94      0.95      0.74      0.97      0.99      0.40      0.89      1.12
  6266.00      0.65      0.65      0.69      0.49      0.71      0.72      0.53      0.72      0.73      0.30      0.67      0.81
  6267.00      0.47      0.47      0.50      0.36      0.51      0.53      0.35      0.52      0.53      0.23      0.49      0.57
  6268.00      0.67      0.66      0.69      0.55      0.70      0.74      0.45      0.73      0.74      0.35      0.68      0.77
  6269.00      0.84      0.82      0.85      0.75      0.86      0.93      0.50      0.91      0.93      0.49      0.81      0.94
  6270.00      0.75      0.74      0.76      0.74      0.77      0.83      0.42      0.83      0.85      0.49      0.71      0.85
  6271.00      0.85      0.84      0.87      0.89      0.88      0.94      0.44      0.95      0.99      0.63      0.78      0.98
  6272.00      0.91      0.90      0.93      0.99      0.95      1.00      0.47      1.03      1.08      0.77      0.82      1.09
  6273.00      0.91      0.89      0.92      0.99      0.93      0.98      0.47      1.00      1.06      0.83      0.79      1.09
  6274.00      0.87      0.85      0.88      0.94      0.89      0.95      0.49      0.95      1.01      0.85      0.75      1.05
  6275.00      0.89      0.87      0.91      0.97      0.91      0.99      0.56      0.99      1.04      0.91      0.79      1.11
  6276.00      0.78      0.77      0.82      0.84      0.81      0.89      0.55      0.88      0.94      0.82      0.72      1.01
  6277.00      0.61      0.60      0.64      0.64      0.63      0.69      0.48      0.69      0.73      0.64      0.57      0.80
  6278.00      0.76      0.74      0.79      0.78      0.78      0.85      0.65      0.85      0.90      0.76      0.70      0.98
  6279.00      0.85      0.86      0.89      0.86      0.88      0.94      0.79      0.95      1.01      0.82      0.78      1.09
  6280.00      0.75      0.80      0.80      0.77      0.79      0.83      0.74      0.84      0.91      0.71      0.68      0.97
  6281.00      0.82      0.91      0.89      0.86      0.87      0.92      0.84      0.92      0.99      0.77      0.73      1.08
  6282.00      0.86      0.96      0.94      0.91      0.92      0.97      0.89      0.97      1.04      0.80      0.77      1.13
  6283.00      0.86      0.95      0.93      0.92      0.91      0.97      0.88      0.97      1.04      0.79      0.77      1.12
  6284.00      0.84      0.91      0.89      0.90      0.88      0.95      0.85      0.94      1.01      0.77      0.75      1.07
  6285.00      0.86      0.93      0.90      0.91      0.88      0.97      0.86      0.94      1.02      0.78      0.75      1.08
  6286.00      0.89      0.95      0.93      0.93      0.89      1.00      0.89      0.97      1.03      0.81      0.77      1.10
  6287.00      0.89      0.94      0.93      0.93      0.89      0.99      0.89      0.96      1.02      0.83      0.76      1.09
  6288.00      0.62      0.65      0.66      0.66      0.64      0.70      0.64      0.68      0.71      0.60      0.53      0.76
  6289.00      0.43      0.46      0.46      0.46      0.45      0.48      0.45      0.47      0.50      0.44      0.36      0.54
  6290.00      0.62      0.66      0.64      0.65      0.64      0.69      0.65      0.65      0.69      0.62      0.50      0.77
  6291.00      0.84      0.91      0.86      0.88      0.86      0.92      0.87      0.85      0.90      0.82      0.67      1.05
  6292.00      0.83      0.90      0.85      0.86      0.84      0.90      0.86      0.81      0.86      0.78      0.66      1.05
  6293.00      0.85      0.91      0.89      0.87      0.87      0.92      0.86      0.82      0.84      0.75      0.67      1.08
  6294.00      0.88      0.92      0.93      0.90      0.91      0.95      0.87      0.86      0.83      0.74      0.69      1.10
  6295.00      0.88      0.90      0.93      0.92      0.93      0.97      0.86      0.89      0.79      0.72      0.71      1.09
  6296.00      0.85      0.88      0.91      0.92      0.93      0.97      0.85      0.91      0.72      0.69      0.72      1.06
  6297.00      0.84      0.87      0.90      0.93      0.92      0.97      0.85      0.93      0.66      0.68      0.73      1.04
  6298.00      0.79      0.80      0.84      0.87      0.86      0.90      0.80      0.87      0.56      0.62      0.68      0.95
  6299.00      0.84      0.82      0.87      0.90      0.89      0.92      0.83      0.90      0.52      0.63      0.72      0.96
  6300.00      0.47      0.45      0.47      0.49      0.49      0.50      0.45      0.49      0.26      0.33      0.40      0.52
  6301.00      0.10      0.10      0.10      0.11      0.11      0.11      0.10      0.11      0.05      0.07      0.09      0.12
  6302.00      0.06      0.06      0.06      0.06      0.06      0.06      0.05      0.06      0.03      0.04      0.05      0.06
  6303.00      0.10      0.10      0.11      0.11      0.10      0.10      0.09      0.11      0.05      0.07      0.09      0.11
  6304.00      0.46      0.46      0.49      0.48      0.47      0.47      0.43      0.51      0.22      0.36      0.43      0.52
  6305.00      0.86      0.86      0.92      0.89      0.87      0.89      0.79      0.96      0.46      0.69      0.81      0.96
  6306.00      0.88      0.88      0.93      0.90      0.88      0.91      0.78      0.97      0.54      0.71      0.83      0.99
  6307.00      0.87      0.88      0.91      0.89      0.88      0.93      0.76      0.96      0.64      0.71      0.83      1.01
  6308.00      0.82      0.84      0.85      0.84      0.85      0.89      0.69      0.90      0.71      0.67      0.78      0.97
  6309.00      0.75      0.76      0.78      0.78      0.80      0.83      0.59      0.82      0.74      0.60      0.72      0.91
  6310.00      0.83      0.82      0.85      0.87      0.89      0.91      0.60      0.90      0.89      0.63      0.81      1.02
  6311.00      0.89      0.86      0.90      0.92      0.94      0.95      0.59      0.94      0.98      0.64      0.89      1.09
  6312.00      0.89      0.88      0.91      0.94      0.94      0.97      0.57      0.95      1.03      0.64      0.94      1.11
  6313.00      0.88      0.90      0.91      0.93      0.92      0.96      0.56      0.94      1.03      0.64      0.96      1.10
  6314.00      0.87      0.92      0.91      0.91      0.90      0.96      0.57      0.94      1.02      0.63      0.97      1.09
  6315.00      0.85      0.90      0.90      0.87      0.88      0.93      0.60      0.91      1.01      0.63      0.97      1.05
  6316.00      0.86      0.91      0.92      0.89      0.90      0.95      0.67      0.93      1.03      0.64      1.00      1.07
  6317.00      0.87      0.92      0.92      0.91      0.92      0.97      0.75      0.94      1.05      0.66      0.99      1.09
  6318.00      0.86      0.93      0.90      0.93      0.92      0.96      0.81      0.92      1.05      0.65      0.95      1.09
  6319.00      0.88      0.95      0.91      0.97      0.94      0.98      0.89      0.94      1.07      0.65      0.93      1.11
  6320.00      0.92      0.97      0.93      1.01      0.97      1.01      0.95      0.97      1.11      0.66      0.92      1.14
  6321.00      0.90      0.93      0.88      0.98      0.94      0.98      0.95      0.94      1.07      0.61      0.86      1.10
  6322.00      0.74      0.75      0.71      0.79      0.76      0.80      0.78      0.76      0.87      0.48      0.69      0.90
  6323.00      0.57      0.58      0.55      0.61      0.59      0.63      0.61      0.60      0.70      0.35      0.54      0.70
  6324.00      0.73      0.75      0.72      0.79      0.76      0.81      0.80      0.76      0.94      0.43      0.72      0.90
  6325.00      0.86      0.89      0.86      0.93      0.90      0.97      0.96      0.89      1.16      0.48      0.87      1.06
  6326.00      0.88      0.92      0.88      0.95      0.92      0.98      0.98      0.89      1.25      0.46      0.90      1.06
  6327.00      0.89      0.93      0.88      0.95      0.92      0.98      0.99      0.87      1.32      0.44      0.90      1.05
  6328.00      0.90      0.94      0.88      0.95      0.92      0.97      0.98      0.85      1.36      0.40      0.90      1.04
  6329.00      0.90      0.93      0.88      0.94      0.92      0.96      0.96      0.83      1.36      0.36      0.90      1.03
  6330.00      0.89      0.92      0.88      0.92      0.92      0.96      0.93      0.82      1.33      0.32      0.90      1.03
  6331.00      0.89      0.91      0.88      0.89      0.91      0.95      0.90      0.79      1.27      0.28      0.89      1.04
  6332.00      0.84      0.85      0.85      0.83      0.88      0.91      0.84      0.72      1.16      0.24      0.84      1.01
  6333.00      0.86      0.90      0.91      0.87      0.93      0.96      0.89      0.71      1.16      0.23      0.88      1.09
  6334.00      0.87      0.94      0.94      0.90      0.95      0.98      0.92      0.66      1.14      0.21      0.89      1.15
  6335.00      0.86      0.93      0.93      0.89      0.94      0.96      0.93      0.58      1.08      0.20      0.86      1.15
  6336.00      0.89      0.94      0.94      0.92      0.95      0.97      0.96      0.53      1.07      0.21      0.85      1.19
  6337.00      0.92      0.97      0.96      0.96      0.98      1.00      1.00      0.49      1.09      0.24      0.87      1.23
  6338.00      0.92      0.96      0.95      0.97      0.97      0.99      0.99      0.45      1.08      0.28      0.86      1.21
  6339.00      0.90      0.94      0.93      0.96      0.96      0.98      0.96      0.43      1.07      0.34      0.84      1.18
  6340.00      0.92      0.94      0.94      0.96      0.96      0.98      0.96      0.42      1.08      0.40      0.85      1.18
  6341.00      0.85      0.84      0.85      0.87      0.87      0.90      0.88      0.39      0.98      0.42      0.79      1.07
  6342.00      0.69      0.66      0.66      0.69      0.68      0.72      0.70      0.33      0.78      0.37      0.63      0.85
  6343.00      0.79      0.76      0.77      0.79      0.77      0.84      0.81      0.44      0.89      0.46      0.73      0.99
  6344.00      0.89      0.87      0.88      0.90      0.88      0.96      0.91      0.60      1.00      0.55      0.83      1.14
  6345.00      0.86      0.86      0.85      0.88      0.87      0.93      0.87      0.71      0.97      0.55      0.80      1.11
  6346.00      0.88      0.89      0.87      0.91      0.91      0.94      0.89      0.86      1.00      0.59      0.80      1.15
  6347.00      0.90      0.90      0.87      0.93      0.94      0.95      0.91      0.99      1.02      0.60      0.80      1.16
  6348.00      0.90      0.90      0.86      0.93      0.94      0.94      0.92      1.09      1.02      0.59      0.80      1.16
  6349.00      0.86      0.87      0.84      0.89      0.92      0.91      0.91      1.12      0.99      0.56      0.78      1.14
  6350.00      0.81      0.82      0.80      0.82      0.87      0.85      0.87      1.08      0.93      0.51      0.74      1.09
  6351.00      0.86      0.85      0.85      0.84      0.91      0.89      0.91      1.12      0.96      0.53      0.79      1.14
  6352.00      0.89      0.86      0.89      0.86      0.94      0.91      0.93      1.12      0.99      0.55      0.83      1.17
  6353.00      0.88      0.84      0.89      0.87      0.95      0.92      0.91      1.08      1.00      0.56      0.85      1.16
  6354.00      0.88      0.81      0.89      0.88      0.95      0.92      0.90      1.03      1.02      0.56      0.85      1.15
  6355.00      0.88      0.82      0.91      0.90      0.95      0.94      0.91      1.01      1.04      0.57      0.86      1.15
  6356.00      0.86      0.81      0.90      0.89      0.93      0.92      0.90      0.96      1.01      0.55      0.83      1.10
  6357.00      0.63      0.61      0.67      0.66      0.70      0.69      0.69      0.70      0.76      0.41      0.62      0.81
  6358.00      0.44      0.45      0.48      0.47      0.50      0.49      0.50      0.49      0.54      0.28      0.44      0.57
  6359.00      0.62      0.63      0.67      0.64      0.69      0.67      0.71      0.66      0.74      0.39      0.60      0.81
  6360.00      0.85      0.87      0.91      0.84      0.93      0.91      0.95      0.89      0.99      0.54      0.81      1.10
  6361.00      0.87      0.88      0.93      0.84      0.93      0.93      0.94      0.90      1.00      0.56      0.82      1.14
  6362.00      0.84      0.86      0.93      0.82      0.90      0.91      0.90      0.88      0.97      0.55      0.80      1.12
  6363.00      0.82      0.85      0.94      0.83      0.88      0.92      0.89      0.89      0.95      0.55      0.80      1.10
  6364.00      0.82      0.86      0.97      0.85      0.88      0.94      0.91      0.92      0.95      0.56      0.82      1.09
  6365.00      0.79      0.82      0.92      0.83      0.83      0.90      0.88      0.89      0.92      0.56      0.79      1.03
  6366.00      0.76      0.79      0.87      0.81      0.80      0.87      0.85      0.86      0.91      0.57      0.78      0.98
  6367.00      0.82      0.83      0.89      0.85      0.86      0.91      0.90      0.91      0.98      0.64      0.84      1.02
  6368.00      0.87      0.84      0.90      0.88      0.89      0.93      0.92      0.93      1.03      0.73      0.86      1.04
  6369.00      0.88      0.83      0.88      0.87      0.88      0.92      0.91      0.92      1.03      0.80      0.85      1.02
  6370.00      0.87      0.85      0.87      0.88      0.88      0.91      0.91      0.92      1.03      0.88      0.84      1.03
  6371.00      0.86      0.88      0.88      0.90      0.89      0.92      0.92      0.92      1.04      0.98      0.85      1.05
  6372.00      0.85      0.89      0.88      0.90      0.91      0.93      0.92      0.93      1.04      1.10      0.85      1.05
  6373.00      0.86      0.87      0.86      0.89      0.92      0.92      0.91      0.93      1.03      1.22      0.85      1.03
  6374.00      0.87      0.85      0.84      0.88      0.92      0.90      0.89      0.92      1.02      1.34      0.84      0.98
  6375.00      0.87      0.85      0.83      0.89      0.92      0.89      0.89      0.93      1.02      1.46      0.82      0.94
  6376.00      0.88      0.88      0.86      0.92      0.92      0.90      0.90      0.96      1.03      1.60      0.83      0.92
  6377.00      0.87      0.91      0.89      0.94      0.91      0.91      0.90      0.97      1.03      1.71      0.84      0.91
  6378.00      0.85      0.92      0.91      0.95      0.91      0.91      0.89      0.96      1.01      1.76      0.84      0.90
  6379.00      0.86      0.92      0.92      0.95      0.91      0.91      0.88      0.94      1.02      1.76      0.84      0.92
  6380.00      0.75      0.80      0.80      0.83      0.81      0.79      0.77      0.81      0.89      1.50      0.73      0.81
  6381.00      0.61      0.63      0.64      0.67      0.66      0.62      0.62      0.63      0.72      1.12      0.59      0.66
  6382.00      0.75      0.77      0.78      0.81      0.82      0.74      0.77      0.76      0.89      1.23      0.72      0.82
  6383.00      0.85      0.86      0.88      0.90      0.93      0.83      0.88      0.85      1.01      1.21      0.79      0.94
  6384.00      0.86      0.86      0.89      0.89      0.94      0.83      0.89      0.85      1.01      1.15      0.76      0.94
  6385.00      0.88      0.89      0.91      0.89      0.94      0.84      0.91      0.87      1.02      1.44      0.76      0.96
  6386.00      0.88      0.90      0.90      0.88      0.93      0.84      0.91      0.87      1.01      2.15      0.76      0.97
  6387.00      0.74      0.76      0.75      0.73      0.76      0.71      0.76      0.73      0.85      3.08      0.66      0.82
  6388.00      0.57      0.58      0.58      0.57      0.59      0.55      0.59      0.57      0.66      3.72      0.53      0.66
  6389.00      0.72      0.72      0.74      0.73      0.74      0.70      0.74      0.73      0.83      6.30      0.70      0.85
  6390.00      0.87      0.84      0.89      0.88      0.89      0.85      0.89      0.88      0.98      9.04      0.86      1.02
  6391.00      0.88      0.83      0.90      0.88      0.89      0.86      0.90      0.89      0.98     10.09      0.86      1.02
  6392.00      0.90      0.83      0.90      0.88      0.88      0.86      0.90      0.91      0.99     10.52      0.84      1.02
  6393.00      0.92      0.84      0.90      0.88      0.88      0.87      0.91      0.92      1.02     10.29      0.82      1.03
  6394.00      0.93      0.87      0.92      0.89      0.89      0.88      0.92      0.94      1.06      9.57      0.82      1.04
  6395.00      0.91      0.86      0.91      0.89      0.88      0.88      0.91      0.94      1.06      8.47      0.81      1.03
  6396.00      0.90      0.88      0.91      0.90      0.90      0.89      0.91      0.95      1.08      7.46      0.84      1.03
  6397.00      0.89      0.90      0.92      0.91      0.92      0.89      0.92      0.96      1.09      6.50      0.87      1.05
  6398.00      0.87      0.91      0.90      0.89      0.92      0.87      0.90      0.96      1.08      5.56      0.89      1.04
  6399.00      0.88      0.92      0.88      0.88      0.93      0.87      0.89      0.97      1.07      4.77      0.90      1.03
  6400.00      0.89      0.94      0.87      0.88      0.93      0.87      0.89      0.97      1.06      4.09      0.91      1.01
  6401.00      0.92      0.97      0.88      0.91      0.96      0.91      0.92      1.00      1.10      3.60      0.93      1.01
  6402.00      0.95      1.00      0.91      0.95      0.98      0.96      0.96      1.03      1.14      3.22      0.96      1.00
  6403.00      0.92      0.97      0.89      0.94      0.95      0.95      0.95      1.00      1.12      2.75      0.94      0.94
  6404.00      0.93      0.97      0.91      0.94      0.94      0.97      0.97      1.00      1.12      2.43      0.96      0.93
  6405.00      0.91      0.96      0.89      0.90      0.90      0.96      0.94      0.97      1.09      2.10      0.94      0.90
  6406.00      0.86      0.93      0.87      0.86      0.86      0.94      0.90      0.94      1.04      1.82      0.91      0.89
  6407.00      0.87      0.95      0.89      0.88      0.88      0.95      0.91      0.95      1.06      1.68      0.93      0.95
  6408.00      0.75      0.79      0.75      0.75      0.74      0.80      0.77      0.80      0.89      1.30      0.78      0.84
  6409.00      0.58      0.59      0.57      0.56      0.55      0.59      0.58      0.60      0.68      0.90      0.59      0.67
  6410.00      0.77      0.81      0.77      0.75      0.75      0.80      0.79      0.82      0.93      1.13      0.79      0.95
  6411.00      0.90      0.98      0.93      0.89      0.90      0.97      0.96      0.99      1.12      1.27      0.95      1.17
  6412.00      0.85      0.96      0.88      0.84      0.89      0.95      0.94      0.97      1.09      1.18      0.92      1.17
  6413.00      0.85      0.95      0.86      0.83      0.90      0.95      0.93      0.97      1.07      1.12      0.91      1.17
  6414.00      0.86      0.93      0.86      0.83      0.90      0.95      0.91      0.97      1.04      1.07      0.90      1.16
  6415.00      0.87      0.92      0.87      0.83      0.90      0.94      0.89      0.97      1.02      1.02      0.88      1.15
  6416.00      0.86      0.92      0.90      0.86      0.91      0.96      0.88      0.98      1.02      1.01      0.88      1.16
  6417.00      0.86      0.94      0.93      0.90      0.93      0.99      0.90      1.01      1.03      1.02      0.89      1.18
  6418.00      0.88      0.95      0.93      0.92      0.94      1.01      0.90      1.02      1.04      1.01      0.89      1.20
  6419.00      0.89      0.96      0.93      0.93      0.94      0.99      0.90      1.00      1.04      1.00      0.88      1.20
  6420.00      0.89      0.95      0.91      0.92      0.91      0.96      0.89      0.97      1.02      0.98      0.85      1.17
  6421.00      0.87      0.91      0.88      0.87      0.86      0.90      0.86      0.91      0.99      0.94      0.80      1.10
  6422.00      0.82      0.84      0.82      0.81      0.78      0.82      0.79      0.84      0.94      0.88      0.75      1.00
  6423.00      0.90      0.91      0.90      0.88      0.84      0.90      0.86      0.92      1.05      0.97      0.83      1.09
  6424.00      0.90      0.92      0.91      0.88      0.84      0.90      0.87      0.93      1.06      0.98      0.85      1.10
  6425.00      0.88      0.92      0.90      0.87      0.82      0.89      0.86      0.93      1.04      0.97      0.86      1.08
  6426.00      0.90      0.96      0.93      0.88      0.82      0.90      0.88      0.96      1.05      0.99      0.89      1.09
  6427.00      0.92      0.98      0.94      0.89      0.82      0.90      0.89      0.98      1.05      1.00      0.89      1.10
  6428.00      0.92      0.96      0.93      0.88      0.82      0.89      0.89      0.98      1.03      0.99      0.87      1.10
  6429.00      0.92      0.93      0.92      0.87      0.82      0.87      0.88      0.98      1.02      0.99      0.86      1.07
  6430.00      0.91      0.91      0.90      0.86      0.81      0.87      0.88      0.98      1.01      0.99      0.87      1.02
  6431.00      0.91      0.91      0.90      0.87      0.81      0.87      0.89      0.99      1.01      1.01      0.88      1.00
  6432.00      0.91      0.92      0.91      0.89      0.81      0.88      0.90      1.00      1.02      1.03      0.88      1.01
  6433.00      0.90      0.92      0.90      0.89      0.79      0.88      0.90      1.00      1.01      1.03      0.87      1.03
  6434.00      0.89      0.90      0.89      0.87      0.76      0.86      0.88      0.97      0.99      1.00      0.85      1.04
  6435.00      0.88      0.90      0.88      0.87      0.76      0.87      0.88      0.96      0.99      0.99      0.83      1.07
  6436.00      0.88      0.91      0.88      0.87      0.76      0.88      0.89      0.96      1.00      0.98      0.81      1.09
  6437.00      0.86      0.90      0.85      0.86      0.75      0.87      0.88      0.93      0.99      0.96      0.78      1.08
  6438.00      0.85      0.90      0.85      0.87      0.77      0.88      0.88      0.93      0.99      0.96      0.79      1.07
  6439.00      0.86      0.92      0.86      0.88      0.80      0.90      0.89      0.94      1.01      0.98      0.82      1.07
  6440.00      0.88      0.95      0.89      0.90      0.84      0.93      0.92      0.97      1.05      1.01      0.86      1.08
  6441.00      0.91      0.97      0.93      0.93      0.89      0.97      0.94      1.02      1.10      1.06      0.91      1.11
  6442.00      0.88      0.93      0.92      0.90      0.88      0.96      0.92      1.01      1.09      1.04      0.90      1.10
  6443.00      0.84      0.89      0.90      0.87      0.86      0.95      0.90      1.00      1.08      1.01      0.89      1.09
  6444.00      0.83      0.87      0.89      0.85      0.86      0.94      0.89      1.00      1.08      1.01      0.88      1.10
  6445.00      0.83      0.87      0.89      0.84      0.85      0.94      0.90      1.00      1.07      1.00      0.86      1.10
  6446.00      0.83      0.87      0.89      0.82      0.84      0.91      0.90      0.98      1.05      0.99      0.83      1.08
  6447.00      0.87      0.88      0.89      0.81      0.84      0.91      0.91      0.97      1.04      1.00      0.82      1.06
  6448.00      0.90      0.89      0.91      0.82      0.83      0.91      0.92      0.96      1.04      1.01      0.81      1.03
  6449.00      0.92      0.91      0.92      0.83      0.83      0.91      0.93      0.96      1.05      1.03      0.82      0.99
  6450.00      0.90      0.92      0.92      0.84      0.83      0.90      0.92      0.94      1.05      1.03      0.82      0.92
  6451.00      0.88      0.93      0.92      0.86      0.83      0.91      0.91      0.94      1.07      1.03      0.83      0.87
  6452.00      0.88      0.93      0.91      0.88      0.85      0.93      0.92      0.96      1.10      1.03      0.85      0.82
  6453.00      0.84      0.87      0.84      0.85      0.81      0.89      0.87      0.93      1.05      0.97      0.81      0.73
  6454.00      0.79      0.80      0.76      0.80      0.76      0.82      0.81      0.87      0.97      0.88      0.75      0.64
  6455.00      0.84      0.85      0.78      0.85      0.83      0.87      0.87      0.92      1.02      0.92      0.79      0.66
  6456.00      0.87      0.89      0.82      0.88      0.88      0.90      0.92      0.97      1.06      0.96      0.82      0.69
  6457.00      0.88      0.90      0.84      0.88      0.89      0.90      0.93      0.98      1.06      0.97      0.82      0.71
  6458.00      0.87      0.89      0.84      0.86      0.87      0.88      0.91      0.96      1.03      0.94      0.77      0.73
  6459.00      0.84      0.87      0.82      0.83      0.85      0.86      0.89      0.94      1.01      0.91      0.73      0.77
  6460.00      0.78      0.83      0.77      0.79      0.80      0.81      0.83      0.89      0.94      0.85      0.65      0.78
  6461.00      0.84      0.89      0.81      0.84      0.87      0.87      0.88      0.94      1.00      0.91      0.66      0.90
  6462.00      0.87      0.92      0.85      0.87      0.92      0.91      0.92      0.97      1.02      0.94      0.66      0.99
  6463.00      0.89      0.93      0.86      0.86      0.93      0.92      0.92      0.96      1.02      0.94      0.65      1.04
  6464.00      0.91      0.93      0.87      0.85      0.93      0.93      0.92      0.95      1.01      0.93      0.62      1.05
  6465.00      0.90      0.90      0.84      0.82      0.90      0.91      0.90      0.93      0.99      0.91      0.56      1.03
  6466.00      0.92      0.92      0.87      0.86      0.92      0.94      0.93      0.97      1.03      0.94      0.53      1.07
  6467.00      0.87      0.87      0.84      0.83      0.89      0.91      0.90      0.93      1.01      0.91      0.43      1.03
  6468.00      0.77      0.77      0.75      0.75      0.79      0.82      0.79      0.82      0.90      0.81      0.32      0.92
  6469.00      0.80      0.82      0.79      0.78      0.83      0.87      0.82      0.84      0.94      0.85      0.30      0.97
  6470.00      0.87      0.90      0.86      0.86      0.92      0.94      0.89      0.91      1.01      0.94      0.32      1.07
  6471.00      0.77      0.81      0.76      0.77      0.82      0.83      0.78      0.80      0.89      0.85      0.30      0.96
  6472.00      0.59      0.61      0.58      0.60      0.62      0.63      0.60      0.61      0.68      0.65      0.26      0.74
  6473.00      0.65      0.67      0.64      0.66      0.68      0.68      0.65      0.68      0.73      0.73      0.33      0.82
  6474.00      0.84      0.84      0.81      0.85      0.87      0.85      0.82      0.87      0.91      0.94      0.49      1.04
  6475.00      0.89      0.90      0.86      0.92      0.95      0.92      0.89      0.94      0.97      1.03      0.59      1.12
  6476.00      0.73      0.72      0.69      0.75      0.79      0.76      0.74      0.76      0.79      0.85      0.52      0.90
  6477.00      0.54      0.53      0.51      0.56      0.60      0.56      0.55      0.55      0.58      0.63      0.41      0.66
  6478.00      0.71      0.69      0.67      0.75      0.80      0.73      0.74      0.72      0.76      0.82      0.57      0.85
  6479.00      0.90      0.84      0.84      0.94      1.00      0.89      0.93      0.90      0.95      1.01      0.74      1.05
  6480.00      0.85      0.78      0.79      0.89      0.94      0.82      0.88      0.86      0.92      0.94      0.74      1.00
  6481.00      0.89      0.82      0.82      0.94      0.97      0.83      0.92      0.91      0.97      0.97      0.81      1.05
  6482.00      0.89      0.84      0.84      0.94      0.96      0.80      0.93      0.94      0.99      0.97      0.83      1.05
  6483.00      0.85      0.82      0.83      0.92      0.90      0.75      0.91      0.91      0.96      0.93      0.82      1.00
  6484.00      0.86      0.84      0.86      0.95      0.91      0.74      0.94      0.94      0.99      0.96      0.86      1.01
  6485.00      0.89      0.86      0.87      0.99      0.91      0.70      0.98      0.95      1.01      1.00      0.89      1.02
  6486.00      0.87      0.84      0.82      0.96      0.88      0.61      0.95      0.91      0.97      0.97      0.86      0.96
  6487.00      0.85      0.84      0.78      0.93      0.86      0.54      0.92      0.89      0.93      0.95      0.82      0.90
  6488.00      0.84      0.85      0.76      0.93      0.85      0.49      0.91      0.90      0.92      0.95      0.80      0.86
  6489.00      0.86      0.88      0.76      0.94      0.87      0.47      0.92      0.93      0.94      0.96      0.83      0.81
  6490.00      0.89      0.91      0.75      0.94      0.89      0.48      0.94      0.97      0.97      0.97      0.87      0.76
  6491.00      0.89      0.91      0.74      0.93      0.89      0.49      0.93      0.98      0.97      0.95      0.88      0.71
  6492.00      0.86      0.90      0.75      0.92      0.88      0.52      0.90      0.98      0.97      0.93      0.88      0.68
  6493.00      0.84      0.89      0.76      0.92      0.88      0.57      0.89      0.97      0.96      0.92      0.89      0.70
  6494.00      0.86      0.89      0.78      0.92      0.88      0.65      0.89      0.97      0.96      0.93      0.90      0.77
  6495.00      0.87      0.89      0.80      0.91      0.88      0.72      0.89      0.95      0.93      0.92      0.89      0.84
  6496.00      0.87      0.88      0.83      0.89      0.89      0.79      0.89      0.93      0.91      0.92      0.86      0.90
  6497.00      0.90      0.92      0.90      0.93      0.94      0.88      0.94      0.97      0.94      0.96      0.88      1.00
  6498.00      0.87      0.88      0.92      0.91      0.92      0.90      0.92      0.95      0.91      0.94      0.86      1.01
  6499.00      0.84      0.84      0.91      0.89      0.90      0.90      0.90      0.91      0.89      0.91      0.84      1.00
  6500.00      0.84      0.83      0.91      0.89      0.90      0.91      0.90      0.90      0.89      0.90      0.84      1.00
  6501.00      0.82      0.80      0.87      0.85      0.85      0.88      0.86      0.86      0.86      0.86      0.81      0.94
  6502.00      0.81      0.80      0.84      0.83      0.83      0.85      0.84      0.84      0.85      0.83      0.81      0.91
  6503.00      0.86      0.85      0.88      0.88      0.88      0.88      0.89      0.89      0.89      0.88      0.87      0.97
  6504.00      0.87      0.87      0.88      0.90      0.91      0.89      0.92      0.91      0.89      0.91      0.90      1.00
  6505.00      0.85      0.87      0.87      0.90      0.91      0.88      0.93      0.92      0.85      0.93      0.91      1.01
  6506.00      0.74      0.75      0.77      0.79      0.80      0.77      0.83      0.82      0.71      0.84      0.80      0.91
  6507.00      0.61      0.62      0.64      0.65      0.66      0.63      0.69      0.67      0.54      0.71      0.65      0.77
  6508.00      0.75      0.75      0.79      0.80      0.80      0.77      0.83      0.81      0.61      0.89      0.78      0.96
  6509.00      0.86      0.86      0.90      0.94      0.91      0.87      0.94      0.92      0.64      1.02      0.87      1.12
  6510.00      0.87      0.87      0.90      0.96      0.92      0.87      0.94      0.92      0.60      1.04      0.85      1.14
  6511.00      0.88      0.87      0.90      0.97      0.92      0.86      0.94      0.92      0.57      1.06      0.83      1.15
  6512.00      0.89      0.86      0.88      0.95      0.90      0.84      0.92      0.91      0.54      1.05      0.80      1.13
  6513.00      0.88      0.84      0.84      0.93      0.87      0.83      0.91      0.90      0.53      1.03      0.77      1.10
  6514.00      0.90      0.88      0.85      0.95      0.89      0.87      0.95      0.93      0.56      1.07      0.79      1.13
  6515.00      0.86      0.84      0.80      0.90      0.85      0.87      0.92      0.91      0.57      1.03      0.76      1.08
  6516.00      0.74      0.75      0.69      0.79      0.73      0.80      0.82      0.80      0.53      0.92      0.67      0.93
  6517.00      0.82      0.84      0.75      0.88      0.80      0.94      0.92      0.89      0.61      1.03      0.74      1.02
  6518.00      0.89      0.92      0.79      0.94      0.86      1.07      0.98      0.96      0.67      1.11      0.78      1.07
  6519.00      0.91      0.96      0.80      0.97      0.90      1.16      0.99      0.98      0.68      1.15      0.79      1.07
  6520.00      0.92      0.97      0.81      0.97      0.92      1.22      0.97      1.00      0.69      1.18      0.80      1.06
  6521.00      0.88      0.93      0.80      0.93      0.91      1.22      0.93      0.98      0.67      1.16      0.78      1.02
  6522.00      0.86      0.90      0.81      0.90      0.90      1.19      0.90      0.96      0.67      1.15      0.79      1.00
  6523.00      0.79      0.81      0.76      0.82      0.83      1.05      0.82      0.87      0.64      1.05      0.74      0.91
  6524.00      0.70      0.71      0.68      0.72      0.73      0.86      0.72      0.75      0.60      0.92      0.67      0.81
  6525.00      0.81      0.83      0.81      0.84      0.84      0.93      0.84      0.86      0.76      1.06      0.79      0.96
  6526.00      0.87      0.89      0.89      0.92      0.91      0.94      0.92      0.93      0.93      1.16      0.87      1.08
  6527.00      0.87      0.88      0.89      0.92      0.90      0.89      0.92      0.92      1.03      1.15      0.86      1.12
  6528.00      0.87      0.86      0.87      0.91      0.87      0.84      0.91      0.91      1.10      1.14      0.84      1.14
  6529.00      0.90      0.89      0.91      0.93      0.90      0.86      0.94      0.94      1.20      1.19      0.85      1.22
  6530.00      0.94      0.93      0.95      0.96      0.94      0.89      0.98      0.98      1.28      1.27      0.87      1.30
  6531.00      0.94      0.96      0.95      0.95      0.95      0.90      0.98      0.98      1.28      1.30      0.86      1.33
  6532.00      0.95      0.99      0.96      0.95      0.95      0.91      0.98      0.99      1.27      1.32      0.86      1.35
  6533.00      0.90      0.95      0.92      0.91      0.90      0.86      0.94      0.95      1.20      1.29      0.83      1.30
  6534.00      0.58      0.60      0.60      0.59      0.58      0.56      0.61      0.62      0.77      0.85      0.54      0.85
  6535.00      0.39      0.40      0.41      0.41      0.40      0.37      0.42      0.42      0.51      0.59      0.36      0.57
  6536.00      0.59      0.59      0.62      0.62      0.62      0.56      0.63      0.63      0.75      0.88      0.54      0.84
  6537.00      0.89      0.89      0.93      0.93      0.96      0.83      0.94      0.94      1.11      1.30      0.79      1.23
  6538.00      0.93      0.94      0.97      0.97      1.02      0.85      0.99      0.97      1.15      1.34      0.79      1.25
  6539.00      0.91      0.93      0.95      0.95      1.00      0.81      0.98      0.96      1.13      1.31      0.74      1.20
  6540.00      0.91      0.93      0.95      0.94      1.00      0.79      1.00      0.97      1.13      1.29      0.70      1.19
  6541.00      0.89      0.92      0.94      0.94      0.98      0.78      1.00      0.97      1.13      1.26      0.65      1.16
  6542.00      0.83      0.85      0.89      0.89      0.90      0.73      0.94      0.90      1.07      1.16      0.58      1.08
  6543.00      0.86      0.85      0.90      0.91      0.91      0.74      0.94      0.92      1.11      1.17      0.55      1.09
  6544.00      0.91      0.87      0.94      0.95      0.94      0.77      0.96      0.95      1.18      1.20      0.52      1.12
  6545.00      0.77      0.75      0.79      0.81      0.80      0.66      0.80      0.81      1.04      1.02      0.41      0.95
  6546.00      0.48      0.49      0.50      0.52      0.52      0.42      0.51      0.52      0.69      0.65      0.24      0.61
  6547.00      0.41      0.43      0.43      0.46      0.46      0.37      0.43      0.45      0.62      0.55      0.19      0.53
  6548.00      0.63      0.65      0.64      0.71      0.70      0.57      0.64      0.68      0.97      0.82      0.27      0.80
  6549.00      0.86      0.88      0.84      0.96      0.93      0.77      0.86      0.92      1.33      1.08      0.36      1.07
  6550.00      0.87      0.87      0.84      0.95      0.93      0.76      0.86      0.91      1.35      1.05      0.38      1.07
  6551.00      0.87      0.88      0.86      0.94      0.94      0.76      0.87      0.91      1.36      1.04      0.42      1.09
  6552.00      0.87      0.90      0.88      0.94      0.96      0.76      0.88      0.93      1.36      1.05      0.48      1.12
  6553.00      0.87      0.90      0.89      0.94      0.98      0.77      0.89      0.94      1.31      1.05      0.54      1.13
  6554.00      0.87      0.90      0.87      0.92      0.98      0.75      0.88      0.94      1.23      1.05      0.58      1.09
  6555.00      0.86      0.88      0.83      0.88      0.95      0.72      0.85      0.91      1.15      1.02      0.60      1.01
  6556.00      0.88      0.89      0.84      0.89      0.98      0.72      0.86      0.92      1.13      1.04      0.63      1.00
  6557.00      0.88      0.89      0.86      0.89      0.99      0.71      0.87      0.91      1.10      1.06      0.63      0.96
  6558.00      0.87      0.89      0.88      0.89      1.00      0.71      0.89      0.90      1.09      1.08      0.62      0.95
  6559.00      0.86      0.89      0.90      0.90      1.01      0.72      0.90      0.90      1.08      1.11      0.60      0.95
  6560.00      0.84      0.88      0.88      0.91      1.01      0.73      0.90      0.89      1.05      1.11      0.56      0.95
  6561.00      0.85      0.88      0.88      0.93      1.02      0.75      0.90      0.90      1.03      1.12      0.53      0.98
  6562.00      0.87      0.90      0.90      0.96      1.05      0.77      0.92      0.93      1.04      1.14      0.50      1.02
  6563.00      0.87      0.90      0.91      0.98      1.09      0.76      0.93      0.94      1.03      1.13      0.48      1.02
  6564.00      0.82      0.85      0.85      0.93      1.05      0.70      0.88      0.89      0.97      1.04      0.44      0.95
  6565.00      0.80      0.84      0.82      0.91      1.04      0.65      0.87      0.88      0.95      1.00      0.44      0.91
  6566.00      0.85      0.91      0.86      0.96      1.13      0.68      0.94      0.94      1.02      1.06      0.52      0.95
  6567.00      0.88      0.94      0.90      0.98      1.17      0.70      0.98      0.98      1.05      1.10      0.60      0.98
  6568.00      0.86      0.91      0.89      0.93      1.12      0.68      0.95      0.95      1.02      1.08      0.65      0.95
  6569.00      0.86      0.90      0.89      0.91      1.08      0.68      0.92      0.94      1.00      1.08      0.72      0.95
  6570.00      0.86      0.90      0.88      0.89      1.05      0.67      0.91      0.93      1.00      1.09      0.80      0.95
  6571.00      0.85      0.89      0.87      0.88      1.03      0.65      0.90      0.93      1.02      1.10      0.89      0.95
  6572.00      0.82      0.87      0.87      0.86      1.00      0.60      0.89      0.92      1.03      1.10      0.95      0.93
  6573.00      0.82      0.88      0.89      0.87      1.00      0.57      0.90      0.94      1.05      1.11      1.02      0.93
  6574.00      0.82      0.89      0.89      0.88      0.99      0.52      0.90      0.94      1.06      1.10      1.04      0.91
  6575.00      0.82      0.90      0.88      0.90      0.98      0.50      0.91      0.94      1.05      1.09      1.05      0.90
  6576.00      0.84      0.91      0.88      0.93      0.99      0.48      0.93      0.94      1.05      1.10      1.06      0.89
  6577.00      0.85      0.91      0.86      0.93      0.98      0.44      0.92      0.92      1.03      1.08      1.01      0.88
  6578.00      0.54      0.57      0.54      0.58      0.61      0.26      0.58      0.57      0.65      0.67      0.61      0.55
  6579.00      0.37      0.38      0.36      0.38      0.41      0.17      0.38      0.37      0.44      0.44      0.40      0.36
  6580.00      0.54      0.54      0.53      0.55      0.59      0.25      0.56      0.54      0.65      0.65      0.57      0.53
  6581.00      0.87      0.84      0.83      0.87      0.92      0.41      0.87      0.86      1.02      1.03      0.88      0.84
  6582.00      0.93      0.87      0.87      0.91      0.97      0.47      0.92      0.90      1.06      1.09      0.91      0.90
  6583.00      0.93      0.86      0.89      0.92      0.98      0.54      0.94      0.91      1.05      1.10      0.92      0.93
  6584.00      0.88      0.81      0.88      0.90      0.97      0.58      0.92      0.89      1.01      1.09      0.89      0.91
  6585.00      0.84      0.76      0.84      0.85      0.94      0.60      0.87      0.86      0.95      1.05      0.86      0.87
  6586.00      0.87      0.79      0.86      0.88      0.97      0.65      0.88      0.88      0.96      1.08      0.91      0.91
  6587.00      0.92      0.86      0.90      0.93      1.01      0.68      0.91      0.93      1.00      1.13      0.99      0.98
  6588.00      0.92      0.89      0.93      0.94      1.00      0.66      0.90      0.94      1.01      1.14      1.03      1.01
  6589.00      0.92      0.90      0.99      0.97      0.98      0.64      0.92      0.95      1.02      1.16      1.07      1.05
  6590.00      0.91      0.89      1.04      0.98      0.96      0.62      0.93      0.96      1.03      1.17      1.06      1.07
  6591.00      0.89      0.87      1.07      0.96      0.94      0.62      0.93      0.94      1.04      1.16      1.03      1.07
  6592.00      0.86      0.85      1.06      0.94      0.91      0.64      0.91      0.91      1.02      1.12      0.95      1.04
  6593.00      0.84      0.85      1.05      0.93      0.91      0.68      0.89      0.88      1.01      1.11      0.88      1.03
  6594.00      0.88      0.88      1.06      0.95      0.94      0.77      0.91      0.88      1.04      1.14      0.87      1.05
  6595.00      0.90      0.90      1.04      0.97      0.98      0.87      0.91      0.88      1.06      1.15      0.86      1.07
  6596.00      0.88      0.88      0.99      0.97      0.97      0.95      0.90      0.87      1.05      1.14      0.83      1.07
  6597.00      0.84      0.85      0.92      0.93      0.93      0.99      0.87      0.84      1.02      1.09      0.79      1.05
  6598.00      0.83      0.85      0.89      0.93      0.92      1.03      0.87      0.84      1.02      1.09      0.77      1.09
  6599.00      0.84      0.88      0.89      0.94      0.93      1.07      0.89      0.87      1.05      1.11      0.77      1.15
  6600.00      0.84      0.90      0.88      0.94      0.93      1.08      0.90      0.89      1.07      1.12      0.75      1.19
  6601.00      0.85      0.92      0.89      0.94      0.96      1.09      0.92      0.91      1.09      1.14      0.76      1.24
  6602.00      0.84      0.90      0.86      0.91      0.94      1.05      0.89      0.88      1.07      1.11      0.75      1.23
  6603.00      0.84      0.88      0.84      0.90      0.92      1.02      0.86      0.86      1.04      1.09      0.77      1.22
  6604.00      0.86      0.88      0.83      0.91      0.92      1.01      0.85      0.85      1.04      1.08      0.80      1.21
  6605.00      0.68      0.70      0.65      0.71      0.72      0.78      0.67      0.66      0.82      0.83      0.65      0.92
  6606.00      0.50      0.52      0.48      0.52      0.53      0.57      0.49      0.48      0.61      0.60      0.49      0.66
  6607.00      0.68      0.70      0.65      0.71      0.73      0.78      0.68      0.65      0.83      0.79      0.68      0.87
  6608.00      0.89      0.91      0.84      0.93      0.96      1.01      0.89      0.82      1.08      0.98      0.88      1.10
  6609.00      0.90      0.92      0.83      0.95      0.98      1.01      0.90      0.81      1.09      0.94      0.86      1.09
  6610.00      0.91      0.91      0.83      0.95      0.97      1.00      0.90      0.79      1.08      0.87      0.82      1.08
  6611.00      0.89      0.90      0.83      0.93      0.94      0.98      0.89      0.77      1.05      0.80      0.78      1.08
  6612.00      0.89      0.89      0.83      0.91      0.91      0.96      0.88      0.75      1.03      0.73      0.75      1.09
  6613.00      0.91      0.90      0.87      0.94      0.91      0.97      0.89      0.75      1.05      0.68      0.76      1.13
  6614.00      0.92      0.89      0.89      0.95      0.89      0.97      0.89      0.72      1.06      0.62      0.76      1.14
  6615.00      0.92      0.90      0.91      0.96      0.89      0.97      0.90      0.68      1.07      0.57      0.78      1.17
  6616.00      0.91      0.90      0.91      0.95      0.89      0.95      0.89      0.63      1.07      0.53      0.79      1.17
  6617.00      0.44      0.44      0.44      0.45      0.44      0.46      0.44      0.28      0.53      0.24      0.39      0.58
  6618.00      0.27      0.28      0.27      0.28      0.28      0.28      0.27      0.16      0.33      0.15      0.24      0.36
  6619.00      0.44      0.44      0.44      0.44      0.45      0.46      0.45      0.23      0.53      0.24      0.38      0.57
  6620.00      0.85      0.83      0.87      0.86      0.89      0.89      0.89      0.44      1.01      0.51      0.73      1.10
  6621.00      0.88      0.86      0.91      0.90      0.93      0.93      0.93      0.45      1.01      0.59      0.74      1.13
  6622.00      0.89      0.86      0.91      0.90      0.94      0.93      0.93      0.48      0.98      0.69      0.72      1.11
  6623.00      0.88      0.85      0.91      0.90      0.94      0.92      0.91      0.52      0.95      0.80      0.69      1.07
  6624.00      0.87      0.84      0.93      0.91      0.93      0.93      0.91      0.57      0.93      0.91      0.65      1.04
  6625.00      0.87      0.84      0.96      0.92      0.92      0.93      0.91      0.63      0.94      1.00      0.62      1.03
  6626.00      0.89      0.86      0.97      0.93      0.91      0.94      0.93      0.70      0.97      1.07      0.58      1.03
  6627.00      0.92      0.89      0.97      0.95      0.91      0.94      0.96      0.78      1.02      1.13      0.56      1.05
  6628.00      0.92      0.89      0.94      0.95      0.89      0.93      0.95      0.83      1.04      1.15      0.53      1.06
  6629.00      0.91      0.87      0.90      0.96      0.88      0.92      0.94      0.86      1.05      1.15      0.49      1.06
  6630.00      0.90      0.86      0.89      0.97      0.89      0.92      0.93      0.89      1.06      1.16      0.45      1.09
  6631.00      0.88      0.84      0.87      0.96      0.88      0.91      0.91      0.90      1.06      1.16      0.40      1.08
  6632.00      0.87      0.85      0.87      0.96      0.90      0.92      0.91      0.90      1.08      1.18      0.37      1.09
  6633.00      0.86      0.85      0.86      0.94      0.91      0.91      0.91      0.89      1.09      1.18      0.33      1.07
  6634.00      0.86      0.86      0.86      0.94      0.92      0.91      0.92      0.90      1.11      1.18      0.30      1.06
  6635.00      0.79      0.80      0.78      0.86      0.84      0.83      0.85      0.83      1.02      1.09      0.24      0.94
  6636.00      0.68      0.70      0.67      0.75      0.72      0.71      0.74      0.71      0.88      0.94      0.20      0.79
  6637.00      0.80      0.82      0.78      0.88      0.85      0.83      0.88      0.85      1.03      1.10      0.23      0.93
  6638.00      0.88      0.89      0.86      0.96      0.94      0.90      0.96      0.94      1.12      1.21      0.26      1.02
  6639.00      0.87      0.86      0.85      0.93      0.93      0.88      0.93      0.93      1.08      1.21      0.28      1.01
  6640.00      0.86      0.85      0.86      0.91      0.93      0.87      0.91      0.92      1.06      1.23      0.33      1.02
  6641.00      0.90      0.89      0.89      0.92      0.96      0.90      0.92      0.94      1.07      1.31      0.41      1.07
  6642.00      0.91      0.91      0.90      0.92      0.97      0.91      0.92      0.93      1.07      1.39      0.48      1.10
  6643.00      0.89      0.91      0.88      0.91      0.96      0.89      0.92      0.90      1.04      1.44      0.54      1.09
  6644.00      0.89      0.90      0.88      0.92      0.98      0.90      0.94      0.89      1.05      1.51      0.60      1.09
  6645.00      0.90      0.90      0.89      0.94      1.00      0.90      0.95      0.90      1.06      1.56      0.65      1.10
  6646.00      0.92      0.90      0.91      0.95      1.03      0.91      0.96      0.91      1.08      1.57      0.69      1.11
  6647.00      0.93      0.91      0.94      0.95      1.05      0.92      0.97      0.92      1.09      1.55      0.72      1.11
  6648.00      0.93      0.91      0.94      0.95      1.06      0.92      0.97      0.93      1.09      1.50      0.74      1.11
  6649.00      0.95      0.92      0.94      0.96      1.04      0.92      0.97      0.94      1.08      1.44      0.75      1.12
  6650.00      0.92      0.88      0.89      0.95      0.99      0.89      0.93      0.91      1.04      1.33      0.72      1.09
  6651.00      0.89      0.84      0.86      0.94      0.95      0.87      0.91      0.88      1.01      1.24      0.69      1.06
  6652.00      0.88      0.84      0.86      0.95      0.93      0.87      0.91      0.87      1.02      1.21      0.67      1.07
  6653.00      0.89      0.85      0.86      0.95      0.92      0.86      0.91      0.86      1.02      1.18      0.65      1.08
  6654.00      0.91      0.87      0.86      0.96      0.92      0.86      0.92      0.85      1.03      1.17      0.66      1.09
  6655.00      0.91      0.89      0.87      0.96      0.92      0.88      0.94      0.85      1.05      1.18      0.67      1.12
  6656.00      0.90      0.89      0.87      0.96      0.92      0.90      0.96      0.84      1.05      1.19      0.69      1.14
  6657.00      0.89      0.90      0.90      0.96      0.94      0.93      0.97      0.83      1.05      1.21      0.71      1.15
  6658.00      0.92      0.94      0.96      1.02      1.00      0.99      1.02      0.84      1.09      1.27      0.74      1.21
  6659.00      0.94      0.94      0.96      1.03      1.01      0.99      1.02      0.80      1.07      1.27      0.73      1.20
  6660.00      1.01      0.98      1.00      1.09      1.07      1.03      1.07      0.78      1.10      1.32      0.76      1.25
  6661.00      0.54      0.51      0.51      0.55      0.56      0.52      0.55      0.37      0.56      0.67      0.38      0.64
  6662.00      0.33      0.32      0.31      0.33      0.35      0.32      0.33      0.21      0.33      0.41      0.24      0.39
  6663.00      0.43      0.42      0.41      0.42      0.47      0.41      0.43      0.27      0.43      0.53      0.31      0.51
  6664.00      0.47      0.45      0.44      0.45      0.53      0.44      0.46      0.28      0.45      0.57      0.34      0.54
  6665.00      0.71      0.69      0.68      0.69      0.84      0.68      0.71      0.45      0.67      0.87      0.53      0.82
  6666.00      1.06      1.02      1.05      1.05      1.31      1.02      1.08      0.73      0.95      1.31      0.81      1.23
  6667.00      1.06      1.02      1.07      1.06      1.37      1.03      1.11      0.82      0.89      1.32      0.83      1.25
  6668.00      1.04      0.98      1.06      1.04      1.36      1.01      1.09      0.88      0.79      1.29      0.84      1.23
  6669.00      1.04      0.97      1.06      1.04      1.33      1.00      1.08      0.94      0.70      1.27      0.87      1.22
  6670.00      1.10      1.03      1.15      1.12      1.36      1.05      1.12      1.06      0.66      1.35      0.97      1.28
  6671.00      1.14      1.09      1.24      1.18      1.35      1.09      1.15      1.15      0.63      1.43      1.09      1.32
  6672.00      1.16      1.12      1.34      1.22      1.30      1.11      1.16      1.22      0.61      1.48      1.23      1.34
  6673.00      1.17      1.15      1.48      1.23      1.23      1.14      1.17      1.27      0.60      1.50      1.37      1.32
  6674.00      1.20      1.18      1.66      1.25      1.18      1.17      1.18      1.30      0.61      1.53      1.53      1.29
  6675.00      1.29      1.26      1.93      1.34      1.19      1.24      1.25      1.40      0.67      1.62      1.78      1.35
  6676.00      1.26      1.20      1.95      1.28      1.10      1.17      1.19      1.33      0.68      1.54      1.87      1.29
  6677.00      0.58      0.53      0.91      0.58      0.48      0.52      0.54      0.60      0.35      0.69      0.94      0.59
  6678.00      0.34      0.31      0.54      0.34      0.28      0.31      0.33      0.36      0.25      0.41      0.62      0.37
  6679.00      0.38      0.36      0.60      0.39      0.32      0.35      0.38      0.41      0.34      0.47      0.77      0.44
  6680.00      0.33      0.32      0.51      0.34      0.27      0.32      0.34      0.36      0.35      0.42      0.73      0.40
  6681.00      0.55      0.55      0.82      0.57      0.44      0.54      0.57      0.60      0.67      0.70      1.29      0.68
  6682.00      1.23      1.21      1.79      1.27      0.93      1.21      1.25      1.30      1.61      1.51      2.84      1.49
  6683.00      1.37      1.30      1.98      1.42      0.99      1.33      1.37      1.40      1.86      1.67      3.08      1.59
  6684.00      1.36      1.25      1.96      1.42      0.98      1.30      1.36      1.36      1.89      1.67      2.92      1.54
  6685.00      1.28      1.17      1.84      1.36      0.97      1.23      1.29      1.30      1.80      1.62      2.59      1.45
  6686.00      1.20      1.10      1.67      1.28      0.99      1.16      1.21      1.24      1.66      1.55      2.19      1.37
  6687.00      1.13      1.04      1.48      1.19      1.02      1.10      1.14      1.19      1.52      1.47      1.79      1.32
  6688.00      1.06      0.98      1.29      1.09      1.03      1.05      1.06      1.12      1.37      1.38      1.58      1.26
  6689.00      0.95      0.90      1.07      0.97      0.97      0.95      0.95      1.01      1.19      1.23      1.74      1.16
  6690.00      0.64      0.61      0.69      0.66      0.67      0.64      0.64      0.68      0.77      0.83      1.72      0.80
  6691.00      0.47      0.45      0.49      0.49      0.50      0.47      0.47      0.50      0.55      0.60      2.16      0.59
  6692.00      0.70      0.66      0.71      0.72      0.74      0.69      0.70      0.73      0.79      0.89      4.77      0.87
  6693.00      1.03      0.95      1.05      1.07      1.08      1.01      1.04      1.06      1.14      1.30      8.97      1.27
  6694.00      1.07      0.95      1.09      1.13      1.10      1.06      1.09      1.11      1.17      1.35     11.40      1.33
  6695.00      1.07      0.95      1.09      1.16      1.09      1.07      1.11      1.12      1.18      1.36     13.02      1.36
  6696.00      1.04      0.95      1.06      1.15      1.05      1.05      1.10      1.10      1.18      1.34     13.68      1.35
  6697.00      1.01      0.97      1.03      1.13      1.02      1.03      1.08      1.07      1.18      1.30     13.60      1.34
  6698.00      1.00      0.99      1.01      1.12      1.02      1.02      1.08      1.06      1.20      1.30     12.85      1.34
  6699.00      0.99      0.99      1.00      1.09      1.01      1.00      1.05      1.04      1.20      1.29     11.61      1.31
  6700.00      0.95      0.95      0.97      1.04      0.98      0.96      1.01      1.00      1.17      1.24     10.07      1.26
  6701.00      0.91      0.90      0.93      0.99      0.95      0.92      0.96      0.97      1.12      1.18      8.51      1.21
  6702.00      0.96      0.94      0.98      1.05      1.01      0.98      1.02      1.05      1.18      1.25      7.77      1.28
  6703.00      0.98      0.93      0.98      1.07      1.03      1.02      1.03      1.08      1.19      1.26      6.84      1.29
  6704.00      0.99      0.92      0.97      1.07      1.03      1.03      1.04      1.07      1.18      1.26      5.93      1.28
  6705.00      0.97      0.89      0.94      1.05      1.01      1.00      1.02      1.04      1.14      1.23      5.04      1.23
  6706.00      0.91      0.84      0.87      0.96      0.94      0.92      0.94      0.95      1.05      1.14      4.09      1.13
  6707.00      0.97      0.89      0.94      1.01      1.01      0.96      1.00      1.00      1.11      1.22      3.79      1.19
  6708.00      1.02      0.93      0.99      1.05      1.07      1.00      1.04      1.05      1.17      1.27      3.48      1.25
  6709.00      1.03      0.93      1.00      1.05      1.06      0.99      1.03      1.06      1.17      1.26      3.08      1.25
  6710.00      1.04      0.93      1.00      1.06      1.05      0.98      1.02      1.07      1.17      1.24      2.72      1.23
  6711.00      1.04      0.95      0.99      1.06      1.03      0.97      1.02      1.09      1.18      1.24      2.44      1.21
  6712.00      1.02      0.96      0.98      1.04      1.01      0.96      1.00      1.08      1.17      1.24      2.18      1.17
  6713.00      1.01      0.96      0.96      1.03      1.00      0.97      1.00      1.09      1.17      1.26      2.00      1.14
  6714.00      1.00      0.96      0.95      1.04      1.02      0.99      1.02      1.09      1.17      1.30      1.87      1.15
  6715.00      0.99      0.97      0.94      1.05      1.04      1.00      1.03      1.09      1.16      1.33      1.76      1.18
  6716.00      0.97      0.98      0.94      1.04      1.06      1.01      1.04      1.08      1.13      1.33      1.65      1.20
  6717.00      0.97      0.98      0.94      1.03      1.06      1.01      1.04      1.08      1.10      1.33      1.56      1.22
  6718.00      0.93      0.93      0.90      0.98      1.02      0.96      0.98      1.04      1.02      1.27      1.42      1.18
  6719.00      0.90      0.88      0.87      0.94      0.98      0.92      0.94      1.00      0.97      1.22      1.31      1.14
  6720.00      0.94      0.89      0.92      0.98      1.03      0.96      0.98      1.05      1.02      1.28      1.34      1.18
  6721.00      0.99      0.89      0.95      1.01      1.06      0.98      0.99      1.08      1.06      1.32      1.34      1.21
  6722.00      1.03      0.90      0.98      1.03      1.08      1.00      1.00      1.08      1.08      1.35      1.35      1.24
  6723.00      1.07      0.93      1.00      1.04      1.09      1.01      1.00      1.09      1.10      1.37      1.35      1.26
  6724.00      1.08      0.96      1.00      1.06      1.08      1.02      1.00      1.10      1.11      1.37      1.35      1.27
  6725.00      1.06      0.95      0.98      1.05      1.06      1.02      0.99      1.08      1.11      1.35      1.33      1.25
  6726.00      1.05      0.94      0.98      1.05      1.06      1.03      1.00      1.08      1.12      1.35      1.33      1.24
  6727.00      1.04      0.93      0.99      1.05      1.06      1.03      1.01      1.06      1.13      1.34      1.33      1.23
  6728.00      1.02      0.93      1.00      1.05      1.04      1.03      1.01      1.04      1.14      1.32      1.31      1.19
  6729.00      1.03      0.96      1.01      1.06      1.04      1.04      1.02      1.05      1.16      1.33      1.31      1.16
  6730.00      1.04      0.97      0.99      1.06      1.04      1.03      1.01      1.05      1.16      1.35      1.31      1.14
  6731.00      1.03      0.95      0.95      1.04      1.04      1.01      0.99      1.02      1.15      1.33      1.29      1.14
  6732.00      0.99      0.91      0.89      1.00      1.01      0.97      0.95      0.98      1.11      1.28      1.25      1.12
  6733.00      0.94      0.88      0.84      0.95      0.97      0.92      0.91      0.93      1.06      1.21      1.20      1.09
  6734.00      0.95      0.92      0.85      0.97      0.98      0.95      0.93      0.94      1.09      1.22      1.22      1.13
  6735.00      1.01      1.00      0.91      1.06      1.03      1.03      1.02      1.01      1.19      1.29      1.33      1.24
  6736.00      1.02      1.03      0.93      1.09      1.04      1.05      1.05      1.03      1.22      1.31      1.37      1.28
  6737.00      1.00      1.02      0.93      1.08      1.02      1.03      1.06      1.03      1.22      1.29      1.37      1.26
  6738.00      1.00      0.98      0.94      1.07      1.03      1.01      1.06      1.03      1.21      1.29      1.38      1.21
  6739.00      1.01      0.96      0.95      1.06      1.05      0.99      1.07      1.03      1.21      1.29      1.39      1.18
  6740.00      1.03      0.96      0.97      1.06      1.09      0.99      1.07      1.05      1.22      1.30      1.39      1.17
  6741.00      1.00      0.94      0.94      1.03      1.08      0.96      1.03      1.03      1.18      1.27      1.34      1.12
  6742.00      0.95      0.92      0.89      1.01      1.05      0.95      0.98      0.99      1.13      1.23      1.28      1.08
  6743.00      1.00      0.96      0.92      1.07      1.10      1.00      1.02      1.03      1.17      1.30      1.32      1.14
  6744.00      1.03      1.00      0.94      1.10      1.12      1.04      1.04      1.06      1.20      1.34      1.35      1.18
  6745.00      1.03      0.99      0.93      1.08      1.10      1.03      1.02      1.05      1.18      1.33      1.33      1.17
  6746.00      0.97      0.93      0.87      1.01      1.03      0.97      0.95      0.99      1.11      1.25      1.26      1.11
  6747.00      0.98      0.95      0.90      1.03      1.05      0.99      0.97      1.02      1.14      1.27      1.30      1.15
  6748.00      0.99      0.99      0.93      1.07      1.09      1.04      1.01      1.06      1.19      1.31      1.36      1.19
  6749.00      0.99      1.02      0.95      1.09      1.11      1.07      1.01      1.08      1.21      1.32      1.38      1.21
  6750.00      0.97      1.04      0.95      1.09      1.11      1.08      1.01      1.08      1.21      1.32      1.39      1.20
  6751.00      0.97      1.03      0.96      1.11      1.12      1.10      1.02      1.09      1.24      1.33      1.39      1.19
  6752.00      0.96      1.01      0.96      1.11      1.10      1.08      1.02      1.08      1.24      1.33      1.38      1.14
  6753.00      0.95      1.00      0.95      1.11      1.06      1.07      1.01      1.06      1.24      1.31      1.36      1.07
  6754.00      0.95      1.01      0.93      1.12      1.03      1.06      1.00      1.04      1.24      1.29      1.35      1.01
  6755.00      0.95      1.03      0.93      1.12      1.02      1.06      0.99      1.03      1.25      1.29      1.36      0.96
  6756.00      0.97      1.04      0.94      1.13      1.03      1.06      0.97      1.04      1.26      1.29      1.38      0.93
  6757.00      0.98      1.03      0.93      1.11      1.04      1.07      0.95      1.05      1.24      1.29      1.38      0.91
  6758.00      0.99      1.02      0.93      1.10      1.05      1.07      0.93      1.07      1.21      1.30      1.38      0.87
  6759.00      0.97      1.02      0.91      1.07      1.05      1.05      0.91      1.07      1.18      1.29      1.37      0.82
  6760.00      0.98      1.03      0.92      1.08      1.08      1.05      0.92      1.09      1.18      1.31      1.37      0.75
  6761.00      0.96      1.01      0.91      1.05      1.07      1.02      0.91      1.07      1.16      1.30      1.33      0.63
  6762.00      0.95      0.99      0.93      1.04      1.07      1.00      0.91      1.04      1.14      1.30      1.31      0.52
  6763.00      0.91      0.95      0.94      1.01      1.03      0.96      0.89      1.01      1.12      1.27      1.26      0.45
  6764.00      0.55      0.57      0.58      0.62      0.62      0.58      0.54      0.61      0.69      0.78      0.77      0.26
  6765.00      0.36      0.38      0.39      0.41      0.40      0.38      0.36      0.40      0.46      0.52      0.50      0.18
  6766.00      0.55      0.58      0.58      0.63      0.61      0.58      0.54      0.62      0.70      0.79      0.75      0.32
  6767.00      0.92      0.97      0.96      1.04      1.02      0.97      0.91      1.03      1.18      1.30      1.23      0.61
  6768.00      1.00      1.03      1.02      1.10      1.08      1.03      0.97      1.10      1.26      1.36      1.29      0.74
  6769.00      1.05      1.04      1.04      1.09      1.10      1.04      0.99      1.11      1.29      1.35      1.30      0.84
  6770.00      1.06      1.03      1.03      1.06      1.09      1.03      0.98      1.08      1.28      1.33      1.28      0.90
  6771.00      1.06      1.02      1.00      1.04      1.06      1.03      0.97      1.04      1.25      1.30      1.25      0.94
  6772.00      1.07      1.03      1.00      1.04      1.05      1.05      0.98      1.04      1.26      1.32      1.26      1.00
  6773.00      1.08      1.03      1.01      1.04      1.04      1.06      0.98      1.05      1.26      1.35      1.28      1.06
  6774.00      1.07      1.01      1.03      1.03      1.01      1.05      0.96      1.05      1.24      1.37      1.28      1.10
  6775.00      1.06      1.00      1.05      1.04      1.02      1.04      0.96      1.05      1.24      1.40      1.29      1.15
  6776.00      1.04      0.99      1.06      1.04      1.03      1.03      0.97      1.06      1.22      1.40      1.29      1.18
  6777.00      1.01      1.01      1.04      1.05      1.04      1.03      0.98      1.06      1.21      1.40      1.30      1.20
  6778.00      1.00      1.02      1.02      1.05      1.05      1.03      1.00      1.05      1.21      1.39      1.31      1.22
  6779.00      1.01      1.03      1.00      1.06      1.07      1.05      1.02      1.05      1.23      1.39      1.33      1.24
  6780.00      1.00      1.02      0.99      1.06      1.07      1.06      1.04      1.04      1.25      1.38      1.35      1.25
  6781.00      0.98      1.00      0.98      1.06      1.07      1.06      1.04      1.03      1.25      1.36      1.36      1.23
  6782.00      0.97      1.00      0.97      1.07      1.06      1.07      1.06      1.04      1.26      1.36      1.40      1.20
  6783.00      0.97      1.01      0.96      1.08      1.04      1.07      1.07      1.04      1.27      1.35      1.43      1.18
  6784.00      0.96      0.99      0.95      1.08      1.01      1.05      1.05      1.03      1.25      1.31      1.41      1.19
  6785.00      0.95      0.97      0.95      1.08      0.99      1.03      1.03      1.03      1.23      1.28      1.40      1.20
  6786.00      0.93      0.94      0.94      1.06      0.97      0.99      0.99      1.01      1.18      1.24      1.36      1.19
  6787.00      0.95      0.94      0.95      1.08      0.99      0.99      1.00      1.02      1.18      1.25      1.35      1.22
  6788.00      0.96      0.95      0.96      1.08      1.02      1.00      1.01      1.04      1.17      1.27      1.34      1.26
  6789.00      0.97      0.96      0.96      1.07      1.03      1.00      1.02      1.05      1.16      1.28      1.32      1.27
  6790.00      0.98      0.97      0.95      1.06      1.04      0.99      1.02      1.04      1.14      1.29      1.29      1.26
  6791.00      1.01      0.98      0.97      1.07      1.04      0.99      1.02      1.05      1.16      1.31      1.28      1.23
  6792.00      1.02      0.98      0.98      1.08      1.04      0.99      1.03      1.05      1.18      1.31      1.28      1.21
  6793.00      1.03      0.98      0.98      1.08      1.04      0.99      1.05      1.05      1.20      1.30      1.29      1.21
  6794.00      1.02      0.98      0.98      1.07      1.06      1.00      1.07      1.06      1.22      1.30      1.30      1.22
  6795.00      1.02      0.98      0.97      1.07      1.07      1.01      1.10      1.07      1.24      1.30      1.31      1.23
  6796.00      1.02      0.99      0.95      1.06      1.07      1.01      1.09      1.07      1.24      1.28      1.31      1.23
  6797.00      1.01      0.99      0.95      1.06      1.06      1.03      1.08      1.07      1.24      1.26      1.31      1.25
  6798.00      1.00      0.98      0.97      1.06      1.05      1.03      1.06      1.07      1.23      1.25      1.29      1.27
  6799.00      0.99      0.96      0.99      1.05      1.04      1.04      1.03      1.05      1.22      1.23      1.27      1.29
  6800.00      0.99      0.97      1.01      1.04      1.06      1.05      1.01      1.05      1.23      1.23      1.27      1.31
  6801.00      0.98      0.96      1.00      1.01      1.07      1.04      0.99      1.04      1.20      1.21      1.24      1.30
  6802.00      0.98      0.96      0.99      1.01      1.09      1.04      0.99      1.05      1.20      1.21      1.25      1.30
  6803.00      0.97      0.95      0.99      1.01      1.10      1.02      0.98      1.05      1.18      1.21      1.25      1.29
  6804.00      0.94      0.92      0.97      1.00      1.08      0.98      0.95      1.03      1.15      1.19      1.22      1.23
  6805.00      0.94      0.89      0.95      0.99      1.05      0.94      0.92      1.00      1.12      1.16      1.19      1.17
  6806.00      1.00      0.93      0.99      1.05      1.09      0.97      0.96      1.06      1.18      1.22      1.24      1.19
  6807.00      1.03      0.94      1.00      1.07      1.09      0.97      0.97      1.07      1.19      1.24      1.26      1.17
  6808.00      1.03      0.95      1.00      1.07      1.06      0.97      0.96      1.07      1.19      1.23      1.25      1.14
  6809.00      1.01      0.97      0.99      1.07      1.04      0.97      0.96      1.06      1.17      1.22      1.24      1.13
  6810.00      0.99      0.98      0.98      1.07      1.02      0.96      0.96      1.05      1.15      1.20      1.23      1.12
  6811.00      0.99      0.98      0.98      1.08      1.02      0.97      0.97      1.05      1.14      1.19      1.22      1.13
  6812.00      1.00      0.97      0.98      1.09      1.02      0.97      0.97      1.06      1.14      1.17      1.22      1.12
  6813.00      1.02      0.97      0.99      1.09      1.02      0.98      0.97      1.06      1.14      1.17      1.23      1.12
  6814.00      1.02      0.97      1.00      1.10      1.02      0.98      0.97      1.07      1.15      1.18      1.24      1.10
  6815.00      1.01      0.97      1.01      1.11      1.02      0.99      0.98      1.08      1.16      1.19      1.27      1.08
  6816.00      0.99      0.98      1.01      1.13      1.03      1.00      0.99      1.09      1.16      1.20      1.30      1.07
  6817.00      1.00      0.98      1.01      1.17      1.04      1.01      1.00      1.09      1.15      1.22      1.35      1.08
  6818.00      1.02      0.99      1.01      1.19      1.03      1.03      1.00      1.08      1.14      1.22      1.38      1.10
  6819.00      1.05      1.00      1.00      1.21      1.03      1.04      1.02      1.08      1.13      1.21      1.40      1.14
  6820.00      1.06      0.98      1.01      1.19      1.03      1.04      1.03      1.07      1.12      1.19      1.41      1.18
  6821.00      1.04      0.97      1.02      1.16      1.04      1.04      1.04      1.07      1.13      1.17      1.43      1.22
  6822.00      1.03      0.97      1.03      1.13      1.06      1.02      1.06      1.08      1.15      1.17      1.46      1.25
  6823.00      1.00      0.98      1.03      1.11      1.06      0.99      1.05      1.09      1.16      1.16      1.46      1.25
  6824.00      1.00      1.00      1.02      1.08      1.04      0.96      1.03      1.09      1.17      1.14      1.45      1.23
  6825.00      1.02      1.02      1.01      1.07      1.03      0.95      1.02      1.09      1.16      1.15      1.46      1.22
  6826.00      1.02      1.01      0.99      1.05      1.00      0.92      0.99      1.07      1.13      1.14      1.46      1.19
  6827.00      1.00      0.97      0.97      1.01      0.99      0.89      0.96      1.04      1.09      1.13      1.44      1.15
  6828.00      0.99      0.96      0.96      0.99      0.99      0.87      0.95      1.03      1.07      1.12      1.44      1.12
  6829.00      0.98      0.93      0.92      0.95      0.98      0.85      0.92      0.99      1.05      1.07      1.40      1.08
  6830.00      1.00      0.94      0.91      0.95      0.99      0.87      0.93      0.99      1.07      1.04      1.43      1.10
  6831.00      0.89      0.85      0.81      0.85      0.88      0.78      0.84      0.88      0.98      0.89      1.29      0.98
  6832.00      0.74      0.72      0.69      0.75      0.74      0.66      0.72      0.75      0.85      0.71      1.11      0.83
  6833.00      0.87      0.86      0.84      0.93      0.87      0.79      0.87      0.90      1.04      0.79      1.34      0.99
  6834.00      0.93      0.92      0.92      1.02      0.95      0.84      0.95      0.97      1.13      0.79      1.45      1.04
  6835.00      0.69      0.67      0.66      0.74      0.69      0.60      0.69      0.71      0.82      0.53      1.06      0.74
  6836.00      0.50      0.47      0.46      0.51      0.49      0.42      0.48      0.50      0.57      0.35      0.74      0.50
  6837.00      0.69      0.65      0.62      0.69      0.66      0.56      0.65      0.69      0.77      0.45      1.01      0.64
  6838.00      0.94      0.86      0.84      0.92      0.87      0.75      0.86      0.94      1.02      0.60      1.36      0.81
  6839.00      1.02      0.94      0.92      1.01      0.94      0.83      0.94      1.04      1.11      0.67      1.51      0.85
  6840.00      1.05      0.96      0.93      1.04      0.93      0.86      0.96      1.06      1.13      0.71      1.57      0.82
  6841.00      0.98      0.89      0.85      0.97      0.86      0.81      0.90      0.98      1.04      0.69      1.49      0.70
  6842.00      0.85      0.77      0.73      0.85      0.76      0.73      0.79      0.85      0.91      0.64      1.34      0.57
  6843.00      0.78      0.71      0.66      0.79      0.73      0.69      0.74      0.80      0.84      0.61      1.26      0.48
  6844.00      0.61      0.55      0.52      0.61      0.59      0.55      0.59      0.63      0.66      0.49      1.00      0.34
  6845.00      0.81      0.74      0.69      0.82      0.80      0.74      0.79      0.85      0.87      0.65      1.34      0.43
  6846.00      1.01      0.94      0.88      1.03      1.02      0.93      0.99      1.06      1.09      0.80      1.68      0.51
  6847.00      1.02      0.96      0.91      1.05      1.04      0.93      1.01      1.07      1.12      0.81      1.71      0.52
  6848.00      1.03      0.98      0.93      1.06      1.04      0.93      1.03      1.06      1.14      0.83      1.72      0.56
  6849.00      1.05      1.00      0.96      1.07      1.04      0.93      1.05      1.06      1.15      0.86      1.73      0.63
  6850.00      1.05      0.99      0.97      1.07      1.03      0.92      1.04      1.05      1.14      0.91      1.71      0.69
  6851.00      1.01      0.95      0.95      1.04      0.99      0.88      1.01      1.02      1.10      0.97      1.64      0.74
  6852.00      0.93      0.87      0.88      0.96      0.91      0.82      0.93      0.94      1.01      1.01      1.50      0.75
  6853.00      0.97      0.91      0.92      1.00      0.95      0.85      0.96      0.98      1.06      1.17      1.54      0.83
  6854.00      1.03      0.96      0.95      1.04      0.99      0.89      0.99      1.01      1.10      1.34      1.59      0.90
  6855.00      1.06      1.00      0.97      1.05      1.01      0.92      1.01      1.03      1.13      1.46      1.62      0.92
  6856.00      1.07      1.02      0.98      1.05      1.03      0.94      1.03      1.05      1.15      1.55      1.63      0.92
  6857.00      1.03      1.01      0.95      1.03      1.02      0.95      1.02      1.05      1.16      1.56      1.61      0.88
  6858.00      0.97      0.99      0.92      1.00      0.99      0.94      0.99      1.04      1.14      1.50      1.55      0.81
  6859.00      0.97      1.00      0.93      1.00      1.00      0.98      0.99      1.06      1.16      1.49      1.54      0.77
  6860.00      0.99      1.00      0.96      1.02      1.02      1.00      0.99      1.07      1.17      1.48      1.54      0.73
  6861.00      1.01      0.98      0.97      1.03      1.03      1.00      0.96      1.07      1.17      1.44      1.51      0.69
  6862.00      1.01      0.96      0.97      1.02      1.02      0.99      0.91      1.05      1.15      1.40      1.46      0.67
  6863.00      0.99      0.94      0.94      1.00      1.00      0.96      0.86      1.03      1.13      1.35      1.41      0.66
  6864.00      0.91      0.88      0.85      0.93      0.92      0.88      0.76      0.96      1.05      1.24      1.28      0.65
  6865.00      0.41      0.40      0.38      0.42      0.41      0.40      0.33      0.43      0.47      0.56      0.58      0.32
  6866.00      0.25      0.24      0.23      0.25      0.25      0.24      0.18      0.26      0.28      0.34      0.35      0.21
  6867.00      0.40      0.37      0.37      0.40      0.39      0.38      0.26      0.41      0.44      0.52      0.54      0.36
  6868.00      0.82      0.75      0.75      0.80      0.77      0.78      0.48      0.84      0.86      1.05      1.08      0.80
  6869.00      0.83      0.76      0.76      0.79      0.77      0.77      0.43      0.84      0.85      1.06      1.09      0.89
  6870.00      0.77      0.73      0.71      0.73      0.73      0.73      0.38      0.79      0.81      1.03      1.06      0.94
  6871.00      0.86      0.85      0.82      0.83      0.85      0.85      0.42      0.91      0.94      1.23      1.26      1.18
  6872.00      0.66      0.66      0.63      0.64      0.65      0.66      0.33      0.70      0.74      0.98      0.99      0.97
  6873.00      0.45      0.45      0.42      0.46      0.44      0.45      0.23      0.48      0.51      0.70      0.69      0.68
  6874.00      0.67      0.66      0.63      0.70      0.65      0.68      0.38      0.72      0.76      1.08      1.02      1.02
  6875.00      0.96      0.97      0.91      1.04      0.92      1.00      0.61      1.05      1.11      1.61      1.48      1.46
  6876.00      0.96      0.97      0.93      1.05      0.91      1.01      0.69      1.07      1.11      1.67      1.46      1.43
  6877.00      0.94      0.94      0.93      1.02      0.88      0.98      0.75      1.06      1.09      1.66      1.40      1.35
  6878.00      0.88      0.86      0.87      0.95      0.82      0.92      0.76      1.00      1.02      1.56      1.29      1.23
  6879.00      0.78      0.74      0.75      0.83      0.72      0.81      0.71      0.88      0.88      1.34      1.12      1.04
  6880.00      0.89      0.84      0.82      0.92      0.82      0.91      0.82      0.97      0.98      1.44      1.24      1.13
  6881.00      1.05      1.00      0.93      1.07      0.97      1.09      0.99      1.11      1.15      1.61      1.45      1.32
  6882.00      0.82      0.80      0.73      0.85      0.79      0.88      0.81      0.87      0.92      1.23      1.17      1.05
  6883.00      0.61      0.61      0.56      0.65      0.62      0.68      0.62      0.65      0.70      0.91      0.91      0.80
  6884.00      0.75      0.76      0.70      0.82      0.79      0.85      0.78      0.80      0.89      1.11      1.15      1.02
  6885.00      0.93      0.92      0.87      1.02      0.97      1.03      0.94      0.98      1.09      1.33      1.43      1.28
  6886.00      0.97      0.94      0.91      1.05      1.00      1.04      0.96      1.01      1.12      1.35      1.48      1.36
  6887.00      0.95      0.89      0.88      1.02      0.96      0.98      0.91      0.98      1.08      1.28      1.42      1.35
  6888.00      0.86      0.79      0.79      0.91      0.85      0.87      0.81      0.89      0.97      1.13      1.26      1.25
  6889.00      0.75      0.71      0.71      0.80      0.74      0.74      0.71      0.79      0.85      0.98      1.11      1.10
  6890.00      0.67      0.65      0.65      0.71      0.66      0.65      0.64      0.71      0.77      0.87      0.99      0.97
  6891.00      0.59      0.58      0.59      0.63      0.59      0.57      0.57      0.64      0.69      0.77      0.88      0.84
  6892.00      0.81      0.80      0.82      0.87      0.81      0.78      0.78      0.89      0.95      1.05      1.19      1.11
  6893.00      0.98      0.94      0.99      1.04      0.95      0.92      0.91      1.05      1.12      1.25      1.41      1.24
  6894.00      1.00      0.95      1.01      1.06      0.97      0.94      0.92      1.07      1.14      1.28      1.45      1.22
  6895.00      0.93      0.88      0.94      0.98      0.89      0.88      0.85      0.99      1.06      1.19      1.36      1.11
  6896.00      0.63      0.60      0.64      0.66      0.61      0.61      0.58      0.68      0.72      0.81      0.94      0.75
  6897.00      0.68      0.68      0.72      0.74      0.70      0.69      0.68      0.77      0.82      0.90      1.08      0.83
  6898.00      0.98      1.03      1.08      1.08      1.03      1.02      1.03      1.13      1.20      1.33      1.60      1.20
  6899.00      0.97      1.04      1.07      1.07      1.03      1.01      1.06      1.13      1.20      1.33      1.61      1.17
  6900.00      0.79      0.85      0.86      0.86      0.83      0.82      0.90      0.91      0.97      1.10      1.30      0.92
  6901.00      0.88      0.90      0.91      0.94      0.90      0.88      1.02      0.99      1.03      1.20      1.38      0.97
  6902.00      0.96      0.94      0.98      1.02      0.97      0.96      1.16      1.08      1.10      1.31      1.48      1.05
  6903.00      0.84      0.79      0.85      0.88      0.84      0.83      1.04      0.94      0.94      1.13      1.29      0.93
  6904.00      0.83      0.77      0.83      0.84      0.82      0.81      1.03      0.91      0.90      1.08      1.25      0.93
  6905.00      0.83      0.77      0.80      0.82      0.82      0.79      1.02      0.90      0.87      1.04      1.21      0.94
  6906.00      1.08      0.99      1.01      1.04      1.05      1.00      1.28      1.14      1.12      1.32      1.54      1.23
  6907.00      1.15      1.06      1.08      1.12      1.13      1.07      1.32      1.21      1.21      1.42      1.66      1.33
  6908.00      1.08      0.99      1.01      1.06      1.07      1.01      1.17      1.12      1.15      1.36      1.57      1.25
  6909.00      1.03      0.95      0.99      1.05      1.05      0.99      1.07      1.07      1.14      1.34      1.52      1.20
  6910.00      1.02      0.94      0.99      1.06      1.06      1.00      1.00      1.06      1.15      1.34      1.52      1.16
  6911.00      1.04      0.95      1.00      1.06      1.07      1.01      0.96      1.04      1.15      1.34      1.52      1.12
  6912.00      1.07      0.96      1.02      1.06      1.07      1.02      0.94      1.04      1.17      1.33      1.54      1.10
  6913.00      1.06      0.93      1.00      1.01      1.04      0.99      0.90      1.01      1.13      1.28      1.49      1.05
  6914.00      1.01      0.89      0.97      0.95      1.00      0.95      0.87      0.97      1.07      1.21      1.43      1.00
  6915.00      1.07      0.97      1.05      1.01      1.10      1.04      0.96      1.06      1.17      1.31      1.56      1.10
  6916.00      1.10      1.04      1.09      1.05      1.16      1.09      1.01      1.12      1.24      1.38      1.64      1.17
  6917.00      1.02      0.98      1.00      0.98      1.09      1.02      0.94      1.04      1.15      1.28      1.52      1.10
  6918.00      0.95      0.91      0.93      0.92      1.01      0.94      0.86      0.96      1.07      1.18      1.40      1.02
  6919.00      0.88      0.85      0.87      0.87      0.93      0.87      0.79      0.89      1.01      1.10      1.28      0.95
  6920.00      1.00      0.99      1.04      1.02      1.08      1.01      0.92      1.04      1.19      1.29      1.45      1.10
  6921.00      1.05      1.05      1.12      1.07      1.14      1.06      0.96      1.11      1.25      1.39      1.49      1.15
  6922.00      1.00      0.98      1.05      0.99      1.06      0.98      0.90      1.06      1.16      1.33      1.35      1.06
  6923.00      0.93      0.91      0.95      0.90      0.96      0.89      0.81      0.98      1.06      1.22      1.19      0.96
  6924.00      0.47      0.46      0.46      0.45      0.47      0.43      0.39      0.49      0.52      0.61      0.56      0.45
  6925.00      0.30      0.29      0.28      0.28      0.30      0.27      0.24      0.30      0.32      0.38      0.33      0.27
  6926.00      0.47      0.48      0.46      0.47      0.49      0.44      0.39      0.50      0.51      0.62      0.50      0.42
  6927.00      0.92      0.98      0.95      0.96      0.99      0.92      0.79      1.02      1.05      1.26      0.94      0.80
  6928.00      0.92      0.99      0.98      0.99      1.01      0.96      0.82      1.06      1.09      1.31      0.89      0.78
  6929.00      0.89      0.94      0.94      0.95      0.97      0.93      0.79      1.02      1.05      1.27      0.78      0.72
  6930.00      0.95      0.95      0.97      1.00      0.99      0.96      0.82      1.07      1.08      1.32      0.73      0.70
  6931.00      0.99      0.96      1.00      1.03      1.02      0.99      0.84      1.11      1.12      1.36      0.70      0.66
  6932.00      1.00      0.96      0.99      1.02      1.01      0.99      0.84      1.10      1.12      1.35      0.66      0.59
  6933.00      1.03      0.98      1.00      1.01      1.02      1.00      0.86      1.09      1.13      1.35      0.64      0.53
  6934.00      1.05      1.00      1.01      1.01      1.02      1.00      0.87      1.08      1.14      1.34      0.65      0.48
  6935.00      1.04      1.00      1.02      1.02      1.02      0.99      0.86      1.07      1.14      1.34      0.69      0.44
  6936.00      1.03      1.00      1.01      1.03      1.03      0.98      0.86      1.07      1.15      1.35      0.77      0.40
  6937.00      1.03      0.99      1.00      1.02      1.04      0.99      0.85      1.06      1.15      1.35      0.89      0.37
  6938.00      1.06      0.99      0.97      1.01      1.04      0.99      0.84      1.06      1.14      1.34      1.04      0.35
  6939.00      1.07      0.98      0.94      0.99      1.03      0.99      0.83      1.07      1.12      1.33      1.19      0.34
  6940.00      1.07      0.96      0.93      0.97      1.02      0.98      0.82      1.07      1.09      1.32      1.30      0.36
  6941.00      1.06      0.95      0.92      0.97      1.02      0.97      0.80      1.07      1.07      1.31      1.39      0.40
  6942.00      1.05      0.97      0.93      0.97      1.04      0.96      0.79      1.08      1.05      1.30      1.47      0.48
  6943.00      1.01      0.97      0.91      0.93      1.03      0.94      0.76      1.06      1.02      1.26      1.47      0.57
  6944.00      0.94      0.91      0.87      0.87      0.99      0.91      0.72      0.99      0.97      1.20      1.40      0.63
  6945.00      0.98      0.93      0.92      0.93      1.05      0.99      0.77      1.04      1.03      1.26      1.48      0.75
  6946.00      1.01      0.93      0.98      0.99      1.09      1.07      0.82      1.08      1.08      1.31      1.55      0.85
  6947.00      1.01      0.94      1.00      1.01      1.10      1.09      0.84      1.10      1.11      1.33      1.58      0.91
  6948.00      0.97      0.94      0.98      0.97      1.08      1.08      0.84      1.09      1.10      1.32      1.55      0.93
  6949.00      0.87      0.87      0.88      0.86      0.97      0.96      0.75      0.99      0.98      1.20      1.41      0.87
  6950.00      0.41      0.41      0.41      0.39      0.45      0.45      0.34      0.47      0.46      0.57      0.67      0.43
  6951.00      0.26      0.25      0.26      0.24      0.28      0.28      0.21      0.29      0.28      0.35      0.42      0.27
  6952.00      0.45      0.41      0.42      0.38      0.46      0.45      0.33      0.47      0.46      0.56      0.69      0.43
  6953.00      0.96      0.87      0.90      0.79      0.97      0.94      0.68      0.98      0.95      1.14      1.46      0.90
  6954.00      1.03      0.95      0.96      0.83      1.04      1.01      0.72      1.03      1.00      1.18      1.56      0.93
  6955.00      1.02      0.97      0.96      0.84      1.03      1.03      0.73      1.03      0.98      1.17      1.60      0.91
  6956.00      0.98      0.96      0.94      0.83      0.99      1.02      0.71      1.02      0.94      1.14      1.61      0.89
  6957.00      0.94      0.93      0.91      0.82      0.94      0.98      0.68      0.99      0.89      1.12      1.61      0.86
  6958.00      0.95      0.93      0.91      0.84      0.93      0.99      0.65      1.00      0.88      1.16      1.68      0.88
  6959.00      0.98      0.95      0.93      0.89      0.96      1.01      0.62      1.03      0.89      1.22      1.80      0.92
  6960.00      1.01      0.95      0.95      0.94      0.99      1.03      0.59      1.04      0.90      1.26      1.92      0.94
  6961.00      0.96      0.92      0.92      0.95      0.96      1.00      0.54      0.99      0.84      1.22      1.90      0.89
  6962.00      0.97      0.94      0.94      0.99      0.98      1.02      0.52      0.99      0.82      1.24      1.93      0.89
  6963.00      1.02      0.99      0.97      1.06      1.03      1.07      0.51      1.03      0.80      1.30      1.98      0.91
  6964.00      1.05      1.01      0.97      1.07      1.04      1.08      0.49      1.05      0.75      1.33      1.94      0.92
  6965.00      1.04      1.00      0.95      1.06      1.02      1.07      0.46      1.05      0.68      1.33      1.84      0.91
  6966.00      1.03      0.98      0.94      1.03      1.00      1.07      0.44      1.03      0.61      1.32      1.74      0.92
  6967.00      1.02      0.94      0.91      0.99      0.96      1.04      0.42      1.00      0.55      1.29      1.60      0.91
  6968.00      1.02      0.92      0.90      0.95      0.93      1.03      0.43      0.97      0.51      1.27      1.52      0.90
  6969.00      1.07      0.97      0.95      0.99      0.98      1.09      0.50      1.01      0.53      1.33      1.55      0.95
  6970.00      1.07      0.98      0.96      1.00      0.99      1.11      0.56      1.01      0.55      1.34      1.54      0.97
  6971.00      0.76      0.71      0.70      0.73      0.73      0.81      0.45      0.72      0.43      0.97      1.11      0.72
  6972.00      0.53      0.49      0.49      0.52      0.52      0.58      0.35      0.50      0.33      0.68      0.79      0.53
  6973.00      0.75      0.70      0.68      0.74      0.74      0.84      0.52      0.72      0.51      0.95      1.12      0.80
  6974.00      1.02      0.93      0.91      1.00      1.00      1.17      0.72      0.97      0.76      1.26      1.51      1.15
  6975.00      1.04      0.91      0.90      0.99      0.99      1.19      0.71      0.98      0.83      1.25      1.50      1.26
  6976.00      1.10      0.94      0.91      1.01      1.01      1.23      0.69      1.00      0.92      1.27      1.52      1.40
  6977.00      1.10      0.92      0.87      0.98      1.00      1.21      0.65      0.99      0.96      1.24      1.48      1.50
  6978.00      1.12      0.91      0.85      0.97      1.01      1.19      0.64      0.99      0.99      1.24      1.46      1.64
  6979.00      0.97      0.75      0.71      0.80      0.86      0.98      0.55      0.84      0.85      1.05      1.22      1.52
  6980.00      0.76      0.56      0.54      0.59      0.65      0.72      0.44      0.63      0.65      0.79      0.92      1.27
  6981.00      1.04      0.74      0.72      0.77      0.86      0.94      0.63      0.83      0.86      1.04      1.23      1.84
  6982.00      1.30      0.90      0.89      0.92      1.06      1.14      0.86      1.02      1.04      1.26      1.51      2.45
  6983.00      1.32      0.91      0.89      0.91      1.09      1.13      0.95      1.02      1.05      1.27      1.51      2.65
  6984.00      1.32      0.94      0.88      0.89      1.10      1.12      1.04      1.01      1.06      1.26      1.50      2.80
  6985.00      1.30      0.96      0.87      0.88      1.10      1.09      1.10      1.00      1.06      1.25      1.47      2.87
  6986.00      1.26      0.97      0.88      0.87      1.09      1.08      1.14      1.01      1.06      1.24      1.45      2.87
  6987.00      1.22      0.96      0.88      0.87      1.06      1.06      1.15      1.02      1.06      1.24      1.44      2.80
  6988.00      1.15      0.89      0.85      0.86      1.00      1.01      1.10      0.99      1.03      1.19      1.39      2.56
  6989.00      1.14      0.87      0.87      0.89      0.99      1.01      1.09      1.00      1.04      1.19      1.42      2.37
  6990.00      1.17      0.91      0.92      0.95      1.02      1.05      1.13      1.05      1.08      1.23      1.50      2.22
  6991.00      1.17      0.94      0.94      0.99      1.02      1.07      1.14      1.06      1.10      1.23      1.53      1.98
  6992.00      1.15      0.95      0.94      1.00      1.01      1.06      1.12      1.05      1.08      1.20      1.52      1.87
  6993.00      1.14      0.97      0.94      1.02      1.02      1.07      1.11      1.07      1.07      1.19      1.53      2.27
  6994.00      1.11      0.97      0.94      1.02      1.02      1.08      1.10      1.08      1.05      1.16      1.53      3.19
  6995.00      1.07      0.98      0.96      1.04      1.04      1.10      1.10      1.11      1.05      1.16      1.54      5.21
  6996.00      1.06      0.98      0.96      1.05      1.04      1.12      1.10      1.11      1.06      1.15      1.54      7.78
  6997.00      1.01      0.95      0.93      1.03      1.03      1.12      1.07      1.08      1.04      1.11      1.51     10.23
  6998.00      0.94      0.90      0.88      0.99      1.00      1.07      1.03      1.02      1.00      1.04      1.44     12.28
  6999.00      0.86      0.84      0.81      0.93      0.96      0.99      0.96      0.94      0.95      0.93      1.35     13.59
  7000.00      0.91      0.91      0.87      1.01      1.06      1.06      1.04      1.01      1.04      0.94      1.45     15.51
  7001.00      0.96      0.96      0.91      1.06      1.12      1.08      1.08      1.05      1.07      0.89      1.51     16.32
  7002.00      0.97      0.97      0.91      1.04      1.10      1.02      1.05      1.03      1.03      0.79      1.49     15.55
  7003.00      0.91      0.93      0.86      0.98      1.03      0.95      0.97      0.98      0.95      0.66      1.42     13.84
  7004.00      0.89      0.93      0.86      0.98      1.00      0.94      0.95      0.98      0.93      0.59      1.43     12.45
  7005.00      0.81      0.84      0.79      0.90      0.90      0.87      0.85      0.91      0.85      0.51      1.33     10.36
  7006.00      0.68      0.68      0.64      0.74      0.72      0.72      0.69      0.75      0.68      0.40      1.10      7.71
  7007.00      0.87      0.83      0.78      0.91      0.87      0.91      0.85      0.93      0.83      0.48      1.36      8.07
  7008.00      1.05      0.96      0.91      1.05      1.00      1.06      0.99      1.08      0.93      0.57      1.56      7.97
  7009.00      1.08      0.98      0.93      1.09      1.02      1.09      1.03      1.09      0.91      0.61      1.59      7.16
  7010.00      1.07      0.98      0.94      1.10      1.02      1.08      1.04      1.08      0.86      0.66      1.58      6.29
  7011.00      1.03      0.96      0.92      1.08      1.00      1.05      1.02      1.06      0.79      0.74      1.56      5.43
  7012.00      0.84      0.81      0.76      0.90      0.84      0.87      0.85      0.89      0.61      0.73      1.30      4.06
  7013.00      0.65      0.64      0.60      0.69      0.67      0.68      0.66      0.70      0.45      0.67      1.02      2.84
  7014.00      0.81      0.81      0.76      0.86      0.87      0.86      0.85      0.89      0.56      0.99      1.28      3.17
  7015.00      0.95      0.97      0.92      1.02      1.05      1.03      1.03      1.07      0.67      1.33      1.52      3.36
  7016.00      0.95      0.97      0.93      1.02      1.07      1.04      1.03      1.08      0.71      1.47      1.52      3.07
  7017.00      0.97      0.99      0.96      1.03      1.08      1.05      1.04      1.10      0.78      1.58      1.55      2.86
  7018.00      1.00      1.01      0.98      1.05      1.09      1.06      1.05      1.10      0.86      1.65      1.58      2.67
  7019.00      1.02      1.02      1.00      1.06      1.08      1.07      1.04      1.10      0.94      1.66      1.58      2.49
  7020.00      1.01      1.00      1.00      1.05      1.05      1.05      1.01      1.08      1.00      1.60      1.55      2.27
  7021.00      0.97      0.96      0.98      1.01      1.02      1.03      0.98      1.04      1.03      1.52      1.50      2.08
  7022.00      0.95      0.94      0.96      0.99      1.01      1.03      0.96      1.03      1.07      1.46      1.48      1.95
  7023.00      0.94      0.94      0.94      0.98      1.03      1.05      0.96      1.05      1.11      1.42      1.49      1.88
  7024.00      0.94      0.93      0.94      0.99      1.04      1.05      0.97      1.08      1.15      1.38      1.51      1.82
  7025.00      0.94      0.94      0.95      1.02      1.06      1.04      0.98      1.10      1.18      1.36      1.53      1.78
  7026.00      0.93      0.94      0.95      1.04      1.06      1.01      0.98      1.10      1.18      1.32      1.53      1.72
  7027.00      0.90      0.92      0.94      1.04      1.05      0.96      0.96      1.08      1.16      1.27      1.50      1.66
  7028.00      0.88      0.92      0.94      1.05      1.07      0.96      0.96      1.09      1.18      1.26      1.50      1.67
  7029.00      0.84      0.91      0.93      1.03      1.07      0.95      0.96      1.08      1.18      1.24      1.48      1.65
  7030.00      0.79      0.92      0.92      1.01      1.05      0.94      0.95      1.06      1.17      1.23      1.46      1.62
  7031.00      0.75      0.93      0.91      1.02      1.05      0.95      0.95      1.05      1.16      1.24      1.47      1.61
  7032.00      0.73      0.94      0.93      1.04      1.07      0.98      0.97      1.06      1.16      1.27      1.52      1.62
  7033.00      0.75      0.93      0.96      1.04      1.09      1.00      0.98      1.07      1.15      1.30      1.56      1.63
  7034.00      0.76      0.93      0.99      1.03      1.10      1.02      0.99      1.07      1.13      1.33      1.60      1.64
  7035.00      0.76      0.94      1.00      1.02      1.10      1.04      0.98      1.08      1.11      1.35      1.61      1.64
  7036.00      0.76      0.95      0.98      1.01      1.09      1.04      0.97      1.08      1.09      1.34      1.60      1.63
  7037.00      0.78      0.95      0.95      1.02      1.09      1.04      0.96      1.09      1.09      1.32      1.59      1.63
  7038.00      0.84      0.96      0.93      1.03      1.09      1.04      0.96      1.10      1.11      1.32      1.60      1.64
  7039.00      0.89      0.95      0.94      1.03      1.09      1.03      0.96      1.10      1.14      1.32      1.60      1.65
  7040.00      0.93      0.94      0.95      1.02      1.08      1.02      0.96      1.09      1.16      1.31      1.60      1.65
  7041.00      0.95      0.93      0.96      1.02      1.05      0.99      0.95      1.07      1.15      1.29      1.59      1.65
  7042.00      0.93      0.89      0.92      0.99      1.00      0.94      0.91      1.02      1.10      1.23      1.54      1.60
  7043.00      0.88      0.85      0.87      0.94      0.94      0.87      0.85      0.95      1.03      1.15      1.44      1.51
  7044.00      0.95      0.92      0.92      1.01      1.01      0.93      0.90      1.00      1.09      1.23      1.54      1.64
  7045.00      0.99      0.95      0.95      1.04      1.04      0.96      0.94      1.03      1.13      1.29      1.59      1.71
  7046.00      0.98      0.93      0.92      1.00      1.01      0.95      0.93      1.00      1.11      1.28      1.55      1.68
  7047.00      0.90      0.83      0.82      0.91      0.91      0.87      0.85      0.92      1.01      1.18      1.41      1.51
  7048.00      0.82      0.74      0.74      0.81      0.82      0.79      0.78      0.83      0.90      1.07      1.26      1.35
  7049.00      0.75      0.67      0.68      0.74      0.75      0.72      0.72      0.77      0.81      0.97      1.14      1.22
  7050.00      0.67      0.61      0.62      0.67      0.69      0.65      0.65      0.70      0.72      0.86      1.04      1.09
  7051.00      0.78      0.72      0.74      0.78      0.81      0.77      0.76      0.83      0.84      0.99      1.24      1.27
  7052.00      0.95      0.88      0.90      0.95      0.98      0.94      0.91      1.01      1.02      1.18      1.51      1.54
  7053.00      0.98      0.92      0.94      1.01      1.02      0.99      0.94      1.05      1.07      1.20      1.57      1.62
  7054.00      0.99      0.95      0.95      1.04      1.04      1.02      0.95      1.06      1.10      1.18      1.57      1.66
  7055.00      1.02      0.98      0.96      1.06      1.06      1.04      0.96      1.07      1.13      1.19      1.56      1.68
  7056.00      1.04      0.97      0.95      1.04      1.04      1.04      0.95      1.06      1.13      1.17      1.52      1.66
  7057.00      1.06      0.96      0.94      1.03      1.02      1.04      0.94      1.05      1.12      1.17      1.50      1.65
  7058.00      1.05      0.95      0.94      1.04      1.00      1.04      0.94      1.05      1.11      1.17      1.50      1.64
  7059.00      1.05      0.95      0.96      1.09      1.00      1.06      0.95      1.06      1.11      1.20      1.52      1.65
  7060.00      1.05      0.96      0.98      1.15      1.01      1.09      0.95      1.07      1.11      1.22      1.54      1.66
  7061.00      1.03      0.96      0.98      1.21      1.02      1.10      0.96      1.08      1.11      1.23      1.54      1.67
  7062.00      1.02      0.96      0.98      1.24      1.01      1.10      0.95      1.07      1.11      1.22      1.54      1.68
  7063.00      1.00      0.95      0.95      1.25      1.01      1.10      0.94      1.06      1.12      1.22      1.53      1.68
  7064.00      0.98      0.92      0.94      1.24      1.01      1.08      0.93      1.06      1.13      1.23      1.53      1.67
  7065.00      0.97      0.91      0.94      1.22      1.01      1.06      0.94      1.07      1.15      1.25      1.54      1.66
  7066.00      0.94      0.89      0.91      1.15      1.00      1.01      0.92      1.05      1.13      1.22      1.51      1.61
  7067.00      0.92      0.86      0.88      1.06      0.97      0.96      0.88      1.01      1.08      1.19      1.45      1.54
  7068.00      0.81      0.74      0.75      0.87      0.83      0.80      0.74      0.86      0.90      1.01      1.22      1.30
  7069.00      0.81      0.72      0.73      0.82      0.81      0.77      0.72      0.84      0.87      0.99      1.18      1.25
  7070.00      0.99      0.87      0.90      0.98      0.98      0.94      0.87      1.01      1.06      1.20      1.42      1.50
  7071.00      1.07      0.96      0.99      1.06      1.08      1.02      0.94      1.10      1.16      1.32      1.54      1.64
  7072.00      1.03      0.97      1.00      1.05      1.10      1.02      0.95      1.10      1.18      1.34      1.55      1.64
  7073.00      0.99      0.99      0.98      1.03      1.09      1.02      0.96      1.09      1.18      1.35      1.55      1.63
  7074.00      0.96      0.98      0.97      1.01      1.07      1.02      0.97      1.08      1.16      1.34      1.53      1.59
  7075.00      0.96      0.97      0.96      0.99      1.04      1.02      0.97      1.07      1.14      1.33      1.52      1.56
  7076.00      0.96      0.97      0.96      0.99      1.03      1.03      0.97      1.08      1.14      1.33      1.51      1.56
  7077.00      0.97      0.98      0.96      0.99      1.04      1.05      0.97      1.10      1.15      1.34      1.52      1.56
  7078.00      1.00      0.97      0.96      0.99      1.06      1.08      0.96      1.11      1.15      1.34      1.53      1.56
  7079.00      1.01      0.95      0.96      0.97      1.06      1.10      0.96      1.09      1.13      1.32      1.52      1.54
  7080.00      1.02      0.95      0.97      0.96      1.06      1.14      0.97      1.08      1.12      1.31      1.52      1.54
  7081.00      1.01      0.94      0.97      0.94      1.04      1.17      0.97      1.06      1.10      1.29      1.50      1.53
  7082.00      0.99      0.94      0.96      0.93      1.03      1.20      0.97      1.05      1.07      1.28      1.49      1.52
  7083.00      0.95      0.90      0.92      0.89      0.97      1.17      0.93      0.99      1.02      1.21      1.43      1.44
  7084.00      0.84      0.79      0.81      0.80      0.85      1.05      0.81      0.87      0.90      1.07      1.27      1.27
  7085.00      0.83      0.79      0.82      0.82      0.85      1.07      0.82      0.88      0.91      1.08      1.29      1.30
  7086.00      0.94      0.91      0.93      0.97      0.98      1.22      0.95      1.03      1.04      1.25      1.51      1.51
  7087.00      0.99      0.96      0.96      1.04      1.04      1.26      1.01      1.09      1.09      1.32      1.61      1.62
  7088.00      0.99      0.96      0.94      1.02      1.03      1.18      1.00      1.08      1.06      1.31      1.60      1.60
  7089.00      0.99      0.94      0.89      0.98      0.99      1.08      0.96      1.04      1.02      1.27      1.53      1.57
  7090.00      0.90      0.84      0.78      0.87      0.88      0.90      0.85      0.93      0.91      1.15      1.35      1.44
  7091.00      0.80      0.74      0.68      0.78      0.78      0.75      0.75      0.83      0.81      1.03      1.19      1.31
  7092.00      0.89      0.81      0.76      0.89      0.88      0.81      0.84      0.93      0.92      1.18      1.33      1.48
  7093.00      0.98      0.90      0.86      1.00      0.98      0.86      0.92      1.01      1.03      1.31      1.46      1.64
  7094.00      1.02      0.94      0.92      1.04      1.03      0.87      0.94      1.03      1.06      1.35      1.51      1.68
  7095.00      1.06      0.96      0.94      1.04      1.05      0.86      0.95      1.03      1.07      1.33      1.53      1.67
  7096.00      1.08      0.96      0.92      1.04      1.04      0.84      0.95      1.01      1.07      1.29      1.54      1.64
  7097.00      1.11      0.94      0.90      1.06      1.05      0.81      0.96      1.00      1.06      1.27      1.56      1.60
  7098.00      1.15      0.94      0.90      1.11      1.06      0.79      0.99      1.01      1.07      1.26      1.59      1.59
  7099.00      1.12      0.90      0.88      1.08      1.01      0.73      0.96      0.97      1.03      1.21      1.54      1.51
  7100.00      1.14      0.90      0.89      1.07      1.00      0.70      0.95      0.98      1.04      1.20      1.53      1.50
  7101.00      1.19      0.96      0.94      1.09      1.04      0.71      0.98      1.03      1.08      1.27      1.59      1.56
  7102.00      1.17      0.96      0.94      1.04      1.04      0.72      0.96      1.04      1.08      1.28      1.57      1.56
  7103.00      1.15      0.96      0.93      1.01      1.04      0.75      0.95      1.03      1.08      1.29      1.55      1.56
  7104.00      1.15      0.96      0.93      1.00      1.06      0.82      0.96      1.04      1.09      1.32      1.56      1.58
  7105.00      1.15      0.95      0.94      1.00      1.05      0.91      0.96      1.05      1.10      1.34      1.56      1.59
  7106.00      1.14      0.94      0.96      0.99      1.03      0.98      0.97      1.05      1.10      1.36      1.55      1.59
  7107.00      1.10      0.94      0.97      0.98      1.00      1.03      0.97      1.04      1.09      1.37      1.53      1.57
  7108.00      1.06      0.94      0.98      0.98      1.00      1.06      0.98      1.04      1.08      1.37      1.51      1.55
  7109.00      1.04      0.94      0.98      0.98      1.01      1.08      0.99      1.06      1.08      1.38      1.50      1.55
  7110.00      1.03      0.95      0.98      0.98      1.02      1.09      1.00      1.08      1.08      1.39      1.51      1.54
  7111.00      1.00      0.95      0.97      0.98      1.02      1.08      1.00      1.09      1.08      1.38      1.51      1.54
  7112.00      0.96      0.94      0.96      0.97      1.00      1.05      0.99      1.09      1.07      1.35      1.51      1.52
  7113.00      0.93      0.93      0.95      0.97      1.00      1.02      0.98      1.09      1.07      1.33      1.51      1.51
  7114.00      0.90      0.89      0.92      0.96      0.98      0.96      0.94      1.05      1.05      1.26      1.47      1.46
  7115.00      0.93      0.89      0.93      0.99      1.01      0.96      0.95      1.05      1.07      1.27      1.50      1.48
  7116.00      0.98      0.93      0.96      1.03      1.06      0.98      0.98      1.08      1.11      1.31      1.54      1.54
  7117.00      0.99      0.94      0.96      1.03      1.07      0.98      0.97      1.07      1.11      1.31      1.52      1.54
  7118.00      1.00      0.95      0.97      1.02      1.07      0.99      0.98      1.06      1.10      1.32      1.51      1.53
  7119.00      0.99      0.94      0.98      1.03      1.07      1.01      0.99      1.07      1.10      1.35      1.52      1.53
  7120.00      0.95      0.93      0.98      1.03      1.08      1.02      1.00      1.07      1.11      1.37      1.51      1.53
  7121.00      0.89      0.92      0.98      1.04      1.08      1.03      1.00      1.06      1.11      1.37      1.48      1.51
  7122.00      0.84      0.92      0.96      1.04      1.08      1.02      1.00      1.05      1.11      1.37      1.45      1.50
  7123.00      0.81      0.92      0.94      1.04      1.08      1.02      1.00      1.04      1.11      1.37      1.44      1.51
  7124.00      0.74      0.89      0.90      0.99      1.03      0.99      0.97      0.99      1.08      1.31      1.38      1.48
  7125.00      0.72      0.90      0.90      0.97      1.01      0.99      0.97      0.98      1.07      1.29      1.36      1.51
  7126.00      0.71      0.94      0.92      0.98      1.02      1.02      0.99      1.00      1.08      1.30      1.39      1.58
  7127.00      0.70      0.95      0.92      0.97      1.02      1.02      0.98      0.99      1.06      1.28      1.39      1.61
  7128.00      0.71      0.94      0.90      0.96      1.01      1.00      0.96      0.98      1.02      1.24      1.37      1.61
  7129.00      0.74      0.92      0.85      0.92      0.98      0.96      0.92      0.95      0.98      1.17      1.33      1.56
  7130.00      0.83      0.95      0.86      0.93      1.01      0.96      0.93      0.95      0.99      1.19      1.35      1.59
  7131.00      0.95      1.00      0.90      0.97      1.07      1.00      0.98      0.98      1.04      1.26      1.42      1.69
  7132.00      1.00      1.01      0.93      1.01      1.09      1.02      1.01      0.98      1.07      1.31      1.45      1.75
  7133.00      1.01      0.99      0.91      1.02      1.07      1.01      0.99      0.95      1.07      1.32      1.44      1.75
  7134.00      1.02      1.00      0.91      1.03      1.06      1.03      0.99      0.95      1.08      1.34      1.43      1.77
  7135.00      1.03      1.00      0.91      1.01      1.04      1.04      0.97      0.93      1.06      1.34      1.40      1.76
  7136.00      1.04      1.00      0.92      0.99      1.03      1.04      0.95      0.93      1.04      1.33      1.37      1.77
  7137.00      1.00      0.97      0.92      0.97      1.03      1.03      0.92      0.92      1.02      1.31      1.34      1.76
  7138.00      0.96      0.96      0.91      0.98      1.04      1.03      0.94      0.92      1.01      1.31      1.35      1.77
  7139.00      0.94      0.98      0.92      1.01      1.08      1.06      0.98      0.95      1.04      1.34      1.40      1.82
  7140.00      0.91      0.97      0.91      1.02      1.10      1.07      1.00      0.97      1.05      1.35      1.43      1.85
  7141.00      0.88      0.96      0.90      1.04      1.11      1.07      1.00      0.97      1.06      1.33      1.44      1.87
  7142.00      0.85      0.92      0.86      1.01      1.08      1.03      0.97      0.94      1.03      1.27      1.38      1.81
  7143.00      0.79      0.85      0.79      0.93      0.98      0.94      0.89      0.86      0.94      1.15      1.26      1.67
  7144.00      0.81      0.88      0.81      0.96      0.99      0.95      0.90      0.88      0.97      1.17      1.27      1.71
  7145.00      0.85      0.93      0.87      1.02      1.04      1.00      0.96      0.94      1.03      1.24      1.31      1.81
  7146.00      0.79      0.87      0.85      0.99      0.98      0.95      0.93      0.90      0.99      1.19      1.24      1.73
  7147.00      0.66      0.74      0.73      0.87      0.83      0.80      0.80      0.77      0.84      1.02      1.05      1.48
  7148.00      0.66      0.75      0.74      0.93      0.85      0.82      0.82      0.79      0.86      1.04      1.06      1.51
  7149.00      0.77      0.84      0.83      1.12      0.95      0.92      0.92      0.88      0.97      1.16      1.19      1.71
  7150.00      0.85      0.85      0.85      1.26      0.99      0.95      0.94      0.91      1.00      1.18      1.24      1.78
  7151.00      0.89      0.83      0.84      1.35      0.98      0.93      0.92      0.88      0.98      1.14      1.22      1.77
  7152.00      0.94      0.85      0.86      1.47      0.99      0.95      0.93      0.88      0.99      1.14      1.24      1.82
  7153.00      1.01      0.88      0.90      1.58      1.00      0.98      0.95      0.91      1.01      1.17      1.27      1.90
  7154.00      1.07      0.90      0.91      1.64      0.99      0.99      0.97      0.94      1.02      1.19      1.27      1.95
  7155.00      1.14      0.94      0.93      1.68      1.02      1.01      1.00      0.99      1.06      1.24      1.27      2.02
  7156.00      1.19      0.97      0.94      1.67      1.05      1.02      1.03      1.03      1.09      1.29      1.25      2.10
  7157.00      1.18      0.95      0.92      1.60      1.05      1.00      1.01      1.04      1.07      1.28      1.18      2.11
  7158.00      1.12      0.92      0.89      1.49      1.04      0.96      0.97      1.02      1.03      1.22      1.07      2.06
  7159.00      1.09      0.93      0.90      1.49      1.05      0.98      0.96      1.04      1.03      1.21      1.00      2.07
  7160.00      1.01      0.91      0.87      1.45      1.00      0.96      0.92      1.00      1.00      1.16      0.89      2.00
  7161.00      0.98      0.92      0.87      1.46      1.00      0.99      0.91      1.00      1.01      1.15      0.83      1.99
  7162.00      0.98      0.92      0.86      1.45      0.99      1.01      0.91      0.99      1.01      1.16      0.79      1.97
  7163.00      1.03      0.95      0.86      1.45      1.02      1.05      0.94      1.01      1.05      1.20      0.78      1.99
  7164.00      1.05      0.98      0.88      1.42      1.04      1.08      0.97      1.03      1.08      1.24      0.80      2.00
  7165.00      1.04      0.98      0.91      1.35      1.04      1.08      0.97      1.04      1.09      1.27      0.82      1.99
  7166.00      1.04      0.98      0.93      1.26      1.03      1.08      0.97      1.05      1.09      1.27      0.86      1.98
  7167.00      1.00      0.93      0.90      1.13      0.99      1.03      0.93      1.01      1.04      1.20      0.87      1.89
  7168.00      0.97      0.89      0.86      1.04      0.95      0.99      0.90      0.98      0.99      1.14      0.87      1.81
  7169.00      1.01      0.92      0.90      1.06      0.99      1.03      0.95      1.02      1.04      1.18      0.94      1.88
  7170.00      0.99      0.94      0.91      1.07      1.01      1.04      0.98      1.04      1.06      1.20      0.96      1.89
  7171.00      0.96      0.92      0.88      1.05      0.99      1.02      0.97      1.04      1.04      1.18      0.94      1.82
  7172.00      0.95      0.91      0.86      1.04      0.98      1.01      0.95      1.05      1.04      1.19      0.93      1.77
  7173.00      0.99      0.93      0.88      1.04      1.00      1.02      0.95      1.06      1.06      1.23      0.94      1.76
  7174.00      1.04      0.96      0.92      1.05      1.03      1.03      0.97      1.08      1.11      1.29      0.97      1.77
  7175.00      1.05      0.96      0.94      1.04      1.03      1.02      0.97      1.07      1.11      1.31      1.00      1.75
  7176.00      0.98      0.92      0.91      0.97      0.99      0.95      0.92      1.01      1.05      1.25      1.01      1.65
  7177.00      0.89      0.85      0.85      0.91      0.93      0.88      0.87      0.92      0.97      1.17      1.03      1.54
  7178.00      0.84      0.80      0.78      0.85      0.87      0.82      0.82      0.84      0.89      1.08      1.06      1.43
  7179.00      0.97      0.91      0.87      0.96      0.98      0.93      0.92      0.93      1.00      1.20      1.31      1.61
  7180.00      0.97      0.92      0.85      0.96      0.98      0.94      0.93      0.94      1.00      1.19      1.44      1.62
  7181.00      0.94      0.91      0.83      0.94      0.97      0.94      0.93      0.93      1.00      1.18      1.55      1.63
  7182.00      0.95      0.92      0.85      0.96      0.99      0.98      0.96      0.95      1.03      1.21      1.67      1.71
  7183.00      0.90      0.86      0.82      0.90      0.94      0.94      0.90      0.89      0.99      1.14      1.63      1.65
  7184.00      0.93      0.86      0.85      0.92      0.97      0.97      0.92      0.92      1.02      1.16      1.68      1.72
  7185.00      0.87      0.80      0.81      0.87      0.92      0.92      0.85      0.86      0.96      1.08      1.56      1.63
  7186.00      0.84      0.76      0.78      0.84      0.88      0.87      0.81      0.82      0.91      1.03      1.46      1.56
  7187.00      0.92      0.80      0.82      0.89      0.93      0.90      0.84      0.86      0.95      1.07      1.49      1.63
  7188.00      1.07      0.90      0.92      1.00      1.02      1.01      0.94      0.96      1.05      1.21      1.63      1.80
  7189.00      1.15      0.94      0.96      1.04      1.05      1.04      0.97      0.99      1.08      1.26      1.66      1.83
  7190.00      1.18      0.93      0.94      1.03      1.03      1.02      0.96      0.98      1.05      1.26      1.61      1.78
  7191.00      1.21      0.93      0.91      1.02      1.03      1.02      0.94      0.98      1.04      1.25      1.60      1.75
  7192.00      1.23      0.92      0.89      1.01      1.04      1.01      0.93      0.97      1.03      1.24      1.58      1.72
  7193.00      1.26      0.93      0.90      0.99      1.05      1.02      0.92      0.98      1.03      1.24      1.58      1.73
  7194.00      1.23      0.92      0.89      0.95      1.03      0.99      0.91      0.96      1.00      1.20      1.55      1.69
  7195.00      1.15      0.90      0.87      0.90      0.98      0.94      0.88      0.93      0.97      1.14      1.50      1.65
  7196.00      1.14      0.92      0.89      0.92      1.00      0.94      0.91      0.96      1.02      1.17      1.57      1.71
  7197.00      1.12      0.94      0.90      0.95      1.03      0.95      0.95      0.99      1.06      1.21      1.64      1.78
  7198.00      1.10      0.93      0.89      0.96      1.03      0.95      0.96      1.01      1.07      1.22      1.69      1.81
  7199.00      1.09      0.95      0.88      0.98      1.04      0.97      0.98      1.03      1.09      1.24      1.74      1.84
  7200.00      1.03      0.93      0.85      0.96      1.02      0.96      0.96      1.02      1.06      1.23      1.75      1.80
  7201.00      0.95      0.90      0.83      0.93      0.99      0.93      0.93      0.99      1.02      1.20      1.75      1.72
  7202.00      0.92      0.89      0.84      0.94      0.99      0.94      0.92      0.98      1.01      1.20      1.80      1.70
  7203.00      0.95      0.92      0.86      0.96      1.02      0.96      0.93      0.99      1.04      1.22      1.89      1.72
  7204.00      0.98      0.93      0.88      0.97      1.04      0.97      0.92      0.98      1.05      1.22      1.94      1.72
  7205.00      0.97      0.90      0.87      0.94      1.03      0.94      0.89      0.95      1.03      1.19      1.93      1.67
  7206.00      1.00      0.93      0.90      0.97      1.07      0.97      0.91      0.98      1.08      1.24      1.99      1.72
  7207.00      1.02      0.95      0.91      0.99      1.08      0.97      0.92      0.99      1.09      1.27      2.00      1.76
  7208.00      1.03      0.96      0.89      1.00      1.07      0.96      0.92      0.99      1.08      1.27      1.93      1.77
  7209.00      1.02      0.94      0.84      0.99      1.02      0.92      0.89      0.96      1.04      1.23      1.78      1.73
  7210.00      0.96      0.87      0.77      0.92      0.94      0.86      0.83      0.90      0.96      1.15      1.60      1.64
  7211.00      0.99      0.89      0.82      0.95      0.98      0.92      0.87      0.95      1.01      1.19      1.62      1.73
  7212.00      0.99      0.90      0.86      0.95      1.01      0.96      0.90      0.99      1.04      1.21      1.63      1.81
  7213.00      1.00      0.91      0.91      0.96      1.03      1.00      0.92      1.02      1.05      1.24      1.64      1.87
  7214.00      1.00      0.92      0.92      0.94      1.03      1.01      0.93      1.02      1.04      1.24      1.62      1.86
  7215.00      1.00      0.95      0.92      0.93      1.04      1.01      0.94      1.02      1.04      1.25      1.60      1.85
  7216.00      1.00      0.97      0.92      0.93      1.05      1.01      0.95      1.02      1.04      1.25      1.57      1.86
  7217.00      0.98      0.97      0.90      0.93      1.05      0.99      0.95      1.00      1.03      1.24      1.53      1.86
  7218.00      0.96      0.96      0.86      0.91      1.03      0.97      0.94      0.97      1.02      1.21      1.48      1.82
  7219.00      0.97      0.98      0.86      0.94      1.03      1.00      0.96      0.98      1.04      1.24      1.49      1.84
  7220.00      0.99      1.01      0.87      0.98      1.04      1.03      0.99      1.00      1.08      1.27      1.52      1.89
  7221.00      0.99      1.00      0.88      0.98      1.03      1.02      0.99      1.00      1.07      1.27      1.51      1.89
  7222.00      0.99      0.96      0.86      0.96      0.99      0.98      0.96      0.98      1.04      1.23      1.48      1.84
  7223.00      0.97      0.91      0.83      0.91      0.95      0.94      0.91      0.95      1.00      1.19      1.42      1.76
  7224.00      0.98      0.93      0.83      0.91      0.96      0.95      0.90      0.97      1.01      1.21      1.43      1.77
  7225.00      0.98      0.93      0.83      0.90      0.95      0.97      0.88      0.98      1.02      1.20      1.42      1.77
  7226.00      0.96      0.93      0.83      0.89      0.94      0.97      0.85      0.98      1.01      1.18      1.40      1.75
  7227.00      0.95      0.93      0.85      0.89      0.94      0.99      0.84      0.98      1.02      1.19      1.40      1.76
  7228.00      0.99      0.95      0.91      0.93      0.98      1.03      0.86      1.02      1.08      1.24      1.48      1.82
  7229.00      1.02      0.96      0.92      0.94      1.00      1.05      0.86      1.05      1.10      1.26      1.53      1.83
  7230.00      1.03      0.96      0.92      0.93      1.00      1.05      0.85      1.05      1.10      1.26      1.55      1.82
  7231.00      0.98      0.92      0.87      0.89      0.95      1.00      0.82      1.00      1.05      1.20      1.50      1.73
  7232.00      0.95      0.95      0.88      0.90      0.95      1.00      0.83      1.00      1.05      1.21      1.50      1.73
  7233.00      0.90      0.93      0.85      0.86      0.92      0.94      0.80      0.96      1.00      1.16      1.43      1.64
  7234.00      0.93      0.97      0.88      0.89      0.96      0.95      0.82      0.97      1.03      1.20      1.46      1.66
  7235.00      0.87      0.88      0.80      0.82      0.89      0.86      0.75      0.88      0.94      1.10      1.34      1.49
  7236.00      0.91      0.88      0.81      0.85      0.94      0.88      0.77      0.92      0.98      1.15      1.40      1.50
  7237.00      0.99      0.94      0.85      0.91      1.02      0.95      0.82      1.00      1.06      1.24      1.53      1.56
  7238.00      0.96      0.90      0.80      0.88      0.99      0.92      0.78      0.96      1.04      1.20      1.48      1.44
  7239.00      0.94      0.90      0.78      0.86      0.98      0.90      0.76      0.94      1.03      1.17      1.46      1.34
  7240.00      0.66      0.65      0.57      0.61      0.70      0.64      0.54      0.67      0.75      0.83      1.04      0.91
  7241.00      0.36      0.36      0.33      0.34      0.39      0.36      0.30      0.37      0.42      0.47      0.58      0.47
  7242.00      0.30      0.30      0.27      0.28      0.32      0.30      0.25      0.29      0.35      0.38      0.47      0.36
  7243.00      0.36      0.35      0.32      0.33      0.37      0.36      0.30      0.33      0.40      0.46      0.55      0.39
  7244.00      0.43      0.42      0.37      0.39      0.45      0.42      0.36      0.38      0.47      0.54      0.65      0.42
  7245.00      0.63      0.62      0.54      0.60      0.67      0.62      0.55      0.55      0.68      0.81      0.95      0.58
  7246.00      0.31      0.31      0.28      0.31      0.33      0.31      0.28      0.27      0.33      0.40      0.47      0.27
  7247.00      0.18      0.18      0.17      0.19      0.19      0.18      0.17      0.15      0.20      0.24      0.28      0.15
  7248.00      0.29      0.30      0.28      0.32      0.32      0.31      0.28      0.23      0.33      0.39      0.46      0.24
  7249.00      0.69      0.72      0.67      0.75      0.75      0.74      0.67      0.49      0.77      0.91      1.10      0.58
  7250.00      0.91      0.93      0.85      0.95      0.96      0.94      0.85      0.57      0.99      1.16      1.42      0.77
  7251.00      1.00      0.98      0.90      0.99      1.01      0.97      0.88      0.55      1.05      1.22      1.51      0.89
  7252.00      0.99      0.96      0.89      0.97      0.98      0.93      0.85      0.50      1.03      1.20      1.49      0.99
  7253.00      0.90      0.88      0.85      0.92      0.91      0.87      0.79      0.46      0.97      1.13      1.39      1.08
  7254.00      0.57      0.57      0.56      0.60      0.58      0.58      0.52      0.30      0.64      0.75      0.92      0.82
  7255.00      0.39      0.39      0.39      0.41      0.40      0.41      0.36      0.22      0.45      0.53      0.64      0.64
  7256.00      0.59      0.57      0.56      0.61      0.59      0.61      0.52      0.35      0.66      0.78      0.94      1.01
  7257.00      0.76      0.72      0.69      0.77      0.76      0.77      0.67      0.49      0.83      0.99      1.20      1.36
  7258.00      0.62      0.58      0.55      0.63      0.62      0.62      0.54      0.44      0.67      0.79      0.97      1.13
  7259.00      0.79      0.75      0.71      0.83      0.81      0.78      0.70      0.63      0.86      1.01      1.26      1.48
  7260.00      0.93      0.88      0.85      0.99      0.98      0.91      0.84      0.81      1.01      1.19      1.50      1.76
  7261.00      0.90      0.84      0.82      0.93      0.93      0.87      0.82      0.83      0.97      1.14      1.43      1.68
  7262.00      0.89      0.84      0.81      0.90      0.92      0.87      0.83      0.86      0.96      1.13      1.41      1.67
  7263.00      0.93      0.89      0.86      0.93      0.97      0.92      0.89      0.93      1.02      1.18      1.48      1.77
  7264.00      0.99      0.96      0.92      0.97      1.04      0.97      0.95      1.01      1.08      1.26      1.56      1.87
  7265.00      1.00      0.96      0.91      0.96      1.04      0.95      0.94      1.01      1.09      1.27      1.54      1.86
  7266.00      1.03      0.94      0.89      0.93      1.02      0.92      0.91      1.00      1.08      1.26      1.52      1.83
  7267.00      1.07      0.96      0.91      0.94      1.05      0.91      0.92      1.00      1.12      1.27      1.55      1.88
  7268.00      1.05      0.96      0.92      0.93      1.05      0.89      0.92      0.99      1.12      1.25      1.54      1.89
  7269.00      0.93      0.88      0.83      0.83      0.95      0.80      0.83      0.87      1.00      1.11      1.38      1.70
  7270.00      0.74      0.70      0.65      0.67      0.76      0.64      0.67      0.68      0.79      0.87      1.09      1.35
  7271.00      0.74      0.71      0.64      0.68      0.78      0.66      0.68      0.68      0.78      0.86      1.10      1.38
  7272.00      0.88      0.83      0.75      0.81      0.95      0.80      0.81      0.81      0.91      1.01      1.29      1.67
  7273.00      0.84      0.79      0.74      0.78      0.92      0.79      0.78      0.78      0.86      0.97      1.23      1.67
  7274.00      0.96      0.88      0.87      0.89      1.05      0.92      0.88      0.89      0.96      1.11      1.40      1.99
  7275.00      1.03      0.91      0.93      0.94      1.10      0.99      0.94      0.94      1.01      1.19      1.50      2.21
  7276.00      0.66      0.59      0.60      0.62      0.69      0.64      0.61      0.60      0.65      0.78      0.97      1.51
  7277.00      0.43      0.38      0.38      0.40      0.44      0.41      0.39      0.38      0.42      0.50      0.63      1.02
  7278.00      0.56      0.50      0.50      0.53      0.57      0.53      0.52      0.50      0.56      0.67      0.83      1.35
  7279.00      0.83      0.75      0.76      0.79      0.84      0.79      0.78      0.75      0.83      1.01      1.24      1.99
  7280.00      0.97      0.89      0.90      0.92      0.98      0.93      0.93      0.90      0.98      1.19      1.48      2.29
  7281.00      0.98      0.91      0.90      0.90      0.97      0.92      0.94      0.93      0.97      1.20      1.47      2.21
  7282.00      0.96      0.91      0.87      0.87      0.94      0.90      0.92      0.95      0.95      1.17      1.42      2.08
  7283.00      0.93      0.93      0.85      0.88      0.93      0.90      0.92      0.99      0.94      1.17      1.39      1.98
  7284.00      0.94      0.98      0.88      0.94      0.95      0.94      0.97      1.08      0.98      1.22      1.41      1.98
  7285.00      0.95      0.99      0.90      0.97      0.95      0.95      0.99      1.15      1.00      1.23      1.39      1.94
  7286.00      0.89      0.90      0.84      0.91      0.88      0.88      0.94      1.12      0.94      1.12      1.26      1.75
  7287.00      0.78      0.76      0.72      0.77      0.77      0.75      0.81      1.00      0.82      0.95      1.08      1.48
  7288.00      0.76      0.73      0.70      0.74      0.77      0.73      0.80      0.99      0.80      0.90      1.06      1.43
  7289.00      0.89      0.89      0.85      0.90      0.95      0.89      0.96      1.19      0.96      1.07      1.32      1.72
  7290.00      0.93      0.96      0.92      0.98      1.04      0.96      1.02      1.25      1.04      1.14      1.46      1.86
  7291.00      0.88      0.94      0.90      0.95      1.00      0.93      0.97      1.16      1.01      1.11      1.44      1.81
  7292.00      0.81      0.87      0.83      0.88      0.91      0.86      0.87      1.00      0.93      1.03      1.34      1.67
  7293.00      0.75      0.78      0.74      0.78      0.80      0.77      0.77      0.84      0.84      0.93      1.20      1.48
  7294.00      0.81      0.81      0.77      0.81      0.83      0.80      0.78      0.83      0.88      0.98      1.26      1.53
  7295.00      0.91      0.87      0.82      0.89      0.91      0.87      0.83      0.86      0.97      1.08      1.38      1.65
  7296.00      0.96      0.90      0.85      0.93      0.96      0.92      0.86      0.88      1.04      1.14      1.47      1.72
  7297.00      0.68      0.63      0.60      0.65      0.68      0.65      0.61      0.62      0.73      0.80      1.06      1.23
  7298.00      0.47      0.43      0.41      0.44      0.47      0.44      0.41      0.42      0.49      0.54      0.73      0.84
  7299.00      0.67      0.61      0.60      0.64      0.66      0.63      0.58      0.61      0.69      0.75      1.04      1.19
  7300.00      0.95      0.87      0.86      0.92      0.93      0.89      0.83      0.87      0.97      1.06      1.48      1.68
  7301.00      1.00      0.93      0.90      0.99      0.99      0.94      0.88      0.91      1.02      1.11      1.57      1.77
  7302.00      0.99      0.94      0.88      0.99      1.00      0.93      0.89      0.90      1.02      1.09      1.56      1.76
  7303.00      0.98      0.92      0.86      0.98      1.00      0.91      0.88      0.89      1.01      1.06      1.53      1.74
  7304.00      0.93      0.88      0.83      0.93      0.96      0.85      0.84      0.84      0.97      0.99      1.45      1.66
  7305.00      0.73      0.70      0.67      0.73      0.76      0.66      0.68      0.67      0.78      0.78      1.15      1.34
  7306.00      0.55      0.54      0.51      0.56      0.58      0.50      0.52      0.51      0.60      0.59      0.87      1.04
  7307.00      0.73      0.74      0.68      0.75      0.79      0.67      0.70      0.68      0.82      0.79      1.16      1.42
  7308.00      0.86      0.87      0.79      0.90      0.93      0.79      0.84      0.78      0.96      0.92      1.36      1.68
  7309.00      0.83      0.81      0.75      0.85      0.88      0.76      0.80      0.72      0.91      0.85      1.28      1.59
  7310.00      0.95      0.89      0.84      0.96      0.98      0.87      0.91      0.80      1.02      0.91      1.44      1.77
  7311.00      1.00      0.91      0.88      0.99      1.01      0.92      0.95      0.83      1.05      0.90      1.49      1.84
  7312.00      0.93      0.84      0.83      0.93      0.94      0.88      0.89      0.78      0.99      0.79      1.41      1.73
  7313.00      0.83      0.75      0.76      0.84      0.84      0.81      0.79      0.70      0.89      0.65      1.26      1.55
  7314.00      0.94      0.82      0.85      0.92      0.92      0.91      0.88      0.78      1.00      0.67      1.39      1.72
  7315.00      1.04      0.87      0.90      0.99      0.98      0.98      0.94      0.84      1.08      0.66      1.47      1.83
  7316.00      1.02      0.86      0.87      0.95      0.95      0.96      0.92      0.82      1.06      0.60      1.43      1.79
  7317.00      0.72      0.62      0.62      0.67      0.68      0.68      0.67      0.59      0.75      0.42      1.03      1.28
  7318.00      0.49      0.43      0.43      0.46      0.47      0.47      0.47      0.42      0.52      0.29      0.72      0.88
  7319.00      0.70      0.63      0.63      0.66      0.68      0.67      0.67      0.60      0.73      0.44      1.04      1.26
  7320.00      0.97      0.88      0.86      0.91      0.95      0.91      0.92      0.83      0.99      0.66      1.44      1.74
  7321.00      0.94      0.86      0.84      0.91      0.94      0.89      0.90      0.81      0.97      0.71      1.42      1.73
  7322.00      0.94      0.87      0.84      0.93      0.95      0.90      0.91      0.81      0.99      0.78      1.43      1.78
  7323.00      0.98      0.89      0.87      0.96      0.99      0.93      0.95      0.84      1.04      0.89      1.46      1.88
  7324.00      0.97      0.88      0.86      0.94      0.98      0.91      0.92      0.81      1.03      0.95      1.41      1.86
  7325.00      0.99      0.88      0.86      0.93      0.99      0.91      0.92      0.81      1.04      1.03      1.38      1.87
  7326.00      0.99      0.87      0.86      0.93      0.99      0.90      0.92      0.80      1.03      1.08      1.36      1.86
  7327.00      1.01      0.87      0.85      0.94      0.99      0.91      0.92      0.80      1.03      1.13      1.34      1.85
  7328.00      1.03      0.88      0.85      0.94      0.98      0.92      0.93      0.79      1.03      1.16      1.33      1.85
  7329.00      0.97      0.83      0.80      0.88      0.90      0.87      0.86      0.74      0.96      1.11      1.24      1.75
  7330.00      0.54      0.47      0.45      0.48      0.50      0.50      0.48      0.41      0.54      0.62      0.69      0.99
  7331.00      0.33      0.30      0.29      0.30      0.33      0.32      0.30      0.27      0.35      0.39      0.43      0.64
  7332.00      0.51      0.47      0.45      0.45      0.52      0.49      0.46      0.42      0.54      0.60      0.64      0.98
  7333.00      0.84      0.79      0.74      0.73      0.87      0.80      0.75      0.70      0.88      0.99      0.97      1.57
  7334.00      0.95      0.89      0.83      0.82      0.96      0.88      0.83      0.77      0.96      1.09      0.98      1.70
  7335.00      0.99      0.94      0.85      0.86      0.99      0.93      0.87      0.79      0.98      1.14      0.92      1.74
  7336.00      1.00      0.96      0.85      0.88      0.99      0.95      0.89      0.78      0.98      1.17      0.84      1.76
  7337.00      1.00      0.97      0.86      0.92      1.01      0.97      0.91      0.77      0.99      1.21      0.77      1.79
  7338.00      0.97      0.96      0.86      0.92      1.00      0.97      0.90      0.74      0.96      1.20      0.71      1.77
  7339.00      0.94      0.94      0.85      0.92      0.98      0.95      0.90      0.71      0.94      1.18      0.66      1.74
  7340.00      0.91      0.93      0.86      0.94      0.99      0.97      0.91      0.71      0.95      1.19      0.65      1.75
  7341.00      0.73      0.74      0.70      0.77      0.80      0.80      0.74      0.58      0.78      0.96      0.52      1.43
  7342.00      0.23      0.23      0.23      0.24      0.26      0.26      0.24      0.18      0.25      0.30      0.17      0.46
  7343.00      0.13      0.13      0.13      0.14      0.15      0.15      0.14      0.11      0.15      0.17      0.10      0.27
  7344.00      0.23      0.22      0.22      0.23      0.25      0.25      0.22      0.17      0.25      0.28      0.19      0.45
  7345.00      0.80      0.72      0.70      0.76      0.83      0.81      0.74      0.54      0.81      0.92      0.71      1.46
  7346.00      0.93      0.80      0.77      0.85      0.93      0.91      0.83      0.57      0.91      1.04      0.92      1.63
  7347.00      0.81      0.68      0.66      0.71      0.80      0.78      0.72      0.46      0.78      0.89      0.93      1.40
  7348.00      0.87      0.73      0.73      0.77      0.86      0.85      0.78      0.47      0.84      0.97      1.16      1.50
  7349.00      0.80      0.68      0.70      0.72      0.80      0.80      0.72      0.42      0.78      0.92      1.22      1.40
  7350.00      0.82      0.72      0.76      0.77      0.84      0.84      0.75      0.42      0.82      0.97      1.40      1.47
  7351.00      0.92      0.82      0.86      0.89      0.95      0.95      0.85      0.45      0.92      1.09      1.67      1.69
  7352.00      0.95      0.85      0.87      0.92      0.98      0.97      0.89      0.45      0.94      1.10      1.77      1.76
  7353.00      0.91      0.81      0.81      0.86      0.92      0.91      0.86      0.41      0.90      1.02      1.67      1.70
  7354.00      0.86      0.75      0.75      0.78      0.85      0.84      0.83      0.37      0.85      0.94      1.54      1.60
  7355.00      0.96      0.84      0.84      0.86      0.94      0.92      0.94      0.43      0.96      1.03      1.67      1.78
  7356.00      0.98      0.89      0.87      0.90      0.96      0.95      0.98      0.49      1.01      1.06      1.69      1.85
  7357.00      0.93      0.89      0.86      0.90      0.93      0.93      0.96      0.53      1.00      1.02      1.60      1.81
  7358.00      0.88      0.86      0.82      0.88      0.88      0.89      0.90      0.56      0.95      0.95      1.48      1.73
  7359.00      0.92      0.88      0.83      0.92      0.91      0.92      0.92      0.63      0.97      0.94      1.47      1.77
  7360.00      0.79      0.74      0.70      0.78      0.77      0.78      0.77      0.57      0.82      0.76      1.22      1.50
  7361.00      0.64      0.61      0.58      0.64      0.64      0.64      0.63      0.49      0.68      0.59      0.98      1.25
  7362.00      0.78      0.76      0.73      0.79      0.81      0.79      0.79      0.61      0.86      0.68      1.21      1.56
  7363.00      0.93      0.90      0.88      0.93      0.98      0.94      0.95      0.71      1.04      0.77      1.42      1.87
  7364.00      0.97      0.92      0.89      0.94      1.00      0.97      0.98      0.69      1.08      0.76      1.45      1.91
  7365.00      0.99      0.90      0.87      0.91      0.98      0.95      0.98      0.66      1.05      0.73      1.44      1.88
  7366.00      0.97      0.87      0.84      0.88      0.95      0.92      0.95      0.64      1.00      0.72      1.41      1.81
  7367.00      0.95      0.87      0.84      0.89      0.95      0.92      0.95      0.66      0.99      0.75      1.42      1.80
  7368.00      0.89      0.83      0.81      0.88      0.91      0.89      0.92      0.67      0.94      0.78      1.39      1.73
  7369.00      0.87      0.82      0.79      0.88      0.91      0.88      0.91      0.72      0.92      0.84      1.39      1.70
  7370.00      0.79      0.73      0.70      0.79      0.83      0.79      0.81      0.71      0.82      0.82      1.26      1.54
  7371.00      0.63      0.58      0.56      0.62      0.66      0.64      0.65      0.62      0.66      0.70      1.01      1.25
  7372.00      0.78      0.73      0.70      0.74      0.82      0.79      0.81      0.83      0.83      0.92      1.24      1.55
  7373.00      0.94      0.89      0.84      0.87      0.97      0.94      0.98      1.06      1.00      1.15      1.47      1.84
  7374.00      0.98      0.92      0.87      0.87      0.96      0.95      0.99      1.13      1.03      1.21      1.49      1.86
  7375.00      0.91      0.85      0.81      0.80      0.86      0.88      0.92      1.06      0.95      1.13      1.36      1.68
  7376.00      0.77      0.72      0.69      0.68      0.72      0.76      0.79      0.91      0.81      0.98      1.15      1.41
  7377.00      0.91      0.83      0.81      0.82      0.83      0.91      0.94      1.06      0.95      1.16      1.34      1.65
  7378.00      1.02      0.91      0.89      0.92      0.92      1.02      1.04      1.16      1.03      1.29      1.48      1.80
  7379.00      1.01      0.89      0.86      0.90      0.91      1.00      1.03      1.12      1.00      1.26      1.44      1.76
  7380.00      0.95      0.88      0.83      0.88      0.90      0.98      1.01      1.08      0.97      1.24      1.41      1.72
  7381.00      0.89      0.88      0.83      0.88      0.89      0.96      1.00      1.05      0.97      1.22      1.40      1.69
  7382.00      0.91      0.91      0.87      0.92      0.91      0.98      1.04      1.06      1.01      1.26      1.46      1.74
  7383.00      0.96      0.92      0.90      0.95      0.92      1.00      1.09      1.08      1.04      1.28      1.52      1.79
  7384.00      1.00      0.92      0.91      0.98      0.92      1.00      1.13      1.08      1.05      1.28      1.53      1.83
  7385.00      1.00      0.91      0.90      0.99      0.92      0.99      1.14      1.07      1.03      1.24      1.51      1.83
  7386.00      0.97      0.91      0.89      0.98      0.92      0.97      1.15      1.05      1.02      1.20      1.47      1.82
  7387.00      0.96      0.95      0.90      1.00      0.95      1.00      1.18      1.07      1.03      1.20      1.47      1.86
  7388.00      0.95      0.97      0.90      0.99      0.96      1.01      1.18      1.07      1.03      1.20      1.45      1.88
  7389.00      0.97      0.95      0.88      0.98      0.96      1.00      1.15      1.06      1.02      1.21      1.40      1.85
  7390.00      0.98      0.92      0.86      0.98      0.94      0.97      1.10      1.04      1.01      1.21      1.35      1.81
  7391.00      0.91      0.84      0.80      0.92      0.88      0.89      1.01      0.96      0.94      1.15      1.25      1.68
  7392.00      0.78      0.72      0.70      0.80      0.78      0.76      0.86      0.83      0.82      1.01      1.09      1.45
  7393.00      0.72      0.67      0.64      0.72      0.71      0.69      0.77      0.75      0.75      0.92      1.00      1.32
  7394.00      0.59      0.53      0.50      0.56      0.55      0.54      0.60      0.57      0.60      0.72      0.78      1.04
  7395.00      0.80      0.71      0.67      0.75      0.73      0.73      0.79      0.76      0.80      0.96      1.05      1.38
  7396.00      0.95      0.88      0.84      0.94      0.89      0.91      0.97      0.93      0.99      1.17      1.30      1.69
  7397.00      0.94      0.92      0.88      0.98      0.93      0.96      1.01      0.97      1.03      1.21      1.36      1.75
  7398.00      0.92      0.95      0.91      0.99      0.96      0.98      1.02      0.99      1.05      1.24      1.39      1.78
  7399.00      0.93      0.97      0.92      0.99      0.97      0.99      1.03      1.00      1.05      1.24      1.41      1.78
  7400.00      0.96      0.97      0.92      0.99      0.96      0.98      1.02      1.01      1.05      1.24      1.43      1.79
  7401.00      1.00      0.96      0.92      0.99      0.95      0.98      1.03      1.02      1.05      1.24      1.46      1.81
  7402.00      0.94      0.86      0.84      0.91      0.87      0.90      0.95      0.94      0.96      1.14      1.37      1.68
  7403.00      0.43      0.39      0.38      0.42      0.40      0.41      0.43      0.44      0.44      0.52      0.64      0.78
  7404.00      0.26      0.24      0.24      0.26      0.24      0.25      0.26      0.27      0.27      0.31      0.39      0.48
  7405.00      0.41      0.40      0.39      0.42      0.40      0.41      0.43      0.44      0.45      0.51      0.64      0.79
  7406.00      0.87      0.87      0.81      0.90      0.82      0.87      0.92      0.92      0.95      1.09      1.35      1.66
  7407.00      0.88      0.92      0.82      0.94      0.85      0.91      0.96      0.94      0.99      1.15      1.40      1.73
  7408.00      0.89      0.93      0.83      0.96      0.87      0.93      0.99      0.95      1.01      1.18      1.43      1.77
  7409.00      0.93      0.95      0.86      0.98      0.92      0.97      1.04      0.97      1.04      1.23      1.49      1.84
  7410.00      0.95      0.98      0.90      0.99      0.94      0.99      1.06      0.99      1.06      1.25      1.53      1.90
  7411.00      0.97      1.00      0.91      0.98      0.94      0.99      1.05      0.99      1.06      1.25      1.55      1.92
  7412.00      0.97      0.99      0.90      0.97      0.91      0.98      1.02      0.98      1.04      1.23      1.54      1.88
  7413.00      0.94      0.91      0.84      0.92      0.83      0.92      0.93      0.91      0.97      1.14      1.44      1.73
  7414.00      0.87      0.78      0.73      0.81      0.71      0.81      0.79      0.79      0.83      0.99      1.25      1.50
  7415.00      1.00      0.84      0.78      0.89      0.75      0.88      0.84      0.85      0.89      1.07      1.34      1.60
  7416.00      1.10      0.89      0.82      0.96      0.78      0.94      0.90      0.90      0.93      1.16      1.42      1.70
  7417.00      1.13      0.91      0.82      0.97      0.77      0.96      0.92      0.92      0.95      1.20      1.44      1.74
  7418.00      1.07      0.87      0.78      0.91      0.73      0.92      0.89      0.87      0.91      1.17      1.37      1.69
  7419.00      1.04      0.88      0.79      0.90      0.74      0.93      0.91      0.87      0.93      1.19      1.38      1.73
  7420.00      0.98      0.88      0.80      0.88      0.75      0.94      0.91      0.86      0.93      1.17      1.36      1.73
  7421.00      1.00      0.94      0.85      0.93      0.81      1.01      0.96      0.92      1.00      1.23      1.44      1.84
  7422.00      1.00      0.95      0.87      0.96      0.85      1.05      0.98      0.95      1.03      1.24      1.47      1.89
  7423.00      1.03      0.94      0.87      0.96      0.88      1.04      0.98      0.96      1.04      1.24      1.48      1.89
  7424.00      0.99      0.89      0.82      0.92      0.87      0.98      0.93      0.92      0.99      1.19      1.42      1.80
  7425.00      0.88      0.83      0.74      0.84      0.83      0.88      0.84      0.83      0.89      1.09      1.30      1.62
  7426.00      0.93      0.92      0.81      0.93      0.94      0.95      0.92      0.91      0.98      1.20      1.43      1.77
  7427.00      0.97      0.96      0.85      0.97      1.01      0.99      0.97      0.95      1.03      1.27      1.51      1.84
  7428.00      0.98      0.95      0.86      0.97      1.01      0.97      0.97      0.94      1.03      1.26      1.52      1.83
  7429.00      0.99      0.92      0.89      0.98      1.02      0.97      0.97      0.94      1.03      1.25      1.55      1.82
  7430.00      0.96      0.88      0.89      0.97      0.99      0.94      0.94      0.92      1.01      1.22      1.53      1.76
  7431.00      0.64      0.59      0.60      0.65      0.66      0.63      0.63      0.62      0.68      0.82      1.04      1.18
  7432.00      0.44      0.40      0.40      0.44      0.44      0.43      0.43      0.42      0.46      0.56      0.71      0.80
  7433.00      0.68      0.60      0.57      0.62      0.64      0.64      0.63      0.61      0.67      0.81      1.01      1.16
  7434.00      1.01      0.89      0.82      0.89      0.92      0.93      0.93      0.89      0.98      1.17      1.45      1.69
  7435.00      1.03      0.92      0.85      0.90      0.95      0.97      0.97      0.91      1.02      1.19      1.46      1.75
  7436.00      0.99      0.91      0.87      0.90      0.96      0.99      0.97      0.91      1.03      1.18      1.45      1.77
  7437.00      0.95      0.91      0.88      0.90      0.97      1.00      0.96      0.91      1.04      1.18      1.43      1.79
  7438.00      0.92      0.91      0.87      0.89      0.97      1.01      0.94      0.91      1.03      1.17      1.42      1.78
  7439.00      0.88      0.88      0.82      0.85      0.91      0.97      0.87      0.88      0.98      1.11      1.35      1.69
  7440.00      0.72      0.73      0.64      0.68      0.72      0.77      0.67      0.71      0.78      0.88      1.09      1.33
  7441.00      0.63      0.63      0.53      0.58      0.61      0.65      0.56      0.61      0.66      0.74      0.93      1.12
  7442.00      0.86      0.81      0.70      0.77      0.79      0.83      0.72      0.80      0.86      0.95      1.24      1.45
  7443.00      1.04      0.96      0.85      0.95      0.95      0.99      0.88      0.96      1.04      1.15      1.51      1.74
  7444.00      1.02      0.94      0.86      0.96      0.95      0.98      0.90      0.96      1.05      1.16      1.55      1.74
  7445.00      0.97      0.92      0.85      0.94      0.92      0.96      0.90      0.94      1.03      1.15      1.55      1.70
  7446.00      0.94      0.90      0.84      0.92      0.88      0.93      0.90      0.93      1.02      1.14      1.54      1.67
  7447.00      0.95      0.90      0.85      0.93      0.88      0.93      0.92      0.93      1.03      1.16      1.56      1.67
  7448.00      0.97      0.90      0.86      0.94      0.87      0.94      0.94      0.94      1.04      1.18      1.57      1.68
  7449.00      0.97      0.88      0.85      0.93      0.83      0.91      0.94      0.92      1.03      1.16      1.53      1.63
  7450.00      1.00      0.89      0.86      0.94      0.83      0.93      0.95      0.93      1.04      1.17      1.53      1.63
  7451.00      1.00      0.89      0.86      0.93      0.82      0.94      0.96      0.92      1.03      1.17      1.52      1.64
  7452.00      0.98      0.91      0.87      0.93      0.83      0.96      0.95      0.91      1.03      1.17      1.51      1.65
  7453.00      0.94      0.92      0.85      0.92      0.83      0.97      0.92      0.90      1.00      1.15      1.46      1.63
  7454.00      0.92      0.90      0.82      0.89      0.83      0.94      0.88      0.87      0.97      1.12      1.41      1.59
  7455.00      0.97      0.92      0.85      0.92      0.88      0.97      0.89      0.90      1.00      1.15      1.44      1.65
  7456.00      1.02      0.91      0.88      0.94      0.92      0.98      0.90      0.92      1.02      1.18      1.48      1.69
  7457.00      1.01      0.88      0.89      0.94      0.93      0.96      0.89      0.92      1.01      1.18      1.48      1.67
  7458.00      0.99      0.88      0.90      0.94      0.94      0.95      0.88      0.92      1.01      1.17      1.49      1.64
  7459.00      0.96      0.88      0.90      0.93      0.94      0.94      0.87      0.91      1.00      1.17      1.49      1.60
  7460.00      0.97      0.89      0.89      0.93      0.94      0.94      0.87      0.91      1.00      1.16      1.49      1.58
  7461.00      0.99      0.90      0.88      0.92      0.95      0.95      0.88      0.91      1.01      1.16      1.51      1.57
  7462.00      1.01      0.92      0.88      0.92      0.96      0.96      0.89      0.91      1.03      1.17      1.52      1.59
  7463.00      0.99      0.90      0.85      0.91      0.96      0.95      0.89      0.89      1.01      1.15      1.50      1.58
  7464.00      0.96      0.88      0.82      0.89      0.94      0.93      0.88      0.87      0.99      1.12      1.45      1.57
  7465.00      0.93      0.84      0.80      0.88      0.91      0.91      0.86      0.85      0.96      1.08      1.40      1.54
  7466.00      0.85      0.75      0.73      0.80      0.82      0.83      0.78      0.77      0.86      0.97      1.25      1.40
  7467.00      0.74      0.66      0.64      0.69      0.71      0.72      0.67      0.68      0.74      0.84      1.07      1.21
  7468.00      0.86      0.77      0.75      0.80      0.83      0.85      0.79      0.80      0.84      0.98      1.22      1.39
  7469.00      0.88      0.82      0.79      0.84      0.88      0.89      0.84      0.84      0.88      1.05      1.28      1.44
  7470.00      0.90      0.86      0.83      0.88      0.93      0.94      0.90      0.88      0.93      1.12      1.36      1.49
  7471.00      0.90      0.86      0.84      0.89      0.95      0.96      0.92      0.88      0.94      1.15      1.40      1.50
  7472.00      0.81      0.75      0.77      0.80      0.88      0.88      0.85      0.80      0.85      1.05      1.29      1.36
  7473.00      0.73      0.66      0.69      0.71      0.79      0.79      0.76      0.73      0.77      0.94      1.18      1.22
  7474.00      0.81      0.71      0.73      0.77      0.85      0.86      0.83      0.80      0.84      1.01      1.29      1.32
  7475.00      0.78      0.69      0.69      0.71      0.80      0.82      0.79      0.77      0.81      0.95      1.23      1.25
  7476.00      0.65      0.57      0.56      0.55      0.64      0.65      0.64      0.62      0.65      0.76      0.99      1.02
  7477.00      0.82      0.72      0.73      0.69      0.82      0.83      0.82      0.79      0.82      0.97      1.24      1.29
  7478.00      0.95      0.87      0.86      0.81      0.97      0.98      0.97      0.92      0.96      1.14      1.45      1.52
  7479.00      0.91      0.88      0.83      0.81      0.96      0.96      0.97      0.91      0.95      1.14      1.44      1.49
  7480.00      0.64      0.66      0.57      0.59      0.69      0.69      0.69      0.66      0.69      0.83      1.04      1.05
  7481.00      0.46      0.47      0.39      0.41      0.47      0.47      0.47      0.46      0.48      0.58      0.72      0.71
  7482.00      0.63      0.63      0.53      0.55      0.62      0.62      0.62      0.62      0.64      0.77      0.96      0.90
  7483.00      0.91      0.88      0.76      0.77      0.86      0.87      0.86      0.87      0.91      1.06      1.32      1.18
  7484.00      0.96      0.90      0.81      0.80      0.89      0.92      0.88      0.90      0.96      1.09      1.37      1.15
  7485.00      0.91      0.84      0.76      0.77      0.84      0.87      0.83      0.85      0.92      1.03      1.31      1.02
  7486.00      0.91      0.85      0.76      0.80      0.86      0.88      0.85      0.86      0.95      1.05      1.34      0.96
  7487.00      0.92      0.90      0.80      0.85      0.91      0.91      0.88      0.89      1.00      1.09      1.41      0.95
  7488.00      0.88      0.92      0.81      0.86      0.91      0.90      0.87      0.88      1.00      1.09      1.40      0.90
  7489.00      0.88      0.92      0.81      0.85      0.89      0.89      0.86      0.87      0.97      1.08      1.37      0.87
  7490.00      0.87      0.87      0.78      0.81      0.84      0.86      0.83      0.83      0.92      1.03      1.29      0.84
  7491.00      0.94      0.88      0.82      0.85      0.86      0.91      0.86      0.88      0.95      1.07      1.32      0.89
  7492.00      0.97      0.87      0.84      0.86      0.87      0.93      0.88      0.91      0.96      1.08      1.33      0.95
  7493.00      0.95      0.86      0.84      0.86      0.88      0.92      0.90      0.92      0.95      1.07      1.33      1.00
  7494.00      0.95      0.86      0.84      0.86      0.90      0.91      0.91      0.92      0.95      1.06      1.33      1.04
  7495.00      0.90      0.81      0.78      0.81      0.86      0.86      0.87      0.85      0.88      0.99      1.26      0.99
  7496.00      0.78      0.71      0.68      0.72      0.77      0.76      0.80      0.74      0.78      0.88      1.13      0.89
  7497.00      0.83      0.78      0.77      0.79      0.85      0.85      0.92      0.82      0.87      0.98      1.27      0.99
  7498.00      0.87      0.83      0.83      0.83      0.90      0.90      1.02      0.87      0.92      1.06      1.35      1.05
  7499.00      0.89      0.83      0.83      0.81      0.89      0.88      1.05      0.86      0.90      1.05      1.31      1.04
  7500.00      0.90      0.83      0.83      0.79      0.89      0.85      1.06      0.85      0.89      1.05      1.28      1.04
  7501.00      0.90      0.84      0.82      0.78      0.88      0.84      1.07      0.84      0.87      1.04      1.25      1.05
  7502.00      0.86      0.81      0.78      0.76      0.83      0.80      1.02      0.80      0.84      1.00      1.19      1.05
  7503.00      0.88      0.81      0.79      0.78      0.84      0.82      1.02      0.83      0.86      1.02      1.21      1.15
  7504.00      0.89      0.78      0.78      0.79      0.83      0.82      0.99      0.83      0.86      1.02      1.22      1.27
  7505.00      0.85      0.72      0.75      0.76      0.79      0.80      0.91      0.80      0.82      0.99      1.19      1.35
  7506.00      0.86      0.72      0.76      0.76      0.81      0.81      0.87      0.81      0.82      0.99      1.22      1.49
  7507.00      0.89      0.76      0.77      0.77      0.84      0.84      0.84      0.83      0.82      1.02      1.25      1.65
  7508.00      0.90      0.78      0.77      0.77      0.84      0.85      0.79      0.84      0.80      1.02      1.24      1.75
  7509.00      0.88      0.78      0.75      0.75      0.81      0.84      0.74      0.81      0.77      1.00      1.20      1.78
  7510.00      0.87      0.77      0.73      0.74      0.79      0.82      0.69      0.79      0.75      0.98      1.15      1.76
  7511.00      0.86      0.77      0.70      0.73      0.79      0.81      0.67      0.78      0.74      0.96      1.13      1.72
  7512.00      0.87      0.78      0.71      0.73      0.81      0.82      0.67      0.78      0.74      0.97      1.14      1.70
  7513.00      0.88      0.78      0.72      0.74      0.83      0.83      0.67      0.79      0.76      0.98      1.17      1.69
  7514.00      0.87      0.76      0.70      0.73      0.81      0.82      0.64      0.78      0.75      0.96      1.18      1.62
  7515.00      0.86      0.75      0.69      0.72      0.78      0.81      0.61      0.77      0.74      0.94      1.18      1.57
  7516.00      0.84      0.75      0.66      0.71      0.76      0.78      0.57      0.76      0.73      0.91      1.18      1.51
  7517.00      0.83      0.76      0.64      0.71      0.74      0.76      0.54      0.75      0.72      0.90      1.17      1.48
  7518.00      0.81      0.75      0.63      0.69      0.73      0.74      0.51      0.74      0.71      0.89      1.15      1.45
  7519.00      0.78      0.72      0.60      0.67      0.70      0.70      0.48      0.71      0.68      0.85      1.10      1.39
  7520.00      0.83      0.77      0.64      0.73      0.75      0.77      0.53      0.77      0.74      0.92      1.17      1.49
  7521.00      0.89      0.81      0.70      0.79      0.80      0.83      0.60      0.82      0.79      0.99      1.23      1.59
  7522.00      0.90      0.81      0.74      0.82      0.82      0.84      0.66      0.83      0.81      1.01      1.24      1.63
  7523.00      0.89      0.79      0.75      0.80      0.82      0.83      0.71      0.82      0.80      1.00      1.22      1.63
  7524.00      0.73      0.64      0.63      0.65      0.68      0.68      0.63      0.68      0.67      0.83      1.01      1.38
  7525.00      0.31      0.27      0.26      0.27      0.29      0.29      0.28      0.29      0.28      0.35      0.43      0.60
  7526.00      0.21      0.18      0.17      0.18      0.19      0.19      0.19      0.19      0.18      0.23      0.28      0.41
  7527.00      0.31      0.26      0.25      0.27      0.29      0.28      0.29      0.29      0.28      0.35      0.42      0.63
  7528.00      0.70      0.58      0.57      0.61      0.66      0.64      0.66      0.65      0.62      0.78      0.94      1.45
  7529.00      0.94      0.79      0.78      0.83      0.91      0.86      0.89      0.87      0.85      1.06      1.27      2.02
  7530.00      0.94      0.80      0.79      0.82      0.94      0.86      0.88      0.86      0.85      1.06      1.27      2.08
  7531.00      0.94      0.84      0.80      0.82      0.99      0.88      0.87      0.86      0.88      1.08      1.29      2.15
  7532.00      0.69      0.63      0.58      0.60      0.75      0.63      0.62      0.62      0.65      0.80      0.95      1.60
  7533.00      0.51      0.47      0.43      0.44      0.57      0.46      0.45      0.45      0.48      0.60      0.71      1.19
  7534.00      0.68      0.63      0.58      0.60      0.78      0.63      0.60      0.61      0.66      0.80      0.96      1.60
  7535.00      0.95      0.86      0.80      0.84      1.08      0.87      0.83      0.86      0.93      1.10      1.33      2.15
  7536.00      0.97      0.87      0.81      0.89      1.10      0.90      0.85      0.90      0.97      1.12      1.35      2.12
  7537.00      0.98      0.88      0.81      0.91      1.07      0.93      0.86      0.92      0.98      1.12      1.35      2.04
  7538.00      0.98      0.89      0.81      0.91      1.04      0.94      0.88      0.92      0.97      1.12      1.35      1.97
  7539.00      0.99      0.91      0.82      0.91      1.01      0.96      0.90      0.94      0.98      1.14      1.36      1.94
  7540.00      0.99      0.92      0.84      0.88      0.99      0.97      0.90      0.94      0.97      1.14      1.37      1.90
  7541.00      0.96      0.87      0.82      0.84      0.93      0.93      0.87      0.90      0.93      1.10      1.32      1.80
  7542.00      0.92      0.83      0.80      0.80      0.87      0.89      0.83      0.87      0.89      1.06      1.27      1.69
  7543.00      0.94      0.86      0.83      0.83      0.88      0.90      0.86      0.90      0.92      1.09      1.32      1.71
  7544.00      0.97      0.89      0.84      0.86      0.90      0.92      0.89      0.93      0.95      1.12      1.36      1.73
  7545.00      0.98      0.91      0.84      0.88      0.90      0.92      0.90      0.95      0.96      1.13      1.39      1.72
  7546.00      1.01      0.94      0.85      0.90      0.91      0.95      0.93      0.96      0.98      1.15      1.42      1.74
  7547.00      1.02      0.96      0.85      0.91      0.91      0.97      0.94      0.96      1.00      1.15      1.43      1.74
  7548.00      0.99      0.95      0.82      0.87      0.87      0.94      0.91      0.93      0.98      1.11      1.38      1.68
  7549.00      0.97      0.94      0.80      0.84      0.85      0.90      0.88      0.91      0.97      1.07      1.35      1.64
  7550.00      1.00      0.96      0.82      0.85      0.87      0.91      0.90      0.94      1.01      1.09      1.39      1.69
  7551.00      1.01      0.95      0.83      0.85      0.87      0.90      0.90      0.95      1.02      1.10      1.41      1.71
  7552.00      1.00      0.93      0.84      0.85      0.85      0.89      0.89      0.95      1.00      1.09      1.39      1.68
  7553.00      1.03      0.94      0.86      0.88      0.86      0.91      0.91      0.96      1.00      1.11      1.41      1.69
  7554.00      1.02      0.92      0.85      0.89      0.85      0.90      0.91      0.94      0.98      1.10      1.38      1.67
  7555.00      0.98      0.90      0.81      0.86      0.83      0.87      0.89      0.90      0.92      1.07      1.33      1.61
  7556.00      1.02      0.95      0.84      0.90      0.88      0.91      0.93      0.93      0.94      1.13      1.37      1.69
  7557.00      1.05      1.01      0.87      0.92      0.92      0.93      0.96      0.94      0.97      1.18      1.40      1.77
  7558.00      1.05      1.03      0.87      0.92      0.93      0.94      0.96      0.93      0.96      1.18      1.41      1.80
  7559.00      1.02      1.03      0.85      0.90      0.92      0.93      0.94      0.90      0.94      1.16      1.39      1.79
  7560.00      1.01      1.03      0.84      0.89      0.91      0.93      0.93      0.89      0.92      1.14      1.37      1.78
  7561.00      0.99      1.04      0.82      0.87      0.90      0.93      0.92      0.88      0.90      1.12      1.35      1.75
  7562.00      0.97      1.05      0.80      0.85      0.87      0.91      0.90      0.87      0.88      1.09      1.32      1.68
  7563.00      1.01      1.12      0.82      0.89      0.90      0.94      0.93      0.90      0.91      1.13      1.37      1.74
  7564.00      1.03      1.17      0.83      0.91      0.93      0.96      0.94      0.92      0.93      1.17      1.41      1.78
  7565.00      1.03      1.18      0.82      0.91      0.95      0.96      0.94      0.92      0.93      1.18      1.41      1.78
  7566.00      1.03      1.18      0.82      0.92      0.96      0.97      0.93      0.92      0.93      1.18      1.41      1.80
  7567.00      1.03      1.19      0.82      0.91      0.97      0.98      0.93      0.93      0.93      1.19      1.42      1.82
  7568.00      1.01      1.15      0.81      0.89      0.96      0.96      0.91      0.93      0.92      1.16      1.39      1.79
  7569.00      0.90      0.99      0.71      0.78      0.85      0.85      0.80      0.83      0.82      1.02      1.23      1.59
  7570.00      0.78      0.86      0.62      0.68      0.76      0.73      0.70      0.72      0.71      0.88      1.07      1.37
  7571.00      0.90      0.98      0.72      0.79      0.90      0.84      0.81      0.83      0.83      1.01      1.24      1.56
  7572.00      0.90      0.96      0.73      0.79      0.91      0.83      0.81      0.82      0.83      1.01      1.25      1.54
  7573.00      0.49      0.51      0.39      0.42      0.49      0.45      0.44      0.43      0.45      0.54      0.67      0.82
  7574.00      0.33      0.34      0.26      0.29      0.32      0.31      0.30      0.29      0.31      0.36      0.45      0.55
  7575.00      0.48      0.49      0.38      0.43      0.46      0.45      0.44      0.43      0.45      0.52      0.67      0.80
  7576.00      0.84      0.84      0.67      0.76      0.78      0.81      0.76      0.76      0.79      0.92      1.17      1.40
  7577.00      0.97      0.93      0.78      0.87      0.88      0.94      0.86      0.89      0.92      1.05      1.34      1.60
  7578.00      1.00      0.93      0.82      0.89      0.89      0.96      0.87      0.92      0.96      1.09      1.38      1.65
  7579.00      1.00      0.92      0.82      0.89      0.88      0.95      0.87      0.93      0.97      1.10      1.39      1.67
  7580.00      1.00      0.89      0.82      0.88      0.87      0.93      0.87      0.93      0.97      1.11      1.38      1.70
  7581.00      1.00      0.87      0.81      0.89      0.87      0.93      0.90      0.93      0.97      1.12      1.40      1.73
  7582.00      0.99      0.84      0.79      0.87      0.86      0.92      0.91      0.92      0.96      1.11      1.39      1.72
  7583.00      1.00      0.82      0.80      0.87      0.87      0.93      0.93      0.92      0.95      1.11      1.39      1.73
  7584.00      1.00      0.82      0.80      0.87      0.86      0.94      0.95      0.91      0.93      1.11      1.39      1.73
  7585.00      1.00      0.85      0.81      0.88      0.87      0.96      0.96      0.90      0.93      1.11      1.38      1.74
  7586.00      0.97      0.83      0.79      0.87      0.84      0.94      0.92      0.87      0.90      1.08      1.33      1.68
  7587.00      0.71      0.61      0.58      0.64      0.62      0.69      0.67      0.63      0.65      0.80      0.98      1.24
  7588.00      0.54      0.46      0.44      0.49      0.48      0.53      0.51      0.48      0.50      0.62      0.75      0.96
  7589.00      0.72      0.60      0.58      0.65      0.65      0.71      0.67      0.64      0.66      0.83      1.00      1.28
  7590.00      0.98      0.85      0.78      0.89      0.90      0.96      0.91      0.87      0.91      1.14      1.36      1.75
  7591.00      1.01      0.90      0.79      0.91      0.92      0.97      0.94      0.89      0.94      1.18      1.39      1.79
  7592.00      0.97      0.89      0.77      0.87      0.88      0.93      0.90      0.85      0.92      1.14      1.33      1.73
  7593.00      0.93      0.86      0.75      0.82      0.84      0.89      0.86      0.81      0.88      1.08      1.26      1.65
  7594.00      0.76      0.70      0.62      0.66      0.69      0.72      0.71      0.67      0.73      0.89      1.03      1.35
  7595.00      0.71      0.64      0.58      0.61      0.65      0.68      0.66      0.63      0.68      0.82      0.96      1.26
  7596.00      0.81      0.72      0.66      0.68      0.74      0.77      0.74      0.73      0.76      0.93      1.09      1.43
  7597.00      0.87      0.76      0.72      0.71      0.80      0.82      0.78      0.78      0.81      0.99      1.17      1.52
  7598.00      0.80      0.69      0.68      0.65      0.74      0.77      0.71      0.73      0.74      0.92      1.10      1.41
  7599.00      0.58      0.49      0.49      0.47      0.53      0.56      0.51      0.53      0.53      0.67      0.80      1.02
  7600.00      0.48      0.40      0.40      0.41      0.43      0.46      0.42      0.44      0.44      0.56      0.67      0.84
  7601.00      0.69      0.58      0.58      0.61      0.62      0.65      0.61      0.64      0.64      0.82      0.97      1.22
  7602.00      0.71      0.59      0.59      0.62      0.63      0.66      0.63      0.66      0.66      0.85      1.00      1.24
  7603.00      0.70      0.59      0.57      0.61      0.63      0.65      0.62      0.64      0.65      0.84      0.99      1.21
  7604.00      0.69      0.59      0.56      0.59      0.61      0.65      0.62      0.62      0.65      0.82      0.96      1.19
  7605.00      0.66      0.57      0.55      0.56      0.59      0.63      0.60      0.59      0.63      0.78      0.92      1.15
  7606.00      0.63      0.55      0.52      0.54      0.56      0.61      0.58      0.56      0.61      0.73      0.88      1.09
  7607.00      0.48      0.41      0.40      0.42      0.43      0.46      0.45      0.42      0.47      0.55      0.67      0.84
  7608.00      0.37      0.31      0.30      0.33      0.34      0.36      0.34      0.32      0.36      0.42      0.52      0.65
  7609.00      0.55      0.45      0.44      0.49      0.50      0.52      0.50      0.48      0.54      0.60      0.76      0.95
  7610.00      0.67      0.55      0.54      0.59      0.61      0.63      0.61      0.58      0.67      0.74      0.94      1.17
  7611.00      0.56      0.46      0.46      0.49      0.51      0.53      0.51      0.48      0.56      0.62      0.79      0.98
  7612.00      0.36      0.29      0.29      0.31      0.32      0.33      0.32      0.31      0.35      0.40      0.51      0.63
  7613.00      0.49      0.39      0.40      0.43      0.44      0.46      0.45      0.43      0.48      0.55      0.70      0.85
  7614.00      0.64      0.50      0.52      0.57      0.58      0.60      0.59      0.56      0.63      0.73      0.91      1.09
  7615.00      0.48      0.36      0.40      0.43      0.44      0.45      0.44      0.42      0.47      0.55      0.68      0.80
  7616.00      0.62      0.43      0.51      0.56      0.56      0.57      0.57      0.55      0.59      0.71      0.85      0.99
  7617.00      0.93      0.62      0.78      0.84      0.86      0.85      0.85      0.83      0.89      1.07      1.26      1.46
  7618.00      0.93      0.61      0.79      0.83      0.87      0.86      0.84      0.84      0.90      1.07      1.25      1.46
  7619.00      0.60      0.39      0.51      0.53      0.57      0.55      0.53      0.54      0.58      0.69      0.81      0.96
  7620.00      0.38      0.25      0.32      0.34      0.36      0.35      0.33      0.34      0.37      0.44      0.51      0.62
  7621.00      0.35      0.23      0.30      0.31      0.34      0.33      0.30      0.32      0.34      0.41      0.48      0.60
  7622.00      0.65      0.44      0.55      0.58      0.64      0.61      0.56      0.60      0.61      0.75      0.89      1.13
  7623.00      0.72      0.49      0.60      0.64      0.72      0.67      0.63      0.66      0.66      0.82      0.98      1.25
  7624.00      0.68      0.49      0.56      0.60      0.70      0.63      0.59      0.61      0.60      0.77      0.93      1.18
  7625.00      0.78      0.59      0.64      0.69      0.84      0.73      0.69      0.69      0.66      0.89      1.08      1.36
  7626.00      0.79      0.63      0.65      0.71      0.90      0.75      0.71      0.69      0.66      0.91      1.10      1.39
  7627.00      0.52      0.43      0.44      0.47      0.65      0.50      0.47      0.45      0.42      0.61      0.73      0.93
  7628.00      0.62      0.53      0.53      0.56      0.88      0.59      0.56      0.52      0.47      0.74      0.87      1.12
  7629.00      0.84      0.73      0.71      0.75      1.25      0.80      0.75      0.70      0.60      1.00      1.18      1.52
  7630.00      0.68      0.59      0.57      0.61      1.04      0.64      0.61      0.56      0.46      0.81      0.96      1.24
  7631.00      0.38      0.33      0.32      0.34      0.59      0.36      0.33      0.31      0.24      0.46      0.53      0.70
  7632.00      0.50      0.45      0.42      0.44      0.77      0.48      0.43      0.41      0.27      0.61      0.70      0.93
  7633.00      0.91      0.81      0.76      0.79      1.36      0.87      0.78      0.75      0.46      1.10      1.25      1.66
  7634.00      0.92      0.82      0.78      0.80      1.34      0.88      0.78      0.76      0.45      1.10      1.25      1.67
  7635.00      0.68      0.62      0.59      0.60      0.97      0.66      0.59      0.57      0.33      0.81      0.92      1.25
  7636.00      0.74      0.68      0.63      0.65      1.02      0.71      0.65      0.61      0.37      0.86      0.97      1.33
  7637.00      1.00      0.92      0.84      0.88      1.39      0.96      0.90      0.82      0.53      1.15      1.31      1.78
  7638.00      1.13      1.03      0.93      0.98      1.58      1.07      1.02      0.92      0.63      1.27      1.47      1.99
  7639.00      1.02      0.92      0.84      0.87      1.43      0.96      0.93      0.82      0.62      1.14      1.34      1.78
  7640.00      0.87      0.79      0.73      0.75      1.20      0.82      0.79      0.69      0.59      0.97      1.15      1.52
  7641.00      0.88      0.79      0.75      0.76      1.17      0.84      0.79      0.69      0.66      0.97      1.18      1.52
  7642.00      1.11      0.99      0.95      0.95      1.40      1.07      0.99      0.86      0.91      1.23      1.49      1.91
  7643.00      1.08      0.98      0.92      0.92      1.30      1.05      0.98      0.84      0.93      1.19      1.46      1.87
  7644.00      0.78      0.72      0.65      0.66      0.87      0.75      0.70      0.60      0.70      0.85      1.04      1.34
  7645.00      0.76      0.73      0.63      0.65      0.79      0.73      0.69      0.60      0.71      0.83      1.01      1.31
  7646.00      0.91      0.87      0.76      0.79      0.91      0.86      0.82      0.73      0.87      0.99      1.19      1.55
  7647.00      1.00      0.94      0.84      0.87      0.98      0.95      0.89      0.81      0.96      1.09      1.29      1.69
  7648.00      0.91      0.84      0.77      0.79      0.89      0.86      0.81      0.75      0.88      0.99      1.16      1.53
  7649.00      0.60      0.55      0.51      0.52      0.59      0.57      0.54      0.51      0.58      0.66      0.76      1.02
  7650.00      0.68      0.61      0.58      0.57      0.67      0.65      0.62      0.58      0.65      0.76      0.84      1.16
  7651.00      1.03      0.92      0.86      0.85      1.01      0.98      0.95      0.88      0.97      1.16      1.25      1.75
  7652.00      1.10      0.98      0.91      0.91      1.06      1.06      1.03      0.94      1.03      1.25      1.31      1.88
  7653.00      0.91      0.81      0.74      0.75      0.87      0.88      0.86      0.77      0.84      1.03      1.08      1.56
  7654.00      0.70      0.61      0.57      0.58      0.65      0.68      0.66      0.59      0.65      0.80      0.82      1.21
  7655.00      0.82      0.71      0.67      0.69      0.75      0.80      0.77      0.68      0.75      0.92      0.94      1.39
  7656.00      1.08      0.96      0.88      0.92      0.99      1.07      1.02      0.89      0.99      1.23      1.23      1.80
  7657.00      1.11      1.02      0.91      0.96      1.03      1.10      1.04      0.91      1.02      1.27      1.24      1.83
  7658.00      1.02      0.95      0.83      0.88      0.95      1.00      0.95      0.83      0.93      1.17      1.10      1.65
  7659.00      0.99      0.93      0.81      0.84      0.91      0.95      0.89      0.80      0.88      1.14      1.01      1.56
  7660.00      1.03      0.97      0.84      0.88      0.94      0.98      0.92      0.84      0.91      1.21      0.99      1.61
  7661.00      1.10      0.99      0.89      0.93      0.99      1.03      0.96      0.89      0.96      1.29      0.97      1.68
  7662.00      1.11      0.96      0.89      0.95      0.99      1.03      0.96      0.91      0.98      1.29      0.90      1.68
  7663.00      1.03      0.87      0.83      0.90      0.92      0.96      0.89      0.85      0.92      1.19      0.78      1.55
  7664.00      0.90      0.75      0.73      0.79      0.80      0.83      0.78      0.75      0.82      1.02      0.63      1.32
  7665.00      0.80      0.67      0.65      0.71      0.72      0.74      0.69      0.68      0.75      0.90      0.54      1.14
  7666.00      0.87      0.74      0.71      0.76      0.79      0.82      0.76      0.76      0.87      0.97      0.58      1.17
  7667.00      1.16      1.00      0.93      1.00      1.07      1.11      1.02      1.03      1.21      1.30      0.80      1.44
  7668.00      1.23      1.08      0.98      1.05      1.14      1.18      1.09      1.10      1.34      1.38      0.91      1.42
  7669.00      1.13      1.01      0.89      0.96      1.05      1.08      1.00      1.00      1.29      1.27      0.90      1.18
  7670.00      1.09      0.98      0.86      0.93      1.01      1.03      0.96      0.95      1.30      1.24      0.95      1.03
  7671.00      1.10      0.99      0.87      0.93      1.02      1.02      0.96      0.96      1.34      1.25      1.03      0.95
  7672.00      1.10      0.99      0.88      0.94      1.01      1.02      0.96      0.97      1.37      1.27      1.13      0.90
  7673.00      1.11      1.00      0.90      0.94      1.00      1.02      0.97      0.98      1.37      1.28      1.24      0.87
  7674.00      1.04      0.94      0.86      0.86      0.92      0.95      0.92      0.94      1.25      1.20      1.24      0.79
  7675.00      0.98      0.88      0.82      0.80      0.85      0.89      0.87      0.89      1.12      1.13      1.22      0.74
  7676.00      1.05      0.92      0.89      0.86      0.91      0.94      0.93      0.96      1.13      1.20      1.34      0.81
  7677.00      1.11      0.95      0.95      0.93      0.97      1.00      0.98      1.01      1.12      1.27      1.45      0.91
  7678.00      1.13      0.98      0.99      0.96      0.99      1.01      0.98      1.02      1.08      1.29      1.48      1.02
  7679.00      1.15      1.02      1.01      0.99      1.02      1.03      0.99      1.04      1.05      1.31      1.49      1.19
  7680.00      1.13      1.04      1.00      0.97      1.01      1.02      0.98      1.02      1.02      1.31      1.46      1.36
  7681.00      1.11      1.03      0.97      0.95      0.99      1.01      0.98      1.01      0.99      1.30      1.44      1.56
  7682.00      1.12      1.03      0.96      0.95      1.01      1.02      0.99      1.02      0.99      1.30      1.46      1.78
  7683.00      1.08      0.98      0.93      0.91      0.98      0.98      0.96      0.98      0.96      1.25      1.42      1.91
  7684.00      1.03      0.94      0.90      0.87      0.94      0.94      0.92      0.95      0.93      1.18      1.38      1.99
  7685.00      1.04      0.96      0.91      0.87      0.95      0.95      0.93      0.96      0.93      1.18      1.41      2.13
  7686.00      1.00      0.95      0.87      0.85      0.90      0.92      0.88      0.93      0.89      1.12      1.38      2.11
  7687.00      0.96      0.94      0.83      0.83      0.86      0.89      0.83      0.89      0.85      1.07      1.34      2.06
  7688.00      0.90      0.90      0.76      0.79      0.81      0.84      0.78      0.84      0.79      1.01      1.25      1.91
  7689.00      0.79      0.81      0.66      0.70      0.73      0.75      0.68      0.74      0.68      0.89      1.10      1.65
  7690.00      0.76      0.79      0.63      0.66      0.70      0.72      0.66      0.72      0.65      0.86      1.04      1.54
  7691.00      0.89      0.94      0.74      0.78      0.82      0.86      0.78      0.87      0.76      1.02      1.22      1.76
  7692.00      0.96      1.02      0.80      0.83      0.87      0.93      0.83      0.95      0.81      1.10      1.29      1.83
  7693.00      0.82      0.87      0.69      0.69      0.72      0.79      0.70      0.81      0.68      0.93      1.08      1.52
  7694.00      0.72      0.76      0.61      0.60      0.62      0.69      0.60      0.71      0.59      0.81      0.94      1.31
  7695.00      0.85      0.88      0.71      0.70      0.72      0.80      0.69      0.83      0.68      0.94      1.10      1.49
  7696.00      0.99      1.01      0.82      0.83      0.84      0.93      0.80      0.95      0.79      1.10      1.29      1.71
  7697.00      0.94      0.96      0.77      0.79      0.79      0.89      0.76      0.88      0.75      1.05      1.22      1.59
  7698.00      0.88      0.89      0.72      0.75      0.74      0.83      0.73      0.81      0.70      0.99      1.15      1.48
  7699.00      0.90      0.89      0.73      0.78      0.76      0.85      0.76      0.81      0.72      1.02      1.19      1.51
  7700.00      0.88      0.83      0.71      0.76      0.75      0.82      0.76      0.77      0.71      0.99      1.16      1.48
  7701.00      0.71      0.66      0.57      0.62      0.62      0.65      0.63      0.61      0.57      0.80      0.93      1.21
  7702.00      0.68      0.62      0.54      0.59      0.59      0.62      0.61      0.58      0.55      0.75      0.87      1.17
  7703.00      0.86      0.77      0.70      0.75      0.76      0.79      0.77      0.73      0.70      0.95      1.09      1.50
  7704.00      1.06      0.92      0.88      0.91      0.93      0.98      0.96      0.90      0.88      1.15      1.34      1.87
  7705.00      1.06      0.89      0.88      0.90      0.91      0.97      0.95      0.89      0.88      1.14      1.32      1.88
  7706.00      1.04      0.87      0.87      0.87      0.89      0.95      0.92      0.88      0.85      1.11      1.29      1.85
  7707.00      1.09      0.92      0.90      0.92      0.92      0.97      0.96      0.93      0.89      1.16      1.32      1.92
  7708.00      1.13      0.96      0.93      0.97      0.96      0.99      0.98      0.96      0.91      1.21      1.34      1.98
  7709.00      1.14      0.98      0.94      0.99      0.97      1.00      0.98      0.98      0.91      1.23      1.31      1.99
  7710.00      1.12      0.99      0.94      0.97      0.96      1.00      0.97      0.97      0.90      1.22      1.24      1.96
  7711.00      1.09      0.96      0.92      0.93      0.93      0.97      0.94      0.94      0.86      1.19      1.14      1.88
  7712.00      1.04      0.90      0.88      0.86      0.88      0.94      0.89      0.89      0.81      1.13      1.02      1.78
  7713.00      0.91      0.76      0.77      0.74      0.77      0.84      0.78      0.79      0.70      1.00      0.84      1.56
  7714.00      0.59      0.47      0.50      0.48      0.50      0.55      0.51      0.52      0.45      0.65      0.51      1.02
  7715.00      0.45      0.34      0.38      0.36      0.38      0.42      0.39      0.40      0.34      0.49      0.38      0.78
  7716.00      0.49      0.35      0.42      0.40      0.42      0.46      0.42      0.44      0.37      0.53      0.41      0.85
  7717.00      0.36      0.25      0.31      0.30      0.31      0.34      0.31      0.32      0.28      0.39      0.31      0.63
  7718.00      0.22      0.15      0.19      0.19      0.19      0.21      0.19      0.20      0.17      0.24      0.20      0.40
  7719.00      0.18      0.12      0.15      0.16      0.16      0.17      0.16      0.16      0.15      0.20      0.18      0.33
  7720.00      0.26      0.16      0.21      0.22      0.22      0.24      0.23      0.23      0.21      0.28      0.27      0.46
  7721.00      0.56      0.35      0.46      0.47      0.47      0.53      0.49      0.49      0.44      0.61      0.63      0.98
  7722.00      1.01      0.66      0.83      0.85      0.85      0.96      0.88      0.89      0.78      1.11      1.22      1.74
  7723.00      1.10      0.78      0.91      0.90      0.92      1.06      0.96      0.98      0.83      1.23      1.41      1.86
  7724.00      1.08      0.83      0.90      0.86      0.90      1.06      0.94      0.97      0.79      1.23      1.45      1.78
  7725.00      0.83      0.69      0.69      0.65      0.68      0.82      0.72      0.74      0.59      0.94      1.15      1.33
  7726.00      0.64      0.56      0.53      0.50      0.52      0.65      0.56      0.57      0.45      0.73      0.91      1.01
  7727.00      0.58      0.52      0.49      0.47      0.48      0.60      0.50      0.52      0.41      0.66      0.84      0.92
  7728.00      0.51      0.45      0.42      0.42      0.43      0.53      0.44      0.45      0.36      0.57      0.74      0.80
  7729.00      0.67      0.60      0.56      0.56      0.59      0.69      0.58      0.60      0.47      0.76      0.97      1.06
  7730.00      0.99      0.91      0.83      0.84      0.90      1.00      0.85      0.88      0.69      1.13      1.44      1.57
  7731.00      1.06      0.97      0.90      0.90      0.97      1.04      0.90      0.94      0.71      1.22      1.55      1.68
  7732.00      1.09      0.98      0.94      0.92      1.00      1.05      0.92      0.97      0.70      1.27      1.60      1.75
  7733.00      1.08      0.93      0.93      0.90      0.99      1.03      0.90      0.96      0.65      1.26      1.60      1.74
  7734.00      1.02      0.84      0.87      0.83      0.92      0.96      0.83      0.90      0.58      1.17      1.50      1.65
  7735.00      0.92      0.72      0.77      0.73      0.83      0.85      0.74      0.80      0.50      1.03      1.34      1.49
  7736.00      0.75      0.58      0.61      0.60      0.68      0.69      0.59      0.65      0.39      0.83      1.07      1.23
  7737.00      0.64      0.49      0.51      0.51      0.59      0.58      0.51      0.55      0.31      0.70      0.90      1.07
  7738.00      0.64      0.50      0.51      0.52      0.58      0.57      0.51      0.54      0.30      0.70      0.88      1.08
  7739.00      0.84      0.66      0.67      0.68      0.76      0.75      0.67      0.70      0.38      0.92      1.14      1.44
  7740.00      1.03      0.81      0.82      0.83      0.93      0.91      0.84      0.86      0.45      1.14      1.39      1.76
  7741.00      0.97      0.75      0.78      0.78      0.89      0.85      0.80      0.82      0.42      1.10      1.33      1.68
  7742.00      0.94      0.71      0.76      0.76      0.87      0.83      0.79      0.80      0.42      1.08      1.31      1.63
  7743.00      0.94      0.70      0.77      0.78      0.89      0.85      0.81      0.82      0.45      1.09      1.33      1.63
  7744.00      1.02      0.76      0.84      0.87      0.96      0.95      0.89      0.89      0.54      1.18      1.46      1.77
  7745.00      1.10      0.85      0.90      0.95      1.03      1.05      0.97      0.96      0.64      1.27      1.58      1.92
  7746.00      1.11      0.92      0.92      0.96      1.02      1.07      0.99      0.98      0.71      1.27      1.60      1.96
  7747.00      1.13      0.99      0.94      0.96      1.01      1.07      0.99      1.00      0.77      1.27      1.61      1.99
  7748.00      1.13      1.04      0.96      0.97      1.00      1.06      0.99      1.01      0.82      1.27      1.61      2.01
  7749.00      1.15      1.09      0.98      0.98      1.01      1.06      0.99      1.02      0.84      1.28      1.62      2.03
  7750.00      1.11      1.11      0.94      0.96      0.97      1.02      0.95      0.99      0.80      1.25      1.57      1.97
  7751.00      0.82      0.85      0.68      0.71      0.71      0.76      0.70      0.72      0.56      0.94      1.16      1.46
  7752.00      0.37      0.39      0.31      0.32      0.32      0.34      0.31      0.32      0.24      0.43      0.53      0.66
  7753.00      0.26      0.27      0.22      0.21      0.22      0.24      0.22      0.22      0.17      0.30      0.36      0.46
  7754.00      0.36      0.37      0.30      0.29      0.31      0.33      0.30      0.31      0.23      0.41      0.50      0.64
  7755.00      0.77      0.78      0.64      0.60      0.67      0.71      0.64      0.68      0.52      0.87      1.06      1.34
  7756.00      1.08      1.06      0.90      0.85      0.95      1.00      0.90      0.96      0.78      1.22      1.47      1.88
  7757.00      1.09      1.02      0.92      0.87      0.97      1.01      0.91      0.96      0.85      1.23      1.48      1.90
  7758.00      0.86      0.79      0.73      0.70      0.76      0.80      0.71      0.75      0.74      0.97      1.18      1.51
  7759.00      0.70      0.65      0.59      0.58      0.61      0.65      0.58      0.60      0.65      0.78      0.97      1.22
  7760.00      0.74      0.69      0.62      0.60      0.65      0.69      0.62      0.64      0.74      0.82      1.04      1.29
  7761.00      0.42      0.39      0.35      0.33      0.37      0.39      0.35      0.37      0.45      0.46      0.59      0.73
  7762.00      0.29      0.27      0.25      0.23      0.26      0.28      0.25      0.27      0.33      0.33      0.42      0.52
  7763.00      0.42      0.39      0.36      0.34      0.37      0.40      0.36      0.40      0.49      0.48      0.60      0.74
  7764.00      0.90      0.83      0.77      0.74      0.80      0.85      0.77      0.87      1.05      1.04      1.27      1.60
  7765.00      1.13      1.06      0.96      0.95      1.00      1.07      0.98      1.09      1.31      1.31      1.58      2.01
  7766.00      1.13      1.05      0.93      0.96      0.98      1.07      0.99      1.08      1.30      1.32      1.57      2.03
  7767.00      1.14      1.04      0.92      0.96      0.97      1.07      1.00      1.08      1.29      1.32      1.57      2.06
  7768.00      1.13      1.01      0.91      0.95      0.97      1.06      1.01      1.06      1.26      1.31      1.57      2.06
  7769.00      1.12      1.00      0.92      0.95      0.98      1.04      1.01      1.05      1.24      1.29      1.58      2.06
  7770.00      1.11      0.99      0.93      0.96      0.99      1.01      1.00      1.03      1.21      1.27      1.59      2.02
  7771.00      1.08      0.99      0.92      0.94      0.98      0.98      0.98      0.99      1.16      1.23      1.58      1.94
  7772.00      1.09      1.03      0.94      0.96      1.00      0.98      0.99      1.01      1.16      1.24      1.61      1.92
  7773.00      0.84      0.79      0.73      0.74      0.76      0.75      0.77      0.79      0.90      0.95      1.25      1.47
  7774.00      0.67      0.61      0.59      0.58      0.60      0.59      0.62      0.63      0.71      0.75      0.98      1.15
  7775.00      0.76      0.68      0.67      0.64      0.69      0.68      0.70      0.72      0.81      0.86      1.11      1.31
  7776.00      0.83      0.75      0.73      0.69      0.76      0.75      0.77      0.79      0.88      0.95      1.20      1.43
  7777.00      0.96      0.89      0.83      0.79      0.88      0.87      0.88      0.91      1.01      1.11      1.38      1.65
  7778.00      1.11      1.04      0.95      0.93      1.02      1.01      1.02      1.06      1.16      1.29      1.60      1.92
  7779.00      1.14      1.04      0.97      0.96      1.04      1.04      1.05      1.09      1.18      1.33      1.66      1.99
  7780.00      1.13      1.01      0.97      0.96      1.03      1.03      1.05      1.08      1.17      1.31      1.64      1.99
  7781.00      1.10      0.98      0.95      0.94      1.00      1.02      1.03      1.07      1.13      1.28      1.61      1.97
  7782.00      1.07      0.96      0.93      0.92      0.97      1.00      1.00      1.04      1.09      1.23      1.56      1.94
  7783.00      1.04      0.93      0.90      0.90      0.94      0.97      0.97      1.01      1.04      1.18      1.50      1.90
  7784.00      1.08      0.97      0.93      0.93      0.97      1.01      1.00      1.05      1.07      1.22      1.55      1.98
  7785.00      1.09      0.99      0.94      0.93      0.98      1.01      1.00      1.07      1.07      1.22      1.56      2.01
  7786.00      1.00      0.94      0.86      0.85      0.90      0.90      0.91      0.99      0.98      1.10      1.43      1.85
  7787.00      0.96      0.94      0.83      0.83      0.88      0.85      0.87      0.96      0.94      1.05      1.37      1.77
  7788.00      0.95      0.97      0.84      0.84      0.88      0.84      0.86      0.96      0.94      1.04      1.34      1.75
  7789.00      0.98      1.03      0.88      0.86      0.91      0.88      0.88      0.99      0.97      1.07      1.37      1.79
  7790.00      1.03      1.12      0.94      0.89      0.96      0.95      0.93      1.06      1.03      1.15      1.43      1.88
  7791.00      0.99      1.11      0.90      0.84      0.91      0.94      0.89      1.02      0.99      1.11      1.37      1.78
  7792.00      0.87      1.00      0.77      0.74      0.79      0.83      0.78      0.90      0.87      0.99      1.21      1.55
  7793.00      0.79      0.92      0.68      0.69      0.72      0.76      0.71      0.84      0.80      0.91      1.10      1.41
  7794.00      0.85      0.97      0.72      0.75      0.77      0.81      0.76      0.92      0.86      0.98      1.17      1.50
  7795.00      0.54      0.60      0.46      0.48      0.50      0.51      0.48      0.60      0.55      0.62      0.74      0.96
  7796.00      0.39      0.41      0.34      0.35      0.36      0.37      0.34      0.44      0.39      0.44      0.53      0.70
  7797.00      0.52      0.53      0.45      0.46      0.48      0.49      0.46      0.59      0.52      0.59      0.70      0.94
  7798.00      0.89      0.89      0.78      0.78      0.82      0.84      0.79      1.01      0.88      1.01      1.19      1.62
  7799.00      1.05      1.04      0.92      0.93      0.97      1.00      0.93      1.18      1.04      1.20      1.41      1.92
  7800.00      1.03      0.99      0.90      0.92      0.95      0.98      0.92      1.14      1.02      1.18      1.40      1.90
  7801.00      1.07      0.99      0.94      0.95      0.99      1.02      0.95      1.15      1.05      1.22      1.46      1.98
  7802.00      1.10      0.99      0.96      0.97      1.01      1.05      0.98      1.16      1.07      1.25      1.51      2.02
  7803.00      1.14      1.02      1.00      0.99      1.04      1.10      1.01      1.18      1.10      1.30      1.56      2.07
  7804.00      1.16      1.06      1.02      1.00      1.05      1.12      1.04      1.19      1.11      1.32      1.60      2.08
  7805.00      1.12      1.05      0.98      0.97      1.00      1.09      1.01      1.14      1.08      1.27      1.56      2.00
  7806.00      1.09      1.02      0.95      0.95      0.97      1.06      0.98      1.10      1.05      1.24      1.52      1.92
  7807.00      1.13      1.05      0.99      0.99      1.00      1.10      1.02      1.14      1.09      1.30      1.57      1.97
  7808.00      1.14      1.07      1.00      1.00      1.00      1.09      1.03      1.14      1.09      1.32      1.58      1.96
  7809.00      1.03      0.98      0.92      0.91      0.92      0.99      0.94      1.03      0.99      1.21      1.44      1.79
  7810.00      0.90      0.86      0.80      0.79      0.81      0.85      0.83      0.90      0.86      1.06      1.25      1.57
  7811.00      0.88      0.85      0.77      0.78      0.79      0.84      0.82      0.88      0.84      1.04      1.23      1.56
  7812.00      1.00      0.95      0.87      0.89      0.90      0.96      0.95      1.00      0.97      1.18      1.40      1.79
  7813.00      1.09      1.01      0.93      0.98      0.97      1.04      1.04      1.08      1.06      1.28      1.53      1.97
  7814.00      1.10      1.01      0.93      0.99      0.98      1.05      1.05      1.08      1.07      1.29      1.55      2.00
  7815.00      1.10      1.00      0.92      0.97      0.97      1.03      1.04      1.07      1.07      1.28      1.54      2.00
  7816.00      0.99      0.91      0.84      0.86      0.88      0.92      0.94      0.97      0.96      1.15      1.39      1.82
  7817.00      0.83      0.76      0.70      0.71      0.73      0.77      0.78      0.82      0.80      0.96      1.17      1.52
  7818.00      0.81      0.74      0.68      0.69      0.70      0.74      0.76      0.81      0.78      0.94      1.13      1.49
  7819.00      0.95      0.85      0.79      0.81      0.81      0.87      0.88      0.95      0.90      1.09      1.31      1.73
  7820.00      0.97      0.87      0.81      0.84      0.81      0.89      0.90      0.99      0.92      1.12      1.33      1.76
  7821.00      0.87      0.78      0.73      0.76      0.71      0.80      0.80      0.89      0.82      1.01      1.19      1.57
  7822.00      0.83      0.74      0.71      0.73      0.68      0.77      0.77      0.84      0.79      0.97      1.13      1.48
  7823.00      0.57      0.52      0.50      0.50      0.47      0.54      0.53      0.57      0.54      0.67      0.79      1.02
  7824.00      0.44      0.41      0.39      0.38      0.37      0.42      0.41      0.44      0.42      0.52      0.62      0.79
  7825.00      0.61      0.57      0.53      0.52      0.52      0.57      0.55      0.58      0.58      0.71      0.86      1.08
  7826.00      0.97      0.91      0.85      0.83      0.84      0.91      0.87      0.91      0.91      1.12      1.38      1.72
  7827.00      0.99      0.92      0.87      0.85      0.87      0.92      0.87      0.92      0.92      1.13      1.41      1.76
  7828.00      1.00      0.93      0.89      0.86      0.90      0.93      0.88      0.93      0.94      1.15      1.43      1.79
  7829.00      1.07      0.99      0.97      0.91      0.97      1.01      0.95      1.01      1.01      1.23      1.52      1.91
  7830.00      0.97      0.90      0.88      0.82      0.89      0.92      0.88      0.93      0.93      1.11      1.36      1.71
  7831.00      0.84      0.78      0.76      0.70      0.76      0.80      0.76      0.81      0.82      0.97      1.18      1.46
  7832.00      0.94      0.89      0.85      0.79      0.85      0.90      0.86      0.92      0.93      1.09      1.32      1.62
  7833.00      1.07      1.02      0.95      0.90      0.97      1.03      0.99      1.05      1.07      1.24      1.52      1.83
  7834.00      1.12      1.06      0.97      0.96      1.01      1.07      1.04      1.10      1.12      1.31      1.59      1.92
  7835.00      1.12      1.02      0.95      0.96      1.00      1.04      1.03      1.08      1.10      1.30      1.60      1.92
  7836.00      1.04      0.94      0.87      0.90      0.92      0.94      0.95      1.00      1.01      1.21      1.49      1.80
  7837.00      0.99      0.90      0.84      0.86      0.87      0.89      0.90      0.95      0.96      1.16      1.43      1.74
  7838.00      1.07      0.99      0.91      0.92      0.93      0.94      0.97      1.03      1.03      1.25      1.53      1.89
  7839.00      1.12      1.04      0.96      0.96      0.98      0.98      1.01      1.08      1.08      1.30      1.59      1.96
  7840.00      1.09      1.02      0.93      0.93      0.97      0.97      0.98      1.05      1.05      1.25      1.53      1.88
  7841.00      1.04      0.98      0.90      0.89      0.94      0.94      0.94      1.00      1.01      1.18      1.44      1.77
  7842.00      1.03      0.97      0.91      0.89      0.93      0.94      0.93      0.98      1.00      1.16      1.42      1.74
  7843.00      1.04      0.97      0.95      0.90      0.94      0.95      0.95      0.98      1.00      1.16      1.44      1.75
  7844.00      1.07      0.98      0.99      0.91      0.95      0.96      0.99      1.01      1.02      1.19      1.48      1.80
  7845.00      1.11      1.01      1.02      0.93      0.97      0.98      1.03      1.04      1.05      1.22      1.53      1.87
  7846.00      1.11      1.02      1.01      0.93      0.97      0.97      1.02      1.05      1.05      1.22      1.54      1.90
  7847.00      1.08      0.99      0.97      0.91      0.96      0.96      0.99      1.03      1.02      1.20      1.50      1.87
  7848.00      1.05      0.97      0.94      0.89      0.96      0.95      0.97      1.02      1.00      1.18      1.46      1.84
  7849.00      1.08      0.99      0.96      0.91      1.01      0.98      1.00      1.05      1.03      1.22      1.48      1.87
  7850.00      1.00      0.91      0.89      0.83      0.94      0.92      0.93      0.97      0.96      1.14      1.36      1.71
  7851.00      0.66      0.59      0.59      0.55      0.62      0.60      0.62      0.63      0.64      0.75      0.90      1.13
  7852.00      0.50      0.44      0.45      0.41      0.47      0.46      0.48      0.47      0.49      0.57      0.68      0.85
  7853.00      0.63      0.54      0.57      0.52      0.57      0.58      0.59      0.57      0.61      0.71      0.85      1.06
  7854.00      0.75      0.66      0.68      0.62      0.67      0.69      0.71      0.66      0.71      0.84      1.01      1.27
  7855.00      0.60      0.55      0.54      0.49      0.53      0.55      0.57      0.52      0.56      0.67      0.81      1.03
  7856.00      0.50      0.47      0.44      0.42      0.43      0.46      0.48      0.43      0.46      0.56      0.68      0.87
  7857.00      0.67      0.62      0.58      0.57      0.58      0.61      0.65      0.59      0.62      0.75      0.92      1.19
  7858.00      0.96      0.86      0.83      0.82      0.84      0.87      0.95      0.85      0.90      1.10      1.33      1.73
  7859.00      0.74      0.65      0.63      0.63      0.66      0.67      0.73      0.66      0.70      0.85      1.02      1.34
  7860.00      0.58      0.51      0.49      0.49      0.52      0.53      0.57      0.52      0.56      0.67      0.80      1.05
  7861.00      0.67      0.61      0.58      0.57      0.61      0.62      0.65      0.62      0.66      0.79      0.94      1.22
  7862.00      0.46      0.42      0.39      0.39      0.41      0.42      0.44      0.42      0.45      0.54      0.64      0.82
  7863.00      0.33      0.30      0.29      0.28      0.29      0.30      0.31      0.31      0.32      0.39      0.46      0.59
  7864.00      0.46      0.42      0.41      0.40      0.40      0.41      0.43      0.44      0.44      0.55      0.65      0.82
  7865.00      0.91      0.83      0.80      0.78      0.78      0.81      0.84      0.87      0.87      1.06      1.28      1.60
  7866.00      1.09      1.00      0.95      0.94      0.92      0.97      1.00      1.04      1.05      1.25      1.53      1.90
  7867.00      1.11      1.03      0.97      0.96      0.94      0.99      1.01      1.05      1.08      1.27      1.56      1.92
  7868.00      0.96      0.88      0.84      0.83      0.82      0.84      0.87      0.89      0.95      1.09      1.34      1.64
  7869.00      0.52      0.47      0.46      0.44      0.45      0.45      0.47      0.47      0.52      0.59      0.73      0.89
  7870.00      0.37      0.34      0.33      0.31      0.32      0.32      0.34      0.33      0.37      0.42      0.52      0.64
  7871.00      0.47      0.46      0.42      0.39      0.42      0.42      0.43      0.42      0.47      0.53      0.67      0.81
  7872.00      0.33      0.32      0.28      0.27      0.29      0.29      0.30      0.29      0.32      0.37      0.46      0.56
  7873.00      0.23      0.23      0.19      0.19      0.20      0.20      0.21      0.20      0.23      0.25      0.32      0.39
  7874.00      0.33      0.32      0.27      0.29      0.30      0.29      0.32      0.29      0.33      0.36      0.46      0.57
  7875.00      0.80      0.78      0.66      0.71      0.73      0.70      0.78      0.71      0.81      0.88      1.11      1.40
  7876.00      1.12      1.09      0.90      0.99      1.04      0.95      1.10      1.00      1.13      1.22      1.55      1.95
  7877.00      1.12      1.09      0.90      0.98      1.06      0.93      1.10      1.01      1.12      1.22      1.55      1.95
  7878.00      1.11      1.08      0.89      0.96      1.05      0.90      1.09      1.01      1.10      1.22      1.55      1.92
  7879.00      0.88      0.85      0.71      0.76      0.84      0.70      0.86      0.80      0.87      0.97      1.23      1.52
  7880.00      0.41      0.40      0.33      0.35      0.38      0.32      0.39      0.37      0.40      0.45      0.58      0.70
  7881.00      0.28      0.28      0.23      0.25      0.27      0.22      0.27      0.26      0.28      0.31      0.40      0.49
  7882.00      0.40      0.38      0.33      0.34      0.37      0.30      0.36      0.36      0.38      0.42      0.56      0.68
  7883.00      0.52      0.50      0.43      0.45      0.49      0.40      0.47      0.48      0.50      0.54      0.73      0.88
  7884.00      0.41      0.40      0.35      0.36      0.39      0.33      0.37      0.39      0.40      0.42      0.58      0.71
  7885.00      0.56      0.54      0.47      0.48      0.54      0.45      0.50      0.53      0.55      0.57      0.79      0.98
  7886.00      0.90      0.86      0.75      0.77      0.85      0.75      0.80      0.87      0.90      0.91      1.26      1.58
  7887.00      0.88      0.84      0.73      0.76      0.83      0.75      0.78      0.85      0.89      0.89      1.24      1.56
  7888.00      0.87      0.83      0.72      0.75      0.81      0.76      0.77      0.84      0.88      0.87      1.22      1.53
  7889.00      0.84      0.80      0.69      0.73      0.80      0.77      0.76      0.82      0.85      0.85      1.19      1.49
  7890.00      0.69      0.63      0.56      0.59      0.66      0.65      0.63      0.67      0.68      0.70      0.99      1.21
  7891.00      0.39      0.35      0.32      0.33      0.37      0.38      0.36      0.39      0.38      0.40      0.57      0.69
  7892.00      0.29      0.26      0.24      0.25      0.27      0.28      0.27      0.29      0.28      0.30      0.42      0.52
  7893.00      0.42      0.38      0.34      0.36      0.39      0.41      0.40      0.42      0.41      0.44      0.61      0.75
  7894.00      0.86      0.79      0.70      0.72      0.80      0.83      0.81      0.87      0.83      0.89      1.23      1.52
  7895.00      0.98      0.92      0.81      0.83      0.92      0.95      0.92      0.99      0.95      1.03      1.40      1.74
  7896.00      0.95      0.87      0.79      0.79      0.88      0.90      0.87      0.93      0.92      0.99      1.33      1.67
  7897.00      1.02      0.91      0.88      0.85      0.95      0.96      0.94      0.99      1.00      1.07      1.44      1.79
  7898.00      1.08      0.94      0.96      0.90      1.01      1.00      0.99      1.04      1.07      1.14      1.52      1.88
  7899.00      1.02      0.87      0.93      0.86      0.96      0.94      0.94      0.97      1.01      1.09      1.44      1.76
  7900.00      0.95      0.82      0.86      0.81      0.90      0.88      0.87      0.88      0.94      1.01      1.34      1.62
  7901.00      0.97      0.87      0.88      0.83      0.93      0.91      0.89      0.90      0.96      1.03      1.38      1.66
  7902.00      1.07      0.99      0.97      0.94      1.03      1.02      1.00      0.99      1.07      1.13      1.54      1.85
  7903.00      1.13      1.06      1.02      0.99      1.07      1.07      1.05      1.04      1.12      1.18      1.62      1.95
  7904.00      1.04      0.98      0.93      0.91      0.97      0.99      0.97      0.95      1.03      1.08      1.49      1.80
  7905.00      0.94      0.88      0.83      0.81      0.87      0.89      0.88      0.86      0.93      0.98      1.34      1.63
  7906.00      1.03      0.97      0.88      0.87      0.95      0.96      0.97      0.95      1.01      1.08      1.45      1.78
  7907.00      1.07      1.02      0.90      0.90      0.99      0.99      1.02      0.99      1.05      1.13      1.50      1.85
  7908.00      0.93      0.89      0.78      0.80      0.88      0.86      0.89      0.87      0.91      1.01      1.30      1.63
  7909.00      0.87      0.83      0.73      0.75      0.83      0.79      0.83      0.82      0.85      0.95      1.20      1.52
  7910.00      1.00      0.95      0.83      0.88      0.97      0.89      0.95      0.96      0.98      1.11      1.37      1.74
  7911.00      1.03      0.97      0.85      0.91      1.00      0.90      0.99      1.01      1.02      1.15      1.42      1.80
  7912.00      0.85      0.80      0.69      0.75      0.81      0.73      0.82      0.86      0.85      0.97      1.17      1.49
  7913.00      0.77      0.71      0.62      0.67      0.72      0.64      0.74      0.80      0.76      0.87      1.05      1.34
  7914.00      0.56      0.51      0.45      0.49      0.52      0.46      0.54      0.60      0.56      0.64      0.77      0.98
  7915.00      0.21      0.19      0.17      0.18      0.20      0.17      0.20      0.23      0.21      0.24      0.30      0.37
  7916.00      0.14      0.13      0.12      0.12      0.13      0.12      0.14      0.16      0.15      0.16      0.20      0.25
  7917.00      0.21      0.19      0.17      0.18      0.20      0.17      0.20      0.25      0.21      0.24      0.30      0.37
  7918.00      0.59      0.54      0.49      0.50      0.55      0.48      0.57      0.70      0.60      0.66      0.85      1.05
  7919.00      1.05      0.97      0.87      0.88      0.97      0.87      1.01      1.23      1.06      1.16      1.50      1.84
  7920.00      1.04      0.97      0.86      0.88      0.96      0.88      0.99      1.20      1.04      1.16      1.49      1.82
  7921.00      0.85      0.79      0.71      0.73      0.79      0.74      0.79      0.95      0.85      0.95      1.21      1.50
  7922.00      0.55      0.51      0.47      0.47      0.51      0.49      0.51      0.59      0.55      0.62      0.78      0.97
  7923.00      0.43      0.40      0.37      0.37      0.40      0.39      0.40      0.44      0.43      0.49      0.61      0.76
  7924.00      0.60      0.57      0.52      0.51      0.55      0.55      0.55      0.57      0.60      0.67      0.86      1.05
  7925.00      1.01      0.98      0.88      0.88      0.95      0.93      0.93      0.91      1.01      1.15      1.45      1.77
  7926.00      1.12      1.08      0.97      0.99      1.06      1.04      1.03      0.97      1.11      1.29      1.62      1.97
  7927.00      1.12      1.06      0.96      1.00      1.05      1.04      1.02      0.93      1.10      1.31      1.62      1.96
  7928.00      1.12      1.05      0.97      1.00      1.03      1.05      1.02      0.91      1.09      1.32      1.61      1.96
  7929.00      1.13      1.06      0.97      1.00      1.02      1.07      1.03      0.91      1.08      1.32      1.61      1.97
  7930.00      1.14      1.06      0.97      0.99      1.00      1.07      1.04      0.90      1.08      1.31      1.60      1.97
  7931.00      0.97      0.90      0.82      0.84      0.84      0.92      0.90      0.76      0.93      1.10      1.36      1.68
  7932.00      0.52      0.47      0.43      0.45      0.45      0.49      0.48      0.39      0.51      0.58      0.73      0.90
  7933.00      0.36      0.33      0.30      0.31      0.31      0.34      0.33      0.26      0.35      0.39      0.50      0.63
  7934.00      0.44      0.41      0.37      0.38      0.38      0.41      0.41      0.31      0.44      0.48      0.61      0.78
  7935.00      0.75      0.70      0.62      0.64      0.65      0.71      0.69      0.51      0.75      0.81      1.03      1.31
  7936.00      0.94      0.89      0.77      0.79      0.83      0.89      0.87      0.62      0.94      1.01      1.28      1.64
  7937.00      0.92      0.87      0.75      0.77      0.81      0.87      0.85      0.60      0.92      0.98      1.25      1.58
  7938.00      1.03      0.99      0.85      0.87      0.92      0.99      0.95      0.69      1.03      1.09      1.40      1.76
  7939.00      1.12      1.08      0.94      0.96      1.02      1.08      1.03      0.80      1.13      1.18      1.53      1.90
  7940.00      1.10      1.06      0.94      0.95      1.00      1.07      1.00      0.84      1.12      1.16      1.52      1.86
  7941.00      1.12      1.05      0.97      0.97      1.01      1.08      0.99      0.93      1.15      1.17      1.55      1.89
  7942.00      1.12      1.03      0.98      0.97      1.01      1.08      0.99      0.99      1.16      1.17      1.57      1.90
  7943.00      1.07      0.98      0.93      0.92      0.96      1.03      0.95      0.99      1.10      1.12      1.50      1.84
  7944.00      0.99      0.92      0.85      0.84      0.89      0.96      0.88      0.94      1.01      1.04      1.39      1.72
  7945.00      0.99      0.94      0.84      0.83      0.89      0.96      0.88      0.96      1.01      1.03      1.38      1.72
  7946.00      1.06      1.02      0.89      0.88      0.96      1.03      0.95      1.03      1.08      1.11      1.47      1.85
  7947.00      1.13      1.09      0.96      0.93      1.02      1.09      1.02      1.10      1.15      1.18      1.57      1.98
  7948.00      1.15      1.10      0.99      0.95      1.04      1.11      1.05      1.11      1.18      1.21      1.61      2.03
  7949.00      1.14      1.07      0.99      0.95      1.03      1.08      1.04      1.08      1.17      1.20      1.61      2.00
  7950.00      1.08      1.01      0.95      0.92      0.98      1.01      1.00      1.01      1.12      1.15      1.55      1.90
  7951.00      1.03      0.93      0.89      0.88      0.94      0.95      0.96      0.94      1.06      1.10      1.49      1.80
  7952.00      1.08      0.94      0.92      0.92      0.98      0.99      1.01      0.97      1.09      1.16      1.58      1.88
  7953.00      1.13      0.97      0.96      0.96      1.03      1.03      1.06      1.01      1.13      1.22      1.65      1.96
  7954.00      1.13      0.96      0.97      0.94      1.03      1.03      1.06      1.00      1.12      1.22      1.65      1.96
  7955.00      1.12      0.97      0.98      0.93      1.03      1.04      1.06      1.00      1.10      1.22      1.63      1.95
  7956.00      1.14      1.01      1.01      0.94      1.04      1.06      1.08      1.02      1.10      1.25      1.64      1.99
  7957.00      1.13      1.05      1.00      0.93      1.04      1.05      1.07      1.03      1.09      1.25      1.62      2.00
  7958.00      1.13      1.09      0.98      0.94      1.03      1.03      1.06      1.03      1.09      1.26      1.61      2.01
  7959.00      1.12      1.11      0.96      0.95      1.01      1.01      1.04      1.03      1.09      1.26      1.60      2.00
  7960.00      1.11      1.09      0.94      0.96      0.99      0.99      1.02      1.02      1.09      1.24      1.59      1.95
  7961.00      1.10      1.07      0.93      0.97      0.99      0.99      1.01      1.02      1.08      1.23      1.59      1.92
  7962.00      1.10      1.04      0.94      0.96      0.99      1.01      1.01      1.02      1.07      1.21      1.60      1.90
  7963.00      1.11      1.02      0.96      0.95      1.01      1.04      1.03      1.04      1.08      1.20      1.64      1.89
  7964.00      1.08      1.00      0.95      0.91      0.99      1.03      1.01      1.02      1.06      1.16      1.62      1.83
  7965.00      0.70      0.65      0.61      0.57      0.64      0.66      0.65      0.66      0.69      0.75      1.05      1.17
  7966.00      0.28      0.26      0.24      0.23      0.25      0.26      0.26      0.26      0.28      0.29      0.42      0.47
  7967.00      0.19      0.18      0.17      0.16      0.17      0.18      0.18      0.18      0.19      0.20      0.28      0.32
  7968.00      0.27      0.26      0.25      0.24      0.25      0.26      0.25      0.26      0.28      0.29      0.40      0.47
  7969.00      0.69      0.66      0.62      0.60      0.62      0.65      0.63      0.65      0.70      0.74      0.98      1.18
  7970.00      0.90      0.84      0.81      0.78      0.80      0.86      0.83      0.84      0.90      0.98      1.27      1.55
  7971.00      1.01      0.93      0.88      0.86      0.89      0.95      0.92      0.94      1.00      1.10      1.39      1.74
  7972.00      1.08      1.00      0.92      0.91      0.95      1.00      0.98      1.00      1.07      1.19      1.49      1.88
  7973.00      1.04      0.97      0.88      0.86      0.89      0.95      0.95      0.97      1.02      1.15      1.43      1.81
  7974.00      1.03      0.96      0.89      0.86      0.87      0.94      0.95      0.97      1.02      1.14      1.43      1.80
  7975.00      1.07      0.99      0.95      0.90      0.89      0.99      0.98      1.02      1.07      1.18      1.50      1.88
  7976.00      1.12      1.01      1.02      0.94      0.92      1.05      1.02      1.08      1.13      1.22      1.58      1.97
  7977.00      1.10      1.00      1.02      0.92      0.91      1.03      1.00      1.07      1.12      1.19      1.57      1.94
  7978.00      0.86      0.80      0.79      0.71      0.72      0.80      0.78      0.83      0.88      0.92      1.23      1.51
  7979.00      0.59      0.57      0.54      0.50      0.50      0.55      0.54      0.58      0.61      0.64      0.86      1.05
  7980.00      0.49      0.47      0.45      0.42      0.41      0.46      0.46      0.48      0.51      0.53      0.72      0.86
  7981.00      0.31      0.30      0.29      0.27      0.26      0.30      0.30      0.31      0.32      0.34      0.46      0.54
  7982.00      0.23      0.21      0.21      0.19      0.19      0.22      0.21      0.22      0.23      0.24      0.33      0.38
  7983.00      0.33      0.30      0.30      0.28      0.27      0.32      0.31      0.32      0.33      0.36      0.48      0.55
  7984.00      0.79      0.73      0.72      0.68      0.67      0.76      0.76      0.77      0.79      0.87      1.15      1.30
  7985.00      1.11      1.03      1.00      0.96      0.96      1.06      1.08      1.07      1.10      1.23      1.60      1.82
  7986.00      1.14      1.06      1.03      0.99      1.00      1.07      1.10      1.10      1.13      1.28      1.65      1.88
  7987.00      1.13      1.06      1.03      0.98      1.01      1.07      1.08      1.09      1.13      1.28      1.64      1.89
  7988.00      1.08      1.03      0.98      0.94      0.97      1.02      1.02      1.04      1.07      1.23      1.57      1.82
  7989.00      1.03      1.00      0.94      0.92      0.94      0.98      0.98      0.99      1.03      1.19      1.52      1.77
  7990.00      1.05      1.02      0.96      0.95      0.95      0.99      1.00      0.99      1.04      1.21      1.55      1.80
  7991.00      1.02      0.99      0.95      0.93      0.93      0.96      0.98      0.97      1.00      1.19      1.52      1.75
  7992.00      0.94      0.92      0.88      0.87      0.85      0.89      0.91      0.90      0.92      1.10      1.42      1.61
  7993.00      0.98      0.97      0.90      0.89      0.88      0.93      0.93      0.94      0.96      1.13      1.49      1.64
  7994.00      0.90      0.90      0.82      0.81      0.82      0.88      0.85      0.88      0.89      1.04      1.40      1.51
  7995.00      0.74      0.72      0.67      0.66      0.67      0.72      0.68      0.72      0.74      0.85      1.15      1.22
  7996.00      0.67      0.62      0.61      0.58      0.61      0.65      0.61      0.65      0.67      0.75      1.04      1.09
  7997.00      0.83      0.76      0.77      0.71      0.74      0.81      0.75      0.79      0.84      0.92      1.27      1.33
  7998.00      1.03      0.96      0.96      0.89      0.91      1.01      0.95      0.98      1.06      1.16      1.57      1.63
  7999.00      1.07      1.03      0.98      0.93      0.93      1.05      0.98      1.00      1.10      1.20      1.59      1.65
  8000.00      0.99      0.97      0.89      0.87      0.85      1.00      0.91      0.92      1.02      1.12      1.46      1.51
  8001.00      0.93      0.91      0.81      0.83      0.80      0.98      0.85      0.86      0.96      1.04      1.34      1.40
  8002.00      0.99      0.94      0.85      0.88      0.86      1.08      0.91      0.94      1.02      1.10      1.41      1.48
  8003.00      0.98      0.90      0.84      0.86      0.86      1.10      0.91      0.94      1.00      1.07      1.38      1.45
  8004.00      0.91      0.84      0.80      0.81      0.82      1.06      0.86      0.90      0.92      0.98      1.29      1.34
  8005.00      0.99      0.94      0.88      0.88      0.89      1.16      0.95      1.00      0.98      1.03      1.39      1.42
  8006.00      1.04      1.01      0.93      0.92      0.93      1.22      1.01      1.06      1.03      1.05      1.47      1.45
  8007.00      1.04      1.00      0.93      0.91      0.92      1.20      1.01      1.06      1.02      1.01      1.47      1.38
  8008.00      1.03      0.97      0.92      0.89      0.90      1.15      0.99      1.04      0.99      0.97      1.44      1.28
  8009.00      1.06      1.01      0.94      0.91      0.92      1.14      1.01      1.06      1.02      0.96      1.48      1.23
  8010.00      1.09      1.08      0.98      0.96      0.95      1.14      1.05      1.09      1.05      0.94      1.52      1.17
  8011.00      1.10      1.12      1.01      0.99      0.97      1.12      1.07      1.10      1.06      0.89      1.53      1.10
  8012.00      1.06      1.06      1.00      0.95      0.93      1.06      1.04      1.06      1.02      0.79      1.47      0.99
  8013.00      0.97      0.93      0.93      0.85      0.85      0.95      0.95      0.96      0.93      0.66      1.36      0.86
  8014.00      0.94      0.86      0.90      0.80      0.83      0.91      0.91      0.93      0.91      0.58      1.33      0.81
  8015.00      0.77      0.69      0.72      0.63      0.67      0.73      0.74      0.76      0.74      0.45      1.10      0.67
  8016.00      0.60      0.55      0.55      0.50      0.53      0.57      0.57      0.59      0.59      0.34      0.87      0.55
  8017.00      0.68      0.63      0.60      0.57      0.60      0.63      0.64      0.66      0.67      0.38      0.98      0.66
  8018.00      0.90      0.86      0.79      0.77      0.80      0.83      0.85      0.87      0.89      0.51      1.30      0.95
  8019.00      1.06      1.03      0.93      0.91      0.95      0.97      1.01      1.01      1.06      0.64      1.53      1.22
  8020.00      1.08      1.04      0.94      0.91      0.97      0.98      1.04      1.01      1.08      0.69      1.56      1.33
  8021.00      1.02      0.97      0.88      0.85      0.93      0.92      0.99      0.94      1.03      0.72      1.48      1.37
  8022.00      0.97      0.91      0.84      0.82      0.90      0.88      0.96      0.89      0.99      0.76      1.42      1.42
  8023.00      1.03      0.96      0.89      0.88      0.97      0.92      1.02      0.96      1.06      0.89      1.52      1.60
  8024.00      1.07      0.98      0.93      0.93      1.02      0.95      1.05      1.00      1.10      1.00      1.59      1.72
  8025.00      0.96      0.87      0.84      0.84      0.90      0.84      0.92      0.90      0.97      0.95      1.44      1.58
  8026.00      0.65      0.60      0.59      0.58      0.60      0.57      0.62      0.62      0.65      0.68      0.99      1.11
  8027.00      0.30      0.27      0.27      0.26      0.27      0.26      0.28      0.28      0.29      0.32      0.45      0.51
  8028.00      0.21      0.19      0.19      0.18      0.18      0.18      0.19      0.20      0.20      0.23      0.31      0.35
  8029.00      0.30      0.28      0.27      0.27      0.27      0.27      0.29      0.29      0.28      0.34      0.44      0.50
  8030.00      0.69      0.65      0.60      0.61      0.62      0.64      0.66      0.67      0.64      0.77      1.00      1.15
  8031.00      0.78      0.77      0.67      0.68      0.70      0.73      0.75      0.76      0.71      0.87      1.12      1.31
  8032.00      0.86      0.90      0.74      0.75      0.78      0.82      0.85      0.83      0.78      0.96      1.24      1.46
  8033.00      0.86      0.94      0.75      0.76      0.77      0.81      0.85      0.83      0.77      0.94      1.23      1.47
  8034.00      0.75      0.85      0.66      0.66      0.67      0.71      0.75      0.71      0.67      0.81      1.08      1.29
  8035.00      0.88      1.01      0.79      0.80      0.79      0.83      0.89      0.84      0.80      0.95      1.28      1.55
  8036.00      1.01      1.15      0.91      0.92      0.90      0.95      1.01      0.96      0.92      1.08      1.48      1.79
  8037.00      1.03      1.14      0.92      0.93      0.93      0.97      1.02      0.99      0.94      1.10      1.51      1.83
  8038.00      1.08      1.15      0.96      0.97      1.00      1.04      1.06      1.04      0.98      1.15      1.59      1.92
  8039.00      1.10      1.12      0.97      0.99      1.04      1.07      1.07      1.06      0.99      1.17      1.63      1.95
  8040.00      1.10      1.10      0.96      0.99      1.05      1.08      1.07      1.06      0.99      1.17      1.63      1.94
  8041.00      1.09      1.09      0.96      0.98      1.03      1.07      1.05      1.05      0.96      1.15      1.61      1.90
  8042.00      1.02      1.03      0.90      0.91      0.93      1.00      0.98      0.95      0.88      1.06      1.49      1.74
  8043.00      0.93      0.93      0.83      0.83      0.83      0.93      0.90      0.85      0.80      0.95      1.36      1.56
  8044.00      0.99      0.96      0.88      0.87      0.88      1.01      0.95      0.89      0.84      1.00      1.44      1.64
  8045.00      1.08      1.03      0.95      0.95      0.97      1.13      1.05      0.97      0.92      1.11      1.59      1.80
  8046.00      1.13      1.06      0.97      0.99      1.02      1.18      1.10      1.03      0.96      1.17      1.67      1.87
  8047.00      1.13      1.07      0.94      0.97      1.03      1.17      1.10      1.04      0.97      1.20      1.68      1.89
  8048.00      1.10      1.06      0.90      0.94      1.01      1.11      1.05      1.02      0.97      1.20      1.64      1.85
  8049.00      1.08      1.03      0.88      0.93      1.00      1.06      1.02      1.01      0.97      1.23      1.60      1.83
  8050.00      1.09      1.03      0.91      0.94      1.01      1.04      1.03      1.02      1.00      1.29      1.60      1.85
  8051.00      0.98      0.94      0.84      0.84      0.90      0.92      0.93      0.93      0.91      1.22      1.42      1.65
  8052.00      0.87      0.85      0.75      0.73      0.78      0.80      0.83      0.82      0.82      1.13      1.24      1.43
  8053.00      0.73      0.75      0.64      0.61      0.65      0.67      0.71      0.69      0.70      1.00      1.05      1.21
  8054.00      0.60      0.62      0.54      0.49      0.53      0.54      0.58      0.56      0.57      0.85      0.86      0.98
  8055.00      0.76      0.77      0.70      0.62      0.67      0.69      0.73      0.70      0.72      1.10      1.10      1.23
  8056.00      1.06      1.02      1.00      0.86      0.95      0.96      1.02      0.96      0.99      1.53      1.55      1.70
  8057.00      1.12      1.04      1.06      0.91      1.02      1.01      1.07      1.00      1.04      1.59      1.64      1.76
  8058.00      1.10      1.02      1.05      0.92      1.02      0.99      1.05      0.99      1.02      1.52      1.62      1.71
  8059.00      1.10      1.02      1.04      0.94      1.02      0.99      1.04      0.99      1.01      1.44      1.61      1.66
  8060.00      1.11      1.05      1.03      0.98      1.03      1.00      1.05      1.02      1.01      1.37      1.60      1.61
  8061.00      1.12      1.11      1.03      1.01      1.04      1.02      1.06      1.05      1.02      1.31      1.61      1.56
  8062.00      1.03      1.05      0.95      0.92      0.95      0.96      0.97      0.97      0.94      1.14      1.48      1.36
  8063.00      0.68      0.71      0.63      0.60      0.63      0.65      0.64      0.65      0.62      0.73      0.98      0.85
  8064.00      0.51      0.52      0.49      0.44      0.47      0.49      0.48      0.49      0.47      0.54      0.74      0.60
  8065.00      0.64      0.62      0.62      0.54      0.59      0.61      0.60      0.61      0.59      0.66      0.93      0.72
  8066.00      0.91      0.86      0.87      0.77      0.84      0.87      0.85      0.86      0.85      0.94      1.33      0.99
  8067.00      1.05      0.98      0.99      0.91      0.97      1.00      0.98      0.99      0.99      1.09      1.53      1.15
  8068.00      1.08      1.02      0.99      0.95      1.01      1.02      1.02      1.03      1.04      1.14      1.57      1.22
  8069.00      1.07      1.02      0.96      0.94      1.00      1.01      1.01      1.02      1.04      1.11      1.53      1.26
  8070.00      1.05      1.03      0.94      0.92      0.98      0.99      0.99      1.01      1.04      1.08      1.49      1.33
  8071.00      1.08      1.08      0.97      0.94      1.01      1.04      1.02      1.03      1.08      1.11      1.51      1.48
  8072.00      1.11      1.11      1.00      0.97      1.03      1.07      1.05      1.05      1.11      1.13      1.54      1.64
  8073.00      1.12      1.10      1.00      0.99      1.04      1.09      1.07      1.06      1.12      1.14      1.55      1.77
  8074.00      1.11      1.07      0.98      0.97      1.03      1.07      1.07      1.06      1.10      1.12      1.54      1.86
  8075.00      1.11      1.07      0.97      0.95      1.02      1.05      1.07      1.07      1.09      1.11      1.54      1.94
  8076.00      1.04      1.03      0.93      0.89      0.96      0.98      1.01      1.02      1.03      1.04      1.47      1.89
  8077.00      0.96      0.98      0.87      0.82      0.89      0.90      0.94      0.96      0.97      0.95      1.37      1.79
  8078.00      1.04      1.07      0.96      0.90      0.97      0.98      1.01      1.05      1.06      1.00      1.48      1.96
  8079.00      1.03      1.04      0.96      0.91      0.97      0.97      0.99      1.04      1.06      0.98      1.47      1.95
  8080.00      0.95      0.94      0.87      0.86      0.90      0.89      0.91      0.97      0.99      0.90      1.37      1.82
  8081.00      1.04      1.02      0.92      0.95      0.99      0.97      1.00      1.05      1.07      0.98      1.49      1.99
  8082.00      1.10      1.09      0.94      1.01      1.05      1.03      1.06      1.11      1.13      1.03      1.57      2.11
  8083.00      1.09      1.11      0.92      0.99      1.04      1.04      1.07      1.10      1.12      1.03      1.56      2.11
  8084.00      1.07      1.09      0.92      0.96      1.01      1.03      1.05      1.06      1.10      1.01      1.52      2.08
  8085.00      1.06      1.07      0.93      0.94      1.00      1.02      1.04      1.02      1.09      1.01      1.50      2.05
  8086.00      0.98      0.99      0.87      0.87      0.92      0.94      0.95      0.93      1.01      0.93      1.38      1.89
  8087.00      0.83      0.83      0.75      0.73      0.77      0.78      0.80      0.78      0.86      0.79      1.16      1.58
  8088.00      0.81      0.83      0.75      0.71      0.76      0.77      0.78      0.76      0.85      0.79      1.15      1.53
  8089.00      0.98      1.01      0.92      0.86      0.91      0.93      0.94      0.92      1.03      0.96      1.41      1.80
  8090.00      1.10      1.12      1.03      0.96      1.02      1.04      1.06      1.03      1.15      1.07      1.60      1.97
  8091.00      1.10      1.11      1.03      0.98      1.04      1.05      1.09      1.04      1.16      1.07      1.63      1.97
  8092.00      1.11      1.08      1.02      1.00      1.05      1.05      1.10      1.04      1.16      1.07      1.65      1.97
  8093.00      1.11      1.06      1.03      1.00      1.07      1.08      1.11      1.05      1.18      1.07      1.67      2.00
  8094.00      1.05      0.98      0.99      0.94      1.01      1.03      1.04      1.00      1.13      1.00      1.58      1.92
  8095.00      0.68      0.64      0.66      0.61      0.66      0.68      0.67      0.65      0.75      0.65      1.02      1.28
  8096.00      0.51      0.47      0.49      0.45      0.49      0.50      0.49      0.48      0.56      0.47      0.76      0.96
  8097.00      0.65      0.62      0.63      0.58      0.63      0.65      0.63      0.61      0.73      0.61      0.98      1.24
  8098.00      0.98      0.96      0.95      0.88      0.94      0.99      0.96      0.92      1.11      0.91      1.48      1.86
  8099.00      1.08      1.09      1.04      0.97      1.01      1.12      1.06      1.02      1.22      0.98      1.65      2.03
  8100.00      1.06      1.07      1.00      0.95      0.98      1.12      1.03      1.00      1.18      0.95      1.62      1.97
  8101.00      1.03      1.03      0.97      0.92      0.94      1.14      1.01      0.98      1.13      0.92      1.58      1.92
  8102.00      1.03      0.99      0.95      0.91      0.92      1.19      1.01      0.98      1.10      0.92      1.55      1.90
  8103.00      0.97      0.91      0.89      0.85      0.86      1.21      0.96      0.93      1.02      0.89      1.45      1.81
  8104.00      0.59      0.56      0.54      0.51      0.51      0.80      0.59      0.56      0.61      0.55      0.87      1.10
  8105.00      0.43      0.42      0.39      0.37      0.37      0.63      0.44      0.40      0.44      0.41      0.63      0.81
  8106.00      0.58      0.58      0.51      0.49      0.51      0.91      0.59      0.54      0.58      0.55      0.84      1.08
  8107.00      0.92      0.94      0.80      0.78      0.83      1.49      0.94      0.86      0.90      0.86      1.32      1.67
  8108.00      1.05      1.08      0.91      0.89      0.97      1.72      1.06      0.99      1.02      0.97      1.52      1.89
  8109.00      1.09      1.11      0.96      0.93      1.02      1.78      1.09      1.04      1.06      0.99      1.61      1.95
  8110.00      1.05      1.05      0.96      0.88      0.96      1.66      1.04      1.01      1.01      0.92      1.57      1.87
  8111.00      1.01      0.97      0.94      0.85      0.91      1.53      0.98      0.97      0.97      0.86      1.52      1.81
  8112.00      1.05      0.99      0.99      0.90      0.94      1.54      1.01      1.00      1.02      0.88      1.59      1.91
  8113.00      1.07      1.01      1.01      0.92      0.96      1.54      1.03      1.00      1.04      0.90      1.62      1.97
  8114.00      1.07      1.05      1.00      0.92      0.98      1.54      1.03      0.99      1.04      0.90      1.62      1.99
  8115.00      1.09      1.11      1.01      0.93      1.01      1.58      1.05      1.01      1.07      0.92      1.63      2.03
  8116.00      1.10      1.14      1.01      0.93      1.03      1.60      1.06      1.02      1.08      0.92      1.63      2.04
  8117.00      1.09      1.12      1.01      0.92      1.02      1.58      1.06      1.02      1.07      0.89      1.60      2.01
  8118.00      1.09      1.10      1.01      0.93      1.00      1.54      1.06      1.02      1.07      0.85      1.59      1.98
  8119.00      1.09      1.11      1.02      0.95      1.00      1.49      1.08      1.02      1.08      0.81      1.62      1.97
  8120.00      1.11      1.13      1.04      0.97      1.02      1.44      1.10      1.02      1.11      0.77      1.66      2.00
  8121.00      1.11      1.10      1.04      0.97      1.03      1.35      1.09      1.00      1.12      0.73      1.66      2.00
  8122.00      1.08      1.03      1.00      0.93      1.02      1.24      1.05      0.95      1.11      0.68      1.62      1.98
  8123.00      1.08      1.02      1.01      0.92      1.03      1.17      1.03      0.94      1.11      0.66      1.62      2.02
  8124.00      1.07      1.05      1.02      0.91      1.03      1.13      1.02      0.94      1.10      0.62      1.61      2.05
  8125.00      1.09      1.08      1.04      0.93      1.04      1.12      1.03      0.96      1.11      0.60      1.62      2.10
  8126.00      1.10      1.10      1.05      0.94      1.04      1.13      1.03      0.99      1.12      0.58      1.63      2.13
  8127.00      1.09      1.10      1.05      0.95      1.03      1.12      1.02      1.01      1.11      0.56      1.61      2.10
  8128.00      1.06      1.08      1.05      0.93      1.01      1.10      0.99      1.01      1.08      0.55      1.57      2.03
  8129.00      1.01      1.03      1.02      0.89      0.96      1.04      0.94      0.97      1.04      0.53      1.49      1.92
  8130.00      0.97      0.99      0.98      0.84      0.91      0.99      0.90      0.94      1.00      0.54      1.42      1.83
  8131.00      1.01      1.04      1.01      0.87      0.96      1.01      0.94      0.99      1.05      0.62      1.49      1.91
  8132.00      1.02      1.06      1.01      0.87      0.97      1.01      0.96      1.00      1.06      0.69      1.52      1.95
  8133.00      0.95      0.99      0.93      0.80      0.90      0.92      0.90      0.93      0.99      0.70      1.43      1.82
  8134.00      0.92      0.96      0.89      0.78      0.87      0.89      0.87      0.89      0.96      0.73      1.40      1.77
  8135.00      0.93      0.98      0.90      0.80      0.89      0.91      0.88      0.89      0.97      0.78      1.43      1.79
  8136.00      1.02      1.07      0.99      0.88      0.97      1.00      0.96      0.97      1.06      0.88      1.56      1.94
  8137.00      1.02      1.08      1.00      0.88      0.96      1.00      0.96      0.95      1.05      0.87      1.55      1.92
  8138.00      0.99      1.05      1.00      0.86      0.94      0.96      0.94      0.92      1.02      0.82      1.51      1.86
  8139.00      0.95      1.02      0.99      0.84      0.90      0.92      0.91      0.89      0.98      0.76      1.45      1.80
  8140.00      0.96      1.03      1.01      0.86      0.90      0.92      0.93      0.90      0.98      0.74      1.45      1.81
  8141.00      0.88      0.95      0.94      0.79      0.81      0.83      0.86      0.82      0.89      0.67      1.32      1.65
  8142.00      0.86      0.92      0.94      0.77      0.78      0.81      0.85      0.80      0.87      0.67      1.28      1.59
  8143.00      0.93      1.00      1.05      0.83      0.86      0.89      0.93      0.87      0.93      0.76      1.39      1.71
  8144.00      1.01      1.08      1.17      0.89      0.94      0.97      1.01      0.94      1.00      0.87      1.50      1.83
  8145.00      1.05      1.13      1.25      0.92      0.98      1.02      1.05      0.98      1.03      0.98      1.57      1.91
  8146.00      1.07      1.14      1.28      0.93      0.99      1.04      1.06      1.00      1.03      1.09      1.60      1.94
  8147.00      1.05      1.13      1.27      0.92      0.96      1.03      1.04      1.00      1.01      1.16      1.59      1.91
  8148.00      0.95      1.02      1.16      0.84      0.86      0.94      0.93      0.91      0.93      1.14      1.46      1.74
  8149.00      0.82      0.88      1.00      0.72      0.75      0.81      0.81      0.78      0.81      1.05      1.27      1.49
  8150.00      0.82      0.87      0.98      0.71      0.75      0.81      0.80      0.78      0.81      1.09      1.26      1.47
  8151.00      0.97      1.03      1.13      0.83      0.88      0.95      0.96      0.92      0.97      1.32      1.48      1.72
  8152.00      1.07      1.14      1.23      0.91      0.97      1.04      1.05      1.02      1.08      1.47      1.62      1.89
  8153.00      1.06      1.13      1.21      0.91      0.95      1.01      1.03      1.01      1.08      1.45      1.60      1.86
  8154.00      1.05      1.12      1.19      0.91      0.95      0.98      1.01      1.01      1.07      1.43      1.57      1.85
  8155.00      1.08      1.14      1.20      0.95      0.98      1.00      1.04      1.04      1.11      1.45      1.60      1.92
  8156.00      1.10      1.16      1.20      0.96      1.02      1.02      1.05      1.05      1.13      1.46      1.61      1.96
  8157.00      1.05      1.11      1.14      0.91      0.98      0.98      1.01      1.00      1.08      1.38      1.53      1.88
  8158.00      0.97      1.02      1.03      0.84      0.89      0.91      0.93      0.92      0.99      1.25      1.39      1.74
  8159.00      1.05      1.10      1.09      0.91      0.95      0.98      1.00      0.99      1.06      1.33      1.50      1.89
  8160.00      1.09      1.14      1.10      0.96      0.97      1.03      1.02      1.02      1.09      1.38      1.57      1.98
  8161.00      1.04      1.09      1.02      0.93      0.92      0.98      0.96      0.97      1.04      1.31      1.52      1.89
  8162.00      0.97      1.01      0.93      0.87      0.85      0.92      0.89      0.89      0.98      1.21      1.44      1.76
  8163.00      1.01      1.05      0.95      0.91      0.88      0.98      0.93      0.91      1.03      1.26      1.52      1.83
  8164.00      1.04      1.09      0.96      0.93      0.92      1.01      0.97      0.92      1.06      1.30      1.58      1.89
  8165.00      1.06      1.10      0.94      0.95      0.94      1.02      0.99      0.92      1.07      1.31      1.60      1.92
  8166.00      1.07      1.11      0.93      0.95      0.96      1.02      1.02      0.93      1.07      1.32      1.61      1.94
  8167.00      1.08      1.12      0.94      0.95      0.99      1.03      1.05      0.94      1.08      1.33      1.62      1.97
  8168.00      1.06      1.11      0.93      0.93      0.99      1.01      1.04      0.92      1.06      1.30      1.59      1.95
  8169.00      0.99      1.03      0.88      0.86      0.91      0.95      0.96      0.86      1.00      1.20      1.47      1.81
  8170.00      0.90      0.94      0.81      0.79      0.83      0.88      0.88      0.80      0.94      1.09      1.35      1.65
  8171.00      1.04      1.08      0.93      0.91      0.95      1.02      1.02      0.94      1.12      1.23      1.55      1.90
  8172.00      1.10      1.15      0.97      0.98      1.00      1.07      1.08      1.00      1.20      1.29      1.64      2.00
  8173.00      1.07      1.12      0.95      0.95      0.98      1.02      1.05      0.99      1.18      1.24      1.59      1.94
  8174.00      1.06      1.12      0.97      0.94      1.00      0.99      1.05      1.01      1.18      1.22      1.58      1.92
  8175.00      1.06      1.12      1.01      0.94      1.01      0.97      1.06      1.02      1.17      1.22      1.59      1.91
  8176.00      0.99      1.04      0.96      0.86      0.95      0.89      0.99      0.95      1.07      1.14      1.47      1.76
  8177.00      0.84      0.89      0.82      0.73      0.80      0.75      0.85      0.81      0.90      0.97      1.25      1.50
  8178.00      0.87      0.93      0.84      0.77      0.81      0.78      0.89      0.84      0.93      1.02      1.31      1.56
  8179.00      0.95      1.01      0.91      0.85      0.87      0.85      0.99      0.90      1.01      1.11      1.43      1.71
  8180.00      1.05      1.12      0.99      0.95      0.96      0.94      1.11      0.98      1.11      1.23      1.59      1.90
  8181.00      1.07      1.14      0.99      0.96      0.97      0.97      1.15      0.99      1.13      1.25      1.64      1.95
  8182.00      1.04      1.12      0.96      0.93      0.96      0.96      1.14      0.97      1.12      1.23      1.61      1.93
  8183.00      1.08      1.16      0.97      0.94      0.99      1.00      1.17      1.00      1.17      1.28      1.66      2.00
  8184.00      1.11      1.19      0.99      0.96      1.02      1.04      1.19      1.03      1.21      1.33      1.72      2.06
  8185.00      1.09      1.17      0.96      0.95      0.98      1.02      1.14      1.00      1.19      1.29      1.68      2.00
  8186.00      1.06      1.13      0.92      0.94      0.94      0.98      1.08      0.96      1.16      1.24      1.62      1.93
  8187.00      1.06      1.14      0.93      0.96      0.94      0.97      1.07      0.97      1.16      1.24      1.62      1.94
  8188.00      1.07      1.15      0.96      0.97      0.95      0.97      1.06      0.97      1.17      1.24      1.62      1.95
  8189.00      1.05      1.12      0.95      0.93      0.95      0.94      1.03      0.94      1.15      1.21      1.58      1.92
  8190.00      0.96      1.03      0.88      0.84      0.89      0.87      0.93      0.87      1.06      1.10      1.45      1.77
  8191.00      0.88      0.95      0.80      0.77      0.82      0.80      0.85      0.81      0.98      1.01      1.34      1.64
  8192.00      0.93      0.99      0.83      0.81      0.85      0.84      0.88      0.85      1.03      1.05      1.40      1.73
  8193.00      0.96      1.02      0.85      0.84      0.88      0.87      0.90      0.88      1.07      1.07      1.44      1.78
  8194.00      1.06      1.13      0.92      0.94      0.97      0.96      0.99      0.98      1.18      1.18      1.61      1.96
  8195.00      1.08      1.16      0.94      0.97      0.99      0.98      1.00      1.01      1.22      1.21      1.66      1.99
  8196.00      0.91      0.97      0.78      0.82      0.82      0.83      0.83      0.85      1.04      1.02      1.40      1.66
  8197.00      0.72      0.77      0.61      0.64      0.65      0.65      0.66      0.68      0.83      0.81      1.10      1.30
  8198.00      0.71      0.76      0.59      0.62      0.64      0.64      0.66      0.67      0.82      0.79      1.07      1.27
  8199.00      0.87      0.93      0.72      0.75      0.80      0.79      0.84      0.84      1.01      0.97      1.31      1.55
  8200.00      1.07      1.14      0.85      0.93      1.01      0.97      1.06      1.05      1.26      1.19      1.60      1.91
  8201.00      1.12      1.19      0.86      0.97      1.06      1.01      1.12      1.10      1.32      1.24      1.67      2.00
  8202.00      1.11      1.18      0.81      0.96      1.05      1.00      1.10      1.09      1.31      1.24      1.66      1.99
  8203.00      1.10      1.17      0.77      0.95      1.04      0.99      1.09      1.08      1.33      1.24      1.65      1.98
  8204.00      1.10      1.16      0.75      0.95      1.02      0.99      1.07      1.08      1.35      1.24      1.64      1.97
  8205.00      1.07      1.14      0.73      0.93      0.99      0.96      1.03      1.07      1.35      1.21      1.61      1.91
  8206.00      1.05      1.11      0.72      0.91      0.95      0.94      1.00      1.05      1.34      1.18      1.58      1.85
  8207.00      1.02      1.08      0.71      0.88      0.91      0.90      0.98      1.02      1.32      1.14      1.54      1.79
  8208.00      1.05      1.12      0.73      0.90      0.93      0.92      1.01      1.05      1.37      1.17      1.59      1.83
  8209.00      1.05      1.12      0.74      0.90      0.94      0.92      1.02      1.05      1.36      1.17      1.60      1.83
  8210.00      1.03      1.10      0.76      0.88      0.94      0.92      1.00      1.03      1.31      1.14      1.57      1.81
  8211.00      1.07      1.14      0.83      0.92      0.99      0.98      1.04      1.07      1.32      1.18      1.62      1.87
  8212.00      1.08      1.15      0.88      0.94      1.00      1.02      1.04      1.09      1.31      1.19      1.63      1.90
  8213.00      1.08      1.15      0.92      0.94      1.01      1.05      1.04      1.09      1.29      1.19      1.61      1.92
  8214.00      1.09      1.16      0.96      0.94      1.02      1.08      1.06      1.11      1.29      1.20      1.61      1.95
  8215.00      1.07      1.14      0.95      0.91      1.01      1.06      1.04      1.08      1.25      1.18      1.57      1.92
  8216.00      1.02      1.09      0.92      0.86      0.97      1.00      1.00      1.03      1.19      1.12      1.49      1.85
  8217.00      1.04      1.12      0.95      0.88      0.98      1.02      1.03      1.05      1.21      1.14      1.52      1.89
  8218.00      1.05      1.12      0.96      0.89      0.97      1.02      1.04      1.05      1.21      1.14      1.51      1.91
  8219.00      1.07      1.15      1.00      0.91      0.99      1.05      1.06      1.07      1.23      1.17      1.55      1.97
  8220.00      1.09      1.17      1.02      0.93      1.00      1.08      1.08      1.08      1.25      1.20      1.58      2.01
  8221.00      1.09      1.17      1.03      0.95      1.01      1.08      1.08      1.07      1.25      1.21      1.59      2.00
  8222.00      1.09      1.17      1.04      0.97      1.02      1.07      1.08      1.07      1.25      1.22      1.60      2.00
  8223.00      1.07      1.15      1.03      0.96      1.02      1.04      1.07      1.06      1.22      1.23      1.59      1.97
  8224.00      0.99      1.07      0.96      0.90      0.94      0.97      0.98      0.99      1.13      1.15      1.49      1.83
  8225.00      0.97      1.05      0.93      0.89      0.91      0.96      0.95      0.96      1.10      1.13      1.45      1.79
  8226.00      0.89      0.96      0.85      0.82      0.82      0.89      0.87      0.88      1.00      1.03      1.32      1.64
  8227.00      0.77      0.83      0.73      0.73      0.69      0.78      0.74      0.75      0.87      0.88      1.14      1.42
  8228.00      0.81      0.88      0.77      0.77      0.72      0.83      0.77      0.79      0.92      0.92      1.21      1.51
  8229.00      0.99      1.07      0.93      0.93      0.88      1.00      0.94      0.96      1.13      1.11      1.47      1.83
  8230.00      1.07      1.15      1.00      0.99      0.96      1.06      1.01      1.04      1.23      1.20      1.58      1.97
  8231.00      1.07      1.16      1.03      0.99      0.97      1.04      1.01      1.04      1.26      1.20      1.60      1.96
  8232.00      1.06      1.15      1.06      0.99      0.98      1.02      1.00      1.03      1.26      1.19      1.61      1.93
  8233.00      1.02      1.10      1.03      0.96      0.95      0.97      0.97      0.99      1.21      1.15      1.56      1.86
  8234.00      0.97      1.06      0.99      0.92      0.92      0.92      0.93      0.95      1.14      1.10      1.51      1.78
  8235.00      1.01      1.10      1.01      0.95      0.95      0.95      0.97      0.98      1.17      1.13      1.58      1.86
  8236.00      1.05      1.15      1.04      0.98      1.00      0.98      1.02      1.03      1.20      1.18      1.66      1.95
  8237.00      1.07      1.16      1.04      0.98      0.99      0.99      1.04      1.05      1.18      1.19      1.68      1.98
  8238.00      1.06      1.15      1.02      0.96      0.96      0.98      1.03      1.05      1.15      1.18      1.66      1.97
  8239.00      1.05      1.15      1.01      0.95      0.93      0.99      1.03      1.05      1.14      1.18      1.64      1.98
  8240.00      1.04      1.13      0.99      0.93      0.91      0.99      1.02      1.03      1.12      1.16      1.60      1.95
  8241.00      1.05      1.14      0.99      0.94      0.92      1.00      1.04      1.04      1.14      1.17      1.60      1.97
  8242.00      1.04      1.13      0.98      0.95      0.94      1.00      1.03      1.04      1.15      1.17      1.58      1.95
  8243.00      0.99      1.08      0.92      0.91      0.92      0.95      0.97      0.99      1.11      1.12      1.50      1.84
  8244.00      0.96      1.04      0.90      0.88      0.90      0.91      0.92      0.97      1.09      1.08      1.45      1.78
  8245.00      1.00      1.08      0.95      0.91      0.95      0.95      0.94      1.03      1.13      1.13      1.50      1.86
  8246.00      1.02      1.11      1.00      0.91      0.97      0.98      0.95      1.06      1.15      1.15      1.53      1.90
  8247.00      1.04      1.12      1.04      0.92      0.98      1.00      0.98      1.09      1.16      1.15      1.54      1.94
  8248.00      1.06      1.15      1.07      0.93      0.99      1.03      1.03      1.11      1.18      1.17      1.57      2.00
  8249.00      1.07      1.16      1.08      0.94      0.98      1.04      1.07      1.12      1.18      1.18      1.57      2.05
  8250.00      1.07      1.15      1.05      0.93      0.96      1.03      1.08      1.11      1.18      1.17      1.56      2.06
  8251.00      1.08      1.16      1.02      0.93      0.96      1.02      1.09      1.11      1.19      1.19      1.56      2.08
  8252.00      1.05      1.13      0.96      0.91      0.93      0.97      1.06      1.08      1.16      1.17      1.53      2.01
  8253.00      1.02      1.10      0.92      0.90      0.91      0.94      1.03      1.04      1.13      1.16      1.49      1.94
  8254.00      1.05      1.13      0.95      0.93      0.94      0.98      1.05      1.06      1.15      1.20      1.54      1.98
  8255.00      1.07      1.16      0.98      0.97      0.97      1.02      1.08      1.09      1.17      1.23      1.58      2.01
  8256.00      1.06      1.14      0.96      0.96      0.94      1.03      1.06      1.08      1.15      1.20      1.54      1.97
  8257.00      1.04      1.12      0.96      0.94      0.92      1.03      1.04      1.06      1.13      1.17      1.49      1.94
  8258.00      1.04      1.12      0.97      0.93      0.93      1.03      1.03      1.06      1.13      1.16      1.46      1.94
  8259.00      1.07      1.15      1.03      0.96      0.98      1.05      1.07      1.08      1.17      1.20      1.47      2.01
  8260.00      1.09      1.17      1.05      0.97      1.02      1.06      1.08      1.08      1.20      1.23      1.47      2.05
  8261.00      1.08      1.16      1.04      0.97      1.03      1.05      1.08      1.05      1.20      1.24      1.45      2.05
  8262.00      1.07      1.15      1.03      0.98      1.03      1.05      1.09      1.04      1.20      1.25      1.44      2.05
  8263.00      1.07      1.15      1.03      0.99      1.02      1.06      1.09      1.04      1.20      1.26      1.44      2.03
  8264.00      1.07      1.15      1.03      0.99      1.01      1.06      1.09      1.04      1.18      1.26      1.44      2.02
  8265.00      1.08      1.16      1.04      1.00      1.02      1.07      1.10      1.06      1.17      1.26      1.46      2.03
  8266.00      1.10      1.17      1.04      1.02      1.04      1.08      1.11      1.09      1.16      1.28      1.49      2.05
  8267.00      1.08      1.16      1.00      1.00      1.03      1.06      1.09      1.08      1.12      1.26      1.48      2.01
  8268.00      1.07      1.14      0.98      0.99      1.02      1.04      1.07      1.07      1.08      1.25      1.46      1.96
  8269.00      1.06      1.13      0.99      0.97      1.00      1.03      1.06      1.07      1.07      1.25      1.47      1.94
  8270.00      1.05      1.12      1.01      0.95      0.96      1.01      1.04      1.05      1.06      1.23      1.46      1.91
  8271.00      0.97      1.03      0.96      0.87      0.87      0.94      0.97      0.97      0.99      1.14      1.35      1.77
  8272.00      0.93      0.99      0.92      0.83      0.81      0.90      0.93      0.92      0.96      1.08      1.30      1.69
  8273.00      1.00      1.07      0.99      0.90      0.87      0.99      1.00      0.99      1.05      1.16      1.41      1.83
  8274.00      1.05      1.12      1.03      0.94      0.92      1.04      1.04      1.02      1.10      1.20      1.47      1.92
  8275.00      1.07      1.14      1.04      0.96      0.96      1.07      1.05      1.04      1.14      1.21      1.51      1.98
  8276.00      1.06      1.14      1.04      0.96      0.97      1.07      1.03      1.03      1.15      1.20      1.51      1.99
  8277.00      1.03      1.10      1.04      0.94      0.94      1.03      0.99      1.01      1.13      1.17      1.46      1.95
  8278.00      1.00      1.07      1.03      0.91      0.89      0.99      0.96      0.99      1.10      1.14      1.41      1.91
  8279.00      0.91      0.97      0.96      0.83      0.80      0.89      0.87      0.90      1.00      1.04      1.27      1.74
  8280.00      0.64      0.68      0.69      0.58      0.56      0.62      0.61      0.64      0.70      0.74      0.89      1.22
  8281.00      0.44      0.47      0.49      0.40      0.40      0.43      0.43      0.45      0.48      0.52      0.62      0.85
  8282.00      0.41      0.44      0.46      0.37      0.37      0.40      0.40      0.41      0.44      0.49      0.57      0.78
  8283.00      0.25      0.27      0.29      0.23      0.23      0.25      0.25      0.25      0.27      0.30      0.36      0.48
  8284.00      0.19      0.20      0.22      0.18      0.18      0.19      0.19      0.19      0.20      0.22      0.27      0.37
  8285.00      0.27      0.29      0.30      0.25      0.25      0.26      0.26      0.27      0.28      0.31      0.39      0.52
  8286.00      0.58      0.63      0.66      0.54      0.54      0.58      0.57      0.59      0.60      0.67      0.86      1.13
  8287.00      0.90      0.96      1.00      0.82      0.84      0.89      0.87      0.91      0.92      1.02      1.33      1.74
  8288.00      0.76      0.81      0.83      0.68      0.72      0.75      0.74      0.78      0.78      0.86      1.14      1.46
  8289.00      0.54      0.58      0.59      0.47      0.52      0.53      0.53      0.55      0.55      0.61      0.82      1.04
  8290.00      0.25      0.27      0.27      0.22      0.24      0.25      0.25      0.26      0.26      0.28      0.38      0.48
  8291.00      0.17      0.19      0.18      0.15      0.17      0.17      0.17      0.18      0.18      0.20      0.27      0.33
  8292.00      0.25      0.27      0.26      0.21      0.24      0.24      0.25      0.26      0.26      0.29      0.38      0.47
  8293.00      0.51      0.54      0.50      0.43      0.47      0.48      0.51      0.53      0.53      0.58      0.77      0.96
  8294.00      0.75      0.81      0.74      0.65      0.69      0.71      0.75      0.81      0.80      0.87      1.13      1.42
  8295.00      1.02      1.09      0.98      0.89      0.93      0.96      1.00      1.10      1.08      1.18      1.51      1.88
  8296.00      1.07      1.15      1.01      0.94      0.98      1.00      1.03      1.15      1.13      1.24      1.58      1.95
  8297.00      1.06      1.14      0.98      0.94      0.98      1.01      1.00      1.13      1.13      1.24      1.58      1.93
  8298.00      1.06      1.14      0.95      0.94      0.98      1.02      0.98      1.11      1.14      1.23      1.58      1.92
  8299.00      0.78      0.83      0.69      0.69      0.72      0.74      0.71      0.80      0.84      0.90      1.17      1.42
  8300.00      0.33      0.35      0.30      0.29      0.31      0.31      0.30      0.33      0.36      0.38      0.50      0.61
  8301.00      0.23      0.24      0.21      0.20      0.21      0.22      0.21      0.23      0.25      0.26      0.34      0.42
  8302.00      0.33      0.35      0.30      0.30      0.31      0.31      0.30      0.33      0.37      0.38      0.50      0.62
  8303.00      0.76      0.82      0.71      0.69      0.72      0.71      0.71      0.75      0.85      0.87      1.17      1.43
  8304.00      0.87      0.94      0.82      0.79      0.81      0.82      0.82      0.86      0.97      0.99      1.36      1.64
  8305.00      0.76      0.81      0.71      0.68      0.71      0.71      0.70      0.74      0.85      0.87      1.20      1.42
  8306.00      0.91      0.98      0.83      0.82      0.87      0.84      0.83      0.90      1.04      1.05      1.43      1.70
  8307.00      1.04      1.11      0.90      0.93      1.00      0.95      0.94      1.03      1.18      1.19      1.61      1.92
  8308.00      1.07      1.15      0.88      0.96      1.03      0.96      0.97      1.06      1.23      1.23      1.64      1.98
  8309.00      1.10      1.18      0.87      0.99      1.05      0.97      1.01      1.10      1.28      1.27      1.66      2.05
  8310.00      1.09      1.17      0.83      0.98      1.02      0.94      1.01      1.10      1.27      1.27      1.62      2.04
  8311.00      0.77      0.83      0.57      0.70      0.72      0.67      0.72      0.79      0.89      0.91      1.13      1.47
  8312.00      0.31      0.33      0.22      0.28      0.29      0.27      0.29      0.32      0.34      0.36      0.44      0.59
  8313.00      0.22      0.23      0.15      0.20      0.21      0.19      0.20      0.23      0.24      0.26      0.31      0.43
  8314.00      0.33      0.35      0.22      0.29      0.32      0.29      0.30      0.35      0.36      0.38      0.47      0.64
  8315.00      0.79      0.84      0.53      0.70      0.77      0.72      0.74      0.84      0.85      0.92      1.12      1.54
  8316.00      1.05      1.12      0.73      0.94      1.01      0.98      1.00      1.11      1.12      1.22      1.48      2.03
  8317.00      1.05      1.12      0.78      0.95      1.01      0.99      1.01      1.11      1.12      1.22      1.48      2.03
  8318.00      1.01      1.08      0.82      0.92      0.97      0.97      0.96      1.04      1.07      1.17      1.42      1.93
  8319.00      0.87      0.93      0.77      0.79      0.84      0.84      0.82      0.88      0.92      1.02      1.23      1.67
  8320.00      0.72      0.77      0.67      0.64      0.69      0.69      0.67      0.71      0.76      0.84      1.01      1.37
  8321.00      0.75      0.80      0.71      0.66      0.73      0.72      0.70      0.74      0.79      0.88      1.06      1.43
  8322.00      0.90      0.96      0.86      0.77      0.86      0.85      0.84      0.87      0.95      1.04      1.26      1.71
  8323.00      1.03      1.10      0.99      0.88      0.97      0.98      0.98      0.99      1.10      1.18      1.45      1.98
  8324.00      1.07      1.14      1.04      0.93      1.00      1.01      1.01      1.02      1.14      1.21      1.49      2.06
  8325.00      1.05      1.12      1.03      0.94      0.98      0.99      0.99      1.00      1.14      1.17      1.47      2.06
  8326.00      1.09      1.16      1.07      0.99      1.02      1.01      1.01      1.04      1.19      1.20      1.53      2.15
  8327.00      1.11      1.19      1.06      1.02      1.05      1.02      1.02      1.08      1.24      1.24      1.57      2.21
  8328.00      1.12      1.19      1.02      1.03      1.06      1.02      1.02      1.10      1.27      1.26      1.58      2.21
  8329.00      1.15      1.22      1.01      1.07      1.09      1.05      1.05      1.15      1.35      1.31      1.63      2.25
  8330.00      1.15      1.22      0.97      1.07      1.09      1.06      1.04      1.17      1.39      1.32      1.64      2.21
  8331.00      1.11      1.18      0.92      1.04      1.06      1.05      1.00      1.14      1.39      1.29      1.60      2.10
  8332.00      1.08      1.14      0.89      1.00      1.03      1.02      0.96      1.10      1.39      1.25      1.55      2.00
  8333.00      1.08      1.15      0.90      0.99      1.04      1.02      0.96      1.10      1.43      1.26      1.56      1.98
  8334.00      1.09      1.16      0.91      0.99      1.05      1.01      0.98      1.09      1.46      1.27      1.58      1.98
  8335.00      1.09      1.16      0.92      0.99      1.05      1.00      1.00      1.08      1.48      1.27      1.60      1.98
  8336.00      1.09      1.16      0.91      0.99      1.05      1.00      1.00      1.08      1.47      1.28      1.62      1.99
  8337.00      1.09      1.16      0.89      1.00      1.03      1.01      1.00      1.08      1.44      1.29      1.62      2.00
  8338.00      1.05      1.12      0.84      0.97      0.98      0.99      0.95      1.04      1.35      1.26      1.58      1.94
  8339.00      0.88      0.94      0.70      0.81      0.82      0.85      0.78      0.88      1.09      1.06      1.33      1.65
  8340.00      0.76      0.81      0.60      0.70      0.70      0.75      0.65      0.76      0.89      0.91      1.14      1.44
  8341.00      0.78      0.83      0.65      0.71      0.73      0.77      0.66      0.78      0.87      0.93      1.15      1.49
  8342.00      0.94      1.00      0.83      0.86      0.89      0.92      0.78      0.95      0.99      1.11      1.36      1.79
  8343.00      1.04      1.11      0.97      0.95      0.99      1.00      0.84      1.05      1.04      1.23      1.49      1.98
  8344.00      0.81      0.87      0.80      0.76      0.77      0.78      0.65      0.83      0.79      0.97      1.17      1.56
  8345.00      0.40      0.43      0.41      0.38      0.37      0.38      0.31      0.41      0.38      0.48      0.57      0.77
  8346.00      0.14      0.16      0.15      0.14      0.13      0.13      0.11      0.15      0.13      0.17      0.21      0.28
  8347.00      0.10      0.10      0.11      0.09      0.09      0.09      0.08      0.10      0.09      0.12      0.14      0.19
  8348.00      0.14      0.16      0.16      0.14      0.13      0.13      0.12      0.15      0.13      0.17      0.21      0.28
  8349.00      0.44      0.47      0.50      0.41      0.41      0.41      0.37      0.46      0.39      0.53      0.64      0.84
  8350.00      0.97      1.04      1.09      0.88      0.90      0.92      0.83      1.01      0.84      1.14      1.41      1.84
  8351.00      0.73      0.79      0.81      0.66      0.67      0.70      0.64      0.76      0.61      0.86      1.07      1.40
  8352.00      0.57      0.62      0.62      0.52      0.52      0.55      0.52      0.60      0.46      0.67      0.85      1.10
  8353.00      0.60      0.64      0.62      0.55      0.55      0.57      0.56      0.63      0.46      0.69      0.89      1.16
  8354.00      0.29      0.32      0.29      0.27      0.27      0.28      0.29      0.31      0.22      0.33      0.44      0.58
  8355.00      0.20      0.22      0.20      0.19      0.18      0.19      0.20      0.21      0.15      0.23      0.30      0.40
  8356.00      0.29      0.31      0.29      0.27      0.26      0.26      0.29      0.30      0.23      0.33      0.42      0.58
  8357.00      0.69      0.75      0.70      0.64      0.65      0.62      0.70      0.73      0.58      0.79      1.00      1.40
  8358.00      1.01      1.09      1.02      0.93      0.95      0.90      1.02      1.07      0.91      1.16      1.45      2.04
  8359.00      1.07      1.15      1.07      0.99      1.01      0.96      1.07      1.12      1.04      1.23      1.53      2.16
  8360.00      1.08      1.17      1.07      1.01      1.02      0.98      1.08      1.13      1.12      1.24      1.55      2.18
  8361.00      1.03      1.12      1.03      0.97      0.96      0.95      1.02      1.06      1.12      1.18      1.49      2.07
  8362.00      0.86      0.93      0.86      0.80      0.79      0.80      0.83      0.87      0.96      0.98      1.24      1.70
  8363.00      0.68      0.75      0.69      0.64      0.64      0.64      0.66      0.69      0.78      0.79      1.00      1.34
  8364.00      0.66      0.72      0.66      0.62      0.62      0.62      0.64      0.68      0.76      0.78      0.98      1.28
  8365.00      0.70      0.77      0.69      0.66      0.67      0.67      0.69      0.72      0.81      0.84      1.05      1.35
  8366.00      0.58      0.64      0.56      0.55      0.55      0.56      0.57      0.60      0.67      0.70      0.88      1.10
  8367.00      0.45      0.50      0.43      0.43      0.42      0.44      0.45      0.46      0.51      0.54      0.69      0.85
  8368.00      0.60      0.66      0.59      0.57      0.55      0.60      0.60      0.60      0.67      0.71      0.91      1.12
  8369.00      0.91      1.00      0.92      0.86      0.84      0.92      0.91      0.92      1.00      1.07      1.40      1.71
  8370.00      1.04      1.15      1.08      0.97      0.98      1.07      1.04      1.06      1.13      1.22      1.62      1.96
  8371.00      1.07      1.18      1.10      0.98      1.00      1.10      1.06      1.10      1.14      1.25      1.67      2.00
  8372.00      1.06      1.18      1.07      0.96      0.99      1.09      1.05      1.11      1.13      1.24      1.67      1.99
  8373.00      1.06      1.17      1.04      0.97      0.99      1.08      1.04      1.12      1.13      1.25      1.65      1.98
  8374.00      1.04      1.15      1.03      0.95      0.96      1.05      1.01      1.09      1.11      1.24      1.62      1.94
  8375.00      1.01      1.12      1.02      0.92      0.92      1.03      0.96      1.05      1.08      1.21      1.56      1.87
  8376.00      1.02      1.13      1.05      0.93      0.94      1.05      0.95      1.06      1.11      1.23      1.56      1.90
  8377.00      1.05      1.17      1.07      0.96      0.97      1.10      0.97      1.10      1.15      1.28      1.60      1.97
  8378.00      1.06      1.18      1.06      0.97      0.98      1.10      0.96      1.12      1.17      1.29      1.60      2.00
  8379.00      1.06      1.18      1.04      0.97      0.99      1.09      0.94      1.11      1.17      1.29      1.61      2.02
  8380.00      1.02      1.14      1.01      0.95      0.97      1.05      0.90      1.07      1.14      1.25      1.57      1.99
  8381.00      0.88      0.98      0.87      0.83      0.85      0.91      0.76      0.91      0.99      1.07      1.35      1.73
  8382.00      0.63      0.71      0.63      0.60      0.62      0.66      0.55      0.64      0.72      0.76      0.98      1.26
  8383.00      0.53      0.60      0.53      0.51      0.51      0.56      0.46      0.54      0.61      0.64      0.82      1.06
  8384.00      0.53      0.59      0.54      0.50      0.51      0.55      0.46      0.53      0.61      0.63      0.80      1.05
  8385.00      0.46      0.52      0.49      0.44      0.44      0.48      0.42      0.47      0.53      0.55      0.69      0.93
  8386.00      0.63      0.71      0.69      0.60      0.60      0.65      0.58      0.64      0.72      0.74      0.90      1.26
  8387.00      0.98      1.10      1.10      0.95      0.95      1.01      0.92      1.00      1.12      1.15      1.35      1.95
  8388.00      1.04      1.16      1.21      1.02      1.01      1.06      1.00      1.07      1.18      1.22      1.39      2.08
  8389.00      1.03      1.15      1.23      1.02      1.00      1.05      1.01      1.06      1.16      1.21      1.34      2.08
  8390.00      1.05      1.18      1.30      1.05      1.03      1.08      1.05      1.10      1.18      1.23      1.33      2.15
  8391.00      1.08      1.20      1.36      1.06      1.05      1.10      1.08      1.13      1.20      1.25      1.31      2.20
  8392.00      1.06      1.18      1.35      1.02      1.03      1.08      1.06      1.12      1.18      1.22      1.21      2.14
  8393.00      0.94      1.06      1.21      0.89      0.92      0.98      0.95      1.00      1.06      1.09      1.00      1.89
  8394.00      0.85      0.94      1.06      0.78      0.81      0.89      0.85      0.90      0.96      0.99      0.82      1.68
  8395.00      0.95      1.06      1.15      0.87      0.89      1.00      0.96      1.01      1.09      1.11      0.84      1.86
  8396.00      1.04      1.16      1.21      0.95      0.97      1.10      1.06      1.12      1.21      1.23      0.86      2.03
  8397.00      1.02      1.13      1.14      0.93      0.95      1.06      1.03      1.09      1.18      1.21      0.79      1.97
  8398.00      0.98      1.09      1.08      0.90      0.93      1.00      0.99      1.05      1.13      1.17      0.74      1.90
  8399.00      1.00      1.11      1.08      0.92      0.98      1.01      1.01      1.07      1.16      1.20      0.77      1.95
  8400.00      0.95      1.06      1.00      0.87      0.95      0.96      0.96      1.01      1.10      1.15      0.75      1.87
  8401.00      0.86      0.96      0.87      0.80      0.86      0.87      0.87      0.90      1.00      1.05      0.71      1.71
  8402.00      0.86      0.96      0.85      0.82      0.85      0.88      0.88      0.89      1.00      1.04      0.76      1.72
  8403.00      0.95      1.05      0.92      0.92      0.92      0.98      0.97      0.97      1.09      1.13      0.91      1.89
  8404.00      1.03      1.14      1.03      1.02      1.00      1.09      1.06      1.06      1.18      1.21      1.10      2.06
  8405.00      1.07      1.18      1.09      1.06      1.04      1.14      1.11      1.12      1.22      1.25      1.25      2.14
  8406.00      1.08      1.19      1.11      1.06      1.05      1.13      1.12      1.14      1.22      1.24      1.36      2.15
  8407.00      1.08      1.19      1.09      1.05      1.05      1.11      1.12      1.14      1.22      1.23      1.44      2.13
  8408.00      1.07      1.18      1.09      1.03      1.05      1.09      1.11      1.13      1.21      1.21      1.50      2.11
  8409.00      1.04      1.15      1.06      0.99      1.01      1.05      1.07      1.09      1.16      1.17      1.50      2.04
  8410.00      1.01      1.11      1.05      0.96      0.98      1.02      1.04      1.05      1.12      1.14      1.49      1.99
  8411.00      1.02      1.12      1.07      0.97      0.98      1.02      1.05      1.05      1.13      1.15      1.53      2.02
  8412.00      1.05      1.15      1.09      1.00      1.00      1.05      1.09      1.08      1.16      1.17      1.58      2.09
  8413.00      1.06      1.16      1.09      1.02      1.01      1.06      1.10      1.08      1.18      1.18      1.60      2.12
  8414.00      1.04      1.14      1.05      1.01      1.01      1.05      1.09      1.06      1.17      1.16      1.57      2.09
  8415.00      1.05      1.15      1.04      1.02      1.02      1.06      1.09      1.07      1.19      1.18      1.57      2.09
  8416.00      1.05      1.14      1.03      1.01      1.00      1.05      1.06      1.07      1.19      1.18      1.54      2.05
  8417.00      0.99      1.08      0.97      0.93      0.94      0.99      0.99      1.01      1.11      1.12      1.44      1.90
  8418.00      0.92      1.01      0.91      0.86      0.87      0.93      0.91      0.94      1.03      1.06      1.34      1.77
  8419.00      0.98      1.07      0.97      0.91      0.93      0.99      0.96      0.99      1.08      1.14      1.41      1.88
  8420.00      1.05      1.14      1.02      0.96      0.99      1.06      1.01      1.05      1.13      1.21      1.50      2.00
  8421.00      1.07      1.17      1.04      0.98      1.01      1.09      1.04      1.08      1.15      1.25      1.53      2.06
  8422.00      1.06      1.15      1.02      0.96      0.99      1.08      1.03      1.07      1.14      1.24      1.51      2.05
  8423.00      1.04      1.13      1.00      0.95      0.96      1.04      1.02      1.06      1.13      1.23      1.48      2.03
  8424.00      1.04      1.13      1.01      0.96      0.96      1.03      1.03      1.08      1.16      1.24      1.47      2.04
  8425.00      1.00      1.09      0.98      0.93      0.93      0.96      0.99      1.05      1.14      1.19      1.40      1.96
  8426.00      0.94      1.02      0.94      0.88      0.89      0.89      0.92      0.99      1.09      1.11      1.30      1.83
  8427.00      0.93      1.01      0.94      0.86      0.88      0.88      0.89      0.99      1.09      1.08      1.28      1.78
  8428.00      0.98      1.06      0.98      0.90      0.94      0.91      0.92      1.03      1.14      1.10      1.33      1.85
  8429.00      0.91      0.98      0.91      0.84      0.88      0.85      0.86      0.96      1.06      1.01      1.26      1.72
  8430.00      0.82      0.89      0.82      0.76      0.80      0.77      0.79      0.86      0.96      0.90      1.16      1.57
  8431.00      0.78      0.84      0.77      0.73      0.75      0.73      0.76      0.81      0.90      0.84      1.13      1.49
  8432.00      0.61      0.66      0.60      0.58      0.58      0.58      0.61      0.63      0.70      0.65      0.92      1.18
  8433.00      0.57      0.62      0.57      0.53      0.54      0.55      0.57      0.59      0.66      0.60      0.90      1.11
  8434.00      0.78      0.83      0.78      0.71      0.72      0.75      0.77      0.80      0.88      0.80      1.26      1.49
  8435.00      1.04      1.11      1.05      0.93      0.98      1.01      1.03      1.08      1.18      1.07      1.76      1.97
  8436.00      1.03      1.10      1.04      0.90      0.98      1.01      1.01      1.07      1.16      1.06      1.82      1.94
  8437.00      0.99      1.06      0.98      0.86      0.95      0.97      0.97      1.02      1.12      1.03      1.82      1.84
  8438.00      1.08      1.15      1.04      0.92      1.05      1.04      1.07      1.09      1.22      1.13      2.03      1.98
  8439.00      1.16      1.24      1.11      0.98      1.13      1.12      1.15      1.15      1.31      1.21      2.22      2.11
  8440.00      1.16      1.24      1.12      0.98      1.12      1.11      1.14      1.13      1.29      1.21      2.20      2.10
  8441.00      1.13      1.21      1.10      0.95      1.09      1.09      1.09      1.10      1.23      1.16      2.10      2.04
  8442.00      1.12      1.20      1.10      0.96      1.09      1.09      1.08      1.11      1.21      1.15      2.02      2.04
  8443.00      1.12      1.20      1.11      0.96      1.07      1.09      1.07      1.11      1.19      1.13      1.92      2.05
  8444.00      1.13      1.21      1.12      0.97      1.07      1.10      1.09      1.12      1.19      1.13      1.83      2.08
  8445.00      1.13      1.20      1.12      0.97      1.05      1.09      1.09      1.11      1.19      1.11      1.72      2.08
  8446.00      1.12      1.20      1.11      0.98      1.04      1.09      1.09      1.10      1.20      1.10      1.63      2.08
  8447.00      1.11      1.18      1.07      0.98      1.03      1.07      1.07      1.10      1.19      1.08      1.55      2.06
  8448.00      0.97      1.03      0.93      0.85      0.91      0.94      0.93      0.97      1.05      0.94      1.33      1.80
  8449.00      0.85      0.90      0.82      0.73      0.80      0.83      0.82      0.86      0.93      0.83      1.16      1.58
  8450.00      0.97      1.03      0.94      0.83      0.91      0.94      0.94      1.00      1.07      0.96      1.32      1.78
  8451.00      1.09      1.16      1.06      0.95      1.03      1.07      1.08      1.14      1.22      1.11      1.50      2.01
  8452.00      1.11      1.19      1.08      0.96      1.05      1.09      1.11      1.16      1.25      1.15      1.53      2.04
  8453.00      1.07      1.14      1.03      0.92      1.02      1.05      1.07      1.11      1.20      1.13      1.47      1.95
  8454.00      0.96      1.03      0.93      0.82      0.93      0.95      0.95      0.99      1.08      1.03      1.32      1.76
  8455.00      0.88      0.94      0.83      0.75      0.86      0.86      0.86      0.91      0.98      0.95      1.19      1.60
  8456.00      0.96      1.02      0.88      0.82      0.94      0.93      0.92      1.00      1.06      1.04      1.29      1.76
  8457.00      1.07      1.14      0.97      0.92      1.05      1.03      1.03      1.12      1.18      1.16      1.43      1.99
  8458.00      1.09      1.16      1.01      0.94      1.06      1.04      1.05      1.14      1.19      1.17      1.45      2.06
  8459.00      1.06      1.13      1.03      0.92      1.02      1.02      1.03      1.11      1.16      1.13      1.40      2.04
  8460.00      1.07      1.14      1.07      0.94      1.03      1.04      1.04      1.11      1.18      1.14      1.41      2.08
  8461.00      1.10      1.17      1.09      0.99      1.05      1.07      1.06      1.13      1.21      1.16      1.43      2.13
  8462.00      1.07      1.14      1.04      1.00      1.03      1.05      1.04      1.09      1.19      1.13      1.37      2.08
  8463.00      0.98      1.05      0.92      0.93      0.95      0.96      0.96      1.00      1.09      1.03      1.23      1.91
  8464.00      0.95      1.01      0.88      0.91      0.90      0.93      0.94      0.97      1.04      0.99      1.17      1.83
  8465.00      0.99      1.06      0.94      0.95      0.93      0.97      0.99      1.03      1.08      1.03      1.23      1.93
  8466.00      0.74      0.78      0.71      0.70      0.68      0.71      0.73      0.77      0.78      0.76      0.91      1.45
  8467.00      0.30      0.32      0.29      0.29      0.28      0.29      0.30      0.32      0.31      0.31      0.37      0.60
  8468.00      0.21      0.22      0.20      0.19      0.20      0.20      0.20      0.22      0.21      0.22      0.25      0.42
  8469.00      0.30      0.32      0.29      0.28      0.29      0.29      0.30      0.32      0.31      0.32      0.37      0.61
  8470.00      0.77      0.81      0.74      0.70      0.74      0.72      0.78      0.81      0.81      0.82      0.95      1.52
  8471.00      1.13      1.20      1.10      1.01      1.08      1.04      1.18      1.17      1.20      1.22      1.40      2.19
  8472.00      1.13      1.21      1.11      1.01      1.09      1.03      1.23      1.17      1.21      1.25      1.41      2.17
  8473.00      1.12      1.19      1.09      0.99      1.07      1.00      1.26      1.15      1.20      1.26      1.41      2.12
  8474.00      1.11      1.18      1.07      0.98      1.05      0.97      1.29      1.14      1.20      1.26      1.41      2.07
  8475.00      1.05      1.11      1.02      0.92      0.98      0.92      1.24      1.08      1.14      1.19      1.34      1.95
  8476.00      0.80      0.85      0.80      0.69      0.74      0.70      0.96      0.83      0.87      0.91      1.02      1.50
  8477.00      0.64      0.68      0.66      0.54      0.58      0.57      0.76      0.67      0.69      0.72      0.81      1.22
  8478.00      0.80      0.85      0.85      0.68      0.73      0.72      0.95      0.85      0.86      0.90      1.01      1.55
  8479.00      1.08      1.14      1.13      0.92      1.00      0.96      1.24      1.16      1.14      1.21      1.34      2.10
  8480.00      1.12      1.19      1.17      0.96      1.06      1.00      1.25      1.22      1.17      1.27      1.39      2.20
  8481.00      1.12      1.19      1.17      0.96      1.07      0.99      1.21      1.22      1.16      1.28      1.38      2.21
  8482.00      1.11      1.18      1.16      0.95      1.06      0.99      1.17      1.21      1.14      1.29      1.36      2.20
  8483.00      1.11      1.18      1.15      0.96      1.05      1.00      1.14      1.20      1.15      1.30      1.35      2.18
  8484.00      1.11      1.18      1.15      0.97      1.04      1.02      1.13      1.19      1.17      1.31      1.33      2.17
  8485.00      1.11      1.19      1.16      0.98      1.04      1.04      1.12      1.19      1.19      1.31      1.32      2.15
  8486.00      1.11      1.18      1.15      0.98      1.03      1.05      1.10      1.18      1.20      1.30      1.30      2.13
  8487.00      1.10      1.18      1.15      0.99      1.03      1.05      1.08      1.17      1.21      1.29      1.30      2.12
  8488.00      1.09      1.17      1.14      1.00      1.02      1.05      1.07      1.15      1.21      1.28      1.30      2.13
  8489.00      1.08      1.16      1.13      1.00      1.02      1.04      1.05      1.14      1.19      1.27      1.31      2.13
  8490.00      1.10      1.18      1.15      1.03      1.06      1.07      1.05      1.17      1.20      1.30      1.35      2.18
  8491.00      1.13      1.21      1.17      1.06      1.11      1.09      1.07      1.20      1.23      1.33      1.41      2.23
  8492.00      1.11      1.19      1.14      1.03      1.10      1.07      1.05      1.19      1.22      1.32      1.39      2.19
  8493.00      1.07      1.15      1.09      0.99      1.06      1.03      1.01      1.16      1.19      1.28      1.34      2.12
  8494.00      0.99      1.06      1.01      0.91      0.96      0.95      0.92      1.06      1.10      1.18      1.21      1.95
  8495.00      0.63      0.67      0.65      0.58      0.59      0.61      0.58      0.66      0.70      0.75      0.75      1.24
  8496.00      0.46      0.50      0.48      0.42      0.43      0.45      0.43      0.48      0.51      0.56      0.54      0.91
  8497.00      0.62      0.67      0.62      0.56      0.58      0.59      0.57      0.65      0.68      0.75      0.71      1.22
  8498.00      0.97      1.04      0.94      0.88      0.93      0.91      0.88      1.01      1.06      1.19      1.09      1.89
  8499.00      1.03      1.11      1.00      0.92      1.00      0.95      0.95      1.09      1.13      1.27      1.15      2.00
  8500.00      1.09      1.17      1.07      0.99      1.07      1.00      1.02      1.17      1.22      1.38      1.22      2.11
  8501.00      1.11      1.19      1.11      1.00      1.09      1.02      1.05      1.19      1.25      1.42      1.24      2.16
  8502.00      1.02      1.10      1.04      0.91      0.99      0.95      0.99      1.10      1.17      1.32      1.14      2.01
  8503.00      0.94      1.01      0.95      0.84      0.90      0.89      0.92      1.00      1.09      1.22      1.04      1.88
  8504.00      0.88      0.95      0.86      0.78      0.83      0.84      0.88      0.94      1.03      1.14      0.95      1.78
  8505.00      0.60      0.65      0.58      0.54      0.57      0.58      0.60      0.64      0.71      0.78      0.62      1.23
  8506.00      0.27      0.30      0.25      0.25      0.26      0.26      0.27      0.29      0.32      0.35      0.26      0.56
  8507.00      0.19      0.21      0.18      0.17      0.18      0.18      0.19      0.20      0.22      0.24      0.17      0.39
  8508.00      0.28      0.30      0.27      0.26      0.26      0.26      0.28      0.29      0.33      0.34      0.24      0.57
  8509.00      0.72      0.78      0.71      0.68      0.68      0.67      0.71      0.75      0.83      0.86      0.60      1.45
  8510.00      1.03      1.12      1.04      0.98      0.97      0.97      1.03      1.07      1.17      1.21      0.83      2.06
  8511.00      1.01      1.09      1.03      0.94      0.95      0.95      1.02      1.04      1.12      1.15      0.77      2.00
  8512.00      1.03      1.11      1.06      0.95      0.98      0.97      1.05      1.06      1.12      1.17      0.75      2.04
  8513.00      1.05      1.14      1.08      0.96      1.01      0.99      1.08      1.08      1.14      1.18      0.74      2.07
  8514.00      1.05      1.13      1.08      0.95      1.01      0.99      1.08      1.08      1.13      1.17      0.72      2.06
  8515.00      1.04      1.13      1.08      0.96      1.01      0.98      1.08      1.07      1.12      1.16      0.71      2.05
  8516.00      1.06      1.15      1.11      1.00      1.04      1.01      1.12      1.10      1.15      1.18      0.74      2.11
  8517.00      1.09      1.18      1.14      1.04      1.06      1.04      1.18      1.14      1.18      1.22      0.81      2.18
  8518.00      1.08      1.17      1.12      1.02      1.05      1.03      1.19      1.13      1.17      1.21      0.87      2.17
  8519.00      1.07      1.16      1.11      1.00      1.04      1.03      1.19      1.12      1.17      1.21      0.95      2.17
  8520.00      1.07      1.16      1.10      0.99      1.04      1.03      1.18      1.12      1.18      1.21      1.03      2.18
  8521.00      1.05      1.14      1.08      0.97      1.03      1.01      1.13      1.10      1.16      1.19      1.09      2.13
  8522.00      0.91      0.99      0.92      0.85      0.91      0.89      0.95      0.96      1.00      1.04      1.00      1.85
  8523.00      0.79      0.86      0.78      0.74      0.80      0.78      0.80      0.84      0.86      0.90      0.90      1.59
  8524.00      0.89      0.96      0.86      0.85      0.91      0.89      0.88      0.94      0.96      1.01      1.01      1.76
  8525.00      1.00      1.08      0.97      0.96      1.02      1.02      0.98      1.07      1.09      1.15      1.13      1.97
  8526.00      1.04      1.13      1.01      0.99      1.06      1.06      1.01      1.11      1.14      1.21      1.13      2.03
  8527.00      1.10      1.19      1.08      1.02      1.10      1.09      1.05      1.16      1.20      1.28      1.14      2.11
  8528.00      1.11      1.20      1.12      1.02      1.10      1.09      1.06      1.17      1.23      1.31      1.13      2.12
  8529.00      1.19      1.29      1.22      1.08      1.16      1.15      1.13      1.25      1.32      1.41      1.21      2.26
  8530.00      1.23      1.34      1.26      1.13      1.19      1.19      1.17      1.30      1.35      1.46      1.28      2.33
  8531.00      1.26      1.36      1.27      1.17      1.20      1.22      1.19      1.33      1.36      1.48      1.37      2.39
  8532.00      1.22      1.32      1.23      1.14      1.18      1.19      1.15      1.30      1.30      1.42      1.42      2.34
  8533.00      1.16      1.25      1.19      1.09      1.13      1.13      1.09      1.24      1.24      1.35      1.45      2.26
  8534.00      1.16      1.25      1.22      1.09      1.15      1.12      1.09      1.24      1.25      1.35      1.57      2.29
  8535.00      1.16      1.25      1.23      1.09      1.15      1.12      1.10      1.24      1.26      1.36      1.70      2.30
  8536.00      1.15      1.24      1.21      1.09      1.13      1.10      1.11      1.21      1.26      1.35      1.81      2.28
  8537.00      1.13      1.22      1.17      1.10      1.11      1.08      1.12      1.18      1.26      1.34      1.89      2.25
  8538.00      1.10      1.18      1.12      1.07      1.08      1.05      1.10      1.14      1.22      1.30      1.92      2.17
  8539.00      0.93      1.01      0.96      0.90      0.92      0.90      0.94      0.98      1.03      1.11      1.68      1.85
  8540.00      0.50      0.54      0.52      0.47      0.49      0.49      0.50      0.53      0.54      0.60      0.92      1.00
  8541.00      0.36      0.39      0.37      0.33      0.35      0.36      0.36      0.39      0.39      0.43      0.66      0.72
  8542.00      0.52      0.57      0.52      0.47      0.50      0.53      0.52      0.57      0.56      0.62      0.95      1.05
  8543.00      1.12      1.22      1.12      1.03      1.08      1.14      1.11      1.22      1.21      1.33      1.99      2.22
  8544.00      1.41      1.53      1.43      1.33      1.39      1.42      1.40      1.53      1.53      1.67      2.47      2.76
  8545.00      1.47      1.59      1.51      1.42      1.47      1.44      1.47      1.58      1.59      1.73      2.54      2.86
  8546.00      1.46      1.58      1.51      1.43      1.46      1.40      1.47      1.55      1.58      1.71      2.48      2.84
  8547.00      1.40      1.52      1.46      1.39      1.39      1.34      1.42      1.50      1.50      1.64      2.36      2.74
  8548.00      1.33      1.44      1.39      1.31      1.27      1.28      1.34      1.42      1.40      1.55      2.22      2.60
  8549.00      1.32      1.42      1.39      1.29      1.22      1.29      1.31      1.40      1.35      1.53      2.18      2.57
  8550.00      0.99      1.07      1.05      0.97      0.92      0.97      0.97      1.05      1.00      1.14      1.64      1.96
  8551.00      0.78      0.85      0.82      0.77      0.73      0.77      0.76      0.83      0.78      0.89      1.29      1.57
  8552.00      0.97      1.06      1.00      0.96      0.93      0.97      0.94      1.05      0.99      1.10      1.61      1.97
  8553.00      1.25      1.35      1.25      1.22      1.20      1.24      1.21      1.35      1.28      1.38      2.05      2.52
  8554.00      1.33      1.44      1.33      1.28      1.27      1.31      1.30      1.45      1.38      1.46      2.17      2.68
  8555.00      1.36      1.47      1.38      1.31      1.29      1.32      1.32      1.50      1.45      1.50      2.20      2.75
  8556.00      1.37      1.48      1.43      1.31      1.29      1.31      1.32      1.52      1.50      1.53      2.21      2.76
  8557.00      1.36      1.48      1.45      1.31      1.29      1.30      1.32      1.52      1.51      1.55      2.19      2.75
  8558.00      1.40      1.52      1.49      1.35      1.35      1.33      1.37      1.56      1.57      1.61      2.25      2.82
  8559.00      1.42      1.54      1.50      1.37      1.39      1.36      1.41      1.57      1.60      1.64      2.26      2.85
  8560.00      1.36      1.47      1.42      1.31      1.35      1.32      1.35      1.47      1.53      1.57      2.13      2.70
  8561.00      1.34      1.45      1.38      1.30      1.34      1.32      1.33      1.44      1.50      1.55      2.08      2.66
  8562.00      1.31      1.43      1.33      1.29      1.32      1.30      1.30      1.40      1.46      1.54      2.02      2.61
  8563.00      1.34      1.45      1.32      1.31      1.35      1.33      1.31      1.41      1.47      1.57      2.03      2.65
  8564.00      1.40      1.52      1.35      1.36      1.42      1.40      1.37      1.48      1.54      1.65      2.13      2.77
  8565.00      1.42      1.54      1.35      1.36      1.43      1.41      1.39      1.50      1.54      1.67      2.16      2.81
  8566.00      1.41      1.53      1.33      1.34      1.39      1.39      1.38      1.48      1.51      1.64      2.14      2.80
  8567.00      1.40      1.52      1.33      1.34      1.37      1.38      1.37      1.47      1.50      1.61      2.13      2.80
  8568.00      1.40      1.52      1.38      1.37      1.39      1.39      1.38      1.49      1.50      1.61      2.15      2.81
  8569.00      1.37      1.49      1.40      1.35      1.37      1.35      1.37      1.47      1.47      1.57      2.12      2.74
  8570.00      1.35      1.46      1.42      1.31      1.36      1.33      1.37      1.46      1.45      1.56      2.08      2.69
  8571.00      1.38      1.50      1.49      1.32      1.41      1.37      1.41      1.50      1.48      1.60      2.13      2.72
  8572.00      1.38      1.50      1.50      1.28      1.41      1.38      1.42      1.49      1.49      1.61      2.15      2.72
  8573.00      1.38      1.50      1.48      1.26      1.41      1.38      1.43      1.47      1.48      1.61      2.16      2.71
  8574.00      1.44      1.56      1.51      1.30      1.46      1.44      1.50      1.51      1.54      1.66      2.25      2.81
  8575.00      1.36      1.48      1.39      1.23      1.37      1.36      1.43      1.42      1.47      1.55      2.11      2.67
  8576.00      1.18      1.28      1.19      1.08      1.18      1.16      1.27      1.22      1.28      1.34      1.82      2.32
  8577.00      1.17      1.27      1.19      1.10      1.18      1.15      1.31      1.21      1.28      1.35      1.80      2.32
  8578.00      1.15      1.25      1.18      1.08      1.15      1.12      1.33      1.17      1.25      1.35      1.75      2.28
  8579.00      1.17      1.27      1.23      1.09      1.17      1.14      1.43      1.19      1.28      1.41      1.77      2.32
  8580.00      1.09      1.18      1.15      1.02      1.08      1.06      1.44      1.10      1.19      1.35      1.64      2.17
  8581.00      1.18      1.28      1.25      1.10      1.16      1.15      1.68      1.19      1.28      1.48      1.77      2.35
  8582.00      1.35      1.46      1.41      1.27      1.33      1.32      2.05      1.37      1.46      1.70      2.01      2.68
  8583.00      1.39      1.51      1.41      1.33      1.35      1.37      2.23      1.41      1.51      1.75      2.05      2.76
  8584.00      1.40      1.52      1.41      1.37      1.34      1.38      2.32      1.43      1.53      1.74      2.05      2.77
  8585.00      1.38      1.49      1.39      1.38      1.32      1.37      2.31      1.41      1.50      1.69      2.02      2.71
  8586.00      1.37      1.48      1.40      1.39      1.32      1.38      2.27      1.41      1.48      1.67      2.01      2.67
  8587.00      1.38      1.50      1.41      1.38      1.33      1.39      2.23      1.42      1.50      1.68      2.03      2.67
  8588.00      1.38      1.49      1.40      1.34      1.32      1.37      2.15      1.41      1.49      1.66      2.02      2.64
  8589.00      1.34      1.45      1.33      1.28      1.27      1.33      2.03      1.37      1.44      1.61      1.96      2.55
  8590.00      1.19      1.29      1.16      1.11      1.11      1.17      1.77      1.22      1.27      1.44      1.74      2.26
  8591.00      1.09      1.18      1.08      1.01      1.00      1.07      1.61      1.13      1.15      1.33      1.59      2.06
  8592.00      1.24      1.35      1.27      1.15      1.14      1.22      1.84      1.30      1.29      1.53      1.81      2.33
  8593.00      1.32      1.43      1.37      1.20      1.20      1.29      1.96      1.39      1.35      1.63      1.93      2.47
  8594.00      1.30      1.41      1.35      1.18      1.18      1.26      1.93      1.39      1.30      1.61      1.91      2.45
  8595.00      1.32      1.43      1.34      1.20      1.22      1.28      1.94      1.42      1.31      1.64      1.95      2.50
  8596.00      1.35      1.46      1.33      1.22      1.28      1.32      1.93      1.46      1.33      1.67      1.99      2.58
  8597.00      1.29      1.40      1.27      1.17      1.26      1.28      1.77      1.40      1.27      1.60      1.90      2.48
  8598.00      0.87      0.94      0.86      0.79      0.87      0.87      1.14      0.94      0.86      1.08      1.28      1.70
  8599.00      0.64      0.69      0.64      0.60      0.64      0.64      0.79      0.68      0.64      0.80      0.94      1.25
  8600.00      0.79      0.86      0.79      0.75      0.78      0.79      0.92      0.84      0.80      0.99      1.15      1.54
  8601.00      1.17      1.27      1.17      1.13      1.13      1.18      1.30      1.24      1.20      1.48      1.70      2.25
  8602.00      1.33      1.44      1.34      1.27      1.26      1.35      1.43      1.41      1.38      1.69      1.92      2.54
  8603.00      1.30      1.42      1.35      1.21      1.23      1.32      1.38      1.39      1.38      1.66      1.88      2.49
  8604.00      1.26      1.36      1.31      1.14      1.20      1.26      1.32      1.34      1.35      1.60      1.81      2.41
  8605.00      1.26      1.37      1.31      1.14      1.22      1.24      1.33      1.34      1.38      1.63      1.82      2.43
  8606.00      1.34      1.46      1.39      1.22      1.31      1.30      1.42      1.41      1.47      1.75      1.93      2.60
  8607.00      1.35      1.47      1.41      1.24      1.32      1.30      1.43      1.41      1.49      1.77      1.94      2.65
  8608.00      1.35      1.46      1.44      1.25      1.32      1.28      1.41      1.40      1.48      1.77      1.93      2.67
  8609.00      1.36      1.48      1.45      1.27      1.33      1.27      1.40      1.41      1.48      1.80      1.93      2.72
  8610.00      1.37      1.49      1.42      1.30      1.34      1.26      1.39      1.43      1.48      1.83      1.95      2.76
  8611.00      1.34      1.46      1.34      1.27      1.31      1.21      1.34      1.39      1.43      1.79      1.91      2.71
  8612.00      1.20      1.31      1.18      1.13      1.16      1.09      1.19      1.25      1.27      1.62      1.73      2.44
  8613.00      1.09      1.18      1.07      1.00      1.04      1.01      1.08      1.11      1.15      1.49      1.58      2.19
  8614.00      1.21      1.32      1.24      1.11      1.15      1.16      1.22      1.23      1.29      1.70      1.79      2.42
  8615.00      1.24      1.35      1.30      1.14      1.17      1.20      1.25      1.24      1.31      1.77      1.86      2.45
  8616.00      0.95      1.04      1.00      0.88      0.90      0.93      0.96      0.95      1.00      1.39      1.45      1.88
  8617.00      0.64      0.69      0.66      0.59      0.61      0.61      0.64      0.64      0.67      0.95      0.97      1.26
  8618.00      0.57      0.62      0.57      0.53      0.56      0.54      0.56      0.57      0.59      0.85      0.86      1.13
  8619.00      0.79      0.86      0.77      0.73      0.79      0.74      0.77      0.80      0.81      1.17      1.17      1.54
  8620.00      0.98      1.07      0.97      0.90      1.00      0.93      0.95      1.02      1.01      1.43      1.44      1.91
  8621.00      0.83      0.90      0.85      0.74      0.84      0.79      0.80      0.87      0.86      1.19      1.21      1.61
  8622.00      0.85      0.92      0.88      0.74      0.85      0.82      0.83      0.90      0.89      1.19      1.24      1.64
  8623.00      0.86      0.94      0.89      0.74      0.85      0.84      0.85      0.92      0.91      1.19      1.26      1.66
  8624.00      0.72      0.78      0.73      0.61      0.70      0.70      0.71      0.76      0.76      0.98      1.05      1.38
  8625.00      0.67      0.73      0.69      0.59      0.66      0.65      0.67      0.71      0.71      0.91      0.98      1.28
  8626.00      0.46      0.50      0.49      0.41      0.45      0.44      0.46      0.49      0.49      0.62      0.68      0.88
  8627.00      0.34      0.37      0.37      0.30      0.33      0.32      0.34      0.36      0.36      0.45      0.49      0.65
  8628.00      0.48      0.52      0.52      0.44      0.46      0.46      0.48      0.51      0.51      0.63      0.69      0.91
  8629.00      0.79      0.86      0.83      0.74      0.77      0.77      0.80      0.85      0.86      1.04      1.14      1.52
  8630.00      0.69      0.76      0.69      0.66      0.68      0.69      0.70      0.75      0.76      0.91      1.01      1.34
  8631.00      0.58      0.63      0.56      0.57      0.58      0.58      0.58      0.64      0.65      0.76      0.85      1.12
  8632.00      0.45      0.49      0.44      0.45      0.45      0.45      0.44      0.50      0.51      0.59      0.66      0.86
  8633.00      0.40      0.43      0.39      0.40      0.39      0.40      0.38      0.44      0.45      0.52      0.58      0.74
  8634.00      0.32      0.35      0.33      0.32      0.32      0.32      0.30      0.37      0.36      0.42      0.47      0.58
  8635.00      0.45      0.49      0.47      0.44      0.44      0.44      0.42      0.52      0.51      0.58      0.65      0.80
  8636.00      0.85      0.92      0.89      0.82      0.83      0.84      0.81      1.00      0.97      1.09      1.24      1.49
  8637.00      0.85      0.93      0.89      0.82      0.84      0.85      0.82      1.02      0.98      1.09      1.25      1.50
  8638.00      0.46      0.50      0.48      0.44      0.46      0.46      0.45      0.55      0.54      0.59      0.68      0.82
  8639.00      0.34      0.37      0.34      0.33      0.34      0.34      0.33      0.39      0.39      0.44      0.49      0.60
  8640.00      0.48      0.52      0.48      0.47      0.47      0.47      0.46      0.54      0.55      0.62      0.69      0.85
  8641.00      0.81      0.88      0.80      0.81      0.80      0.80      0.78      0.90      0.93      1.05      1.16      1.44
  8642.00      0.58      0.62      0.57      0.58      0.57      0.57      0.56      0.63      0.66      0.76      0.83      1.03
  8643.00      0.43      0.46      0.42      0.42      0.41      0.42      0.42      0.46      0.49      0.57      0.61      0.77
  8644.00      0.52      0.56      0.52      0.50      0.50      0.52      0.52      0.56      0.60      0.71      0.75      0.95
  8645.00      0.79      0.85      0.78      0.74      0.75      0.78      0.78      0.83      0.91      1.06      1.15      1.43
  8646.00      0.94      1.01      0.93      0.88      0.89      0.93      0.92      0.98      1.09      1.24      1.38      1.71
  8647.00      0.94      1.01      0.94      0.88      0.89      0.93      0.92      0.98      1.09      1.22      1.39      1.71
  8648.00      0.77      0.83      0.79      0.73      0.73      0.76      0.76      0.80      0.90      0.98      1.15      1.41
  8649.00      0.64      0.69      0.69      0.60      0.60      0.62      0.63      0.65      0.74      0.80      0.95      1.18
  8650.00      0.64      0.69      0.73      0.59      0.60      0.62      0.64      0.65      0.74      0.78      0.94      1.19
  8651.00      0.34      0.37      0.41      0.31      0.32      0.33      0.35      0.34      0.39      0.42      0.50      0.64
  8652.00      0.24      0.25      0.29      0.22      0.22      0.23      0.24      0.24      0.27      0.29      0.35      0.45
  8653.00      0.32      0.34      0.40      0.29      0.30      0.31      0.32      0.32      0.36      0.39      0.47      0.60
  8654.00      0.56      0.60      0.69      0.52      0.54      0.54      0.54      0.58      0.62      0.69      0.83      1.04
  8655.00      0.71      0.75      0.85      0.67      0.68      0.68      0.67      0.75      0.79      0.89      1.07      1.30
  8656.00      0.56      0.60      0.65      0.54      0.53      0.54      0.53      0.61      0.63      0.71      0.86      1.03
  8657.00      0.38      0.41      0.43      0.37      0.36      0.36      0.36      0.42      0.43      0.49      0.59      0.70
  8658.00      0.35      0.37      0.38      0.32      0.33      0.33      0.32      0.38      0.40      0.45      0.54      0.64
  8659.00      0.50      0.53      0.53      0.44      0.47      0.47      0.46      0.53      0.56      0.63      0.76      0.92
  8660.00      0.73      0.78      0.79      0.64      0.70      0.70      0.67      0.77      0.81      0.92      1.11      1.36
  8661.00      0.66      0.71      0.73      0.58      0.64      0.63      0.61      0.70      0.73      0.83      1.01      1.26
  8662.00      0.29      0.31      0.31      0.26      0.28      0.27      0.27      0.30      0.32      0.36      0.45      0.56
  8663.00      0.20      0.21      0.21      0.18      0.19      0.19      0.19      0.21      0.22      0.25      0.31      0.39
  8664.00      0.29      0.31      0.30      0.27      0.28      0.27      0.28      0.31      0.32      0.37      0.45      0.58
  8665.00      0.73      0.78      0.74      0.69      0.69      0.70      0.70      0.77      0.80      0.91      1.11      1.45
  8666.00      0.73      0.78      0.75      0.70      0.69      0.71      0.71      0.77      0.80      0.91      1.10      1.46
  8667.00      0.30      0.32      0.31      0.29      0.29      0.29      0.29      0.32      0.33      0.38      0.46      0.61
  8668.00      0.21      0.22      0.21      0.20      0.20      0.20      0.20      0.22      0.23      0.26      0.31      0.42
  8669.00      0.30      0.32      0.31      0.29      0.29      0.28      0.28      0.32      0.33      0.37      0.45      0.60
  8670.00      0.67      0.72      0.69      0.64      0.65      0.62      0.62      0.71      0.74      0.82      0.99      1.33
  8671.00      0.67      0.71      0.70      0.64      0.65      0.62      0.62      0.71      0.74      0.82      0.99      1.32
  8672.00      0.35      0.37      0.38      0.34      0.34      0.32      0.33      0.37      0.39      0.43      0.52      0.69
  8673.00      0.26      0.27      0.29      0.26      0.24      0.23      0.24      0.27      0.29      0.32      0.38      0.51
  8674.00      0.37      0.40      0.41      0.38      0.35      0.34      0.35      0.40      0.42      0.47      0.57      0.74
  8675.00      0.69      0.74      0.75      0.70      0.65      0.64      0.65      0.75      0.78      0.88      1.07      1.38
  8676.00      0.39      0.42      0.40      0.39      0.36      0.36      0.36      0.42      0.44      0.49      0.60      0.77
  8677.00      0.27      0.29      0.27      0.27      0.26      0.26      0.25      0.29      0.31      0.34      0.42      0.54
  8678.00      0.38      0.41      0.38      0.38      0.37      0.37      0.36      0.41      0.44      0.47      0.59      0.77
  8679.00      0.79      0.85      0.80      0.78      0.76      0.77      0.74      0.85      0.92      0.95      1.20      1.58
  8680.00      0.99      1.07      1.02      0.96      0.96      0.96      0.93      1.07      1.17      1.17      1.49      1.99
  8681.00      1.00      1.07      1.06      0.96      0.97      0.96      0.94      1.07      1.18      1.16      1.49      2.04
  8682.00      0.86      0.93      0.95      0.82      0.85      0.83      0.81      0.92      1.03      0.99      1.28      1.80
  8683.00      0.45      0.48      0.50      0.42      0.44      0.43      0.42      0.47      0.53      0.51      0.66      0.94
  8684.00      0.32      0.34      0.35      0.30      0.32      0.31      0.30      0.33      0.37      0.37      0.47      0.66
  8685.00      0.45      0.48      0.48      0.41      0.45      0.44      0.42      0.46      0.52      0.52      0.66      0.92
  8686.00      0.84      0.91      0.88      0.76      0.84      0.85      0.79      0.87      0.99      1.00      1.26      1.72
  8687.00      0.87      0.94      0.89      0.79      0.86      0.88      0.82      0.89      1.01      1.04      1.31      1.74
  8688.00      0.77      0.83      0.78      0.70      0.75      0.76      0.72      0.78      0.88      0.92      1.16      1.51
  8689.00      0.82      0.89      0.84      0.77      0.80      0.81      0.76      0.84      0.95      1.00      1.25      1.59
  8690.00      0.84      0.91      0.88      0.81      0.82      0.81      0.77      0.86      0.97      1.04      1.28      1.61
  8691.00      0.93      1.01      1.00      0.92      0.91      0.90      0.85      0.96      1.08      1.16      1.42      1.78
  8692.00      0.97      1.05      1.05      0.96      0.95      0.93      0.89      1.00      1.12      1.22      1.49      1.85
  8693.00      0.82      0.89      0.89      0.81      0.80      0.79      0.76      0.85      0.94      1.04      1.26      1.56
  8694.00      0.69      0.75      0.74      0.68      0.67      0.67      0.66      0.72      0.79      0.87      1.06      1.31
  8695.00      0.81      0.88      0.85      0.78      0.77      0.78      0.79      0.85      0.91      1.01      1.24      1.53
  8696.00      0.90      0.97      0.93      0.86      0.85      0.86      0.90      0.94      0.99      1.10      1.36      1.69
  8697.00      0.85      0.92      0.90      0.82      0.81      0.80      0.87      0.89      0.93      1.03      1.29      1.60
  8698.00      0.79      0.86      0.86      0.77      0.77      0.74      0.82      0.84      0.87      0.95      1.20      1.49
  8699.00      0.73      0.79      0.81      0.72      0.71      0.68      0.74      0.78      0.81      0.87      1.10      1.37
  8700.00      0.78      0.85      0.86      0.77      0.76      0.74      0.79      0.84      0.88      0.92      1.18      1.47
  8701.00      0.88      0.95      0.94      0.86      0.84      0.84      0.88      0.92      0.99      1.03      1.33      1.64
  8702.00      0.76      0.82      0.80      0.74      0.73      0.74      0.77      0.78      0.86      0.89      1.15      1.42
  8703.00      0.65      0.70      0.69      0.63      0.63      0.63      0.66      0.66      0.74      0.76      0.99      1.22
  8704.00      0.76      0.82      0.82      0.75      0.74      0.74      0.77      0.76      0.87      0.89      1.16      1.42
  8705.00      0.91      0.99      1.00      0.91      0.91      0.88      0.93      0.92      1.04      1.07      1.40      1.71
  8706.00      0.95      1.03      1.04      0.95      0.95      0.92      0.96      0.99      1.08      1.13      1.47      1.79
  8707.00      0.84      0.91      0.92      0.85      0.84      0.81      0.85      0.90      0.95      1.01      1.31      1.60
  8708.00      0.73      0.79      0.80      0.75      0.73      0.70      0.74      0.80      0.83      0.89      1.15      1.40
  8709.00      0.81      0.87      0.87      0.84      0.81      0.76      0.82      0.88      0.90      0.98      1.26      1.55
  8710.00      0.91      0.99      0.99      0.96      0.91      0.87      0.94      0.99      1.01      1.11      1.42      1.76
  8711.00      0.97      1.06      1.07      1.03      0.96      0.94      1.02      1.06      1.08      1.19      1.51      1.88
  8712.00      0.95      1.03      1.04      0.99      0.93      0.93      1.00      1.03      1.05      1.16      1.47      1.83
  8713.00      0.88      0.96      0.96      0.91      0.86      0.88      0.92      0.96      0.98      1.09      1.36      1.72
  8714.00      0.90      0.98      0.96      0.92      0.88      0.91      0.92      0.98      1.02      1.13      1.39      1.78
  8715.00      0.97      1.05      1.00      0.98      0.94      0.97      0.97      1.05      1.10      1.22      1.50      1.92
  8716.00      0.99      1.08      1.01      1.00      0.98      0.99      0.98      1.07      1.14      1.26      1.55      1.98
  8717.00      0.98      1.06      0.98      0.99      0.98      0.97      0.96      1.05      1.12      1.25      1.52      1.96
  8718.00      0.96      1.04      0.96      0.99      0.96      0.94      0.94      1.04      1.10      1.23      1.49      1.93
  8719.00      0.93      1.01      0.94      0.97      0.92      0.89      0.90      1.00      1.06      1.20      1.42      1.86
  8720.00      0.93      1.01      0.96      1.00      0.92      0.88      0.89      1.01      1.06      1.20      1.41      1.84
  8721.00      0.94      1.02      0.99      1.02      0.92      0.88      0.89      1.03      1.07      1.22      1.40      1.82
  8722.00      0.96      1.04      1.04      1.06      0.93      0.91      0.91      1.05      1.10      1.26      1.41      1.84
  8723.00      0.95      1.03      1.04      1.07      0.93      0.91      0.90      1.04      1.10      1.25      1.39      1.81
  8724.00      0.93      1.01      1.01      1.08      0.93      0.91      0.90      1.03      1.09      1.25      1.39      1.78
  8725.00      0.94      1.02      0.99      1.12      0.95      0.92      0.92      1.03      1.10      1.26      1.42      1.79
  8726.00      0.96      1.04      0.98      1.17      0.98      0.95      0.95      1.05      1.13      1.29      1.47      1.83
  8727.00      0.92      1.00      0.93      1.14      0.92      0.91      0.91      1.00      1.08      1.21      1.42      1.75
  8728.00      0.82      0.89      0.84      1.03      0.81      0.81      0.80      0.88      0.97      1.06      1.27      1.57
  8729.00      0.75      0.82      0.80      0.95      0.73      0.75      0.73      0.81      0.90      0.96      1.17      1.45
  8730.00      0.87      0.94      0.94      1.09      0.84      0.86      0.84      0.93      1.05      1.09      1.34      1.68
  8731.00      0.98      1.06      1.08      1.24      0.97      0.97      0.96      1.06      1.21      1.22      1.52      1.91
  8732.00      0.99      1.07      1.09      1.24      0.99      0.96      0.98      1.07      1.22      1.22      1.54      1.94
  8733.00      0.99      1.07      1.08      1.21      1.00      0.95      0.99      1.07      1.21      1.22      1.55      1.95
  8734.00      1.01      1.09      1.08      1.21      1.02      0.97      1.00      1.08      1.22      1.24      1.59      1.97
  8735.00      0.98      1.06      1.02      1.18      0.98      0.96      0.97      1.04      1.17      1.20      1.56      1.91
  8736.00      0.95      1.02      0.96      1.12      0.93      0.93      0.92      0.99      1.12      1.15      1.51      1.83
  8737.00      0.95      1.03      0.97      1.11      0.93      0.95      0.91      0.99      1.11      1.16      1.52      1.82
  8738.00      0.98      1.05      1.03      1.12      0.96      0.97      0.93      1.01      1.12      1.20      1.55      1.86
  8739.00      0.90      0.97      0.98      1.02      0.89      0.88      0.85      0.93      1.02      1.11      1.42      1.71
  8740.00      0.81      0.87      0.90      0.90      0.81      0.77      0.78      0.84      0.92      1.00      1.28      1.53
  8741.00      0.87      0.94      0.97      0.97      0.88      0.82      0.86      0.91      0.98      1.09      1.38      1.66
  8742.00      0.80      0.86      0.88      0.87      0.81      0.74      0.81      0.85      0.90      1.02      1.27      1.54
  8743.00      0.70      0.75      0.76      0.73      0.70      0.65      0.71      0.74      0.79      0.90      1.11      1.35
  8744.00      0.82      0.89      0.91      0.84      0.82      0.77      0.83      0.88      0.94      1.08      1.31      1.59
  8745.00      0.96      1.03      1.05      0.97      0.94      0.90      0.96      1.02      1.09      1.29      1.53      1.87
  8746.00      0.98      1.05      1.04      0.97      0.95      0.93      0.98      1.04      1.12      1.36      1.56      1.93
  8747.00      0.98      1.06      1.00      0.95      0.95      0.95      0.99      1.04      1.14      1.41      1.55      1.95
  8748.00      0.99      1.07      1.01      0.94      0.97      0.97      1.00      1.05      1.17      1.46      1.55      1.98
  8749.00      0.99      1.07      1.05      0.91      0.97      0.98      1.01      1.05      1.18      1.50      1.54      1.98
  8750.00      0.97      1.04      1.05      0.88      0.95      0.96      0.99      1.03      1.17      1.51      1.49      1.96
  8751.00      0.98      1.05      1.06      0.89      0.95      0.96      0.99      1.05      1.19      1.54      1.48      1.99
  8752.00      0.97      1.04      1.06      0.91      0.95      0.94      0.99      1.05      1.19      1.53      1.46      1.99
  8753.00      0.94      1.01      1.03      0.89      0.92      0.88      0.95      1.02      1.16      1.47      1.41      1.92
  8754.00      0.96      1.03      1.05      0.91      0.94      0.88      0.97      1.04      1.17      1.47      1.44      1.94
  8755.00      0.98      1.06      1.08      0.93      0.96      0.90      0.99      1.07      1.19      1.47      1.49      1.99
  8756.00      1.00      1.07      1.10      0.93      0.96      0.91      1.00      1.06      1.18      1.43      1.52      2.00
  8757.00      1.00      1.07      1.11      0.93      0.96      0.93      0.99      1.04      1.16      1.36      1.52      1.98
  8758.00      0.97      1.04      1.08      0.94      0.94      0.93      0.97      1.00      1.11      1.26      1.48      1.91
  8759.00      0.77      0.82      0.86      0.76      0.75      0.75      0.77      0.77      0.87      0.94      1.16      1.51
  8760.00      0.35      0.37      0.39      0.36      0.34      0.34      0.36      0.35      0.39      0.41      0.53      0.70
  8761.00      0.24      0.26      0.27      0.25      0.24      0.24      0.25      0.24      0.27      0.28      0.37      0.48
  8762.00      0.32      0.35      0.37      0.33      0.31      0.32      0.33      0.32      0.36      0.36      0.50      0.64
  8763.00      0.26      0.28      0.30      0.26      0.25      0.25      0.27      0.26      0.29      0.28      0.41      0.52
  8764.00      0.19      0.20      0.21      0.18      0.18      0.18      0.19      0.19      0.21      0.20      0.29      0.37
  8765.00      0.27      0.29      0.31      0.26      0.25      0.25      0.28      0.28      0.30      0.29      0.43      0.53
  8766.00      0.57      0.61      0.66      0.55      0.54      0.53      0.59      0.59      0.65      0.60      0.90      1.10
  8767.00      0.70      0.75      0.81      0.67      0.67      0.65      0.71      0.71      0.81      0.72      1.09      1.30
  8768.00      0.36      0.38      0.42      0.34      0.34      0.33      0.36      0.36      0.42      0.36      0.55      0.65
  8769.00      0.24      0.25      0.27      0.22      0.23      0.22      0.24      0.23      0.28      0.23      0.36      0.41
  8770.00      0.28      0.30      0.32      0.26      0.28      0.26      0.29      0.28      0.33      0.26      0.43      0.47
  8771.00      0.49      0.53      0.57      0.45      0.49      0.46      0.51      0.50      0.58      0.44      0.76      0.82
  8772.00      0.80      0.86      0.92      0.74      0.81      0.74      0.83      0.82      0.94      0.70      1.23      1.28
  8773.00      0.78      0.84      0.90      0.74      0.80      0.72      0.81      0.81      0.91      0.70      1.22      1.19
  8774.00      0.89      0.96      1.03      0.85      0.92      0.83      0.92      0.92      1.03      0.82      1.39      1.26
  8775.00      1.01      1.08      1.16      0.97      1.06      0.96      1.04      1.04      1.16      0.99      1.58      1.33
  8776.00      0.98      1.06      1.13      0.94      1.05      0.96      1.01      1.01      1.13      1.04      1.55      1.19
  8777.00      0.93      1.00      1.07      0.88      0.98      0.92      0.95      0.96      1.07      1.05      1.47      1.04
  8778.00      0.73      0.78      0.83      0.68      0.76      0.73      0.74      0.76      0.84      0.87      1.15      0.76
  8779.00      0.53      0.56      0.60      0.48      0.54      0.52      0.53      0.55      0.61      0.66      0.83      0.53
  8780.00      0.29      0.32      0.34      0.27      0.30      0.29      0.29      0.31      0.34      0.38      0.46      0.29
  8781.00      0.21      0.22      0.24      0.19      0.22      0.21      0.21      0.22      0.24      0.27      0.33      0.21
  8782.00      0.31      0.33      0.35      0.27      0.32      0.30      0.30      0.32      0.36      0.41      0.47      0.32
  8783.00      0.75      0.81      0.86      0.67      0.79      0.75      0.73      0.77      0.88      1.00      1.15      0.81
  8784.00      1.05      1.13      1.19      0.93      1.09      1.05      1.03      1.08      1.24      1.38      1.59      1.21
  8785.00      1.01      1.09      1.15      0.87      1.04      1.01      1.00      1.05      1.21      1.32      1.53      1.28
  8786.00      0.94      1.01      1.07      0.79      0.96      0.93      0.94      0.99      1.13      1.21      1.43      1.31
  8787.00      0.89      0.95      1.01      0.71      0.90      0.85      0.89      0.93      1.06      1.12      1.34      1.34
  8788.00      0.88      0.95      1.00      0.68      0.88      0.82      0.88      0.91      1.05      1.09      1.33      1.44
  8789.00      0.92      0.99      1.04      0.68      0.91      0.84      0.92      0.93      1.10      1.12      1.38      1.59
  8790.00      0.90      0.97      1.02      0.65      0.89      0.82      0.90      0.91      1.09      1.10      1.36      1.65
  8791.00      0.93      1.00      1.05      0.67      0.93      0.85      0.91      0.94      1.13      1.12      1.39      1.75
  8792.00      0.90      0.97      1.01      0.66      0.91      0.84      0.88      0.91      1.09      1.09      1.34      1.73
  8793.00      0.76      0.82      0.85      0.55      0.77      0.72      0.75      0.76      0.92      0.92      1.14      1.49
  8794.00      0.70      0.76      0.79      0.52      0.71      0.67      0.69      0.70      0.86      0.87      1.06      1.40
  8795.00      0.85      0.92      0.96      0.63      0.85      0.81      0.82      0.84      1.04      1.06      1.29      1.70
  8796.00      1.00      1.08      1.12      0.76      0.99      0.93      0.96      0.99      1.22      1.24      1.53      1.98
  8797.00      0.99      1.07      1.11      0.79      0.98      0.92      0.93      0.99      1.21      1.24      1.53      1.95
  8798.00      1.00      1.08      1.13      0.84      0.98      0.93      0.92      1.01      1.22      1.25      1.55      1.95
  8799.00      1.02      1.09      1.15      0.89      0.99      0.97      0.92      1.04      1.23      1.28      1.59      1.96
  8800.00      0.98      1.06      1.11      0.89      0.95      0.95      0.90      1.00      1.18      1.24      1.54      1.88
  8801.00      0.96      1.03      1.09      0.89      0.92      0.94      0.88      0.96      1.13      1.22      1.51      1.82
  8802.00      0.97      1.04      1.10      0.92      0.94      0.95      0.91      0.95      1.13      1.24      1.52      1.84
  8803.00      0.95      1.03      1.09      0.91      0.93      0.93      0.90      0.91      1.11      1.23      1.49      1.81
  8804.00      0.89      0.96      1.02      0.86      0.89      0.88      0.87      0.84      1.05      1.16      1.38      1.70
  8805.00      0.93      1.01      1.07      0.91      0.94      0.92      0.92      0.87      1.10      1.21      1.43      1.77
  8806.00      1.00      1.08      1.15      0.98      1.01      1.00      1.00      0.91      1.17      1.29      1.51      1.88
  8807.00      1.02      1.10      1.18      1.00      1.03      1.04      1.03      0.91      1.19      1.31      1.52      1.91
  8808.00      1.01      1.09      1.16      0.99      1.01      1.03      1.02      0.88      1.16      1.29      1.49      1.86
  8809.00      1.00      1.08      1.16      1.00      1.00      1.03      1.02      0.87      1.15      1.27      1.47      1.82
  8810.00      0.99      1.07      1.15      1.01      0.99      1.01      1.01      0.88      1.14      1.26      1.47      1.80
  8811.00      0.96      1.03      1.11      0.97      0.96      0.96      0.97      0.86      1.11      1.21      1.42      1.74
  8812.00      0.78      0.84      0.91      0.79      0.80      0.76      0.79      0.71      0.92      0.99      1.16      1.45
  8813.00      0.66      0.72      0.78      0.67      0.68      0.64      0.67      0.62      0.79      0.85      0.98      1.25
  8814.00      0.79      0.85      0.92      0.79      0.82      0.76      0.79      0.75      0.94      1.02      1.16      1.53
  8815.00      0.94      1.02      1.10      0.95      0.97      0.92      0.94      0.92      1.12      1.23      1.39      1.87
  8816.00      0.96      1.04      1.13      0.96      1.00      0.95      0.95      0.97      1.13      1.27      1.43      1.98
  8817.00      0.98      1.05      1.14      0.96      1.01      0.96      0.95      1.02      1.15      1.29      1.46      2.09
  8818.00      0.97      1.05      1.13      0.96      1.01      0.96      0.94      1.05      1.15      1.28      1.46      2.17
  8819.00      0.96      1.03      1.12      0.97      0.99      0.96      0.93      1.05      1.14      1.26      1.45      2.23
  8820.00      0.96      1.04      1.12      1.00      0.99      0.97      0.95      1.07      1.14      1.27      1.47      2.33
  8821.00      0.96      1.03      1.12      1.02      0.98      0.97      0.96      1.07      1.12      1.27      1.47      2.39
  8822.00      0.93      1.00      1.09      0.99      0.94      0.93      0.94      1.04      1.08      1.24      1.44      2.38
  8823.00      0.87      0.94      1.01      0.92      0.87      0.86      0.87      0.96      0.99      1.15      1.35      2.24
  8824.00      0.74      0.80      0.86      0.77      0.74      0.74      0.74      0.81      0.84      0.98      1.16      1.90
  8825.00      0.67      0.72      0.78      0.69      0.68      0.68      0.66      0.73      0.75      0.88      1.06      1.68
  8826.00      0.64      0.69      0.74      0.65      0.65      0.65      0.62      0.69      0.72      0.83      1.01      1.54
  8827.00      0.32      0.34      0.37      0.32      0.32      0.33      0.31      0.34      0.36      0.41      0.50      0.74
  8828.00      0.22      0.24      0.26      0.22      0.22      0.22      0.22      0.23      0.25      0.29      0.34      0.48
  8829.00      0.30      0.33      0.35      0.30      0.31      0.30      0.31      0.32      0.35      0.39      0.46      0.63
  8830.00      0.52      0.56      0.60      0.51      0.53      0.51      0.54      0.55      0.60      0.67      0.77      1.02
  8831.00      0.71      0.77      0.83      0.70      0.73      0.71      0.75      0.77      0.83      0.91      1.04      1.36
  8832.00      0.72      0.78      0.84      0.70      0.74      0.73      0.75      0.79      0.85      0.92      1.04      1.34
  8833.00      0.55      0.59      0.64      0.54      0.56      0.57      0.57      0.60      0.65      0.71      0.79      1.02
  8834.00      0.52      0.57      0.61      0.52      0.54      0.55      0.54      0.57      0.63      0.68      0.74      0.98
  8835.00      0.59      0.64      0.69      0.61      0.61      0.62      0.60      0.64      0.71      0.77      0.83      1.10
  8836.00      0.59      0.64      0.68      0.62      0.62      0.61      0.59      0.63      0.71      0.77      0.82      1.10
  8837.00      0.43      0.46      0.50      0.45      0.45      0.44      0.42      0.46      0.52      0.56      0.59      0.81
  8838.00      0.18      0.20      0.21      0.19      0.19      0.19      0.18      0.19      0.22      0.24      0.26      0.34
  8839.00      0.12      0.13      0.15      0.13      0.13      0.13      0.12      0.13      0.15      0.16      0.18      0.23
  8840.00      0.18      0.20      0.21      0.18      0.18      0.19      0.18      0.19      0.22      0.23      0.26      0.33
  8841.00      0.48      0.52      0.56      0.47      0.48      0.50      0.48      0.49      0.59      0.60      0.68      0.88
  8842.00      0.88      0.96      1.03      0.84      0.87      0.91      0.90      0.88      1.06      1.10      1.24      1.59
  8843.00      0.94      1.03      1.10      0.90      0.92      0.96      0.97      0.93      1.13      1.18      1.32      1.70
  8844.00      0.98      1.06      1.15      0.94      0.95      0.99      1.01      0.95      1.15      1.25      1.36      1.75
  8845.00      0.97      1.06      1.14      0.93      0.95      0.98      0.99      0.93      1.14      1.26      1.33      1.73
  8846.00      0.94      1.03      1.10      0.91      0.92      0.95      0.94      0.89      1.11      1.25      1.27      1.66
  8847.00      0.74      0.81      0.87      0.72      0.73      0.76      0.73      0.69      0.88      1.01      1.00      1.29
  8848.00      0.60      0.65      0.70      0.60      0.59      0.61      0.58      0.56      0.72      0.82      0.80      1.02
  8849.00      0.74      0.80      0.86      0.75      0.73      0.75      0.70      0.69      0.89      1.01      0.98      1.24
  8850.00      0.76      0.82      0.89      0.78      0.76      0.78      0.72      0.72      0.91      1.04      1.00      1.27
  8851.00      0.35      0.38      0.41      0.35      0.35      0.36      0.33      0.33      0.42      0.48      0.46      0.58
  8852.00      0.24      0.26      0.28      0.24      0.24      0.25      0.23      0.24      0.29      0.33      0.32      0.40
  8853.00      0.34      0.37      0.40      0.35      0.35      0.36      0.34      0.35      0.41      0.47      0.47      0.58
  8854.00      0.75      0.82      0.88      0.76      0.77      0.78      0.74      0.77      0.89      1.01      1.04      1.26
  8855.00      0.94      1.03      1.10      0.97      0.98      0.99      0.94      0.99      1.11      1.27      1.34      1.59
  8856.00      0.95      1.04      1.12      0.97      1.00      1.00      0.95      1.02      1.12      1.28      1.38      1.61
  8857.00      0.94      1.02      1.10      0.94      0.98      0.98      0.95      1.01      1.10      1.26      1.38      1.59
  8858.00      0.91      0.99      1.07      0.89      0.94      0.93      0.93      0.98      1.06      1.22      1.35      1.56
  8859.00      0.92      1.00      1.08      0.90      0.94      0.93      0.95      1.00      1.08      1.24      1.36      1.60
  8860.00      0.94      1.03      1.11      0.94      0.97      0.94      0.99      1.03      1.11      1.27      1.39      1.64
  8861.00      0.93      1.01      1.09      0.96      0.96      0.93      0.99      1.02      1.09      1.24      1.36      1.62
  8862.00      0.90      0.98      1.05      0.95      0.93      0.91      0.96      0.99      1.05      1.19      1.30      1.55
  8863.00      0.73      0.80      0.86      0.77      0.75      0.75      0.79      0.81      0.85      0.95      1.06      1.25
  8864.00      0.58      0.63      0.68      0.60      0.59      0.60      0.62      0.64      0.67      0.74      0.83      0.99
  8865.00      0.60      0.66      0.71      0.62      0.62      0.62      0.64      0.66      0.70      0.76      0.86      1.02
  8866.00      0.69      0.75      0.81      0.71      0.72      0.70      0.73      0.76      0.81      0.87      0.98      1.16
  8867.00      0.82      0.89      0.96      0.85      0.85      0.82      0.86      0.90      0.97      1.03      1.16      1.37
  8868.00      0.54      0.59      0.63      0.57      0.56      0.53      0.57      0.59      0.65      0.68      0.76      0.89
  8869.00      0.19      0.21      0.22      0.21      0.20      0.19      0.21      0.21      0.23      0.24      0.27      0.32
  8870.00      0.13      0.14      0.15      0.14      0.13      0.13      0.14      0.14      0.16      0.17      0.18      0.21
  8871.00      0.19      0.21      0.23      0.22      0.20      0.19      0.21      0.21      0.24      0.25      0.27      0.31
  8872.00      0.54      0.59      0.64      0.64      0.57      0.55      0.58      0.61      0.67      0.72      0.78      0.87
  8873.00      0.94      1.02      1.10      1.11      0.99      0.93      1.00      1.06      1.15      1.24      1.36      1.49
  8874.00      0.95      1.04      1.11      1.14      0.99      0.94      1.01      1.08      1.15      1.26      1.39      1.52
  8875.00      0.97      1.06      1.13      1.17      0.99      0.95      1.04      1.09      1.16      1.29      1.44      1.58
  8876.00      0.97      1.06      1.14      1.18      0.97      0.95      1.05      1.09      1.16      1.29      1.47      1.61
  8877.00      0.95      1.04      1.12      1.16      0.94      0.94      1.04      1.07      1.14      1.27      1.47      1.60
  8878.00      0.93      1.02      1.09      1.12      0.92      0.92      1.01      1.05      1.13      1.23      1.44      1.57
  8879.00      0.97      1.06      1.14      1.14      0.97      0.97      1.04      1.10      1.18      1.27      1.50      1.63
  8880.00      0.99      1.09      1.17      1.16      1.02      1.01      1.06      1.14      1.21      1.30      1.53      1.64
  8881.00      0.98      1.08      1.15      1.14      1.03      1.00      1.04      1.12      1.18      1.29      1.50      1.59
  8882.00      0.95      1.04      1.12      1.10      1.01      0.96      1.01      1.09      1.13      1.25      1.45      1.50
  8883.00      0.96      1.05      1.12      1.09      1.02      0.96      1.02      1.08      1.11      1.26      1.46      1.47
  8884.00      0.96      1.05      1.12      1.06      1.03      0.95      1.01      1.07      1.10      1.26      1.47      1.45
  8885.00      0.95      1.04      1.11      1.02      1.02      0.94      1.00      1.04      1.08      1.25      1.47      1.42
  8886.00      0.67      0.74      0.79      0.71      0.73      0.67      0.72      0.73      0.78      0.89      1.07      1.01
  8887.00      0.29      0.31      0.33      0.30      0.31      0.29      0.31      0.31      0.33      0.38      0.46      0.43
  8888.00      0.20      0.22      0.23      0.20      0.21      0.20      0.21      0.21      0.23      0.26      0.32      0.30
  8889.00      0.29      0.31      0.33      0.29      0.30      0.29      0.31      0.30      0.33      0.37      0.46      0.43
  8890.00      0.61      0.67      0.72      0.60      0.64      0.61      0.67      0.66      0.71      0.77      0.97      0.90
  8891.00      0.70      0.77      0.82      0.67      0.74      0.69      0.76      0.76      0.81      0.87      1.11      0.99
  8892.00      0.82      0.89      0.96      0.78      0.86      0.80      0.87      0.90      0.96      1.01      1.29      1.10
  8893.00      0.93      1.02      1.09      0.91      0.99      0.92      0.99      1.02      1.11      1.17      1.48      1.19
  8894.00      0.94      1.03      1.10      0.93      1.00      0.93      0.99      1.02      1.13      1.19      1.49      1.13
  8895.00      0.96      1.05      1.12      0.96      1.03      0.95      1.02      1.02      1.17      1.22      1.53      1.11
  8896.00      0.96      1.05      1.12      0.97      1.02      0.95      1.03      1.01      1.18      1.23      1.54      1.07
  8897.00      0.83      0.91      0.97      0.85      0.88      0.81      0.90      0.87      1.02      1.07      1.34      0.89
  8898.00      0.66      0.72      0.77      0.67      0.70      0.64      0.73      0.70      0.81      0.86      1.07      0.68
  8899.00      0.63      0.69      0.74      0.63      0.67      0.61      0.70      0.68      0.77      0.82      1.02      0.62
  8900.00      0.79      0.87      0.93      0.76      0.85      0.77      0.88      0.88      0.96      1.03      1.28      0.75
  8901.00      0.98      1.07      1.14      0.89      1.07      0.95      1.07      1.10      1.20      1.26      1.58      0.90
  8902.00      1.01      1.09      1.17      0.87      1.12      0.98      1.08      1.12      1.24      1.28      1.63      0.92
  8903.00      0.98      1.07      1.14      0.82      1.10      0.97      1.05      1.09      1.21      1.24      1.62      0.91
  8904.00      0.92      1.00      1.07      0.74      1.02      0.91      0.97      1.01      1.13      1.14      1.53      0.90
  8905.00      0.74      0.80      0.86      0.57      0.80      0.74      0.78      0.81      0.90      0.91      1.25      0.78
  8906.00      0.60      0.65      0.70      0.45      0.64      0.61      0.64      0.66      0.73      0.74      1.03      0.69
  8907.00      0.65      0.70      0.75      0.48      0.68      0.65      0.69      0.72      0.78      0.80      1.12      0.81
  8908.00      0.78      0.84      0.90      0.57      0.81      0.77      0.82      0.86      0.93      0.97      1.35      1.05
  8909.00      0.88      0.96      1.03      0.64      0.93      0.88      0.94      0.97      1.06      1.12      1.53      1.27
  8910.00      0.76      0.82      0.88      0.57      0.81      0.76      0.81      0.82      0.92      0.98      1.30      1.15
  8911.00      0.62      0.68      0.73      0.50      0.67      0.63      0.67      0.67      0.76      0.81      1.05      0.96
  8912.00      0.77      0.83      0.90      0.67      0.83      0.78      0.82      0.83      0.95      1.01      1.28      1.18
  8913.00      0.99      1.07      1.15      0.94      1.06      1.01      1.06      1.07      1.23      1.30      1.62      1.48
  8914.00      0.97      1.05      1.14      0.97      1.04      0.99      1.04      1.06      1.22      1.26      1.57      1.39
  8915.00      0.94      1.02      1.10      0.97      1.00      0.96      1.02      1.04      1.18      1.22      1.49      1.30
  8916.00      0.92      1.00      1.08      0.96      0.99      0.94      1.00      1.01      1.14      1.20      1.43      1.26
  8917.00      0.91      0.98      1.06      0.94      0.98      0.93      0.99      0.98      1.11      1.19      1.38      1.25
  8918.00      0.91      0.98      1.06      0.95      0.98      0.92      0.98      0.98      1.10      1.19      1.37      1.28
  8919.00      0.86      0.92      1.00      0.91      0.92      0.85      0.91      0.94      1.03      1.13      1.28      1.27
  8920.00      0.36      0.38      0.42      0.38      0.38      0.35      0.37      0.39      0.43      0.47      0.53      0.57
  8921.00      0.11      0.12      0.13      0.12      0.12      0.11      0.12      0.13      0.14      0.15      0.17      0.20
  8922.00      0.08      0.08      0.09      0.08      0.08      0.08      0.08      0.09      0.09      0.10      0.12      0.14
  8923.00      0.11      0.12      0.13      0.11      0.12      0.12      0.12      0.13      0.14      0.15      0.17      0.23
  8924.00      0.35      0.38      0.41      0.33      0.38      0.36      0.35      0.39      0.44      0.46      0.53      0.75
  8925.00      0.83      0.89      0.97      0.76      0.90      0.87      0.83      0.90      1.04      1.09      1.25      1.86
  8926.00      0.91      0.98      1.07      0.82      0.99      0.96      0.91      0.99      1.16      1.21      1.37      2.14
  8927.00      0.91      0.98      1.07      0.81      0.97      0.95      0.92      0.99      1.16      1.23      1.38      2.19
  8928.00      0.87      0.94      1.03      0.79      0.92      0.90      0.90      0.95      1.12      1.19      1.33      2.13
  8929.00      0.79      0.85      0.93      0.72      0.82      0.81      0.81      0.86      1.01      1.08      1.20      1.93
  8930.00      0.81      0.88      0.96      0.75      0.84      0.83      0.85      0.89      1.03      1.12      1.25      1.98
  8931.00      0.84      0.91      0.99      0.77      0.87      0.87      0.89      0.91      1.06      1.17      1.30      2.03
  8932.00      0.81      0.88      0.96      0.73      0.84      0.84      0.86      0.88      1.01      1.12      1.27      1.94
  8933.00      0.87      0.93      1.02      0.76      0.89      0.90      0.92      0.95      1.07      1.19      1.36      2.04
  8934.00      0.89      0.96      1.05      0.77      0.92      0.93      0.94      0.99      1.10      1.21      1.41      2.08
  8935.00      0.93      1.01      1.10      0.79      0.96      0.96      0.97      1.04      1.14      1.25      1.48      2.14
  8936.00      0.90      0.97      1.06      0.78      0.92      0.92      0.93      1.01      1.10      1.18      1.43      2.04
  8937.00      0.82      0.88      0.97      0.75      0.84      0.83      0.85      0.92      1.01      1.06      1.30      1.85
  8938.00      0.80      0.87      0.95      0.78      0.83      0.82      0.84      0.90      1.00      1.03      1.27      1.80
  8939.00      0.84      0.91      0.99      0.86      0.88      0.86      0.88      0.94      1.05      1.07      1.32      1.87
  8940.00      0.86      0.93      1.02      0.92      0.91      0.89      0.91      0.97      1.08      1.10      1.35      1.91
  8941.00      0.84      0.91      1.00      0.93      0.90      0.87      0.89      0.98      1.05      1.07      1.32      1.87
  8942.00      0.82      0.89      0.97      0.94      0.87      0.84      0.86      0.98      1.01      1.04      1.30      1.82
  8943.00      0.86      0.93      1.02      1.02      0.92      0.87      0.90      1.06      1.04      1.10      1.37      1.90
  8944.00      0.56      0.60      0.66      0.68      0.60      0.56      0.59      0.71      0.67      0.72      0.89      1.24
  8945.00      0.21      0.23      0.25      0.26      0.23      0.21      0.22      0.28      0.25      0.27      0.34      0.47
  8946.00      0.14      0.15      0.17      0.17      0.15      0.14      0.15      0.19      0.17      0.18      0.23      0.31
  8947.00      0.21      0.22      0.24      0.25      0.23      0.21      0.22      0.28      0.25      0.27      0.33      0.45
  8948.00      0.56      0.61      0.66      0.66      0.62      0.56      0.59      0.76      0.70      0.73      0.90      1.22
  8949.00      0.86      0.93      1.02      0.99      0.96      0.86      0.92      1.15      1.07      1.11      1.38      1.84
  8950.00      0.82      0.89      0.97      0.90      0.91      0.81      0.88      1.06      1.01      1.05      1.31      1.73
  8951.00      0.84      0.91      1.00      0.90      0.92      0.83      0.90      1.06      1.03      1.08      1.34      1.75
  8952.00      0.87      0.94      1.03      0.93      0.94      0.87      0.93      1.06      1.07      1.12      1.38      1.80
  8953.00      0.80      0.87      0.95      0.87      0.84      0.81      0.85      0.95      0.98      1.04      1.27      1.65
  8954.00      0.66      0.72      0.79      0.73      0.69      0.68      0.70      0.77      0.81      0.87      1.05      1.37
  8955.00      0.62      0.68      0.74      0.68      0.64      0.65      0.65      0.71      0.76      0.82      0.98      1.29
  8956.00      0.79      0.85      0.94      0.85      0.81      0.83      0.82      0.89      0.95      1.03      1.24      1.64
  8957.00      0.88      0.96      1.05      0.95      0.91      0.93      0.93      0.99      1.07      1.14      1.38      1.84
  8958.00      0.82      0.90      0.98      0.89      0.86      0.86      0.88      0.91      0.99      1.05      1.27      1.73
  8959.00      0.62      0.68      0.74      0.67      0.65      0.64      0.66      0.68      0.75      0.79      0.95      1.31
  8960.00      0.34      0.37      0.40      0.37      0.35      0.35      0.36      0.37      0.41      0.43      0.51      0.72
  8961.00      0.26      0.28      0.30      0.28      0.27      0.26      0.27      0.28      0.31      0.33      0.38      0.55
  8962.00      0.37      0.40      0.43      0.39      0.39      0.37      0.39      0.39      0.44      0.48      0.55      0.78
  8963.00      0.75      0.81      0.89      0.78      0.82      0.77      0.79      0.79      0.89      0.98      1.12      1.60
  8964.00      0.94      1.02      1.11      0.97      1.05      0.98      0.99      0.99      1.12      1.24      1.43      2.00
  8965.00      0.94      1.03      1.12      0.98      1.06      1.00      0.99      0.99      1.14      1.25      1.45      1.99
  8966.00      0.90      0.97      1.06      0.95      1.01      0.95      0.93      0.94      1.09      1.17      1.39      1.88
  8967.00      0.93      1.01      1.11      1.02      1.04      0.98      0.96      0.97      1.13      1.20      1.45      1.94
  8968.00      0.98      1.07      1.17      1.09      1.08      1.03      1.01      1.01      1.19      1.25      1.54      2.03
  8969.00      0.95      1.04      1.13      1.05      1.04      1.01      0.97      0.97      1.15      1.21      1.50      1.97
  8970.00      0.85      0.93      1.01      0.92      0.92      0.90      0.85      0.87      1.04      1.09      1.35      1.76
  8971.00      0.73      0.80      0.87      0.77      0.79      0.76      0.72      0.75      0.90      0.94      1.17      1.50
  8972.00      0.78      0.85      0.93      0.82      0.85      0.80      0.75      0.81      0.96      1.01      1.25      1.60
  8973.00      0.77      0.84      0.91      0.82      0.84      0.78      0.73      0.81      0.95      0.99      1.22      1.55
  8974.00      0.69      0.76      0.83      0.76      0.77      0.70      0.67      0.74      0.86      0.89      1.10      1.40
  8975.00      0.78      0.86      0.93      0.86      0.87      0.80      0.76      0.85      0.97      0.99      1.23      1.58
  8976.00      0.89      0.97      1.06      0.95      0.99      0.92      0.87      0.98      1.09      1.10      1.39      1.79
  8977.00      0.88      0.96      1.04      0.92      0.97      0.91      0.86      0.97      1.07      1.06      1.37      1.77
  8978.00      0.82      0.90      0.98      0.86      0.90      0.85      0.80      0.91      1.00      0.99      1.29      1.66
  8979.00      0.87      0.95      1.04      0.91      0.94      0.90      0.85      0.97      1.07      1.05      1.38      1.76
  8980.00      0.82      0.90      0.98      0.86      0.88      0.85      0.80      0.91      1.01      1.00      1.31      1.65
  8981.00      0.72      0.79      0.86      0.75      0.77      0.75      0.70      0.79      0.90      0.89      1.15      1.45
  8982.00      0.68      0.74      0.81      0.71      0.72      0.72      0.67      0.75      0.85      0.85      1.07      1.37
  8983.00      0.79      0.86      0.94      0.85      0.83      0.84      0.79      0.88      0.99      1.01      1.23      1.59
  8984.00      0.82      0.90      0.98      0.92      0.87      0.89      0.83      0.93      1.03      1.08      1.28      1.67
  8985.00      0.76      0.83      0.91      0.88      0.81      0.83      0.78      0.87      0.94      1.01      1.19      1.55
  8986.00      0.82      0.90      0.98      0.98      0.88      0.89      0.85      0.94      1.00      1.10      1.31      1.68
  8987.00      0.79      0.87      0.95      0.97      0.85      0.84      0.82      0.91      0.96      1.07      1.29      1.61
  8988.00      0.65      0.72      0.78      0.82      0.70      0.69      0.68      0.75      0.80      0.88      1.09      1.33
  8989.00      0.53      0.58      0.63      0.68      0.56      0.55      0.55      0.61      0.65      0.71      0.90      1.07
  8990.00      0.25      0.27      0.30      0.33      0.27      0.26      0.26      0.30      0.31      0.33      0.43      0.50
  8991.00      0.16      0.17      0.19      0.21      0.17      0.16      0.16      0.19      0.20      0.21      0.27      0.32
  8992.00      0.21      0.23      0.25      0.29      0.23      0.22      0.22      0.26      0.27      0.28      0.37      0.43
  8993.00      0.60      0.67      0.73      0.81      0.66      0.63      0.63      0.74      0.77      0.79      1.03      1.21
  8994.00      0.63      0.69      0.76      0.82      0.69      0.65      0.66      0.76      0.79      0.81      1.06      1.26
  8995.00      0.51      0.56      0.61      0.65      0.56      0.52      0.54      0.60      0.64      0.66      0.86      1.02
  8996.00      0.65      0.72      0.78      0.80      0.70      0.67      0.68      0.75      0.81      0.84      1.09      1.30
  8997.00      0.89      0.98      1.07      1.06      0.94      0.92      0.92      1.00      1.10      1.15      1.47      1.76
  8998.00      0.94      1.04      1.13      1.10      0.98      0.99      0.95      1.04      1.17      1.21      1.55      1.86
  8999.00      0.91      1.01      1.10      1.05      0.93      0.97      0.91      0.99      1.13      1.18      1.51      1.80
  9000.00      0.85      0.94      1.02      0.95      0.86      0.89      0.84      0.91      1.05      1.09      1.42      1.66
  9001.00      0.83      0.92      1.01      0.90      0.83      0.88      0.83      0.89      1.04      1.08      1.41      1.63
  9002.00      0.59      0.65      0.71      0.61      0.58      0.62      0.59      0.62      0.74      0.76      1.00      1.16
  9003.00      0.22      0.25      0.27      0.23      0.22      0.23      0.22      0.23      0.28      0.29      0.38      0.44
  9004.00      0.14      0.15      0.17      0.15      0.14      0.14      0.14      0.15      0.18      0.18      0.24      0.28
  9005.00      0.23      0.25      0.27      0.25      0.23      0.23      0.23      0.24      0.29      0.30      0.39      0.46
  9006.00      0.62      0.68      0.75      0.68      0.62      0.62      0.64      0.65      0.80      0.81      1.06      1.27
  9007.00      0.88      0.98      1.07      0.97      0.89      0.89      0.91      0.93      1.15      1.16      1.51      1.83
  9008.00      0.90      1.00      1.09      0.98      0.92      0.91      0.92      0.95      1.17      1.19      1.55      1.88
  9009.00      0.93      1.03      1.13      1.02      0.96      0.95      0.94      0.99      1.20      1.22      1.60      1.93
  9010.00      0.96      1.07      1.16      1.06      1.00      1.00      0.97      1.04      1.23      1.26      1.67      1.97
  9011.00      0.92      1.02      1.11      1.03      0.96      0.97      0.93      1.01      1.16      1.20      1.61      1.87
  9012.00      0.85      0.95      1.03      0.97      0.88      0.89      0.87      0.95      1.06      1.12      1.49      1.72
  9013.00      0.90      1.00      1.09      1.02      0.92      0.94      0.92      1.02      1.11      1.19      1.57      1.81
  9014.00      0.93      1.04      1.13      1.04      0.96      0.97      0.95      1.05      1.15      1.23      1.65      1.88
  9015.00      0.94      1.05      1.14      1.03      0.97      0.96      0.96      1.05      1.16      1.23      1.67      1.88
  9016.00      0.92      1.02      1.11      0.98      0.94      0.94      0.94      1.02      1.13      1.20      1.65      1.83
  9017.00      0.87      0.98      1.06      0.93      0.88      0.89      0.89      0.97      1.07      1.15      1.58      1.75
  9018.00      0.91      1.01      1.10      0.97      0.91      0.92      0.93      1.00      1.11      1.18      1.64      1.82
  9019.00      0.95      1.07      1.16      1.03      0.96      0.97      0.99      1.06      1.19      1.24      1.74      1.91
  9020.00      0.95      1.06      1.15      1.01      0.96      0.98      0.98      1.06      1.19      1.22      1.74      1.88
  9021.00      0.94      1.05      1.14      1.00      0.95      0.99      0.97      1.06      1.19      1.19      1.73      1.85
  9022.00      0.92      1.03      1.11      0.97      0.94      0.99      0.96      1.04      1.17      1.15      1.70      1.82
  9023.00      0.84      0.93      1.01      0.88      0.86      0.90      0.88      0.94      1.06      1.03      1.58      1.66
  9024.00      0.83      0.93      1.01      0.87      0.86      0.89      0.88      0.93      1.04      1.01      1.60      1.65
  9025.00      0.88      0.98      1.07      0.93      0.94      0.93      0.95      0.97      1.09      1.06      1.72      1.75
  9026.00      0.83      0.93      1.01      0.88      0.91      0.85      0.91      0.91      1.01      1.00      1.65      1.64
  9027.00      0.90      1.00      1.09      0.96      1.01      0.91      0.99      0.97      1.09      1.07      1.82      1.78
  9028.00      0.94      1.06      1.15      1.03      1.07      0.97      1.04      1.03      1.15      1.14      1.93      1.89
  9029.00      0.85      0.95      1.04      0.94      0.97      0.89      0.92      0.94      1.03      1.04      1.75      1.72
  9030.00      0.68      0.76      0.83      0.75      0.77      0.72      0.72      0.74      0.82      0.84      1.38      1.38
  9031.00      0.61      0.68      0.74      0.67      0.69      0.65      0.64      0.66      0.73      0.76      1.22      1.23
  9032.00      0.76      0.84      0.92      0.83      0.85      0.80      0.79      0.82      0.90      0.96      1.48      1.51
  9033.00      0.89      0.99      1.08      0.97      1.00      0.94      0.93      0.97      1.06      1.14      1.70      1.76
  9034.00      0.86      0.96      1.05      0.94      0.95      0.90      0.91      0.95      1.03      1.13      1.63      1.70
  9035.00      0.89      1.00      1.09      0.98      0.97      0.92      0.95      1.00      1.07      1.19      1.67      1.75
  9036.00      0.96      1.07      1.16      1.05      1.02      0.98      1.01      1.07      1.15      1.28      1.76      1.87
  9037.00      0.98      1.09      1.18      1.09      1.03      1.00      1.02      1.09      1.18      1.31      1.78      1.92
  9038.00      0.98      1.10      1.19      1.10      1.03      1.01      1.03      1.09      1.19      1.31      1.79      1.96
  9039.00      0.91      1.01      1.10      1.01      0.95      0.93      0.95      1.00      1.10      1.21      1.64      1.83
  9040.00      0.77      0.86      0.94      0.84      0.80      0.79      0.80      0.84      0.93      1.02      1.39      1.58
  9041.00      0.73      0.82      0.89      0.78      0.75      0.75      0.77      0.80      0.89      0.96      1.32      1.51
  9042.00      0.85      0.95      1.03      0.90      0.86      0.87      0.90      0.94      1.03      1.10      1.52      1.74
  9043.00      0.93      1.04      1.13      0.99      0.94      0.95      1.01      1.02      1.13      1.20      1.66      1.87
  9044.00      0.93      1.04      1.13      1.01      0.94      0.96      1.03      1.03      1.15      1.20      1.67      1.87
  9045.00      0.83      0.92      1.00      0.90      0.83      0.86      0.92      0.93      1.03      1.07      1.48      1.65
  9046.00      0.69      0.77      0.84      0.76      0.70      0.72      0.76      0.79      0.87      0.89      1.23      1.40
  9047.00      0.80      0.89      0.97      0.88      0.81      0.84      0.86      0.92      1.02      1.02      1.41      1.63
  9048.00      0.91      1.02      1.11      1.01      0.93      0.96      0.96      1.05      1.16      1.16      1.60      1.88
  9049.00      0.98      1.09      1.18      1.07      1.00      1.03      1.02      1.13      1.25      1.23      1.71      2.03
  9050.00      0.89      0.99      1.08      0.96      0.92      0.94      0.92      1.04      1.14      1.12      1.56      1.86
  9051.00      0.48      0.54      0.59      0.51      0.50      0.51      0.51      0.57      0.62      0.61      0.86      1.02
  9052.00      0.32      0.36      0.39      0.35      0.34      0.34      0.35      0.39      0.41      0.41      0.58      0.69
  9053.00      0.41      0.45      0.49      0.44      0.43      0.43      0.43      0.50      0.51      0.52      0.73      0.85
  9054.00      0.80      0.89      0.97      0.86      0.86      0.85      0.86      1.03      1.00      1.02      1.46      1.67
  9055.00      0.91      1.01      1.10      0.98      0.99      0.99      0.99      1.22      1.14      1.17      1.68      1.90
  9056.00      0.90      1.00      1.09      0.97      0.99      0.99      0.97      1.28      1.14      1.16      1.66      1.89
  9057.00      0.89      0.98      1.08      0.95      0.98      0.99      0.96      1.36      1.12      1.15      1.63      1.87
  9058.00      0.83      0.91      1.00      0.88      0.90      0.91      0.88      1.36      1.04      1.07      1.49      1.74
  9059.00      0.77      0.85      0.93      0.81      0.83      0.84      0.81      1.35      0.95      1.00      1.37      1.61
  9060.00      0.80      0.88      0.96      0.81      0.86      0.86      0.82      1.47      0.98      1.05      1.39      1.65
  9061.00      0.84      0.92      1.01      0.84      0.91      0.90      0.86      1.59      1.03      1.11      1.43      1.73
  9062.00      0.83      0.92      1.01      0.86      0.90      0.88      0.86      1.60      1.02      1.12      1.40      1.71
  9063.00      0.88      0.96      1.06      0.94      0.94      0.92      0.92      1.66      1.08      1.19      1.46      1.79
  9064.00      0.88      0.97      1.07      0.97      0.93      0.92      0.94      1.62      1.08      1.20      1.47      1.78
  9065.00      0.93      1.02      1.12      1.03      0.98      0.97      1.00      1.65      1.14      1.27      1.57      1.88
  9066.00      0.83      0.91      1.01      0.91      0.87      0.88      0.90      1.44      1.01      1.14      1.42      1.69
  9067.00      0.69      0.76      0.84      0.73      0.73      0.74      0.75      1.18      0.83      0.96      1.20      1.42
  9068.00      0.60      0.66      0.73      0.62      0.63      0.65      0.65      1.01      0.71      0.83      1.05      1.25
  9069.00      0.63      0.69      0.77      0.66      0.66      0.68      0.68      1.07      0.75      0.89      1.11      1.33
  9070.00      0.57      0.62      0.69      0.61      0.59      0.61      0.62      0.98      0.68      0.81      1.01      1.23
  9071.00      0.43      0.46      0.52      0.46      0.44      0.45      0.46      0.73      0.51      0.60      0.75      0.92
  9072.00      0.42      0.46      0.51      0.46      0.44      0.45      0.46      0.72      0.51      0.59      0.74      0.91
  9073.00      0.55      0.60      0.67      0.60      0.58      0.59      0.59      0.92      0.68      0.77      0.95      1.17
  9074.00      0.73      0.79      0.88      0.78      0.78      0.78      0.78      1.17      0.90      1.01      1.25      1.52
  9075.00      0.87      0.94      1.05      0.93      0.94      0.91      0.94      1.34      1.08      1.21      1.48      1.78
  9076.00      0.87      0.94      1.05      0.95      0.96      0.91      0.95      1.27      1.09      1.22      1.49      1.78
  9077.00      0.84      0.91      1.02      0.92      0.93      0.88      0.92      1.16      1.06      1.19      1.45      1.72
  9078.00      0.84      0.91      1.01      0.91      0.92      0.89      0.92      1.10      1.05      1.19      1.44      1.71
  9079.00      0.79      0.85      0.95      0.85      0.85      0.85      0.86      0.99      0.99      1.12      1.35      1.60
  9080.00      0.78      0.84      0.94      0.85      0.84      0.85      0.85      0.95      0.99      1.10      1.33      1.59
  9081.00      0.79      0.85      0.96      0.88      0.84      0.86      0.86      0.95      1.01      1.12      1.34      1.62
  9082.00      0.79      0.85      0.96      0.91      0.84      0.83      0.85      0.95      1.01      1.11      1.33      1.63
  9083.00      0.89      0.95      1.07      1.04      0.96      0.90      0.95      1.06      1.13      1.24      1.49      1.83
  9084.00      0.92      0.98      1.11      1.08      1.01      0.92      0.98      1.11      1.17      1.28      1.55      1.90
  9085.00      0.85      0.92      1.03      0.99      0.94      0.86      0.92      1.03      1.10      1.18      1.45      1.78
  9086.00      0.72      0.77      0.87      0.83      0.79      0.73      0.77      0.86      0.93      0.98      1.23      1.50
  9087.00      0.53      0.57      0.64      0.61      0.57      0.55      0.57      0.62      0.70      0.72      0.92      1.11
  9088.00      0.52      0.56      0.63      0.60      0.56      0.55      0.56      0.60      0.70      0.71      0.91      1.10
  9089.00      0.59      0.64      0.71      0.68      0.63      0.61      0.64      0.67      0.81      0.81      1.03      1.24
  9090.00      0.75      0.81      0.91      0.87      0.81      0.77      0.82      0.85      1.04      1.03      1.30      1.57
  9091.00      0.90      0.97      1.09      1.04      0.99      0.92      1.00      1.02      1.26      1.24      1.53      1.87
  9092.00      0.88      0.95      1.07      1.02      0.99      0.91      0.98      1.00      1.24      1.21      1.47      1.83
  9093.00      0.76      0.82      0.92      0.88      0.86      0.79      0.84      0.87      1.06      1.03      1.24      1.57
  9094.00      0.44      0.48      0.53      0.51      0.49      0.47      0.48      0.50      0.60      0.60      0.71      0.92
  9095.00      0.31      0.34      0.37      0.36      0.34      0.33      0.34      0.35      0.41      0.42      0.49      0.65
  9096.00      0.41      0.44      0.50      0.47      0.44      0.45      0.45      0.46      0.54      0.55      0.65      0.86
  9097.00      0.71      0.76      0.85      0.81      0.75      0.77      0.77      0.79      0.91      0.95      1.12      1.47
  9098.00      0.91      0.98      1.09      1.03      0.96      0.99      0.98      1.01      1.15      1.22      1.44      1.89
  9099.00      0.89      0.96      1.07      1.00      0.95      0.97      0.95      0.98      1.12      1.19      1.42      1.85
  9100.00      0.84      0.91      1.01      0.94      0.91      0.92      0.90      0.92      1.04      1.13      1.35      1.75
  9101.00      0.88      0.96      1.06      1.00      0.97      0.95      0.95      0.98      1.09      1.19      1.44      1.86
  9102.00      0.89      0.96      1.07      1.01      0.98      0.95      0.96      0.99      1.09      1.19      1.47      1.88
  9103.00      0.78      0.85      0.95      0.88      0.87      0.84      0.86      0.88      0.96      1.05      1.31      1.68
  9104.00      0.39      0.43      0.47      0.43      0.43      0.42      0.43      0.44      0.48      0.53      0.67      0.85
  9105.00      0.27      0.29      0.32      0.28      0.30      0.29      0.29      0.30      0.32      0.36      0.46      0.57
  9106.00      0.35      0.38      0.42      0.37      0.39      0.38      0.38      0.39      0.41      0.47      0.60      0.74
  9107.00      0.63      0.69      0.76      0.68      0.72      0.70      0.70      0.72      0.74      0.86      1.09      1.34
  9108.00      0.86      0.94      1.04      0.94      0.98      0.96      0.97      0.99      1.02      1.17      1.48      1.82
  9109.00      0.92      1.00      1.11      1.03      1.03      1.02      1.03      1.06      1.11      1.25      1.56      1.93
  9110.00      0.92      1.01      1.11      1.02      1.00      1.02      1.02      1.05      1.14      1.26      1.54      1.93
  9111.00      0.91      1.00      1.10      0.99      0.98      1.00      0.99      1.03      1.16      1.26      1.51      1.92
  9112.00      0.93      1.02      1.13      0.99      0.99      1.03      1.00      1.03      1.20      1.30      1.53      1.99
  9113.00      0.94      1.02      1.13      0.96      1.01      1.03      1.00      1.02      1.20      1.32      1.52      1.99
  9114.00      0.92      1.01      1.11      0.93      1.02      1.01      0.97      0.99      1.18      1.32      1.48      1.94
  9115.00      0.91      0.99      1.09      0.93      1.03      0.99      0.94      0.97      1.14      1.31      1.45      1.90
  9116.00      0.87      0.96      1.05      0.92      1.00      0.95      0.89      0.94      1.09      1.26      1.39      1.81
  9117.00      0.78      0.86      0.94      0.84      0.91      0.85      0.78      0.85      0.97      1.13      1.25      1.61
  9118.00      0.65      0.72      0.79      0.72      0.75      0.71      0.65      0.72      0.81      0.94      1.05      1.33
  9119.00      0.63      0.69      0.76      0.71      0.72      0.67      0.64      0.69      0.78      0.90      1.01      1.27
  9120.00      0.74      0.81      0.89      0.83      0.85      0.78      0.77      0.81      0.92      1.05      1.20      1.50
  9121.00      0.80      0.88      0.96      0.90      0.93      0.84      0.85      0.88      1.00      1.13      1.30      1.64
  9122.00      0.79      0.87      0.95      0.89      0.92      0.83      0.85      0.87      0.99      1.11      1.30      1.65
  9123.00      0.76      0.84      0.91      0.86      0.87      0.80      0.81      0.85      0.95      1.06      1.25      1.59
  9124.00      0.66      0.73      0.79      0.75      0.75      0.69      0.70      0.74      0.82      0.92      1.09      1.40
  9125.00      0.55      0.61      0.66      0.63      0.62      0.58      0.57      0.62      0.68      0.78      0.92      1.17
  9126.00      0.56      0.61      0.67      0.63      0.62      0.57      0.58      0.62      0.69      0.79      0.93      1.19
  9127.00      0.65      0.72      0.78      0.74      0.73      0.66      0.68      0.72      0.81      0.92      1.09      1.39
  9128.00      0.72      0.80      0.87      0.82      0.81      0.73      0.77      0.80      0.91      1.01      1.22      1.54
  9129.00      0.76      0.84      0.91      0.85      0.85      0.76      0.81      0.84      0.96      1.05      1.29      1.61
  9130.00      0.79      0.88      0.95      0.88      0.89      0.79      0.85      0.89      1.00      1.08      1.36      1.69
  9131.00      0.84      0.94      1.01      0.93      0.95      0.84      0.92      0.97      1.07      1.13      1.46      1.82
  9132.00      0.87      0.97      1.05      0.95      1.00      0.88      0.94      1.01      1.11      1.17      1.53      1.91
  9133.00      0.93      1.03      1.12      0.99      1.07      0.96      0.99      1.06      1.18      1.24      1.62      2.03
  9134.00      0.91      1.01      1.09      0.97      1.05      0.97      0.97      1.02      1.16      1.23      1.59      1.99
  9135.00      0.83      0.93      1.00      0.89      0.95      0.91      0.89      0.92      1.06      1.14      1.47      1.81
  9136.00      0.72      0.80      0.87      0.78      0.81      0.80      0.78      0.78      0.92      0.99      1.28      1.56
  9137.00      0.74      0.83      0.90      0.83      0.83      0.82      0.82      0.79      0.95      1.03      1.34      1.61
  9138.00      0.77      0.86      0.93      0.87      0.87      0.83      0.85      0.81      0.97      1.07      1.39      1.67
  9139.00      0.71      0.80      0.86      0.80      0.82      0.75      0.79      0.75      0.90      1.00      1.30      1.55
  9140.00      0.77      0.86      0.92      0.86      0.89      0.80      0.85      0.80      0.96      1.07      1.41      1.67
  9141.00      0.85      0.95      1.02      0.94      0.97      0.88      0.94      0.89      1.05      1.18      1.56      1.85
  9142.00      0.87      0.98      1.05      0.98      0.99      0.92      0.96      0.92      1.06      1.21      1.58      1.91
  9143.00      0.89      1.00      1.07      1.02      0.99      0.96      0.98      0.94      1.08      1.23      1.59      1.95
  9144.00      0.89      1.00      1.07      1.04      0.96      0.96      0.98      0.95      1.07      1.22      1.56      1.93
  9145.00      0.87      0.98      1.05      1.02      0.93      0.94      0.96      0.94      1.05      1.18      1.51      1.88
  9146.00      0.86      0.97      1.04      1.00      0.92      0.93      0.95      0.95      1.04      1.17      1.48      1.85
  9147.00      0.84      0.94      1.00      0.95      0.90      0.90      0.92      0.92      1.01      1.13      1.42      1.77
  9148.00      0.82      0.92      0.98      0.92      0.89      0.88      0.90      0.90      0.99      1.11      1.38      1.71
  9149.00      0.81      0.92      0.98      0.92      0.90      0.88      0.89      0.89      0.99      1.11      1.37      1.69
  9150.00      0.77      0.87      0.93      0.88      0.86      0.83      0.85      0.83      0.95      1.07      1.30      1.60
  9151.00      0.78      0.88      0.94      0.88      0.87      0.83      0.86      0.83      0.97      1.09      1.31      1.61
  9152.00      0.75      0.84      0.90      0.83      0.83      0.79      0.83      0.79      0.93      1.05      1.25      1.55
  9153.00      0.58      0.65      0.70      0.64      0.64      0.60      0.64      0.61      0.72      0.82      0.97      1.21
  9154.00      0.48      0.54      0.58      0.53      0.53      0.50      0.53      0.51      0.59      0.67      0.81      1.01
  9155.00      0.49      0.56      0.59      0.55      0.55      0.52      0.54      0.52      0.62      0.69      0.84      1.04
  9156.00      0.55      0.62      0.66      0.63      0.63      0.59      0.61      0.59      0.69      0.77      0.94      1.15
  9157.00      0.58      0.66      0.70      0.67      0.69      0.64      0.64      0.62      0.74      0.82      1.00      1.22
  9158.00      0.71      0.80      0.86      0.82      0.86      0.80      0.77      0.76      0.90      1.00      1.23      1.48
  9159.00      0.77      0.87      0.93      0.90      0.93      0.87      0.83      0.82      0.96      1.10      1.36      1.61
  9160.00      0.75      0.84      0.90      0.87      0.88      0.83      0.80      0.80      0.91      1.07      1.33      1.57
  9161.00      0.64      0.72      0.77      0.75      0.73      0.70      0.68      0.68      0.76      0.92      1.17      1.36
  9162.00      0.48      0.54      0.58      0.56      0.54      0.52      0.52      0.51      0.57      0.69      0.91      1.05
  9163.00      0.39      0.44      0.47      0.44      0.43      0.42      0.42      0.41      0.46      0.56      0.75      0.84
  9164.00      0.38      0.42      0.45      0.42      0.41      0.41      0.41      0.40      0.46      0.54      0.75      0.82
  9165.00      0.54      0.61      0.65      0.59      0.59      0.58      0.57      0.57      0.68      0.79      1.10      1.15
  9166.00      0.76      0.86      0.92      0.85      0.83      0.82      0.80      0.81      0.98      1.13      1.59      1.61
  9167.00      0.77      0.87      0.93      0.89      0.84      0.82      0.81      0.82      1.00      1.16      1.65      1.62
  9168.00      0.77      0.87      0.93      0.90      0.83      0.82      0.81      0.82      0.99      1.17      1.66      1.61
  9169.00      0.80      0.90      0.97      0.94      0.87      0.86      0.85      0.85      1.03      1.21      1.73      1.67
  9170.00      0.78      0.88      0.94      0.91      0.84      0.85      0.82      0.82      1.00      1.16      1.66      1.63
  9171.00      0.79      0.89      0.95      0.91      0.86      0.87      0.83      0.83      1.01      1.16      1.65      1.66
  9172.00      0.77      0.87      0.94      0.89      0.86      0.85      0.81      0.81      1.00      1.13      1.58      1.65
  9173.00      0.72      0.82      0.87      0.82      0.82      0.79      0.75      0.75      0.93      1.05      1.43      1.55
  9174.00      0.70      0.79      0.85      0.78      0.81      0.77      0.74      0.73      0.90      1.00      1.32      1.51
  9175.00      0.78      0.88      0.94      0.84      0.90      0.85      0.84      0.81      1.00      1.10      1.38      1.68
  9176.00      0.80      0.90      0.97      0.84      0.90      0.87      0.87      0.84      1.02      1.12      1.36      1.73
  9177.00      0.75      0.85      0.91      0.79      0.82      0.82      0.82      0.81      0.96      1.05      1.22      1.63
  9178.00      0.86      0.97      1.04      0.89      0.92      0.94      0.92      0.95      1.09      1.19      1.33      1.84
  9179.00      0.91      1.03      1.10      0.96      0.98      1.00      0.96      1.03      1.17      1.26      1.38      1.95
  9180.00      0.89      1.00      1.08      0.97      0.97      0.97      0.92      1.03      1.15      1.23      1.33      1.89
  9181.00      0.92      1.04      1.12      1.04      1.02      1.01      0.95      1.08      1.20      1.29      1.36      1.94
  9182.00      0.87      0.98      1.06      1.02      0.97      0.95      0.89      1.01      1.13      1.22      1.28      1.82
  9183.00      0.90      1.02      1.09      1.08      1.01      0.97      0.92      1.03      1.17      1.26      1.31      1.88
  9184.00      0.89      1.00      1.08      1.07      1.00      0.95      0.91      1.01      1.16      1.26      1.26      1.85
  9185.00      0.79      0.89      0.96      0.95      0.89      0.83      0.81      0.90      1.02      1.13      1.09      1.64
  9186.00      0.83      0.93      1.01      0.98      0.93      0.87      0.87      0.95      1.07      1.21      1.11      1.72
  9187.00      0.86      0.97      1.05      0.99      0.96      0.90      0.91      0.99      1.10      1.27      1.11      1.79
  9188.00      0.88      0.99      1.06      0.99      0.96      0.92      0.94      1.02      1.12      1.31      1.10      1.81
  9189.00      0.95      1.07      1.15      1.07      1.04      0.99      1.03      1.09      1.21      1.43      1.15      1.95
  9190.00      0.96      1.08      1.17      1.09      1.06      1.01      1.04      1.10      1.23      1.46      1.16      1.96
  9191.00      0.92      1.03      1.12      1.06      1.03      0.95      0.99      1.05      1.18      1.39      1.13      1.87
  9192.00      0.83      0.93      1.01      0.98      0.93      0.86      0.89      0.95      1.07      1.25      1.06      1.70
  9193.00      0.85      0.95      1.03      1.00      0.95      0.89      0.90      0.98      1.08      1.25      1.15      1.74
  9194.00      0.87      0.97      1.05      1.02      0.96      0.92      0.93      1.02      1.10      1.26      1.26      1.79
  9195.00      0.83      0.93      1.01      0.97      0.91      0.88      0.90      0.98      1.04      1.18      1.28      1.72
  9196.00      0.81      0.90      0.98      0.92      0.86      0.86      0.89      0.96      1.00      1.14      1.33      1.69
  9197.00      0.87      0.97      1.06      0.98      0.90      0.91      0.97      1.03      1.07      1.21      1.49      1.84
  9198.00      0.89      1.00      1.08      1.01      0.91      0.92      1.00      1.04      1.10      1.23      1.56      1.90
  9199.00      0.87      0.98      1.06      1.00      0.90      0.90      0.97      1.00      1.08      1.20      1.56      1.87
  9200.00      0.88      0.99      1.08      1.01      0.93      0.93      0.97      0.99      1.09      1.20      1.59      1.90
  9201.00      0.87      0.98      1.06      1.00      0.93      0.93      0.94      0.97      1.09      1.19      1.58      1.88
  9202.00      0.88      0.98      1.07      0.99      0.95      0.95      0.94      0.97      1.10      1.19      1.59      1.89
  9203.00      0.88      0.98      1.07      0.96      0.96      0.95      0.94      0.96      1.11      1.20      1.57      1.87
  9204.00      0.84      0.93      1.02      0.92      0.93      0.90      0.90      0.91      1.06      1.16      1.48      1.77
  9205.00      0.81      0.90      0.98      0.91      0.92      0.86      0.86      0.87      1.02      1.14      1.41      1.69
  9206.00      0.79      0.88      0.97      0.92      0.92      0.84      0.85      0.85      1.00      1.14      1.36      1.64
  9207.00      0.83      0.93      1.02      0.98      0.99      0.87      0.89      0.90      1.05      1.21      1.41      1.71
  9208.00      0.85      0.95      1.04      1.00      1.02      0.89      0.90      0.93      1.07      1.24      1.42      1.73
  9209.00      0.86      0.95      1.04      0.98      1.03      0.90      0.89      0.94      1.07      1.25      1.42      1.73
  9210.00      0.86      0.95      1.04      0.95      1.02      0.91      0.88      0.95      1.07      1.24      1.41      1.73
  9211.00      0.85      0.94      1.03      0.94      1.00      0.91      0.88      0.95      1.08      1.22      1.40      1.72
  9212.00      0.80      0.88      0.97      0.89      0.92      0.86      0.84      0.89      1.02      1.14      1.33      1.61
  9213.00      0.74      0.82      0.90      0.83      0.85      0.80      0.79      0.82      0.95      1.05      1.25      1.49
  9214.00      0.78      0.87      0.96      0.88      0.90      0.84      0.85      0.87      1.01      1.11      1.33      1.58
  9215.00      0.85      0.94      1.04      0.95      0.99      0.90      0.92      0.94      1.09      1.20      1.45      1.70
  9216.00      0.82      0.91      1.00      0.93      0.97      0.86      0.89      0.91      1.05      1.17      1.40      1.65
  9217.00      0.73      0.81      0.89      0.84      0.88      0.76      0.78      0.82      0.92      1.04      1.25      1.48
  9218.00      0.61      0.67      0.74      0.71      0.74      0.63      0.65      0.68      0.75      0.87      1.05      1.25
  9219.00      0.51      0.56      0.62      0.60      0.60      0.53      0.54      0.57      0.62      0.73      0.88      1.05
  9220.00      0.64      0.71      0.78      0.75      0.74      0.68      0.68      0.72      0.77      0.92      1.11      1.34
  9221.00      0.82      0.91      1.00      0.95      0.93      0.87      0.86      0.91      0.97      1.18      1.43      1.71
  9222.00      0.79      0.88      0.97      0.94      0.89      0.84      0.84      0.87      0.93      1.15      1.40      1.66
  9223.00      0.73      0.81      0.90      0.88      0.82      0.78      0.78      0.79      0.86      1.07      1.30      1.55
  9224.00      0.65      0.72      0.79      0.78      0.73      0.70      0.70      0.69      0.77      0.95      1.15      1.38
  9225.00      0.47      0.52      0.57      0.55      0.53      0.51      0.52      0.51      0.57      0.70      0.83      1.01
  9226.00      0.35      0.39      0.43      0.39      0.39      0.38      0.39      0.38      0.42      0.52      0.61      0.75
  9227.00      0.29      0.32      0.35      0.32      0.32      0.32      0.32      0.33      0.35      0.43      0.51      0.63
  9228.00      0.30      0.33      0.37      0.33      0.33      0.33      0.34      0.34      0.36      0.45      0.53      0.65
  9229.00      0.44      0.49      0.54      0.50      0.48      0.49      0.49      0.51      0.53      0.66      0.77      0.94
  9230.00      0.65      0.73      0.80      0.77      0.73      0.72      0.72      0.75      0.77      0.98      1.13      1.37
  9231.00      0.67      0.75      0.83      0.80      0.76      0.73      0.73      0.77      0.80      1.01      1.16      1.38
  9232.00      0.67      0.75      0.83      0.79      0.77      0.73      0.71      0.76      0.81      1.01      1.17      1.36
  9233.00      0.74      0.83      0.91      0.85      0.86      0.80      0.78      0.85      0.90      1.12      1.30      1.48
  9234.00      0.78      0.87      0.96      0.87      0.90      0.85      0.82      0.90      0.96      1.18      1.38      1.54
  9235.00      0.74      0.82      0.91      0.82      0.83      0.80      0.78      0.85      0.91      1.11      1.32      1.44
  9236.00      0.71      0.80      0.88      0.81      0.77      0.78      0.76      0.83      0.88      1.08      1.28      1.37
  9237.00      0.75      0.84      0.93      0.88      0.79      0.81      0.82      0.87      0.92      1.14      1.36      1.43
  9238.00      0.75      0.84      0.93      0.88      0.79      0.80      0.82      0.87      0.92      1.13      1.35      1.42
  9239.00      0.73      0.82      0.91      0.85      0.78      0.78      0.81      0.85      0.91      1.10      1.33      1.39
  9240.00      0.75      0.84      0.93      0.86      0.82      0.80      0.83      0.87      0.94      1.12      1.36      1.44
  9241.00      0.77      0.86      0.95      0.89      0.86      0.82      0.85      0.88      0.97      1.13      1.39      1.49
  9242.00      0.74      0.83      0.91      0.88      0.83      0.80      0.83      0.84      0.93      1.07      1.34      1.43
  9243.00      0.71      0.79      0.88      0.87      0.81      0.77      0.79      0.80      0.88      1.02      1.28      1.37
  9244.00      0.73      0.81      0.90      0.90      0.85      0.78      0.81      0.83      0.90      1.06      1.31      1.40
  9245.00      0.74      0.83      0.92      0.89      0.87      0.79      0.81      0.84      0.91      1.08      1.33      1.41
  9246.00      0.76      0.85      0.94      0.87      0.89      0.81      0.82      0.87      0.93      1.10      1.35      1.44
  9247.00      0.78      0.88      0.97      0.87      0.91      0.85      0.84      0.91      0.97      1.13      1.39      1.46
  9248.00      0.78      0.87      0.97      0.85      0.90      0.85      0.84      0.92      0.97      1.11      1.38      1.44
  9249.00      0.65      0.72      0.80      0.71      0.74      0.71      0.70      0.76      0.81      0.92      1.14      1.18
  9250.00      0.50      0.57      0.63      0.57      0.59      0.56      0.56      0.60      0.63      0.72      0.89      0.92
  9251.00      0.50      0.56      0.63      0.58      0.60      0.56      0.56      0.59      0.62      0.72      0.88      0.92
  9252.00      0.53      0.60      0.66      0.64      0.65      0.60      0.59      0.62      0.65      0.77      0.94      0.97
  9253.00      0.56      0.63      0.70      0.67      0.68      0.63      0.62      0.65      0.68      0.82      0.99      1.02
  9254.00      0.57      0.64      0.71      0.67      0.69      0.63      0.61      0.65      0.68      0.84      1.00      1.04
  9255.00      0.67      0.75      0.83      0.78      0.81      0.74      0.71      0.77      0.80      0.99      1.18      1.24
  9256.00      0.75      0.85      0.94      0.86      0.90      0.83      0.79      0.87      0.90      1.10      1.35      1.43
  9257.00      0.75      0.84      0.93      0.85      0.89      0.81      0.77      0.87      0.88      1.08      1.34      1.43
  9258.00      0.80      0.90      1.00      0.91      0.95      0.87      0.84      0.94      0.94      1.17      1.44      1.57
  9259.00      0.81      0.91      1.01      0.91      0.95      0.88      0.86      0.96      0.96      1.19      1.45      1.62
  9260.00      0.83      0.93      1.03      0.92      0.95      0.90      0.88      0.97      0.98      1.21      1.45      1.66
  9261.00      0.83      0.93      1.04      0.93      0.95      0.92      0.90      0.98      1.01      1.22      1.44      1.68
  9262.00      0.83      0.93      1.03      0.93      0.94      0.92      0.90      0.97      1.01      1.20      1.42      1.67
  9263.00      0.81      0.91      1.01      0.91      0.91      0.90      0.89      0.94      0.98      1.16      1.38      1.63
  9264.00      0.63      0.71      0.79      0.72      0.70      0.70      0.70      0.73      0.76      0.90      1.08      1.27
  9265.00      0.50      0.57      0.63      0.58      0.55      0.56      0.56      0.58      0.59      0.71      0.88      1.01
  9266.00      0.62      0.70      0.77      0.73      0.67      0.68      0.68      0.72      0.71      0.87      1.09      1.23
  9267.00      0.81      0.91      1.01      1.01      0.89      0.88      0.88      0.93      0.92      1.14      1.46      1.59
  9268.00      0.84      0.94      1.05      1.09      0.94      0.92      0.88      0.95      0.93      1.18      1.54      1.64
  9269.00      0.81      0.91      1.01      1.10      0.93      0.89      0.83      0.91      0.88      1.14      1.50      1.56
  9270.00      0.80      0.90      1.00      1.12      0.94      0.90      0.82      0.89      0.86      1.14      1.50      1.55
  9271.00      0.82      0.92      1.02      1.16      0.97      0.93      0.84      0.91      0.86      1.17      1.53      1.58
  9272.00      0.81      0.91      1.01      1.14      0.97      0.91      0.84      0.90      0.84      1.16      1.51      1.56
  9273.00      0.80      0.90      1.00      1.10      0.94      0.89      0.85      0.90      0.83      1.15      1.48      1.54
  9274.00      0.83      0.93      1.03      1.10      0.96      0.90      0.90      0.94      0.87      1.20      1.52      1.60
  9275.00      0.84      0.95      1.06      1.09      0.98      0.91      0.93      0.96      0.91      1.24      1.55      1.65
  9276.00      0.85      0.95      1.06      1.06      0.98      0.92      0.94      0.96      0.93      1.25      1.55      1.67
  9277.00      0.84      0.94      1.05      1.02      0.98      0.93      0.93      0.95      0.94      1.25      1.54      1.67
  9278.00      0.80      0.90      1.00      0.97      0.93      0.90      0.88      0.90      0.91      1.19      1.46      1.61
  9279.00      0.76      0.86      0.95      0.95      0.90      0.86      0.83      0.85      0.88      1.13      1.39      1.56
  9280.00      0.78      0.88      0.97      0.97      0.92      0.88      0.83      0.87      0.93      1.16      1.42      1.63
  9281.00      0.83      0.94      1.04      1.02      0.98      0.93      0.88      0.93      1.03      1.25      1.52      1.76
  9282.00      0.87      0.98      1.08      1.03      1.01      0.95      0.90      0.97      1.11      1.31      1.58      1.83
  9283.00      0.83      0.94      1.04      0.97      0.97      0.91      0.86      0.92      1.09      1.25      1.51      1.75
  9284.00      0.78      0.88      0.98      0.91      0.93      0.86      0.81      0.86      1.03      1.17      1.41      1.64
  9285.00      0.74      0.83      0.92      0.87      0.88      0.82      0.77      0.80      0.98      1.09      1.31      1.54
  9286.00      0.77      0.87      0.97      0.92      0.93      0.86      0.82      0.82      1.03      1.13      1.35      1.61
  9287.00      0.81      0.91      1.01      0.95      0.97      0.91      0.85      0.84      1.07      1.17      1.38      1.68
  9288.00      0.79      0.89      0.98      0.92      0.95      0.89      0.82      0.81      1.04      1.14      1.34      1.65
  9289.00      0.74      0.83      0.92      0.86      0.91      0.83      0.76      0.76      0.96      1.07      1.26      1.57
  9290.00      0.66      0.75      0.83      0.79      0.84      0.74      0.69      0.69      0.86      0.98      1.14      1.43
  9291.00      0.59      0.67      0.74      0.73      0.75      0.65      0.63      0.63      0.76      0.88      1.03      1.30
  9292.00      0.71      0.79      0.88      0.89      0.89      0.77      0.76      0.76      0.89      1.05      1.23      1.54
  9293.00      0.83      0.93      1.03      1.05      1.03      0.89      0.91      0.90      1.04      1.22      1.45      1.79
  9294.00      0.78      0.88      0.97      0.97      0.96      0.84      0.87      0.86      0.98      1.15      1.37      1.68
  9295.00      0.48      0.55      0.60      0.58      0.59      0.53      0.54      0.54      0.62      0.72      0.87      1.05
  9296.00      0.37      0.42      0.46      0.43      0.45      0.40      0.41      0.42      0.48      0.55      0.67      0.81
  9297.00      0.39      0.44      0.49      0.45      0.47      0.43      0.43      0.45      0.51      0.57      0.71      0.85
  9298.00      0.53      0.60      0.66      0.60      0.64      0.58      0.58      0.61      0.69      0.77      0.96      1.15
  9299.00      0.75      0.84      0.93      0.86      0.91      0.81      0.83      0.86      0.97      1.08      1.35      1.62
  9300.00      0.75      0.85      0.94      0.88      0.94      0.82      0.84      0.86      0.97      1.08      1.36      1.64
  9301.00      0.68      0.77      0.85      0.82      0.87      0.75      0.76      0.78      0.88      0.98      1.22      1.49
  9302.00      0.76      0.86      0.94      0.95      0.99      0.82      0.85      0.86      0.97      1.10      1.35      1.66
  9303.00      0.85      0.96      1.05      1.08      1.12      0.91      0.93      0.96      1.07      1.23      1.50      1.85
  9304.00      0.78      0.88      0.97      0.98      1.05      0.84      0.83      0.88      0.98      1.13      1.38      1.71
  9305.00      0.76      0.86      0.94      0.93      1.04      0.82      0.79      0.85      0.94      1.09      1.35      1.67
  9306.00      0.77      0.87      0.95      0.91      1.07      0.83      0.78      0.85      0.94      1.10      1.37      1.69
  9307.00      0.67      0.76      0.83      0.78      0.96      0.74      0.68      0.74      0.81      0.96      1.20      1.50
  9308.00      0.23      0.26      0.28      0.26      0.34      0.25      0.23      0.25      0.27      0.33      0.41      0.52
  9309.00      0.10      0.11      0.12      0.11      0.14      0.10      0.10      0.11      0.11      0.14      0.17      0.22
  9310.00      0.08      0.09      0.10      0.09      0.12      0.09      0.09      0.09      0.09      0.12      0.15      0.19
  9311.00      0.13      0.14      0.16      0.15      0.19      0.13      0.14      0.14      0.14      0.19      0.22      0.30
  9312.00      0.24      0.28      0.30      0.30      0.37      0.26      0.26      0.28      0.27      0.37      0.43      0.58
  9313.00      0.34      0.38      0.41      0.41      0.51      0.35      0.35      0.38      0.37      0.50      0.57      0.80
  9314.00      0.34      0.38      0.42      0.41      0.51      0.36      0.35      0.38      0.37      0.51      0.57      0.80
  9315.00      0.11      0.12      0.13      0.13      0.16      0.11      0.11      0.12      0.12      0.16      0.18      0.25
  9316.00      0.05      0.06      0.06      0.06      0.07      0.05      0.05      0.05      0.06      0.07      0.08      0.11
  9317.00      0.08      0.09      0.10      0.09      0.11      0.09      0.08      0.09      0.09      0.12      0.14      0.18
  9318.00      0.32      0.36      0.39      0.38      0.46      0.35      0.35      0.36      0.38      0.48      0.55      0.72
  9319.00      0.39      0.44      0.48      0.47      0.55      0.43      0.42      0.44      0.47      0.57      0.67      0.86
  9320.00      0.44      0.49      0.53      0.54      0.60      0.49      0.47      0.50      0.54      0.64      0.76      0.94
  9321.00      0.62      0.70      0.76      0.78      0.85      0.70      0.68      0.73      0.78      0.92      1.09      1.32
  9322.00      0.73      0.83      0.89      0.90      0.99      0.84      0.79      0.86      0.92      1.09      1.28      1.52
  9323.00      0.48      0.55      0.59      0.59      0.65      0.56      0.53      0.57      0.62      0.73      0.85      1.00
  9324.00      0.17      0.19      0.20      0.20      0.22      0.20      0.19      0.19      0.21      0.25      0.29      0.35
  9325.00      0.10      0.11      0.12      0.12      0.12      0.11      0.11      0.11      0.12      0.14      0.17      0.20
  9326.00      0.14      0.15      0.17      0.17      0.17      0.16      0.16      0.15      0.18      0.20      0.24      0.28
  9327.00      0.27      0.30      0.33      0.33      0.32      0.31      0.31      0.30      0.35      0.38      0.46      0.54
  9328.00      0.60      0.67      0.72      0.74      0.71      0.68      0.67      0.66      0.77      0.84      1.00      1.21
  9329.00      0.84      0.95      1.02      1.04      0.99      0.97      0.94      0.92      1.09      1.18      1.40      1.71
  9330.00      0.84      0.95      1.02      1.03      0.97      0.98      0.92      0.92      1.09      1.19      1.39      1.72
  9331.00      0.77      0.87      0.93      0.94      0.87      0.90      0.82      0.84      1.00      1.09      1.28      1.57
  9332.00      0.50      0.57      0.61      0.62      0.55      0.59      0.54      0.56      0.66      0.72      0.85      1.04
  9333.00      0.33      0.37      0.40      0.40      0.35      0.38      0.35      0.37      0.43      0.47      0.56      0.68
  9334.00      0.34      0.39      0.42      0.43      0.37      0.39      0.37      0.39      0.45      0.49      0.59      0.71
  9335.00      0.51      0.58      0.63      0.64      0.57      0.59      0.56      0.59      0.67      0.73      0.90      1.07
  9336.00      0.65      0.74      0.80      0.80      0.73      0.74      0.71      0.75      0.86      0.93      1.15      1.35
  9337.00      0.80      0.90      0.97      0.95      0.91      0.89      0.88      0.90      1.05      1.15      1.41      1.67
  9338.00      0.83      0.93      1.01      0.96      0.93      0.91      0.91      0.91      1.09      1.21      1.45      1.74
  9339.00      0.61      0.68      0.74      0.69      0.67      0.66      0.67      0.65      0.81      0.90      1.06      1.29
  9340.00      0.51      0.57      0.62      0.57      0.56      0.56      0.56      0.54      0.68      0.76      0.88      1.09
  9341.00      0.57      0.65      0.70      0.65      0.64      0.64      0.64      0.61      0.77      0.87      1.01      1.24
  9342.00      0.61      0.68      0.74      0.69      0.69      0.69      0.66      0.64      0.81      0.91      1.06      1.31
  9343.00      0.44      0.49      0.53      0.51      0.51      0.50      0.48      0.46      0.58      0.65      0.77      0.94
  9344.00      0.36      0.41      0.44      0.44      0.44      0.41      0.41      0.40      0.48      0.54      0.65      0.78
  9345.00      0.56      0.63      0.68      0.69      0.68      0.62      0.63      0.61      0.74      0.83      0.98      1.18
  9346.00      0.71      0.80      0.86      0.88      0.86      0.78      0.81      0.78      0.95      1.06      1.24      1.50
  9347.00      0.88      0.98      1.07      1.07      1.05      0.96      0.99      0.97      1.18      1.32      1.51      1.86
  9348.00      0.92      1.03      1.12      1.09      1.09      1.00      1.02      1.02      1.24      1.39      1.59      1.96
  9349.00      0.75      0.84      0.91      0.86      0.87      0.81      0.81      0.83      1.00      1.13      1.30      1.61
  9350.00      0.51      0.57      0.62      0.57      0.58      0.54      0.55      0.57      0.68      0.76      0.89      1.10
  9351.00      0.36      0.40      0.44      0.41      0.41      0.38      0.40      0.41      0.48      0.54      0.64      0.78
  9352.00      0.31      0.35      0.38      0.36      0.35      0.33      0.35      0.36      0.41      0.46      0.56      0.68
  9353.00      0.26      0.29      0.31      0.31      0.29      0.27      0.29      0.30      0.33      0.38      0.47      0.56
  9354.00      0.33      0.38      0.41      0.42      0.37      0.37      0.38      0.40      0.43      0.49      0.62      0.73
  9355.00      0.59      0.67      0.73      0.75      0.65      0.66      0.68      0.71      0.75      0.88      1.10      1.29
  9356.00      0.73      0.82      0.89      0.91      0.80      0.82      0.83      0.88      0.92      1.09      1.35      1.58
  9357.00      0.63      0.71      0.77      0.78      0.69      0.71      0.71      0.76      0.79      0.95      1.17      1.36
  9358.00      0.51      0.57      0.62      0.61      0.57      0.57      0.57      0.60      0.64      0.77      0.94      1.09
  9359.00      0.61      0.69      0.75      0.71      0.70      0.68      0.70      0.72      0.79      0.94      1.12      1.31
  9360.00      0.82      0.92      1.00      0.93      0.93      0.90      0.93      0.97      1.06      1.26      1.48      1.74
  9361.00      0.84      0.95      1.03      0.97      0.96      0.93      0.96      1.01      1.08      1.29      1.50      1.79
  9362.00      0.74      0.83      0.90      0.87      0.83      0.82      0.83      0.89      0.94      1.12      1.29      1.57
  9363.00      0.52      0.59      0.64      0.64      0.58      0.59      0.58      0.63      0.66      0.78      0.90      1.11
  9364.00      0.35      0.39      0.43      0.44      0.38      0.40      0.39      0.42      0.44      0.52      0.60      0.74
  9365.00      0.30      0.34      0.37      0.38      0.33      0.35      0.34      0.36      0.38      0.45      0.52      0.64
  9366.00      0.44      0.50      0.54      0.55      0.47      0.50      0.49      0.52      0.55      0.65      0.75      0.91
  9367.00      0.43      0.49      0.53      0.53      0.46      0.49      0.48      0.51      0.55      0.64      0.74      0.89
  9368.00      0.39      0.44      0.47      0.48      0.41      0.44      0.43      0.46      0.50      0.58      0.66      0.79
  9369.00      0.41      0.46      0.51      0.52      0.44      0.48      0.46      0.50      0.54      0.62      0.71      0.84
  9370.00      0.46      0.52      0.56      0.57      0.48      0.53      0.52      0.55      0.60      0.70      0.79      0.93
  9371.00      0.44      0.49      0.54      0.52      0.44      0.50      0.49      0.53      0.57      0.67      0.76      0.90
  9372.00      0.53      0.60      0.65      0.61      0.52      0.60      0.60      0.63      0.69      0.82      0.92      1.10
  9373.00      0.70      0.79      0.86      0.81      0.66      0.78      0.79      0.83      0.90      1.09      1.21      1.46
  9374.00      0.70      0.79      0.86      0.84      0.63      0.78      0.80      0.83      0.91      1.10      1.22      1.47
  9375.00      0.39      0.44      0.48      0.48      0.34      0.44      0.45      0.46      0.52      0.62      0.68      0.84
  9376.00      0.18      0.20      0.22      0.22      0.15      0.20      0.20      0.21      0.24      0.28      0.31      0.38
  9377.00      0.11      0.12      0.13      0.13      0.09      0.12      0.12      0.13      0.14      0.17      0.18      0.23
  9378.00      0.12      0.14      0.15      0.15      0.11      0.14      0.14      0.14      0.16      0.19      0.21      0.27
  9379.00      0.21      0.23      0.25      0.26      0.18      0.23      0.23      0.24      0.27      0.32      0.36      0.45
  9380.00      0.27      0.31      0.33      0.34      0.23      0.31      0.30      0.32      0.35      0.41      0.47      0.59
  9381.00      0.33      0.37      0.41      0.42      0.29      0.38      0.36      0.40      0.42      0.50      0.58      0.72
  9382.00      0.51      0.57      0.63      0.64      0.45      0.58      0.56      0.62      0.65      0.77      0.89      1.09
  9383.00      0.65      0.74      0.80      0.82      0.60      0.74      0.72      0.80      0.84      0.99      1.14      1.38
  9384.00      0.66      0.74      0.81      0.84      0.64      0.75      0.74      0.80      0.86      1.00      1.13      1.39
  9385.00      0.55      0.62      0.68      0.70      0.56      0.62      0.62      0.66      0.71      0.84      0.94      1.17
  9386.00      0.45      0.51      0.56      0.58      0.47      0.51      0.51      0.54      0.58      0.69      0.77      0.96
  9387.00      0.34      0.39      0.42      0.44      0.37      0.39      0.39      0.41      0.44      0.53      0.59      0.74
  9388.00      0.27      0.30      0.33      0.34      0.30      0.31      0.29      0.31      0.35      0.41      0.47      0.58
  9389.00      0.25      0.28      0.31      0.32      0.28      0.29      0.27      0.29      0.32      0.37      0.43      0.54
  9390.00      0.35      0.40      0.43      0.46      0.40      0.41      0.38      0.41      0.47      0.53      0.62      0.76
  9391.00      0.59      0.67      0.73      0.77      0.67      0.68      0.65      0.71      0.79      0.88      1.05      1.25
  9392.00      0.68      0.76      0.83      0.88      0.78      0.77      0.74      0.82      0.90      1.00      1.20      1.41
  9393.00      0.73      0.82      0.89      0.95      0.84      0.82      0.80      0.90      0.96      1.08      1.27      1.52
  9394.00      0.72      0.80      0.88      0.94      0.83      0.79      0.78      0.88      0.93      1.08      1.23      1.51
  9395.00      0.67      0.75      0.82      0.88      0.78      0.73      0.73      0.82      0.86      1.02      1.14      1.45
  9396.00      0.59      0.66      0.72      0.77      0.69      0.63      0.63      0.71      0.75      0.90      1.00      1.31
  9397.00      0.53      0.59      0.65      0.69      0.63      0.57      0.57      0.63      0.68      0.81      0.90      1.21
  9398.00      0.53      0.59      0.65      0.69      0.63      0.57      0.57      0.62      0.68      0.80      0.90      1.22
  9399.00      0.35      0.40      0.43      0.46      0.42      0.38      0.38      0.41      0.45      0.53      0.61      0.82
  9400.00      0.34      0.38      0.42      0.44      0.40      0.37      0.37      0.40      0.44      0.51      0.59      0.79
  9401.00      0.53      0.59      0.65      0.69      0.62      0.58      0.58      0.62      0.68      0.79      0.91      1.22
  9402.00      0.64      0.72      0.79      0.84      0.76      0.71      0.71      0.76      0.82      0.96      1.09      1.47
  9403.00      0.43      0.48      0.52      0.55      0.50      0.47      0.47      0.50      0.55      0.63      0.71      0.97
  9404.00      0.20      0.22      0.24      0.26      0.23      0.22      0.22      0.23      0.26      0.30      0.33      0.45
  9405.00      0.14      0.16      0.17      0.18      0.16      0.16      0.16      0.17      0.19      0.21      0.23      0.32
  9406.00      0.19      0.21      0.23      0.24      0.22      0.21      0.21      0.22      0.25      0.28      0.30      0.43
  9407.00      0.40      0.45      0.49      0.51      0.47      0.45      0.43      0.47      0.53      0.58      0.64      0.89
  9408.00      0.59      0.66      0.72      0.76      0.72      0.67      0.64      0.69      0.78      0.86      0.95      1.31
  9409.00      0.52      0.59      0.64      0.68      0.65      0.60      0.57      0.62      0.69      0.76      0.86      1.18
  9410.00      0.54      0.60      0.66      0.69      0.68      0.62      0.59      0.64      0.71      0.79      0.91      1.22
  9411.00      0.63      0.71      0.77      0.81      0.79      0.72      0.70      0.76      0.86      0.92      1.09      1.45
  9412.00      0.71      0.79      0.86      0.91      0.87      0.79      0.77      0.85      0.98      1.03      1.23      1.62
  9413.00      0.73      0.81      0.89      0.93      0.88      0.82      0.79      0.87      1.03      1.07      1.28      1.67
  9414.00      0.64      0.71      0.78      0.82      0.76      0.72      0.68      0.75      0.94      0.94      1.13      1.47
  9415.00      0.65      0.73      0.79      0.83      0.77      0.74      0.69      0.75      0.99      0.96      1.16      1.49
  9416.00      0.70      0.78      0.85      0.89      0.82      0.79      0.75      0.79      1.08      1.03      1.24      1.60
  9417.00      0.65      0.72      0.79      0.82      0.76      0.73      0.69      0.72      1.02      0.95      1.15      1.48
  9418.00      0.54      0.61      0.66      0.69      0.64      0.61      0.58      0.60      0.87      0.80      0.96      1.26
  9419.00      0.55      0.61      0.66      0.69      0.63      0.62      0.58      0.60      0.87      0.81      0.96      1.27
  9420.00      0.60      0.67      0.73      0.76      0.69      0.69      0.64      0.66      0.94      0.90      1.04      1.41
  9421.00      0.37      0.42      0.45      0.47      0.42      0.43      0.39      0.41      0.57      0.56      0.65      0.88
  9422.00      0.24      0.27      0.30      0.31      0.28      0.28      0.26      0.27      0.36      0.37      0.42      0.58
  9423.00      0.36      0.40      0.44      0.45      0.42      0.40      0.38      0.40      0.52      0.54      0.61      0.85
  9424.00      0.54      0.60      0.65      0.68      0.65      0.60      0.56      0.61      0.76      0.81      0.92      1.28
  9425.00      0.50      0.56      0.61      0.64      0.62      0.57      0.53      0.57      0.69      0.75      0.86      1.21
  9426.00      0.45      0.50      0.54      0.57      0.55      0.51      0.47      0.51      0.61      0.66      0.76      1.08
  9427.00      0.29      0.32      0.35      0.36      0.35      0.33      0.30      0.33      0.38      0.42      0.49      0.70
  9428.00      0.33      0.37      0.40      0.42      0.40      0.38      0.36      0.39      0.43      0.49      0.57      0.81
  9429.00      0.57      0.64      0.69      0.73      0.68      0.65      0.63      0.67      0.74      0.86      0.98      1.40
  9430.00      0.69      0.78      0.84      0.89      0.80      0.77      0.76      0.80      0.89      1.04      1.18      1.70
  9431.00      0.73      0.82      0.88      0.94      0.82      0.80      0.80      0.84      0.93      1.10      1.24      1.79
  9432.00      0.74      0.83      0.89      0.95      0.82      0.80      0.80      0.85      0.94      1.12      1.26      1.83
  9433.00      0.76      0.86      0.92      0.98      0.85      0.83      0.82      0.87      0.96      1.16      1.31      1.91
  9434.00      0.74      0.82      0.89      0.95      0.82      0.81      0.80      0.84      0.92      1.11      1.27      1.88
  9435.00      0.69      0.77      0.83      0.89      0.77      0.77      0.75      0.79      0.85      1.02      1.19      1.80
  9436.00      0.61      0.68      0.73      0.79      0.68      0.70      0.67      0.71      0.76      0.90      1.06      1.62
  9437.00      0.50      0.56      0.60      0.65      0.56      0.58      0.55      0.58      0.62      0.74      0.87      1.35
  9438.00      0.35      0.40      0.43      0.46      0.41      0.41      0.39      0.41      0.43      0.53      0.61      0.97
  9439.00      0.39      0.44      0.47      0.51      0.47      0.46      0.43      0.45      0.48      0.60      0.68      1.09
  9440.00      0.25      0.27      0.30      0.32      0.29      0.29      0.27      0.28      0.30      0.38      0.42      0.68
  9441.00      0.06      0.07      0.07      0.08      0.07      0.07      0.06      0.07      0.07      0.09      0.10      0.16
  9442.00      0.06      0.07      0.07      0.08      0.07      0.07      0.07      0.07      0.07      0.09      0.11      0.16
  9443.00      0.11      0.12      0.13      0.15      0.13      0.13      0.12      0.13      0.13      0.17      0.19      0.29
  9444.00      0.31      0.35      0.37      0.41      0.37      0.36      0.33      0.36      0.38      0.47      0.54      0.80
  9445.00      0.34      0.38      0.41      0.44      0.40      0.38      0.36      0.39      0.41      0.51      0.58      0.85
  9446.00      0.35      0.40      0.43      0.46      0.42      0.40      0.37      0.41      0.44      0.53      0.61      0.88
  9447.00      0.58      0.65      0.70      0.77      0.68      0.67      0.63      0.68      0.74      0.88      1.01      1.43
  9448.00      0.64      0.72      0.77      0.84      0.73      0.74      0.70      0.75      0.82      0.97      1.10      1.56
  9449.00      0.55      0.61      0.66      0.71      0.61      0.63      0.61      0.64      0.70      0.82      0.93      1.33
  9450.00      0.36      0.41      0.44      0.48      0.42      0.42      0.41      0.42      0.47      0.55      0.62      0.89
  9451.00      0.29      0.32      0.35      0.38      0.34      0.34      0.33      0.33      0.38      0.44      0.48      0.70
  9452.00      0.38      0.43      0.46      0.50      0.46      0.44      0.43      0.43      0.49      0.58      0.62      0.92
  9453.00      0.49      0.55      0.59      0.64      0.60      0.57      0.55      0.56      0.63      0.75      0.80      1.18
  9454.00      0.47      0.53      0.57      0.61      0.57      0.54      0.52      0.54      0.60      0.72      0.75      1.12
  9455.00      0.49      0.55      0.59      0.64      0.60      0.57      0.54      0.57      0.63      0.76      0.78      1.17
  9456.00      0.45      0.51      0.54      0.59      0.54      0.53      0.50      0.53      0.59      0.71      0.71      1.08
  9457.00      0.44      0.50      0.54      0.58      0.53      0.53      0.49      0.52      0.59      0.70      0.70      1.06
  9458.00      0.43      0.48      0.51      0.56      0.51      0.52      0.48      0.50      0.57      0.67      0.67      1.01
  9459.00      0.30      0.33      0.36      0.39      0.36      0.36      0.33      0.35      0.40      0.47      0.47      0.70
  9460.00      0.06      0.07      0.07      0.08      0.07      0.07      0.07      0.07      0.08      0.09      0.10      0.14
  9461.00      0.05      0.06      0.06      0.07      0.07      0.06      0.06      0.06      0.07      0.08      0.09      0.13
  9462.00      0.13      0.15      0.16      0.17      0.18      0.16      0.15      0.15      0.18      0.20      0.22      0.32
  9463.00      0.42      0.47      0.50      0.54      0.56      0.48      0.46      0.48      0.58      0.63      0.70      0.99
  9464.00      0.70      0.78      0.84      0.91      0.95      0.80      0.76      0.79      0.99      1.04      1.19      1.65
  9465.00      0.68      0.76      0.82      0.88      0.93      0.78      0.75      0.77      0.97      1.01      1.17      1.62
  9466.00      0.63      0.71      0.77      0.83      0.88      0.73      0.71      0.71      0.91      0.94      1.11      1.55
  9467.00      0.63      0.71      0.76      0.82      0.89      0.74      0.70      0.70      0.90      0.94      1.11      1.56
  9468.00      0.59      0.66      0.71      0.76      0.82      0.69      0.65      0.64      0.82      0.87      1.03      1.44
  9469.00      0.56      0.63      0.68      0.73      0.78      0.66      0.61      0.60      0.76      0.83      0.98      1.36
  9470.00      0.62      0.69      0.75      0.81      0.86      0.72      0.68      0.65      0.82      0.93      1.07      1.48
  9471.00      0.66      0.74      0.80      0.86      0.90      0.77      0.72      0.69      0.86      1.00      1.14      1.56
  9472.00      0.68      0.77      0.82      0.89      0.92      0.80      0.75      0.71      0.87      1.05      1.16      1.58
  9473.00      0.61      0.68      0.74      0.80      0.82      0.71      0.66      0.64      0.77      0.94      1.03      1.38
  9474.00      0.56      0.63      0.68      0.73      0.76      0.66      0.61      0.60      0.71      0.86      0.95      1.26
  9475.00      0.53      0.60      0.64      0.70      0.71      0.63      0.58      0.57      0.67      0.81      0.90      1.19
  9476.00      0.58      0.65      0.69      0.75      0.74      0.68      0.62      0.62      0.71      0.86      0.97      1.29
  9477.00      0.55      0.62      0.66      0.72      0.68      0.64      0.58      0.58      0.68      0.81      0.92      1.24
  9478.00      0.31      0.35      0.38      0.41      0.38      0.36      0.34      0.33      0.39      0.46      0.52      0.72
  9479.00      0.19      0.21      0.22      0.24      0.22      0.22      0.20      0.19      0.23      0.27      0.31      0.43
  9480.00      0.16      0.18      0.19      0.21      0.19      0.19      0.18      0.17      0.20      0.24      0.27      0.38
  9481.00      0.24      0.27      0.29      0.32      0.28      0.28      0.27      0.26      0.30      0.35      0.40      0.57
  9482.00      0.36      0.40      0.43      0.46      0.41      0.42      0.40      0.39      0.44      0.51      0.59      0.84
  9483.00      0.56      0.63      0.68      0.74      0.63      0.67      0.64      0.62      0.70      0.81      0.94      1.32
  9484.00      0.66      0.74      0.79      0.86      0.72      0.78      0.74      0.73      0.82      0.94      1.09      1.52
  9485.00      0.59      0.67      0.72      0.78      0.66      0.70      0.67      0.67      0.76      0.85      1.00      1.37
  9486.00      0.52      0.58      0.62      0.68      0.58      0.60      0.58      0.59      0.67      0.75      0.88      1.19
  9487.00      0.57      0.64      0.68      0.74      0.65      0.64      0.62      0.65      0.75      0.83      0.96      1.30
  9488.00      0.67      0.75      0.80      0.87      0.76      0.75      0.73      0.76      0.88      0.97      1.13      1.52
  9489.00      0.66      0.74      0.80      0.86      0.77      0.74      0.72      0.76      0.87      0.97      1.12      1.51
  9490.00      0.65      0.73      0.78      0.85      0.76      0.73      0.72      0.74      0.84      0.95      1.11      1.48
  9491.00      0.62      0.70      0.75      0.81      0.73      0.70      0.70      0.70      0.80      0.91      1.07      1.42
  9492.00      0.44      0.49      0.53      0.57      0.51      0.49      0.50      0.50      0.57      0.64      0.76      1.01
  9493.00      0.29      0.32      0.34      0.37      0.32      0.32      0.32      0.32      0.37      0.42      0.50      0.65
  9494.00      0.30      0.33      0.36      0.39      0.32      0.33      0.34      0.34      0.39      0.44      0.53      0.68
  9495.00      0.53      0.59      0.64      0.69      0.53      0.59      0.60      0.60      0.70      0.78      0.95      1.19
  9496.00      0.64      0.72      0.77      0.84      0.63      0.72      0.72      0.73      0.84      0.95      1.15      1.43
  9497.00      0.64      0.72      0.77      0.84      0.61      0.73      0.73      0.72      0.85      0.96      1.15      1.44
  9498.00      0.62      0.70      0.75      0.82      0.58      0.72      0.70      0.69      0.82      0.95      1.12      1.42
  9499.00      0.64      0.71      0.76      0.83      0.57      0.74      0.71      0.69      0.83      0.97      1.15      1.45
  9500.00      0.57      0.64      0.68      0.74      0.50      0.66      0.62      0.61      0.73      0.87      1.03      1.30
  9501.00      0.38      0.42      0.46      0.50      0.33      0.44      0.41      0.41      0.48      0.59      0.69      0.88
  9502.00      0.47      0.53      0.57      0.62      0.39      0.55      0.51      0.52      0.60      0.73      0.87      1.10
  9503.00      0.58      0.65      0.69      0.76      0.48      0.68      0.63      0.64      0.73      0.89      1.06      1.33
  9504.00      0.46      0.51      0.55      0.60      0.40      0.54      0.50      0.51      0.59      0.70      0.84      1.05
  9505.00      0.35      0.40      0.42      0.46      0.32      0.42      0.39      0.40      0.45      0.54      0.65      0.80
  9506.00      0.39      0.44      0.47      0.51      0.39      0.47      0.43      0.44      0.50      0.59      0.72      0.86
  9507.00      0.52      0.59      0.63      0.69      0.56      0.64      0.58      0.59      0.66      0.80      0.96      1.13
  9508.00      0.60      0.67      0.72      0.79      0.68      0.73      0.67      0.67      0.76      0.91      1.10      1.27
  9509.00      0.62      0.69      0.74      0.81      0.73      0.75      0.69      0.68      0.79      0.95      1.14      1.30
  9510.00      0.63      0.70      0.75      0.82      0.75      0.76      0.71      0.69      0.81      0.96      1.16      1.32
  9511.00      0.60      0.68      0.73      0.79      0.72      0.72      0.69      0.66      0.79      0.92      1.12      1.27
  9512.00      0.57      0.64      0.69      0.75      0.69      0.67      0.66      0.63      0.75      0.86      1.07      1.22
  9513.00      0.46      0.51      0.55      0.60      0.56      0.52      0.53      0.51      0.60      0.68      0.85      0.99
  9514.00      0.36      0.41      0.44      0.47      0.45      0.41      0.42      0.40      0.47      0.54      0.67      0.79
  9515.00      0.39      0.44      0.47      0.51      0.49      0.44      0.45      0.43      0.51      0.59      0.72      0.87
  9516.00      0.45      0.50      0.54      0.59      0.55      0.50      0.51      0.49      0.57      0.67      0.82      0.99
  9517.00      0.39      0.44      0.47      0.51      0.46      0.44      0.44      0.43      0.50      0.58      0.71      0.87
  9518.00      0.48      0.54      0.58      0.63      0.54      0.55      0.54      0.53      0.62      0.71      0.87      1.09
  9519.00      0.56      0.63      0.67      0.73      0.61      0.63      0.63      0.62      0.72      0.82      1.00      1.28
  9520.00      0.40      0.45      0.48      0.52      0.42      0.45      0.45      0.45      0.52      0.58      0.71      0.92
  9521.00      0.15      0.17      0.18      0.20      0.15      0.17      0.17      0.17      0.20      0.22      0.27      0.35
  9522.00      0.08      0.09      0.09      0.10      0.08      0.09      0.09      0.09      0.10      0.11      0.14      0.18
  9523.00      0.15      0.16      0.18      0.19      0.15      0.18      0.16      0.16      0.20      0.21      0.27      0.34
  9524.00      0.38      0.43      0.46      0.50      0.40      0.47      0.42      0.43      0.52      0.55      0.69      0.87
  9525.00      0.48      0.54      0.58      0.63      0.51      0.59      0.53      0.56      0.65      0.70      0.86      1.07
  9526.00      0.52      0.58      0.63      0.68      0.55      0.64      0.57      0.60      0.71      0.76      0.92      1.14
  9527.00      0.53      0.59      0.64      0.69      0.55      0.65      0.59      0.62      0.73      0.79      0.94      1.15
  9528.00      0.49      0.55      0.59      0.64      0.51      0.59      0.56      0.59      0.69      0.74      0.87      1.06
  9529.00      0.52      0.58      0.62      0.67      0.52      0.62      0.59      0.62      0.74      0.78      0.91      1.11
  9530.00      0.61      0.69      0.74      0.80      0.60      0.73      0.69      0.72      0.90      0.93      1.08      1.31
  9531.00      0.55      0.62      0.67      0.72      0.55      0.65      0.62      0.64      0.85      0.84      0.98      1.19
  9532.00      0.39      0.44      0.48      0.51      0.40      0.47      0.44      0.45      0.63      0.60      0.70      0.85
  9533.00      0.36      0.41      0.44      0.47      0.39      0.43      0.40      0.41      0.62      0.55      0.64      0.78
  9534.00      0.48      0.54      0.58      0.63      0.54      0.58      0.53      0.55      0.89      0.74      0.85      1.04
  9535.00      0.56      0.62      0.67      0.73      0.65      0.67      0.61      0.63      1.07      0.85      0.98      1.20
  9536.00      0.43      0.48      0.51      0.56      0.52      0.52      0.46      0.49      0.88      0.66      0.75      0.93
  9537.00      0.51      0.57      0.61      0.66      0.65      0.61      0.54      0.58      1.11      0.78      0.89      1.12
  9538.00      0.60      0.67      0.72      0.77      0.78      0.72      0.64      0.68      1.33      0.92      1.06      1.32
  9539.00      0.52      0.58      0.63      0.68      0.71      0.62      0.57      0.59      1.17      0.81      0.93      1.16
  9540.00      0.40      0.45      0.49      0.52      0.56      0.48      0.45      0.46      0.91      0.64      0.72      0.90
  9541.00      0.44      0.49      0.53      0.57      0.61      0.51      0.49      0.49      0.95      0.69      0.78      0.97
  9542.00      0.59      0.66      0.71      0.76      0.83      0.68      0.66      0.66      1.23      0.95      1.05      1.32
  9543.00      0.55      0.62      0.67      0.72      0.78      0.64      0.62      0.63      1.14      0.90      0.99      1.25
  9544.00      0.40      0.45      0.48      0.52      0.55      0.46      0.44      0.46      0.80      0.67      0.72      0.91
  9545.00      0.53      0.59      0.64      0.68      0.70      0.61      0.57      0.62      1.03      0.89      0.95      1.21
  9546.00      0.63      0.70      0.76      0.82      0.82      0.73      0.68      0.75      1.24      1.07      1.15      1.46
  9547.00      0.71      0.79      0.85      0.92      0.88      0.82      0.77      0.85      1.39      1.19      1.31      1.64
  9548.00      0.70      0.78      0.85      0.91      0.86      0.82      0.76      0.84      1.39      1.17      1.31      1.63
  9549.00      0.64      0.71      0.77      0.83      0.78      0.75      0.69      0.76      1.27      1.05      1.21      1.49
  9550.00      0.61      0.68      0.74      0.79      0.76      0.72      0.66      0.71      1.20      0.98      1.15      1.43
  9551.00      0.65      0.72      0.78      0.84      0.82      0.75      0.72      0.73      1.24      1.02      1.22      1.53
  9552.00      0.64      0.72      0.78      0.84      0.81      0.75      0.73      0.72      1.19      1.00      1.21      1.53
  9553.00      0.34      0.38      0.41      0.44      0.42      0.40      0.39      0.38      0.61      0.53      0.64      0.82
  9554.00      0.11      0.12      0.13      0.14      0.13      0.13      0.13      0.12      0.18      0.17      0.20      0.27
  9555.00      0.08      0.09      0.10      0.11      0.10      0.10      0.09      0.09      0.13      0.12      0.15      0.20
  9556.00      0.11      0.12      0.13      0.14      0.13      0.13      0.12      0.12      0.16      0.16      0.20      0.26
  9557.00      0.29      0.32      0.35      0.38      0.36      0.34      0.32      0.34      0.42      0.43      0.53      0.71
  9558.00      0.58      0.64      0.70      0.75      0.72      0.68      0.62      0.68      0.82      0.85      1.06      1.38
  9559.00      0.64      0.72      0.78      0.84      0.79      0.74      0.70      0.76      0.91      0.95      1.18      1.52
  9560.00      0.70      0.79      0.85      0.92      0.85      0.80      0.78      0.82      0.99      1.02      1.30      1.64
  9561.00      0.64      0.72      0.78      0.85      0.77      0.72      0.72      0.74      0.91      0.93      1.19      1.49
  9562.00      0.43      0.48      0.52      0.56      0.50      0.47      0.49      0.49      0.61      0.61      0.79      0.98
  9563.00      0.29      0.32      0.35      0.38      0.34      0.31      0.33      0.32      0.41      0.41      0.53      0.65
  9564.00      0.28      0.32      0.34      0.37      0.34      0.31      0.32      0.32      0.40      0.41      0.51      0.64
  9565.00      0.38      0.42      0.46      0.50      0.48      0.41      0.42      0.42      0.52      0.57      0.67      0.85
  9566.00      0.52      0.58      0.63      0.68      0.66      0.56      0.57      0.59      0.71      0.79      0.91      1.16
  9567.00      0.55      0.61      0.67      0.72      0.69      0.60      0.60      0.63      0.74      0.85      0.96      1.22
  9568.00      0.34      0.38      0.42      0.45      0.42      0.37      0.37      0.40      0.46      0.54      0.60      0.77
  9569.00      0.12      0.13      0.15      0.16      0.14      0.13      0.13      0.14      0.16      0.19      0.21      0.27
  9570.00      0.09      0.10      0.11      0.12      0.11      0.10      0.10      0.11      0.12      0.14      0.17      0.21
  9571.00      0.14      0.16      0.17      0.18      0.17      0.15      0.15      0.16      0.19      0.21      0.25      0.32
  9572.00      0.35      0.39      0.42      0.46      0.44      0.39      0.38      0.41      0.47      0.53      0.63      0.79
  9573.00      0.54      0.60      0.65      0.71      0.68      0.61      0.59      0.63      0.72      0.81      0.98      1.23
  9574.00      0.52      0.58      0.62      0.68      0.63      0.58      0.56      0.60      0.69      0.78      0.94      1.19
  9575.00      0.43      0.48      0.52      0.57      0.52      0.48      0.47      0.50      0.57      0.65      0.79      1.01
  9576.00      0.49      0.55      0.59      0.65      0.58      0.54      0.54      0.57      0.64      0.74      0.89      1.16
  9577.00      0.55      0.61      0.67      0.73      0.66      0.61      0.61      0.64      0.72      0.84      1.00      1.32
  9578.00      0.58      0.64      0.70      0.76      0.69      0.65      0.64      0.67      0.75      0.88      1.04      1.43
  9579.00      0.54      0.60      0.65      0.71      0.64      0.60      0.60      0.62      0.69      0.82      0.96      1.35
  9580.00      0.40      0.45      0.49      0.53      0.48      0.45      0.45      0.47      0.52      0.61      0.72      1.05
  9581.00      0.40      0.44      0.48      0.53      0.48      0.44      0.45      0.47      0.52      0.60      0.70      1.07
  9582.00      0.55      0.61      0.66      0.73      0.68      0.60      0.61      0.65      0.72      0.83      0.97      1.51
  9583.00      0.67      0.75      0.81      0.89      0.86      0.74      0.75      0.80      0.89      1.02      1.19      1.88
  9584.00      0.71      0.79      0.85      0.94      0.93      0.78      0.79      0.84      0.94      1.08      1.25      2.01
  9585.00      0.65      0.73      0.79      0.87      0.88      0.72      0.73      0.77      0.87      1.00      1.17      1.88
  9586.00      0.59      0.66      0.71      0.79      0.82      0.66      0.67      0.69      0.79      0.91      1.07      1.70
  9587.00      0.57      0.63      0.68      0.75      0.81      0.63      0.65      0.66      0.76      0.87      1.03      1.60
  9588.00      0.52      0.58      0.63      0.69      0.77      0.59      0.61      0.61      0.71      0.81      0.96      1.46
  9589.00      0.46      0.52      0.56      0.62      0.70      0.54      0.55      0.54      0.62      0.72      0.85      1.26
  9590.00      0.51      0.57      0.61      0.68      0.79      0.61      0.61      0.59      0.68      0.79      0.93      1.33
  9591.00      0.54      0.60      0.64      0.71      0.83      0.65      0.63      0.62      0.70      0.83      0.97      1.34
  9592.00      0.54      0.60      0.65      0.72      0.84      0.67      0.63      0.63      0.70      0.84      0.98      1.29
  9593.00      0.58      0.65      0.70      0.77      0.89      0.72      0.67      0.68      0.74      0.90      1.06      1.31
  9594.00      0.56      0.62      0.67      0.74      0.82      0.68      0.63      0.65      0.70      0.86      1.02      1.20
  9595.00      0.53      0.59      0.64      0.71      0.76      0.65      0.60      0.63      0.67      0.82      0.99      1.11
  9596.00      0.58      0.65      0.70      0.77      0.80      0.71      0.65      0.69      0.74      0.89      1.08      1.18
  9597.00      0.63      0.70      0.75      0.83      0.85      0.77      0.69      0.75      0.80      0.95      1.17      1.25
  9598.00      0.55      0.62      0.66      0.74      0.74      0.67      0.61      0.66      0.71      0.83      1.04      1.09
  9599.00      0.54      0.60      0.65      0.72      0.71      0.64      0.61      0.64      0.70      0.80      1.01      1.06
  9600.00      0.64      0.71      0.76      0.84      0.81      0.74      0.72      0.75      0.82      0.93      1.19      1.23
  9601.00      0.66      0.73      0.78      0.87      0.81      0.75      0.75      0.77      0.85      0.96      1.23      1.25
  9602.00      0.64      0.71      0.76      0.85      0.76      0.73      0.73      0.75      0.83      0.93      1.22      1.19
  9603.00      0.61      0.68      0.72      0.80      0.72      0.69      0.69      0.71      0.80      0.88      1.18      1.10
  9604.00      0.57      0.63      0.67      0.75      0.67      0.64      0.64      0.66      0.75      0.83      1.11      1.00
  9605.00      0.50      0.55      0.59      0.66      0.61      0.56      0.56      0.57      0.66      0.73      0.98      0.84
  9606.00      0.53      0.60      0.64      0.71      0.67      0.60      0.61      0.62      0.70      0.79      1.05      0.87
  9607.00      0.61      0.68      0.72      0.81      0.76      0.67      0.70      0.71      0.79      0.90      1.18      0.98
  9608.00      0.58      0.64      0.68      0.76      0.71      0.63      0.65      0.68      0.75      0.85      1.10      0.92
  9609.00      0.37      0.41      0.44      0.48      0.45      0.40      0.41      0.43      0.48      0.55      0.70      0.60
  9610.00      0.25      0.28      0.29      0.33      0.31      0.27      0.27      0.30      0.33      0.37      0.47      0.43
  9611.00      0.37      0.41      0.44      0.49      0.46      0.40      0.41      0.44      0.49      0.55      0.68      0.68
  9612.00      0.57      0.64      0.68      0.76      0.73      0.63      0.65      0.68      0.77      0.86      1.05      1.11
  9613.00      0.64      0.71      0.76      0.85      0.83      0.71      0.74      0.77      0.87      0.97      1.16      1.32
  9614.00      0.61      0.68      0.72      0.80      0.78      0.67      0.70      0.74      0.81      0.92      1.10      1.31
  9615.00      0.54      0.60      0.64      0.72      0.68      0.61      0.62      0.66      0.71      0.83      0.97      1.23
  9616.00      0.63      0.70      0.75      0.83      0.78      0.71      0.70      0.75      0.81      0.96      1.13      1.47
  9617.00      0.56      0.62      0.67      0.74      0.68      0.63      0.61      0.66      0.71      0.84      1.01      1.33
  9618.00      0.45      0.50      0.53      0.59      0.54      0.51      0.48      0.52      0.56      0.66      0.81      1.08
  9619.00      0.53      0.59      0.63      0.70      0.64      0.61      0.56      0.61      0.65      0.76      0.96      1.27
  9620.00      0.50      0.56      0.60      0.67      0.61      0.59      0.54      0.58      0.62      0.72      0.92      1.21
  9621.00      0.42      0.47      0.50      0.56      0.51      0.50      0.47      0.48      0.52      0.61      0.78      1.01
  9622.00      0.28      0.31      0.33      0.36      0.33      0.33      0.31      0.30      0.34      0.41      0.51      0.66
  9623.00      0.15      0.17      0.18      0.20      0.18      0.18      0.17      0.16      0.18      0.23      0.28      0.35
  9624.00      0.12      0.13      0.14      0.16      0.14      0.14      0.13      0.13      0.14      0.18      0.22      0.27
  9625.00      0.16      0.18      0.19      0.21      0.19      0.19      0.17      0.17      0.20      0.25      0.31      0.36
  9626.00      0.33      0.37      0.39      0.44      0.39      0.39      0.36      0.36      0.42      0.52      0.65      0.74
  9627.00      0.53      0.59      0.63      0.70      0.63      0.62      0.58      0.59      0.67      0.82      1.03      1.16
  9628.00      0.54      0.60      0.64      0.71      0.64      0.63      0.60      0.62      0.69      0.84      1.06      1.18
  9629.00      0.42      0.46      0.50      0.55      0.51      0.48      0.47      0.48      0.54      0.65      0.82      0.92
  9630.00      0.34      0.37      0.40      0.44      0.41      0.39      0.38      0.38      0.43      0.52      0.65      0.74
  9631.00      0.43      0.48      0.51      0.57      0.54      0.49      0.50      0.49      0.55      0.67      0.82      0.96
  9632.00      0.55      0.61      0.65      0.73      0.68      0.62      0.63      0.61      0.68      0.85      1.03      1.23
  9633.00      0.53      0.59      0.63      0.70      0.66      0.60      0.61      0.59      0.66      0.82      0.98      1.19
  9634.00      0.49      0.54      0.58      0.64      0.60      0.56      0.56      0.54      0.60      0.75      0.88      1.10
  9635.00      0.50      0.56      0.60      0.67      0.62      0.57      0.59      0.57      0.62      0.78      0.91      1.14
  9636.00      0.51      0.57      0.61      0.68      0.63      0.58      0.59      0.59      0.64      0.79      0.91      1.16
  9637.00      0.53      0.58      0.62      0.70      0.64      0.59      0.60      0.61      0.65      0.81      0.93      1.20
  9638.00      0.59      0.65      0.69      0.78      0.72      0.66      0.66      0.68      0.73      0.91      1.03      1.34
  9639.00      0.63      0.70      0.75      0.84      0.79      0.71      0.72      0.73      0.78      0.99      1.10      1.45
  9640.00      0.62      0.69      0.74      0.83      0.79      0.71      0.72      0.72      0.77      0.98      1.09      1.44
  9641.00      0.59      0.65      0.70      0.78      0.74      0.68      0.68      0.67      0.73      0.92      1.03      1.36
  9642.00      0.58      0.65      0.69      0.78      0.72      0.68      0.68      0.67      0.73      0.92      1.04      1.36
  9643.00      0.58      0.65      0.69      0.78      0.70      0.69      0.69      0.67      0.72      0.92      1.06      1.36
  9644.00      0.56      0.62      0.66      0.75      0.66      0.67      0.66      0.65      0.70      0.88      1.03      1.30
  9645.00      0.51      0.57      0.60      0.68      0.61      0.61      0.60      0.60      0.63      0.79      0.95      1.18
  9646.00      0.55      0.61      0.65      0.73      0.66      0.65      0.64      0.65      0.69      0.85      1.03      1.27
  9647.00      0.60      0.67      0.72      0.81      0.74      0.70      0.70      0.72      0.75      0.93      1.13      1.39
  9648.00      0.64      0.71      0.75      0.85      0.78      0.73      0.74      0.76      0.79      0.98      1.19      1.45
  9649.00      0.64      0.71      0.75      0.85      0.78      0.73      0.73      0.75      0.79      0.98      1.18      1.45
  9650.00      0.62      0.69      0.74      0.83      0.77      0.72      0.72      0.73      0.77      0.96      1.14      1.41
  9651.00      0.57      0.64      0.68      0.77      0.71      0.67      0.66      0.67      0.71      0.88      1.05      1.30
  9652.00      0.52      0.58      0.61      0.69      0.64      0.62      0.60      0.61      0.64      0.80      0.94      1.19
  9653.00      0.49      0.54      0.58      0.65      0.60      0.58      0.56      0.57      0.60      0.75      0.89      1.14
  9654.00      0.46      0.51      0.54      0.61      0.55      0.54      0.52      0.53      0.56      0.70      0.83      1.07
  9655.00      0.42      0.46      0.50      0.56      0.50      0.49      0.47      0.49      0.51      0.63      0.77      0.99
  9656.00      0.36      0.39      0.42      0.48      0.43      0.41      0.40      0.42      0.43      0.53      0.66      0.85
  9657.00      0.40      0.44      0.47      0.53      0.48      0.46      0.44      0.47      0.48      0.59      0.74      0.95
  9658.00      0.44      0.48      0.52      0.58      0.53      0.51      0.48      0.51      0.53      0.65      0.81      1.04
  9659.00      0.44      0.48      0.52      0.58      0.53      0.51      0.48      0.51      0.53      0.65      0.81      1.04
  9660.00      0.38      0.42      0.45      0.51      0.46      0.46      0.42      0.45      0.48      0.57      0.71      0.91
  9661.00      0.30      0.33      0.35      0.40      0.36      0.36      0.33      0.35      0.38      0.45      0.56      0.71
  9662.00      0.26      0.29      0.31      0.35      0.31      0.32      0.29      0.31      0.35      0.40      0.49      0.63
  9663.00      0.28      0.31      0.33      0.38      0.33      0.33      0.30      0.33      0.38      0.43      0.53      0.67
  9664.00      0.29      0.32      0.35      0.39      0.34      0.34      0.31      0.34      0.40      0.45      0.56      0.70
  9665.00      0.26      0.29      0.31      0.35      0.29      0.30      0.28      0.30      0.35      0.40      0.50      0.62
  9666.00      0.30      0.33      0.35      0.39      0.34      0.34      0.31      0.34      0.39      0.45      0.56      0.70
  9667.00      0.41      0.45      0.48      0.54      0.48      0.47      0.43      0.46      0.54      0.61      0.77      0.95
  9668.00      0.50      0.56      0.60      0.67      0.62      0.59      0.53      0.57      0.67      0.76      0.95      1.17
  9669.00      0.42      0.47      0.50      0.57      0.53      0.50      0.45      0.48      0.57      0.64      0.81      0.99
  9670.00      0.19      0.21      0.22      0.25      0.23      0.22      0.20      0.21      0.25      0.28      0.36      0.44
  9671.00      0.14      0.16      0.17      0.19      0.17      0.17      0.16      0.16      0.19      0.22      0.28      0.33
  9672.00      0.22      0.24      0.26      0.29      0.25      0.26      0.25      0.25      0.29      0.33      0.42      0.50
  9673.00      0.43      0.48      0.51      0.57      0.50      0.51      0.50      0.49      0.57      0.66      0.83      0.99
  9674.00      0.53      0.58      0.63      0.70      0.62      0.63      0.61      0.60      0.70      0.82      1.01      1.21
  9675.00      0.49      0.54      0.58      0.65      0.58      0.60      0.56      0.55      0.65      0.76      0.95      1.13
  9676.00      0.31      0.35      0.37      0.42      0.38      0.39      0.35      0.35      0.42      0.49      0.61      0.74
  9677.00      0.23      0.26      0.28      0.31      0.28      0.29      0.25      0.26      0.32      0.36      0.45      0.55
  9678.00      0.31      0.34      0.37      0.41      0.37      0.37      0.34      0.35      0.43      0.47      0.60      0.73
  9679.00      0.48      0.53      0.57      0.64      0.58      0.57      0.52      0.54      0.66      0.71      0.92      1.13
  9680.00      0.47      0.52      0.56      0.63      0.57      0.55      0.52      0.53      0.66      0.69      0.90      1.10
  9681.00      0.44      0.49      0.52      0.59      0.53      0.51      0.49      0.49      0.61      0.63      0.82      1.01
  9682.00      0.40      0.44      0.47      0.53      0.49      0.46      0.45      0.44      0.54      0.57      0.74      0.91
  9683.00      0.30      0.33      0.36      0.40      0.36      0.35      0.34      0.33      0.40      0.42      0.55      0.67
  9684.00      0.15      0.17      0.18      0.21      0.19      0.19      0.17      0.17      0.20      0.22      0.29      0.35
  9685.00      0.11      0.12      0.13      0.15      0.13      0.14      0.12      0.13      0.14      0.16      0.20      0.25
  9686.00      0.16      0.18      0.19      0.21      0.19      0.20      0.18      0.18      0.21      0.23      0.30      0.36
  9687.00      0.37      0.41      0.44      0.50      0.47      0.47      0.42      0.43      0.48      0.55      0.69      0.86
  9688.00      0.49      0.54      0.58      0.65      0.63      0.60      0.55      0.55      0.62      0.71      0.89      1.14
  9689.00      0.50      0.55      0.60      0.67      0.66      0.62      0.56      0.56      0.63      0.73      0.91      1.20
  9690.00      0.50      0.56      0.60      0.67      0.66      0.63      0.55      0.56      0.63      0.72      0.91      1.22
  9691.00      0.43      0.47      0.51      0.57      0.55      0.54      0.47      0.47      0.54      0.61      0.78      1.05
  9692.00      0.23      0.25      0.27      0.30      0.29      0.28      0.25      0.25      0.29      0.32      0.42      0.56
  9693.00      0.17      0.19      0.20      0.23      0.22      0.21      0.19      0.18      0.22      0.24      0.32      0.42
  9694.00      0.24      0.27      0.29      0.32      0.31      0.30      0.27      0.26      0.31      0.35      0.46      0.60
  9695.00      0.43      0.47      0.51      0.57      0.55      0.52      0.48      0.46      0.55      0.62      0.80      1.03
  9696.00      0.45      0.49      0.53      0.59      0.57      0.54      0.51      0.49      0.58      0.65      0.84      1.08
  9697.00      0.52      0.57      0.62      0.69      0.66      0.63      0.61      0.58      0.67      0.76      0.96      1.24
  9698.00      0.56      0.61      0.67      0.74      0.71      0.68      0.65      0.63      0.72      0.82      1.03      1.34
  9699.00      0.49      0.54      0.59      0.66      0.64      0.60      0.57      0.56      0.63      0.72      0.92      1.18
  9700.00      0.26      0.29      0.31      0.35      0.33      0.31      0.30      0.30      0.34      0.38      0.49      0.63
  9701.00      0.10      0.11      0.11      0.13      0.12      0.12      0.11      0.11      0.12      0.14      0.18      0.23
  9702.00      0.07      0.07      0.08      0.09      0.09      0.08      0.08      0.08      0.09      0.10      0.13      0.16
  9703.00      0.10      0.11      0.12      0.13      0.13      0.12      0.11      0.11      0.13      0.15      0.19      0.24
  9704.00      0.29      0.32      0.34      0.38      0.37      0.36      0.32      0.32      0.38      0.43      0.53      0.69
  9705.00      0.55      0.60      0.66      0.73      0.69      0.68      0.61      0.62      0.72      0.81      0.99      1.30
  9706.00      0.54      0.60      0.65      0.72      0.68      0.66      0.60      0.62      0.70      0.80      0.96      1.27
  9707.00      0.51      0.57      0.62      0.68      0.64      0.62      0.57      0.60      0.66      0.75      0.91      1.19
  9708.00      0.52      0.57      0.62      0.69      0.65      0.62      0.58      0.61      0.65      0.75      0.91      1.17
  9709.00      0.53      0.58      0.64      0.71      0.67      0.64      0.60      0.63      0.66      0.78      0.94      1.19
  9710.00      0.56      0.62      0.67      0.75      0.70      0.69      0.64      0.66      0.70      0.83      1.00      1.25
  9711.00      0.57      0.63      0.69      0.76      0.70      0.71      0.66      0.66      0.72      0.85      1.03      1.27
  9712.00      0.56      0.61      0.67      0.74      0.66      0.69      0.64      0.63      0.72      0.82      1.00      1.24
  9713.00      0.44      0.48      0.53      0.58      0.52      0.54      0.50      0.49      0.58      0.64      0.80      0.99
  9714.00      0.35      0.39      0.42      0.47      0.42      0.42      0.40      0.39      0.47      0.51      0.64      0.80
  9715.00      0.40      0.44      0.48      0.53      0.48      0.46      0.45      0.45      0.53      0.57      0.73      0.91
  9716.00      0.51      0.57      0.62      0.68      0.64      0.59      0.58      0.58      0.68      0.74      0.95      1.19
  9717.00      0.56      0.62      0.67      0.74      0.70      0.64      0.64      0.63      0.74      0.80      1.04      1.30
  9718.00      0.57      0.63      0.68      0.76      0.69      0.65      0.65      0.65      0.75      0.82      1.07      1.33
  9719.00      0.56      0.62      0.67      0.74      0.67      0.65      0.64      0.63      0.74      0.80      1.05      1.32
  9720.00      0.53      0.58      0.63      0.70      0.61      0.62      0.60      0.59      0.70      0.74      0.99      1.25
  9721.00      0.42      0.46      0.50      0.55      0.47      0.50      0.47      0.46      0.56      0.58      0.79      0.99
  9722.00      0.31      0.34      0.37      0.41      0.34      0.37      0.35      0.33      0.41      0.43      0.58      0.73
  9723.00      0.29      0.32      0.35      0.38      0.33      0.34      0.32      0.31      0.39      0.41      0.55      0.68
  9724.00      0.39      0.43      0.47      0.52      0.47      0.47      0.44      0.44      0.53      0.57      0.76      0.92
  9725.00      0.50      0.55      0.60      0.66      0.60      0.59      0.54      0.56      0.66      0.72      0.95      1.16
  9726.00      0.53      0.58      0.63      0.70      0.65      0.63      0.57      0.61      0.70      0.76      1.00      1.23
  9727.00      0.51      0.56      0.61      0.67      0.64      0.61      0.55      0.58      0.67      0.73      0.95      1.18
  9728.00      0.48      0.52      0.57      0.63      0.60      0.58      0.52      0.54      0.63      0.67      0.88      1.10
  9729.00      0.51      0.56      0.61      0.67      0.63      0.64      0.55      0.57      0.67      0.70      0.93      1.18
  9730.00      0.48      0.52      0.57      0.63      0.59      0.61      0.52      0.54      0.62      0.64      0.87      1.11
  9731.00      0.39      0.43      0.47      0.52      0.49      0.50      0.42      0.44      0.51      0.52      0.72      0.91
  9732.00      0.37      0.40      0.44      0.49      0.47      0.47      0.39      0.41      0.48      0.48      0.68      0.86
  9733.00      0.45      0.50      0.54      0.60      0.58      0.56      0.48      0.50      0.60      0.58      0.85      1.06
  9734.00      0.51      0.56      0.61      0.67      0.65      0.62      0.55      0.56      0.68      0.64      0.96      1.18
  9735.00      0.46      0.50      0.55      0.61      0.58      0.55      0.51      0.51      0.62      0.57      0.86      1.05
  9736.00      0.43      0.47      0.51      0.57      0.54      0.51      0.48      0.49      0.59      0.53      0.81      0.96
  9737.00      0.26      0.29      0.31      0.35      0.33      0.31      0.29      0.30      0.36      0.33      0.49      0.58
  9738.00      0.20      0.22      0.24      0.27      0.25      0.24      0.22      0.23      0.27      0.25      0.38      0.44
  9739.00      0.27      0.29      0.32      0.35      0.33      0.31      0.29      0.31      0.36      0.34      0.50      0.59
  9740.00      0.22      0.24      0.26      0.29      0.27      0.25      0.23      0.26      0.30      0.29      0.41      0.49
  9741.00      0.16      0.18      0.19      0.21      0.19      0.19      0.17      0.19      0.21      0.21      0.29      0.36
  9742.00      0.22      0.24      0.27      0.29      0.26      0.26      0.24      0.26      0.30      0.30      0.41      0.50
  9743.00      0.43      0.47      0.51      0.57      0.51      0.50      0.48      0.49      0.57      0.60      0.78      0.97
  9744.00      0.53      0.58      0.63      0.70      0.63      0.62      0.59      0.60      0.71      0.75      0.96      1.20
  9745.00      0.55      0.60      0.65      0.72      0.65      0.65      0.61      0.61      0.74      0.80      1.00      1.24
  9746.00      0.48      0.52      0.57      0.63      0.58      0.58      0.53      0.52      0.64      0.72      0.87      1.09
  9747.00      0.24      0.26      0.28      0.31      0.29      0.29      0.26      0.26      0.32      0.37      0.43      0.55
  9748.00      0.15      0.16      0.17      0.19      0.18      0.18      0.16      0.16      0.20      0.23      0.26      0.33
  9749.00      0.14      0.15      0.17      0.18      0.17      0.17      0.15      0.16      0.19      0.22      0.25      0.32
  9750.00      0.23      0.25      0.27      0.30      0.28      0.27      0.25      0.26      0.31      0.36      0.42      0.52
  9751.00      0.47      0.52      0.56      0.62      0.58      0.55      0.51      0.54      0.63      0.74      0.85      1.05
  9752.00      0.57      0.62      0.67      0.75      0.71      0.65      0.62      0.65      0.76      0.89      1.03      1.24
  9753.00      0.56      0.61      0.66      0.73      0.71      0.64      0.62      0.64      0.74      0.86      1.02      1.20
  9754.00      0.52      0.56      0.61      0.68      0.67      0.60      0.57      0.59      0.68      0.79      0.96      1.11
  9755.00      0.50      0.54      0.59      0.66      0.64      0.59      0.55      0.58      0.65      0.76      0.94      1.08
  9756.00      0.51      0.55      0.60      0.67      0.64      0.60      0.56      0.59      0.66      0.76      0.96      1.11
  9757.00      0.50      0.55      0.59      0.67      0.63      0.60      0.55      0.59      0.65      0.75      0.96      1.12
  9758.00      0.45      0.49      0.53      0.59      0.56      0.54      0.48      0.51      0.57      0.67      0.85      1.01
  9759.00      0.43      0.47      0.50      0.57      0.54      0.52      0.46      0.49      0.55      0.64      0.82      0.98
  9760.00      0.49      0.54      0.58      0.65      0.62      0.59      0.53      0.55      0.63      0.75      0.94      1.13
  9761.00      0.55      0.60      0.64      0.73      0.68      0.65      0.59      0.62      0.71      0.84      1.04      1.27
  9762.00      0.52      0.57      0.61      0.69      0.64      0.62      0.57      0.59      0.68      0.80      0.98      1.20
  9763.00      0.51      0.56      0.60      0.68      0.62      0.60      0.56      0.59      0.67      0.79      0.96      1.17
  9764.00      0.56      0.61      0.66      0.74      0.69      0.66      0.62      0.65      0.73      0.86      1.04      1.27
  9765.00      0.57      0.63      0.67      0.76      0.71      0.68      0.63      0.67      0.75      0.87      1.07      1.30
  9766.00      0.47      0.51      0.55      0.62      0.59      0.56      0.52      0.54      0.61      0.72      0.89      1.08
  9767.00      0.39      0.42      0.45      0.51      0.49      0.46      0.43      0.44      0.50      0.59      0.73      0.89
  9768.00      0.49      0.53      0.57      0.65      0.62      0.58      0.55      0.55      0.63      0.74      0.93      1.13
  9769.00      0.59      0.65      0.69      0.78      0.76      0.70      0.68      0.66      0.76      0.89      1.11      1.37
  9770.00      0.64      0.69      0.74      0.84      0.82      0.74      0.73      0.69      0.82      0.93      1.17      1.46
  9771.00      0.64      0.70      0.74      0.85      0.83      0.72      0.73      0.69      0.82      0.93      1.16      1.46
  9772.00      0.57      0.62      0.66      0.75      0.73      0.63      0.64      0.61      0.72      0.81      1.01      1.28
  9773.00      0.52      0.56      0.60      0.68      0.66      0.56      0.58      0.56      0.65      0.72      0.91      1.17
  9774.00      0.54      0.59      0.62      0.71      0.67      0.59      0.60      0.59      0.66      0.74      0.96      1.22
  9775.00      0.61      0.67      0.71      0.81      0.75      0.69      0.68      0.68      0.74      0.84      1.10      1.41
  9776.00      0.62      0.68      0.71      0.82      0.76      0.71      0.69      0.70      0.74      0.83      1.12      1.45
  9777.00      0.58      0.63      0.67      0.77      0.72      0.67      0.65      0.66      0.69      0.77      1.05      1.38
  9778.00      0.58      0.63      0.67      0.77      0.73      0.68      0.65      0.67      0.69      0.76      1.04      1.39
  9779.00      0.57      0.62      0.65      0.75      0.73      0.67      0.63      0.65      0.68      0.74      1.02      1.36
  9780.00      0.54      0.59      0.62      0.72      0.71      0.66      0.60      0.62      0.66      0.71      0.98      1.31
  9781.00      0.55      0.60      0.63      0.72      0.71      0.68      0.60      0.62      0.67      0.72      0.99      1.32
  9782.00      0.55      0.60      0.63      0.73      0.71      0.70      0.60      0.62      0.69      0.74      1.01      1.34
  9783.00      0.56      0.61      0.64      0.74      0.71      0.71      0.60      0.61      0.71      0.76      1.04      1.35
  9784.00      0.56      0.61      0.64      0.73      0.70      0.71      0.60      0.59      0.72      0.78      1.04      1.34
  9785.00      0.52      0.56      0.59      0.68      0.64      0.66      0.57      0.55      0.67      0.74      0.98      1.23
  9786.00      0.46      0.50      0.52      0.60      0.55      0.58      0.51      0.49      0.60      0.66      0.87      1.08
  9787.00      0.40      0.44      0.46      0.53      0.47      0.50      0.45      0.43      0.53      0.59      0.76      0.93
  9788.00      0.44      0.48      0.51      0.58      0.51      0.54      0.49      0.49      0.59      0.66      0.84      1.01
  9789.00      0.47      0.52      0.54      0.62      0.54      0.58      0.52      0.54      0.63      0.72      0.89      1.07
  9790.00      0.33      0.36      0.38      0.43      0.38      0.41      0.36      0.38      0.43      0.50      0.62      0.74
  9791.00      0.14      0.15      0.16      0.18      0.16      0.17      0.15      0.16      0.18      0.21      0.26      0.31
  9792.00      0.09      0.10      0.11      0.12      0.11      0.12      0.11      0.11      0.12      0.14      0.18      0.21
  9793.00      0.06      0.07      0.07      0.09      0.08      0.08      0.07      0.07      0.08      0.10      0.13      0.15
  9794.00      0.05      0.05      0.06      0.06      0.06      0.06      0.06      0.06      0.06      0.08      0.10      0.11
  9795.00      0.07      0.08      0.08      0.10      0.10      0.09      0.08      0.08      0.09      0.11      0.14      0.17
  9796.00      0.21      0.23      0.24      0.28      0.28      0.26      0.24      0.23      0.27      0.33      0.40      0.48
  9797.00      0.46      0.50      0.53      0.60      0.61      0.56      0.52      0.50      0.58      0.71      0.86      1.04
  9798.00      0.31      0.34      0.35      0.40      0.40      0.37      0.35      0.33      0.39      0.48      0.57      0.70
  9799.00      0.23      0.25      0.26      0.30      0.29      0.27      0.26      0.24      0.29      0.35      0.43      0.52
  9800.00      0.27      0.29      0.31      0.35      0.34      0.32      0.30      0.29      0.35      0.42      0.51      0.62
  9801.00      0.18      0.19      0.21      0.23      0.22      0.21      0.20      0.19      0.23      0.28      0.34      0.41
  9802.00      0.12      0.13      0.14      0.16      0.15      0.15      0.13      0.13      0.16      0.19      0.23      0.28
  9803.00      0.16      0.18      0.19      0.22      0.21      0.20      0.18      0.18      0.22      0.26      0.32      0.37
  9804.00      0.34      0.37      0.39      0.44      0.43      0.39      0.37      0.36      0.44      0.53      0.65      0.76
  9805.00      0.49      0.54      0.57      0.65      0.64      0.58      0.55      0.53      0.63      0.77      0.96      1.12
  9806.00      0.48      0.52      0.56      0.63      0.62      0.56      0.54      0.52      0.61      0.76      0.93      1.09
  9807.00      0.43      0.47      0.50      0.57      0.56      0.51      0.49      0.47      0.54      0.69      0.83      0.99
  9808.00      0.42      0.46      0.49      0.56      0.54      0.51      0.48      0.47      0.54      0.68      0.81      0.97
  9809.00      0.31      0.34      0.36      0.40      0.38      0.38      0.35      0.35      0.40      0.49      0.58      0.71
  9810.00      0.23      0.25      0.27      0.30      0.28      0.28      0.26      0.27      0.31      0.37      0.43      0.53
  9811.00      0.27      0.29      0.31      0.35      0.33      0.33      0.30      0.31      0.36      0.42      0.50      0.60
  9812.00      0.37      0.41      0.43      0.49      0.46      0.45      0.41      0.43      0.51      0.59      0.70      0.83
  9813.00      0.30      0.33      0.35      0.40      0.38      0.35      0.34      0.35      0.41      0.48      0.57      0.68
  9814.00      0.17      0.19      0.20      0.22      0.21      0.19      0.19      0.19      0.23      0.27      0.32      0.38
  9815.00      0.14      0.15      0.16      0.18      0.17      0.15      0.15      0.15      0.18      0.22      0.26      0.31
  9816.00      0.19      0.21      0.23      0.25      0.23      0.22      0.22      0.22      0.26      0.31      0.37      0.44
  9817.00      0.38      0.41      0.44      0.50      0.45      0.43      0.44      0.44      0.50      0.61      0.74      0.87
  9818.00      0.39      0.42      0.45      0.51      0.47      0.45      0.44      0.45      0.50      0.61      0.76      0.90
  9819.00      0.29      0.32      0.34      0.38      0.36      0.35      0.33      0.33      0.37      0.46      0.58      0.68
  9820.00      0.21      0.23      0.25      0.28      0.27      0.25      0.23      0.24      0.27      0.33      0.43      0.49
  9821.00      0.16      0.18      0.19      0.21      0.21      0.20      0.18      0.18      0.21      0.25      0.33      0.37
  9822.00      0.18      0.19      0.21      0.23      0.23      0.22      0.20      0.19      0.22      0.27      0.35      0.40
  9823.00      0.23      0.26      0.28      0.31      0.29      0.29      0.27      0.25      0.30      0.35      0.46      0.52
  9824.00      0.24      0.26      0.28      0.32      0.29      0.30      0.28      0.25      0.32      0.36      0.47      0.54
