# using desi_quick_lbg.py -i rrtemplate-lbgV32sp.fits --ab-magnitude r=24.5 --total-exptime 4000 --nexp 4 --prefix /global/common/software/desi/users/jguy/lyaforecast/lyaforecast/resources/data/DESI-2-LBG/snr --template-index 2 --config desi-2
# run by jguy
# on 2026-01-16
# Lyman-alpha forest S/N per Ang for mean quasar with mean forest
# INFILE= rrtemplate-lbgV32sp.fits
# BAND= r
# MAG= 22.25
# EXPTIME= 4000.0
# NEXP= 4
#
# Wave SN(z=2.0) SN(z=2.25) SN(z=2.5) SN(z=2.75) SN(z=3.0) SN(z=3.25) SN(z=3.5) SN(z=3.75) SN(z=4.0) SN(z=4.25) SN(z=4.5) SN(z=4.75)
  3600.00      0.31      0.33      0.16      0.19      0.00      0.00      0.00      0.00      0.00      0.00      0.00      0.00
  3601.00      0.41      0.43      0.23      0.25      0.00      0.00      0.00      0.00      0.00      0.00      0.00      0.00
  3602.00      0.47      0.46      0.25      0.27      0.00      0.00      0.00      0.00      0.00      0.00      0.00      0.00
  3603.00      0.53      0.47      0.27      0.30      0.00      0.00      0.00      0.00      0.00      0.00      0.00      0.00
  3604.00      0.55      0.46      0.28      0.32      0.01      0.00      0.00      0.00      0.00      0.00      0.00      0.00
  3605.00      0.57      0.48      0.30      0.34      0.01      0.00      0.00      0.00      0.00      0.00      0.00      0.00
  3606.00      0.58      0.53      0.33      0.35      0.01      0.00      0.00      0.00      0.00      0.00      0.00      0.00
  3607.00      0.60      0.56      0.33      0.36      0.02      0.00      0.00      0.00      0.00      0.00      0.00      0.00
  3608.00      0.62      0.59      0.34      0.38      0.03      0.00      0.00      0.00      0.00      0.00      0.00      0.00
  3609.00      0.64      0.62      0.35      0.40      0.06      0.00      0.00      0.00      0.00      0.00      0.00      0.00
  3610.00      0.67      0.66      0.36      0.45      0.10      0.00      0.00      0.00      0.00      0.00      0.00      0.00
  3611.00      0.67      0.70      0.37      0.46      0.13      0.00      0.00      0.00      0.00      0.00      0.00      0.00
  3612.00      0.64      0.70      0.38      0.45      0.11      0.00      0.00      0.00      0.00      0.00      0.00      0.00
  3613.00      0.58      0.69      0.41      0.42      0.07      0.00      0.00      0.00      0.00      0.00      0.00      0.00
  3614.00      0.53      0.71      0.46      0.40      0.02      0.00      0.00      0.00      0.00      0.00      0.00      0.00
  3615.00      0.50      0.73      0.54      0.40      0.00      0.00      0.00      0.00      0.00      0.00      0.00      0.00
  3616.00      0.41      0.68      0.54      0.36      0.00      0.00      0.00      0.00      0.00      0.00      0.00      0.00
  3617.00      0.31      0.60      0.51      0.33      0.00      0.00      0.00      0.00      0.00      0.00      0.00      0.00
  3618.00      0.26      0.59      0.54      0.36      0.00      0.00      0.00      0.00      0.00      0.00      0.00      0.00
  3619.00      0.23      0.59      0.56      0.40      0.01      0.00      0.00      0.00      0.00      0.00      0.00      0.00
  3620.00      0.22      0.59      0.55      0.41      0.00      0.00      0.00      0.00      0.00      0.00      0.00      0.00
  3621.00      0.23      0.59      0.50      0.41      0.01      0.00      0.00      0.00      0.00      0.00      0.00      0.00
  3622.00      0.31      0.65      0.49      0.43      0.02      0.00      0.00      0.00      0.00      0.00      0.00      0.00
  3623.00      0.41      0.69      0.46      0.45      0.03      0.00      0.00      0.00      0.00      0.00      0.00      0.00
  3624.00      0.51      0.75      0.43      0.49      0.03      0.00      0.00      0.00      0.00      0.00      0.00      0.00
  3625.00      0.57      0.77      0.37      0.49      0.03      0.00      0.00      0.00      0.00      0.00      0.00      0.00
  3626.00      0.58      0.75      0.29      0.46      0.03      0.01      0.00      0.00      0.00      0.00      0.00      0.00
  3627.00      0.54      0.69      0.23      0.41      0.03      0.00      0.00      0.00      0.00      0.00      0.00      0.00
  3628.00      0.52      0.69      0.22      0.40      0.02      0.00      0.00      0.00      0.00      0.00      0.00      0.00
  3629.00      0.54      0.72      0.26      0.43      0.01      0.00      0.00      0.00      0.00      0.00      0.00      0.00
  3630.00      0.54      0.69      0.32      0.43      0.02      0.00      0.00      0.00      0.00      0.00      0.00      0.00
  3631.00      0.54      0.66      0.40      0.41      0.02      0.00      0.00      0.00      0.00      0.00      0.00      0.00
  3632.00      0.56      0.69      0.51      0.41      0.02      0.00      0.00      0.00      0.00      0.00      0.00      0.00
  3633.00      0.57      0.72      0.61      0.40      0.01      0.00      0.00      0.00      0.00      0.00      0.00      0.00
  3634.00      0.58      0.71      0.67      0.36      0.00      0.00      0.00      0.00      0.00      0.00      0.00      0.00
  3635.00      0.54      0.62      0.61      0.30      0.00      0.00      0.00      0.00      0.00      0.00      0.00      0.00
  3636.00      0.54      0.61      0.57      0.29      0.00      0.00      0.00      0.00      0.00      0.00      0.00      0.00
  3637.00      0.54      0.61      0.52      0.29      0.00      0.01      0.00      0.00      0.00      0.00      0.00      0.00
  3638.00      0.63      0.66      0.51      0.32      0.00      0.02      0.00      0.00      0.00      0.00      0.00      0.00
  3639.00      0.77      0.70      0.54      0.33      0.00      0.01      0.00      0.00      0.00      0.00      0.00      0.00
  3640.00      0.96      0.72      0.62      0.30      0.00      0.00      0.00      0.00      0.00      0.00      0.00      0.00
  3641.00      1.13      0.72      0.69      0.23      0.00      0.00      0.00      0.00      0.00      0.00      0.00      0.00
  3642.00      1.33      0.73      0.75      0.17      0.01      0.02      0.00      0.00      0.00      0.00      0.00      0.00
  3643.00      1.51      0.71      0.77      0.13      0.03      0.05      0.00      0.00      0.00      0.00      0.00      0.00
  3644.00      1.71      0.70      0.80      0.10      0.05      0.06      0.00      0.00      0.00      0.00      0.00      0.00
  3645.00      1.80      0.67      0.81      0.06      0.03      0.04      0.00      0.00      0.00      0.00      0.00      0.00
  3646.00      1.67      0.60      0.79      0.02      0.01      0.01      0.00      0.00      0.00      0.00      0.00      0.00
  3647.00      1.46      0.54      0.80      0.00      0.00      0.01      0.00      0.00      0.00      0.00      0.00      0.00
  3648.00      1.51      0.52      0.86      0.01      0.00      0.04      0.00      0.00      0.00      0.00      0.00      0.00
  3649.00      2.52      0.52      0.88      0.04      0.00      0.08      0.00      0.00      0.00      0.00      0.00      0.00
  3650.00      4.58      0.51      0.82      0.11      0.00      0.09      0.00      0.00      0.00      0.00      0.00      0.00
  3651.00      7.11      0.57      0.81      0.19      0.00      0.07      0.00      0.00      0.00      0.00      0.00      0.00
  3652.00      8.74      0.64      0.76      0.25      0.02      0.05      0.00      0.00      0.00      0.00      0.00      0.00
  3653.00      9.11      0.70      0.74      0.28      0.04      0.05      0.00      0.00      0.00      0.00      0.00      0.00
  3654.00      8.34      0.75      0.76      0.29      0.06      0.03      0.00      0.00      0.00      0.00      0.00      0.00
  3655.00      6.98      0.77      0.79      0.27      0.05      0.01      0.00      0.00      0.00      0.00      0.00      0.00
  3656.00      5.49      0.75      0.80      0.24      0.03      0.00      0.00      0.00      0.00      0.00      0.00      0.00
  3657.00      4.28      0.74      0.80      0.22      0.01      0.00      0.00      0.00      0.00      0.00      0.00      0.00
  3658.00      3.34      0.75      0.80      0.19      0.00      0.00      0.00      0.00      0.00      0.00      0.00      0.00
  3659.00      2.68      0.77      0.80      0.16      0.01      0.00      0.00      0.00      0.00      0.00      0.00      0.00
  3660.00      2.17      0.76      0.79      0.13      0.03      0.00      0.00      0.00      0.00      0.00      0.00      0.00
  3661.00      1.86      0.77      0.81      0.11      0.05      0.00      0.00      0.00      0.00      0.00      0.00      0.00
  3662.00      1.63      0.77      0.81      0.10      0.04      0.00      0.00      0.00      0.00      0.00      0.00      0.00
  3663.00      1.38      0.72      0.76      0.08      0.03      0.01      0.00      0.00      0.00      0.00      0.00      0.00
  3664.00      1.22      0.70      0.75      0.08      0.04      0.01      0.00      0.00      0.00      0.00      0.00      0.00
  3665.00      1.15      0.69      0.78      0.12      0.06      0.00      0.00      0.00      0.00      0.00      0.00      0.00
  3666.00      1.11      0.66      0.80      0.20      0.07      0.00      0.00      0.00      0.00      0.00      0.00      0.00
  3667.00      1.11      0.62      0.82      0.30      0.07      0.00      0.00      0.00      0.00      0.00      0.00      0.00
  3668.00      1.15      0.58      0.84      0.41      0.04      0.00      0.00      0.00      0.00      0.00      0.00      0.00
  3669.00      1.15      0.54      0.83      0.48      0.01      0.00      0.00      0.00      0.00      0.00      0.00      0.00
  3670.00      1.15      0.56      0.83      0.52      0.00      0.00      0.00      0.00      0.00      0.00      0.00      0.00
  3671.00      1.13      0.62      0.84      0.53      0.00      0.00      0.00      0.00      0.00      0.00      0.00      0.00
  3672.00      1.14      0.70      0.87      0.53      0.00      0.01      0.00      0.00      0.00      0.00      0.00      0.00
  3673.00      1.19      0.77      0.91      0.53      0.00      0.02      0.00      0.00      0.00      0.00      0.00      0.00
  3674.00      1.24      0.81      0.93      0.53      0.00      0.01      0.00      0.00      0.00      0.00      0.00      0.00
  3675.00      1.24      0.78      0.87      0.49      0.00      0.00      0.00      0.00      0.00      0.00      0.00      0.00
  3676.00      1.24      0.79      0.85      0.46      0.00      0.00      0.00      0.00      0.00      0.00      0.00      0.00
  3677.00      1.20      0.79      0.82      0.44      0.01      0.00      0.00      0.00      0.00      0.00      0.00      0.00
  3678.00      1.24      0.87      0.88      0.48      0.03      0.00      0.00      0.00      0.00      0.00      0.00      0.00
  3679.00      1.30      0.95      0.94      0.53      0.04      0.00      0.00      0.00      0.00      0.00      0.00      0.00
  3680.00      1.30      0.95      0.93      0.56      0.05      0.00      0.00      0.00      0.00      0.00      0.00      0.00
  3681.00      1.35      0.99      0.96      0.63      0.07      0.00      0.00      0.00      0.00      0.00      0.00      0.00
  3682.00      1.35      0.98      0.97      0.66      0.10      0.00      0.00      0.00      0.00      0.00      0.00      0.00
  3683.00      1.30      0.93      0.94      0.64      0.11      0.00      0.00      0.00      0.00      0.00      0.00      0.00
  3684.00      1.25      0.86      0.89      0.59      0.11      0.00      0.00      0.00      0.00      0.00      0.00      0.00
  3685.00      1.21      0.79      0.84      0.55      0.10      0.00      0.00      0.00      0.00      0.00      0.00      0.00
  3686.00      1.35      0.86      0.92      0.61      0.11      0.00      0.00      0.00      0.00      0.00      0.00      0.00
  3687.00      1.44      0.94      1.00      0.69      0.09      0.00      0.00      0.00      0.00      0.00      0.00      0.00
  3688.00      1.37      0.94      0.98      0.71      0.05      0.00      0.00      0.00      0.00      0.00      0.00      0.00
  3689.00      1.34      0.99      0.98      0.71      0.02      0.01      0.00      0.00      0.00      0.00      0.00      0.00
  3690.00      1.30      1.03      0.95      0.67      0.00      0.01      0.00      0.00      0.00      0.00      0.00      0.00
  3691.00      1.25      1.06      0.90      0.64      0.00      0.00      0.00      0.00      0.00      0.00      0.00      0.00
  3692.00      1.23      1.08      0.89      0.63      0.02      0.00      0.00      0.00      0.00      0.00      0.00      0.00
  3693.00      1.27      1.12      0.90      0.65      0.06      0.00      0.00      0.00      0.00      0.00      0.00      0.00
  3694.00      1.27      1.10      0.89      0.65      0.09      0.00      0.00      0.00      0.00      0.00      0.00      0.00
  3695.00      1.25      1.05      0.87      0.62      0.09      0.02      0.00      0.00      0.00      0.00      0.00      0.00
  3696.00      1.26      1.03      0.89      0.57      0.10      0.05      0.00      0.00      0.00      0.00      0.00      0.00
  3697.00      1.32      1.03      0.93      0.55      0.12      0.04      0.00      0.00      0.00      0.00      0.00      0.00
  3698.00      1.27      0.96      0.89      0.51      0.14      0.01      0.00      0.00      0.00      0.00      0.00      0.00
  3699.00      1.17      0.85      0.81      0.45      0.15      0.00      0.00      0.00      0.00      0.00      0.00      0.00
  3700.00      1.19      0.83      0.82      0.47      0.15      0.00      0.00      0.00      0.00      0.00      0.00      0.00
  3701.00      1.28      0.89      0.91      0.54      0.15      0.00      0.00      0.00      0.00      0.00      0.00      0.00
  3702.00      1.33      0.95      0.97      0.58      0.16      0.00      0.00      0.00      0.00      0.00      0.00      0.00
  3703.00      1.27      0.94      0.94      0.55      0.16      0.00      0.00      0.00      0.00      0.00      0.00      0.00
  3704.00      1.17      0.87      0.87      0.48      0.15      0.00      0.00      0.00      0.00      0.00      0.00      0.00
  3705.00      1.20      0.86      0.89      0.45      0.15      0.00      0.00      0.00      0.00      0.00      0.00      0.00
  3706.00      1.25      0.85      0.95      0.39      0.16      0.00      0.00      0.00      0.00      0.00      0.00      0.00
  3707.00      1.30      0.86      1.02      0.33      0.17      0.02      0.00      0.00      0.00      0.00      0.00      0.00
  3708.00      1.32      0.90      1.07      0.29      0.17      0.04      0.00      0.00      0.00      0.00      0.00      0.00
  3709.00      1.31      0.92      1.07      0.27      0.18      0.05      0.00      0.00      0.00      0.00      0.00      0.00
  3710.00      1.28      0.91      1.05      0.27      0.18      0.03      0.00      0.00      0.00      0.00      0.00      0.00
  3711.00      1.25      0.87      1.02      0.28      0.19      0.01      0.00      0.00      0.00      0.00      0.00      0.00
  3712.00      1.24      0.83      0.99      0.28      0.22      0.00      0.00      0.00      0.00      0.00      0.00      0.00
  3713.00      1.20      0.81      0.95      0.31      0.26      0.00      0.00      0.00      0.00      0.00      0.00      0.00
  3714.00      1.17      0.79      0.91      0.39      0.29      0.00      0.00      0.00      0.00      0.00      0.00      0.00
  3715.00      1.20      0.82      0.90      0.54      0.31      0.02      0.00      0.00      0.00      0.00      0.00      0.00
  3716.00      1.27      0.85      0.88      0.68      0.31      0.07      0.00      0.00      0.00      0.00      0.00      0.00
  3717.00      1.29      0.81      0.80      0.72      0.26      0.10      0.00      0.00      0.00      0.00      0.00      0.00
  3718.00      1.32      0.79      0.72      0.69      0.22      0.11      0.00      0.00      0.00      0.00      0.00      0.00
  3719.00      1.35      0.77      0.66      0.64      0.17      0.12      0.00      0.00      0.00      0.00      0.00      0.00
  3720.00      1.43      0.82      0.65      0.63      0.13      0.11      0.00      0.00      0.00      0.00      0.00      0.00
  3721.00      1.51      0.88      0.67      0.62      0.10      0.07      0.00      0.00      0.00      0.00      0.00      0.00
  3722.00      1.53      0.90      0.70      0.60      0.06      0.03      0.00      0.00      0.00      0.00      0.00      0.00
  3723.00      1.57      0.95      0.78      0.61      0.03      0.01      0.00      0.00      0.00      0.00      0.00      0.00
  3724.00      1.54      0.95      0.81      0.60      0.04      0.00      0.00      0.00      0.00      0.00      0.00      0.00
  3725.00      1.62      1.02      0.90      0.65      0.07      0.00      0.00      0.00      0.00      0.00      0.00      0.00
  3726.00      1.58      0.99      0.88      0.66      0.11      0.01      0.00      0.00      0.00      0.00      0.00      0.00
  3727.00      1.45      0.89      0.80      0.60      0.14      0.04      0.00      0.00      0.00      0.00      0.00      0.00
  3728.00      1.57      0.97      0.86      0.66      0.18      0.07      0.00      0.00      0.00      0.00      0.00      0.00
  3729.00      1.61      1.04      0.90      0.69      0.20      0.05      0.00      0.00      0.00      0.00      0.00      0.00
  3730.00      1.46      0.98      0.82      0.63      0.19      0.01      0.00      0.00      0.00      0.00      0.00      0.00
  3731.00      1.55      1.05      0.84      0.66      0.20      0.00      0.00      0.00      0.00      0.00      0.00      0.00
  3732.00      1.64      1.09      0.85      0.68      0.21      0.00      0.00      0.00      0.00      0.00      0.00      0.00
  3733.00      1.70      1.08      0.84      0.68      0.20      0.00      0.00      0.00      0.00      0.00      0.00      0.00
  3734.00      1.83      1.08      0.88      0.72      0.18      0.00      0.00      0.00      0.00      0.00      0.00      0.00
  3735.00      1.98      1.12      0.96      0.79      0.22      0.00      0.00      0.00      0.00      0.00      0.00      0.00
  3736.00      2.06      1.16      1.04      0.85      0.30      0.00      0.00      0.00      0.00      0.00      0.00      0.00
  3737.00      2.03      1.19      1.08      0.84      0.39      0.00      0.00      0.00      0.00      0.00      0.00      0.00
  3738.00      1.79      1.09      1.00      0.72      0.41      0.01      0.00      0.00      0.00      0.00      0.00      0.00
  3739.00      1.59      0.99      0.92      0.62      0.41      0.00      0.00      0.00      0.00      0.00      0.00      0.00
  3740.00      1.66      1.06      1.00      0.66      0.43      0.00      0.00      0.00      0.00      0.00      0.00      0.00
  3741.00      1.69      1.10      1.05      0.72      0.42      0.00      0.00      0.00      0.00      0.00      0.00      0.00
  3742.00      1.58      1.05      1.02      0.74      0.37      0.00      0.00      0.00      0.00      0.00      0.00      0.00
  3743.00      1.65      1.11      1.12      0.83      0.37      0.00      0.00      0.00      0.00      0.00      0.00      0.00
  3744.00      1.62      1.07      1.13      0.83      0.35      0.00      0.00      0.00      0.00      0.00      0.00      0.00
  3745.00      1.48      0.97      1.03      0.74      0.29      0.00      0.00      0.00      0.00      0.00      0.00      0.00
  3746.00      1.51      0.98      1.04      0.74      0.25      0.00      0.00      0.00      0.00      0.00      0.00      0.00
  3747.00      1.53      0.98      1.00      0.75      0.19      0.00      0.00      0.00      0.00      0.00      0.00      0.00
  3748.00      1.61      1.02      1.01      0.79      0.13      0.00      0.00      0.00      0.00      0.00      0.00      0.00
  3749.00      1.83      1.13      1.12      0.90      0.07      0.00      0.00      0.00      0.00      0.00      0.00      0.00
  3750.00      1.83      1.11      1.12      0.88      0.02      0.00      0.00      0.00      0.00      0.00      0.00      0.00
  3751.00      1.68      1.02      1.04      0.79      0.02      0.00      0.00      0.00      0.00      0.00      0.00      0.00
  3752.00      1.70      1.05      1.08      0.81      0.04      0.00      0.00      0.00      0.00      0.00      0.00      0.00
  3753.00      1.79      1.15      1.13      0.88      0.08      0.00      0.00      0.00      0.00      0.00      0.00      0.00
  3754.00      1.79      1.16      1.11      0.90      0.13      0.01      0.00      0.00      0.00      0.00      0.00      0.00
  3755.00      1.63      1.05      0.98      0.82      0.17      0.02      0.00      0.00      0.00      0.00      0.00      0.00
  3756.00      1.48      0.93      0.87      0.75      0.20      0.01      0.00      0.00      0.00      0.00      0.00      0.00
  3757.00      1.57      0.98      0.92      0.80      0.27      0.01      0.00      0.00      0.00      0.00      0.00      0.00
  3758.00      1.69      1.07      0.99      0.85      0.34      0.01      0.00      0.00      0.00      0.00      0.00      0.00
  3759.00      1.71      1.10      1.00      0.84      0.40      0.04      0.00      0.00      0.00      0.00      0.00      0.00
  3760.00      1.59      1.04      0.94      0.77      0.43      0.07      0.00      0.00      0.00      0.00      0.00      0.00
  3761.00      1.60      1.05      0.96      0.77      0.46      0.07      0.00      0.00      0.00      0.00      0.00      0.00
  3762.00      1.66      1.09      1.02      0.81      0.49      0.06      0.00      0.00      0.00      0.00      0.00      0.00
  3763.00      1.77      1.15      1.09      0.87      0.50      0.03      0.00      0.00      0.00      0.00      0.00      0.00
  3764.00      1.80      1.15      1.10      0.88      0.48      0.01      0.00      0.00      0.00      0.00      0.00      0.00
  3765.00      1.83      1.15      1.11      0.88      0.47      0.00      0.00      0.00      0.00      0.00      0.00      0.00
  3766.00      1.76      1.10      1.06      0.81      0.45      0.00      0.00      0.00      0.00      0.00      0.00      0.00
  3767.00      1.83      1.13      1.09      0.80      0.48      0.00      0.00      0.00      0.00      0.00      0.00      0.00
  3768.00      1.89      1.16      1.13      0.81      0.52      0.00      0.00      0.00      0.00      0.00      0.00      0.00
  3769.00      1.89      1.17      1.13      0.83      0.54      0.00      0.00      0.00      0.00      0.00      0.00      0.00
  3770.00      1.94      1.20      1.17      0.88      0.57      0.00      0.00      0.00      0.00      0.00      0.00      0.00
  3771.00      1.93      1.18      1.19      0.90      0.59      0.00      0.00      0.00      0.00      0.00      0.00      0.00
  3772.00      1.71      1.00      1.08      0.79      0.53      0.00      0.00      0.00      0.00      0.00      0.00      0.00
  3773.00      1.50      0.86      0.95      0.66      0.45      0.00      0.00      0.00      0.00      0.00      0.00      0.00
  3774.00      1.43      0.86      0.92      0.57      0.42      0.00      0.00      0.00      0.00      0.00      0.00      0.00
  3775.00      1.37      0.92      0.94      0.54      0.42      0.00      0.00      0.00      0.00      0.00      0.00      0.00
  3776.00      1.25      0.93      0.93      0.52      0.43      0.00      0.00      0.00      0.00      0.00      0.00      0.00
  3777.00      1.22      0.99      1.00      0.58      0.48      0.00      0.00      0.00      0.00      0.00      0.00      0.00
  3778.00      1.10      0.98      1.02      0.65      0.51      0.01      0.00      0.00      0.00      0.00      0.00      0.00
  3779.00      0.94      0.97      1.01      0.69      0.51      0.03      0.00      0.00      0.00      0.00      0.00      0.00
  3780.00      0.82      1.02      1.05      0.72      0.51      0.04      0.00      0.00      0.00      0.00      0.00      0.00
  3781.00      0.74      1.06      1.07      0.75      0.50      0.04      0.00      0.00      0.00      0.00      0.00      0.00
  3782.00      0.72      1.08      1.07      0.78      0.49      0.02      0.00      0.00      0.00      0.00      0.00      0.00
  3783.00      0.88      1.16      1.11      0.85      0.48      0.01      0.00      0.00      0.00      0.00      0.00      0.00
  3784.00      1.07      1.15      1.04      0.82      0.42      0.00      0.00      0.00      0.00      0.00      0.00      0.00
  3785.00      1.23      1.06      0.93      0.74      0.37      0.00      0.00      0.00      0.00      0.00      0.00      0.00
  3786.00      1.43      1.05      0.91      0.72      0.38      0.00      0.00      0.00      0.00      0.00      0.00      0.00
  3787.00      1.69      1.16      0.99      0.79      0.46      0.00      0.00      0.00      0.00      0.00      0.00      0.00
  3788.00      1.86      1.24      1.05      0.83      0.54      0.00      0.00      0.00      0.00      0.00      0.00      0.00
  3789.00      2.00      1.32      1.13      0.86      0.58      0.00      0.00      0.00      0.00      0.00      0.00      0.00
  3790.00      2.02      1.31      1.13      0.83      0.55      0.00      0.00      0.00      0.00      0.00      0.00      0.00
  3791.00      1.93      1.22      1.04      0.77      0.46      0.00      0.00      0.00      0.00      0.00      0.00      0.00
  3792.00      1.86      1.16      0.92      0.74      0.37      0.00      0.00      0.00      0.00      0.00      0.00      0.00
  3793.00      1.78      1.07      0.75      0.70      0.27      0.00      0.00      0.00      0.00      0.00      0.00      0.00
  3794.00      1.86      1.06      0.65      0.71      0.19      0.00      0.00      0.00      0.00      0.00      0.00      0.00
  3795.00      2.00      1.06      0.59      0.70      0.13      0.00      0.00      0.00      0.00      0.00      0.00      0.00
  3796.00      2.16      1.08      0.59      0.64      0.09      0.00      0.00      0.00      0.00      0.00      0.00      0.00
  3797.00      2.38      1.18      0.68      0.63      0.08      0.00      0.00      0.00      0.00      0.00      0.00      0.00
  3798.00      2.51      1.26      0.84      0.66      0.07      0.00      0.00      0.00      0.00      0.00      0.00      0.00
  3799.00      2.41      1.27      0.96      0.72      0.06      0.00      0.00      0.00      0.00      0.00      0.00      0.00
  3800.00      2.38      1.37      1.10      0.85      0.04      0.00      0.00      0.00      0.00      0.00      0.00      0.00
  3801.00      2.20      1.33      1.12      0.90      0.04      0.00      0.00      0.00      0.00      0.00      0.00      0.00
  3802.00      1.94      1.19      1.01      0.83      0.07      0.00      0.00      0.00      0.00      0.00      0.00      0.00
  3803.00      1.94      1.16      1.03      0.82      0.16      0.00      0.00      0.00      0.00      0.00      0.00      0.00
  3804.00      1.75      1.02      0.94      0.72      0.24      0.00      0.00      0.00      0.00      0.00      0.00      0.00
  3805.00      1.66      0.99      0.94      0.68      0.31      0.00      0.00      0.00      0.00      0.00      0.00      0.00
  3806.00      1.72      1.08      1.05      0.72      0.39      0.00      0.00      0.00      0.00      0.00      0.00      0.00
  3807.00      1.81      1.17      1.17      0.78      0.46      0.00      0.00      0.00      0.00      0.00      0.00      0.00
  3808.00      1.86      1.19      1.24      0.82      0.52      0.00      0.00      0.00      0.00      0.00      0.00      0.00
  3809.00      1.82      1.13      1.22      0.82      0.55      0.00      0.00      0.00      0.00      0.00      0.00      0.00
  3810.00      1.81      1.10      1.20      0.83      0.60      0.01      0.00      0.00      0.00      0.00      0.00      0.00
  3811.00      1.85      1.12      1.21      0.85      0.65      0.03      0.00      0.00      0.00      0.00      0.00      0.00
  3812.00      1.94      1.17      1.24      0.86      0.69      0.07      0.00      0.00      0.00      0.00      0.00      0.00
  3813.00      1.93      1.16      1.20      0.84      0.65      0.09      0.00      0.00      0.00      0.00      0.00      0.00
  3814.00      1.71      1.03      1.03      0.72      0.54      0.09      0.00      0.00      0.00      0.00      0.00      0.00
  3815.00      1.67      1.00      0.96      0.68      0.50      0.07      0.00      0.00      0.00      0.00      0.00      0.00
  3816.00      1.71      0.98      0.97      0.66      0.52      0.04      0.00      0.00      0.00      0.00      0.00      0.00
  3817.00      1.79      0.97      1.03      0.70      0.60      0.02      0.00      0.00      0.00      0.00      0.00      0.00
  3818.00      1.72      0.86      1.02      0.69      0.62      0.00      0.00      0.00      0.00      0.00      0.00      0.00
  3819.00      1.65      0.77      1.00      0.68      0.61      0.00      0.00      0.00      0.00      0.00      0.00      0.00
  3820.00      1.64      0.69      1.00      0.68      0.56      0.00      0.00      0.00      0.00      0.00      0.00      0.00
  3821.00      1.98      0.70      1.21      0.83      0.61      0.00      0.00      0.00      0.00      0.00      0.00      0.00
  3822.00      2.22      0.62      1.36      0.93      0.65      0.00      0.00      0.00      0.00      0.00      0.00      0.00
  3823.00      2.26      0.57      1.40      0.96      0.69      0.00      0.00      0.00      0.00      0.00      0.00      0.00
  3824.00      2.26      0.63      1.40      0.96      0.77      0.00      0.00      0.00      0.00      0.00      0.00      0.00
  3825.00      2.27      0.78      1.39      0.96      0.86      0.00      0.00      0.00      0.00      0.00      0.00      0.00
  3826.00      2.31      0.97      1.42      0.93      0.93      0.00      0.00      0.00      0.00      0.00      0.00      0.00
  3827.00      2.21      1.07      1.37      0.84      0.91      0.00      0.00      0.00      0.00      0.00      0.00      0.00
  3828.00      2.10      1.11      1.30      0.74      0.87      0.00      0.00      0.00      0.00      0.00      0.00      0.00
  3829.00      1.99      1.13      1.25      0.66      0.83      0.01      0.00      0.00      0.00      0.00      0.00      0.00
  3830.00      1.80      1.07      1.14      0.60      0.76      0.02      0.00      0.00      0.00      0.00      0.00      0.00
  3831.00      1.71      1.05      1.08      0.60      0.73      0.02      0.00      0.00      0.00      0.00      0.00      0.00
  3832.00      1.57      0.97      0.96      0.57      0.65      0.02      0.00      0.00      0.00      0.00      0.00      0.00
  3833.00      1.71      1.05      1.03      0.63      0.67      0.03      0.00      0.00      0.00      0.00      0.00      0.00
  3834.00      1.75      1.07      1.03      0.62      0.62      0.07      0.00      0.00      0.00      0.00      0.00      0.00
  3835.00      1.84      1.14      1.07      0.60      0.60      0.12      0.00      0.00      0.00      0.00      0.00      0.00
  3836.00      1.81      1.13      1.03      0.53      0.57      0.17      0.00      0.00      0.00      0.00      0.00      0.00
  3837.00      1.97      1.23      1.09      0.53      0.65      0.20      0.00      0.00      0.00      0.00      0.00      0.00
  3838.00      2.09      1.29      1.15      0.51      0.71      0.18      0.00      0.00      0.00      0.00      0.00      0.00
  3839.00      2.04      1.22      1.14      0.44      0.71      0.10      0.01      0.00      0.00      0.00      0.00      0.00
  3840.00      2.17      1.29      1.25      0.40      0.75      0.03      0.01      0.00      0.00      0.00      0.00      0.00
  3841.00      2.22      1.33      1.31      0.33      0.75      0.00      0.00      0.00      0.00      0.00      0.00      0.00
  3842.00      2.09      1.27      1.25      0.25      0.70      0.00      0.00      0.00      0.00      0.00      0.00      0.00
  3843.00      2.11      1.33      1.26      0.20      0.73      0.00      0.00      0.00      0.00      0.00      0.00      0.00
  3844.00      2.06      1.33      1.23      0.13      0.74      0.00      0.00      0.00      0.00      0.00      0.00      0.00
  3845.00      2.15      1.37      1.28      0.08      0.78      0.01      0.00      0.00      0.00      0.00      0.00      0.00
  3846.00      2.03      1.24      1.19      0.04      0.70      0.00      0.00      0.00      0.00      0.00      0.00      0.00
  3847.00      1.82      1.06      1.07      0.02      0.60      0.00      0.00      0.00      0.00      0.00      0.00      0.00
  3848.00      2.00      1.15      1.22      0.01      0.68      0.02      0.00      0.00      0.00      0.00      0.00      0.00
  3849.00      2.16      1.25      1.34      0.03      0.77      0.06      0.00      0.00      0.00      0.00      0.00      0.00
  3850.00      2.08      1.20      1.28      0.09      0.78      0.06      0.00      0.00      0.00      0.00      0.00      0.00
  3851.00      1.91      1.08      1.14      0.16      0.74      0.05      0.02      0.00      0.00      0.00      0.00      0.00
  3852.00      1.96      1.09      1.16      0.25      0.77      0.06      0.05      0.00      0.00      0.00      0.00      0.00
  3853.00      2.11      1.16      1.24      0.33      0.79      0.06      0.02      0.00      0.00      0.00      0.00      0.00
  3854.00      2.18      1.22      1.30      0.38      0.76      0.05      0.00      0.00      0.00      0.00      0.00      0.00
  3855.00      2.15      1.27      1.34      0.41      0.71      0.03      0.00      0.00      0.00      0.00      0.00      0.00
  3856.00      2.08      1.29      1.35      0.48      0.67      0.03      0.02      0.00      0.00      0.00      0.00      0.00
  3857.00      2.03      1.27      1.35      0.57      0.64      0.04      0.08      0.00      0.00      0.00      0.00      0.00
  3858.00      2.18      1.35      1.45      0.70      0.71      0.05      0.12      0.00      0.00      0.00      0.00      0.00
  3859.00      2.29      1.40      1.52      0.78      0.80      0.05      0.10      0.00      0.00      0.00      0.00      0.00
  3860.00      2.28      1.37      1.51      0.78      0.83      0.03      0.04      0.00      0.00      0.00      0.00      0.00
  3861.00      2.46      1.48      1.64      0.84      0.92      0.01      0.02      0.00      0.00      0.00      0.00      0.00
  3862.00      2.47      1.46      1.65      0.85      0.94      0.00      0.05      0.00      0.00      0.00      0.00      0.00
  3863.00      2.26      1.27      1.49      0.78      0.86      0.00      0.11      0.00      0.00      0.00      0.00      0.00
  3864.00      2.27      1.18      1.48      0.76      0.88      0.00      0.16      0.00      0.00      0.00      0.00      0.00
  3865.00      2.33      1.09      1.51      0.74      0.95      0.00      0.17      0.00      0.00      0.00      0.00      0.00
  3866.00      2.32      0.96      1.50      0.71      0.97      0.00      0.12      0.00      0.00      0.00      0.00      0.00
  3867.00      2.32      0.85      1.50      0.72      0.96      0.00      0.09      0.00      0.00      0.00      0.00      0.00
  3868.00      2.18      0.71      1.41      0.68      0.88      0.00      0.08      0.00      0.00      0.00      0.00      0.00
  3869.00      2.05      0.59      1.29      0.65      0.81      0.00      0.04      0.00      0.00      0.00      0.00      0.00
  3870.00      2.06      0.58      1.27      0.66      0.79      0.03      0.01      0.00      0.00      0.00      0.00      0.00
  3871.00      2.27      0.70      1.40      0.77      0.87      0.08      0.00      0.00      0.00      0.00      0.00      0.00
  3872.00      2.42      0.88      1.52      0.91      0.94      0.09      0.00      0.00      0.00      0.00      0.00      0.00
  3873.00      2.43      1.01      1.54      1.02      0.92      0.06      0.00      0.00      0.00      0.00      0.00      0.00
  3874.00      2.29      1.03      1.43      1.04      0.83      0.01      0.00      0.00      0.00      0.00      0.00      0.00
  3875.00      2.27      1.03      1.39      1.10      0.78      0.00      0.00      0.00      0.00      0.00      0.00      0.00
  3876.00      2.30      0.99      1.40      1.19      0.73      0.00      0.00      0.00      0.00      0.00      0.00      0.00
  3877.00      2.27      0.91      1.40      1.19      0.67      0.00      0.00      0.00      0.00      0.00      0.00      0.00
  3878.00      2.21      0.82      1.37      1.13      0.64      0.00      0.01      0.00      0.00      0.00      0.00      0.00
  3879.00      2.22      0.81      1.33      1.08      0.66      0.00      0.03      0.00      0.00      0.00      0.00      0.00
  3880.00      2.30      0.93      1.30      1.06      0.70      0.03      0.02      0.00      0.00      0.00      0.00      0.00
  3881.00      2.29      1.08      1.22      1.00      0.70      0.07      0.00      0.00      0.00      0.00      0.00      0.00
  3882.00      2.26      1.29      1.19      0.95      0.65      0.11      0.00      0.00      0.00      0.00      0.00      0.00
  3883.00      2.23      1.52      1.21      0.86      0.55      0.11      0.00      0.00      0.00      0.00      0.00      0.00
  3884.00      2.07      1.59      1.15      0.68      0.39      0.07      0.00      0.00      0.00      0.00      0.00      0.00
  3885.00      2.02      1.65      1.15      0.56      0.29      0.03      0.00      0.00      0.00      0.00      0.00      0.00
  3886.00      2.07      1.68      1.20      0.51      0.25      0.01      0.00      0.00      0.00      0.00      0.00      0.00
  3887.00      2.26      1.78      1.35      0.54      0.22      0.01      0.01      0.00      0.00      0.00      0.00      0.00
  3888.00      2.32      1.73      1.42      0.60      0.13      0.04      0.03      0.00      0.00      0.00      0.00      0.00
  3889.00      2.14      1.54      1.33      0.65      0.04      0.07      0.03      0.00      0.00      0.00      0.00      0.00
  3890.00      2.03      1.45      1.27      0.77      0.01      0.08      0.02      0.00      0.00      0.00      0.00      0.00
  3891.00      2.02      1.48      1.28      0.94      0.00      0.06      0.00      0.00      0.00      0.00      0.00      0.00
  3892.00      1.93      1.50      1.24      1.07      0.04      0.06      0.00      0.00      0.00      0.00      0.00      0.00
  3893.00      1.89      1.55      1.23      1.17      0.15      0.08      0.00      0.00      0.00      0.00      0.00      0.00
  3894.00      1.94      1.58      1.24      1.24      0.29      0.11      0.00      0.00      0.00      0.00      0.00      0.00
  3895.00      1.96      1.51      1.23      1.23      0.40      0.13      0.00      0.00      0.00      0.00      0.00      0.00
  3896.00      1.87      1.34      1.14      1.12      0.46      0.12      0.00      0.00      0.00      0.00      0.00      0.00
  3897.00      1.76      1.21      1.04      1.01      0.46      0.08      0.00      0.00      0.00      0.00      0.00      0.00
  3898.00      1.80      1.22      1.04      0.99      0.46      0.03      0.00      0.00      0.00      0.00      0.00      0.00
  3899.00      1.80      1.20      1.06      1.01      0.44      0.00      0.00      0.00      0.00      0.00      0.00      0.00
  3900.00      1.65      1.06      1.02      0.99      0.37      0.00      0.00      0.00      0.00      0.00      0.00      0.00
  3901.00      1.64      1.03      1.09      1.08      0.33      0.00      0.00      0.00      0.00      0.00      0.00      0.00
  3902.00      1.80      1.20      1.29      1.32      0.33      0.00      0.00      0.00      0.00      0.00      0.00      0.00
  3903.00      1.72      1.27      1.35      1.42      0.27      0.00      0.00      0.00      0.00      0.00      0.00      0.00
  3904.00      1.60      1.33      1.39      1.47      0.23      0.00      0.00      0.00      0.00      0.00      0.00      0.00
  3905.00      1.38      1.28      1.36      1.42      0.19      0.00      0.00      0.00      0.00      0.00      0.00      0.00
  3906.00      1.07      1.07      1.20      1.22      0.15      0.00      0.01      0.00      0.00      0.00      0.00      0.00
  3907.00      0.98      1.00      1.19      1.20      0.13      0.02      0.01      0.00      0.00      0.00      0.00      0.00
  3908.00      1.05      1.06      1.26      1.30      0.13      0.04      0.00      0.00      0.00      0.00      0.00      0.00
  3909.00      1.14      1.09      1.25      1.36      0.17      0.05      0.00      0.00      0.00      0.00      0.00      0.00
  3910.00      1.19      1.07      1.19      1.36      0.26      0.06      0.00      0.00      0.00      0.00      0.00      0.00
  3911.00      1.13      0.98      1.09      1.24      0.37      0.08      0.00      0.00      0.00      0.00      0.00      0.00
  3912.00      1.15      0.97      1.10      1.20      0.50      0.11      0.01      0.00      0.00      0.00      0.00      0.00
  3913.00      1.24      1.00      1.15      1.21      0.63      0.14      0.05      0.00      0.00      0.00      0.00      0.00
  3914.00      1.28      0.89      1.07      1.11      0.68      0.14      0.06      0.00      0.00      0.00      0.00      0.00
  3915.00      1.45      0.80      1.04      1.09      0.71      0.14      0.03      0.00      0.00      0.00      0.00      0.00
  3916.00      1.72      0.72      1.07      1.13      0.73      0.13      0.01      0.00      0.00      0.00      0.00      0.00
  3917.00      2.05      0.68      1.16      1.23      0.76      0.12      0.00      0.00      0.00      0.00      0.00      0.00
  3918.00      2.07      0.55      1.11      1.19      0.69      0.07      0.00      0.00      0.00      0.00      0.00      0.00
  3919.00      1.91      0.42      1.01      1.10      0.60      0.03      0.00      0.00      0.00      0.00      0.00      0.00
  3920.00      2.09      0.41      1.13      1.25      0.65      0.01      0.00      0.00      0.00      0.00      0.00      0.00
  3921.00      2.35      0.42      1.32      1.45      0.73      0.00      0.00      0.00      0.00      0.00      0.00      0.00
  3922.00      2.33      0.41      1.35      1.46      0.73      0.01      0.00      0.00      0.00      0.00      0.00      0.00
  3923.00      2.18      0.44      1.28      1.35      0.70      0.04      0.00      0.00      0.00      0.00      0.00      0.00
  3924.00      2.16      0.57      1.23      1.29      0.72      0.09      0.00      0.00      0.00      0.00      0.00      0.00
  3925.00      2.23      0.75      1.18      1.30      0.77      0.12      0.02      0.00      0.00      0.00      0.00      0.00
  3926.00      2.53      0.99      1.20      1.46      0.92      0.14      0.06      0.00      0.00      0.00      0.00      0.00
  3927.00      2.76      1.14      1.13      1.56      1.02      0.16      0.08      0.00      0.00      0.00      0.00      0.00
  3928.00      2.90      1.21      1.03      1.57      1.04      0.19      0.06      0.00      0.00      0.00      0.00      0.00
  3929.00      3.01      1.21      0.97      1.55      1.01      0.22      0.02      0.00      0.00      0.00      0.00      0.00
  3930.00      3.23      1.25      1.02      1.60      1.03      0.28      0.00      0.00      0.00      0.00      0.00      0.00
  3931.00      3.43      1.32      1.18      1.70      1.11      0.31      0.00      0.00      0.00      0.00      0.00      0.00
  3932.00      3.05      1.22      1.22      1.58      1.03      0.28      0.00      0.00      0.00      0.00      0.00      0.00
  3933.00      2.54      1.10      1.19      1.43      0.95      0.24      0.01      0.00      0.00      0.00      0.00      0.00
  3934.00      2.47      1.13      1.31      1.51      1.03      0.25      0.06      0.00      0.00      0.00      0.00      0.00
  3935.00      2.79      1.31      1.59      1.81      1.22      0.31      0.15      0.00      0.00      0.00      0.00      0.00
  3936.00      2.78      1.32      1.65      1.84      1.20      0.31      0.19      0.00      0.00      0.00      0.00      0.00
  3937.00      2.53      1.24      1.53      1.65      1.09      0.27      0.20      0.00      0.00      0.00      0.00      0.00
  3938.00      2.25      1.14      1.39      1.43      0.97      0.24      0.18      0.00      0.00      0.00      0.00      0.00
  3939.00      2.34      1.21      1.47      1.47      0.99      0.26      0.16      0.00      0.00      0.00      0.00      0.00
  3940.00      2.27      1.22      1.45      1.44      0.97      0.25      0.10      0.00      0.00      0.00      0.00      0.00
  3941.00      2.13      1.24      1.38      1.38      0.90      0.24      0.03      0.00      0.00      0.00      0.00      0.00
  3942.00      2.13      1.40      1.36      1.39      0.84      0.25      0.01      0.00      0.00      0.00      0.00      0.00
  3943.00      2.05      1.52      1.23      1.29      0.73      0.25      0.00      0.00      0.00      0.00      0.00      0.00
  3944.00      1.97      1.66      1.13      1.20      0.65      0.27      0.00      0.00      0.00      0.00      0.00      0.00
  3945.00      2.16      2.14      1.23      1.33      0.71      0.37      0.01      0.00      0.00      0.00      0.00      0.00
  3946.00      2.15      2.50      1.22      1.34      0.73      0.42      0.06      0.00      0.00      0.00      0.00      0.00
  3947.00      1.98      2.62      1.08      1.22      0.70      0.40      0.08      0.00      0.00      0.00      0.00      0.00
  3948.00      2.15      3.02      1.11      1.29      0.80      0.41      0.08      0.00      0.00      0.00      0.00      0.00
  3949.00      2.26      3.18      1.09      1.35      0.86      0.39      0.04      0.00      0.00      0.00      0.00      0.00
  3950.00      2.27      3.00      1.00      1.38      0.85      0.34      0.01      0.00      0.00      0.00      0.00      0.00
  3951.00      2.22      2.58      0.91      1.39      0.78      0.28      0.00      0.00      0.00      0.00      0.00      0.00
  3952.00      2.17      2.48      0.89      1.39      0.70      0.21      0.00      0.00      0.00      0.00      0.00      0.00
  3953.00      2.15      3.92      0.99      1.40      0.58      0.16      0.00      0.00      0.00      0.00      0.00      0.00
  3954.00      2.33      7.75      1.21      1.48      0.52      0.12      0.00      0.00      0.00      0.00      0.00      0.00
  3955.00      2.26     11.54      1.25      1.37      0.42      0.06      0.00      0.00      0.00      0.00      0.00      0.00
  3956.00      2.28     14.63      1.28      1.34      0.39      0.03      0.00      0.00      0.00      0.00      0.00      0.00
  3957.00      2.35     15.96      1.32      1.35      0.39      0.06      0.01      0.00      0.00      0.00      0.00      0.00
  3958.00      2.34     15.09      1.30      1.33      0.41      0.11      0.01      0.00      0.00      0.00      0.00      0.00
  3959.00      2.35     13.13      1.31      1.32      0.42      0.17      0.00      0.00      0.00      0.00      0.00      0.00
  3960.00      2.38     10.93      1.35      1.35      0.44      0.22      0.00      0.00      0.00      0.00      0.00      0.00
  3961.00      2.30      8.69      1.35      1.31      0.51      0.25      0.00      0.00      0.00      0.00      0.00      0.00
  3962.00      2.38      7.25      1.46      1.38      0.70      0.29      0.00      0.00      0.00      0.00      0.00      0.00
  3963.00      2.64      6.40      1.66      1.57      1.00      0.35      0.00      0.00      0.00      0.00      0.00      0.00
  3964.00      2.73      5.41      1.72      1.67      1.19      0.37      0.00      0.00      0.00      0.00      0.00      0.00
  3965.00      2.70      4.49      1.70      1.72      1.23      0.37      0.00      0.00      0.00      0.00      0.00      0.00
  3966.00      2.63      3.75      1.63      1.71      1.17      0.35      0.00      0.00      0.00      0.00      0.00      0.00
  3967.00      2.67      3.35      1.62      1.74      1.13      0.31      0.00      0.00      0.00      0.00      0.00      0.00
  3968.00      2.76      3.09      1.63      1.77      1.11      0.32      0.00      0.00      0.00      0.00      0.00      0.00
  3969.00      2.54      2.58      1.44      1.59      0.96      0.36      0.00      0.00      0.00      0.00      0.00      0.00
  3970.00      2.54      2.38      1.42      1.59      0.92      0.46      0.00      0.00      0.00      0.00      0.00      0.00
  3971.00      2.51      2.22      1.43      1.61      0.91      0.56      0.00      0.00      0.00      0.00      0.00      0.00
  3972.00      2.45      2.14      1.48      1.65      0.91      0.64      0.00      0.00      0.00      0.00      0.00      0.00
  3973.00      2.31      2.05      1.52      1.62      0.92      0.66      0.00      0.00      0.00      0.00      0.00      0.00
  3974.00      2.07      1.88      1.49      1.50      0.89      0.59      0.00      0.00      0.00      0.00      0.00      0.00
  3975.00      1.95      1.76      1.47      1.40      0.86      0.52      0.01      0.00      0.00      0.00      0.00      0.00
  3976.00      2.04      1.78      1.52      1.41      0.88      0.49      0.03      0.00      0.00      0.00      0.00      0.00
  3977.00      2.11      1.78      1.51      1.39      0.89      0.45      0.02      0.00      0.00      0.00      0.00      0.00
  3978.00      2.24      1.87      1.56      1.44      0.96      0.44      0.01      0.00      0.00      0.00      0.00      0.00
  3979.00      2.19      1.81      1.47      1.36      0.94      0.39      0.02      0.00      0.00      0.00      0.00      0.00
  3980.00      2.22      1.83      1.43      1.31      0.95      0.34      0.05      0.00      0.00      0.00      0.00      0.00
  3981.00      2.21      1.83      1.36      1.21      0.94      0.27      0.08      0.00      0.00      0.00      0.00      0.00
  3982.00      2.16      1.79      1.30      1.09      0.89      0.18      0.09      0.00      0.00      0.00      0.00      0.00
  3983.00      2.34      1.95      1.41      1.10      0.97      0.10      0.08      0.00      0.00      0.00      0.00      0.00
  3984.00      2.29      1.91      1.39      1.01      0.98      0.04      0.05      0.00      0.00      0.00      0.00      0.00
  3985.00      2.17      1.82      1.33      0.91      0.96      0.02      0.02      0.00      0.00      0.00      0.00      0.00
  3986.00      2.19      1.86      1.36      0.89      0.97      0.03      0.00      0.00      0.00      0.00      0.00      0.00
  3987.00      2.24      1.93      1.41      0.91      0.97      0.07      0.00      0.00      0.00      0.00      0.00      0.00
  3988.00      2.25      1.95      1.43      0.97      0.93      0.12      0.00      0.00      0.00      0.00      0.00      0.00
  3989.00      2.09      1.82      1.32      0.99      0.85      0.17      0.00      0.00      0.00      0.00      0.00      0.00
  3990.00      1.99      1.73      1.21      1.03      0.84      0.22      0.00      0.00      0.00      0.00      0.00      0.00
  3991.00      2.09      1.83      1.21      1.14      0.95      0.30      0.00      0.00      0.00      0.00      0.00      0.00
  3992.00      2.17      1.90      1.21      1.21      1.03      0.38      0.00      0.00      0.00      0.00      0.00      0.00
  3993.00      2.26      1.98      1.26      1.25      1.08      0.45      0.00      0.00      0.00      0.00      0.00      0.00
  3994.00      2.25      1.98      1.30      1.26      1.07      0.52      0.00      0.00      0.00      0.00      0.00      0.00
  3995.00      2.09      1.86      1.25      1.21      1.00      0.55      0.00      0.00      0.00      0.00      0.00      0.00
  3996.00      2.10      1.90      1.27      1.28      1.04      0.63      0.00      0.00      0.00      0.00      0.00      0.00
  3997.00      2.12      1.97      1.29      1.35      1.11      0.69      0.00      0.00      0.00      0.00      0.00      0.00
  3998.00      2.07      1.95      1.28      1.34      1.14      0.68      0.00      0.00      0.00      0.00      0.00      0.00
  3999.00      1.92      1.87      1.25      1.28      1.11      0.63      0.00      0.00      0.00      0.00      0.00      0.00
  4000.00      1.59      1.70      1.14      1.14      0.98      0.54      0.00      0.00      0.00      0.00      0.00      0.00
  4001.00      1.32      1.64      1.10      1.10      0.92      0.52      0.02      0.00      0.00      0.00      0.00      0.00
  4002.00      1.18      1.74      1.14      1.18      0.97      0.57      0.05      0.00      0.00      0.00      0.00      0.00
  4003.00      1.10      1.83      1.17      1.27      1.03      0.61      0.06      0.00      0.00      0.00      0.00      0.00
  4004.00      1.06      1.86      1.17      1.33      1.08      0.64      0.04      0.00      0.00      0.00      0.00      0.00
  4005.00      1.11      1.90      1.17      1.38      1.13      0.66      0.02      0.00      0.00      0.00      0.00      0.00
  4006.00      1.21      1.79      1.10      1.31      1.07      0.63      0.00      0.00      0.00      0.00      0.00      0.00
  4007.00      1.57      1.85      1.14      1.34      1.09      0.66      0.00      0.00      0.00      0.00      0.00      0.00
  4008.00      2.13      2.02      1.24      1.45      1.14      0.71      0.00      0.00      0.00      0.00      0.00      0.00
  4009.00      2.32      1.88      1.17      1.34      1.01      0.62      0.00      0.00      0.00      0.00      0.00      0.00
  4010.00      2.52      1.85      1.20      1.35      0.97      0.59      0.00      0.00      0.00      0.00      0.00      0.00
  4011.00      2.78      1.96      1.36      1.49      1.05      0.65      0.00      0.00      0.00      0.00      0.00      0.00
  4012.00      2.72      1.93      1.39      1.50      1.08      0.68      0.00      0.00      0.00      0.00      0.00      0.00
  4013.00      2.47      1.81      1.33      1.42      1.05      0.68      0.00      0.00      0.00      0.00      0.00      0.00
  4014.00      2.17      1.67      1.24      1.30      0.99      0.64      0.00      0.00      0.00      0.00      0.00      0.00
  4015.00      2.11      1.70      1.27      1.29      1.00      0.66      0.00      0.00      0.00      0.00      0.00      0.00
  4016.00      2.17      1.80      1.41      1.34      1.05      0.69      0.00      0.00      0.00      0.00      0.00      0.00
  4017.00      2.16      1.79      1.49      1.33      1.01      0.68      0.00      0.00      0.00      0.00      0.00      0.00
  4018.00      2.22      1.79      1.56      1.33      0.99      0.68      0.00      0.00      0.00      0.00      0.00      0.00
  4019.00      2.22      1.74      1.55      1.30      0.93      0.63      0.00      0.00      0.00      0.00      0.00      0.00
  4020.00      2.22      1.70      1.49      1.29      0.92      0.55      0.00      0.00      0.00      0.00      0.00      0.00
  4021.00      2.15      1.66      1.37      1.24      0.91      0.49      0.00      0.00      0.00      0.00      0.00      0.00
  4022.00      2.18      1.70      1.34      1.26      0.96      0.50      0.00      0.00      0.00      0.00      0.00      0.00
  4023.00      2.23      1.75      1.35      1.29      1.01      0.56      0.00      0.00      0.00      0.00      0.00      0.00
  4024.00      2.33      1.82      1.44      1.35      1.05      0.64      0.00      0.00      0.00      0.00      0.00      0.00
  4025.00      2.32      1.81      1.47      1.34      0.95      0.68      0.00      0.00      0.00      0.00      0.00      0.00
  4026.00      2.22      1.73      1.41      1.25      0.81      0.63      0.00      0.00      0.00      0.00      0.00      0.00
  4027.00      2.17      1.71      1.37      1.18      0.74      0.56      0.00      0.00      0.00      0.00      0.00      0.00
  4028.00      2.12      1.75      1.34      1.14      0.73      0.49      0.00      0.00      0.00      0.00      0.00      0.00
  4029.00      2.16      1.87      1.40      1.21      0.80      0.44      0.00      0.00      0.00      0.00      0.00      0.00
  4030.00      2.08      1.91      1.39      1.26      0.88      0.35      0.00      0.00      0.00      0.00      0.00      0.00
  4031.00      2.12      2.04      1.43      1.37      0.98      0.27      0.00      0.00      0.00      0.00      0.00      0.00
  4032.00      2.29      2.25      1.51      1.52      1.10      0.21      0.00      0.00      0.00      0.00      0.00      0.00
  4033.00      2.32      2.30      1.49      1.53      1.15      0.15      0.00      0.00      0.00      0.00      0.00      0.00
  4034.00      2.25      2.23      1.43      1.45      1.13      0.11      0.01      0.00      0.00      0.00      0.00      0.00
  4035.00      2.11      2.10      1.35      1.34      1.07      0.08      0.03      0.00      0.00      0.00      0.00      0.00
  4036.00      2.10      2.09      1.33      1.31      1.05      0.07      0.07      0.00      0.00      0.00      0.00      0.00
  4037.00      2.16      2.12      1.33      1.31      1.04      0.05      0.10      0.00      0.00      0.00      0.00      0.00
  4038.00      2.26      2.21      1.34      1.34      1.06      0.04      0.12      0.00      0.00      0.00      0.00      0.00
  4039.00      2.20      2.14      1.26      1.30      1.00      0.04      0.10      0.00      0.00      0.00      0.00      0.00
  4040.00      2.23      2.16      1.26      1.33      1.00      0.11      0.07      0.00      0.00      0.00      0.00      0.00
  4041.00      2.29      2.22      1.30      1.39      0.98      0.22      0.03      0.00      0.00      0.00      0.00      0.00
  4042.00      2.16      2.13      1.25      1.30      0.87      0.32      0.01      0.00      0.00      0.00      0.00      0.00
  4043.00      2.10      2.13      1.25      1.26      0.82      0.40      0.00      0.00      0.00      0.00      0.00      0.00
  4044.00      2.19      2.27      1.31      1.32      0.85      0.49      0.00      0.00      0.00      0.00      0.00      0.00
  4045.00      2.30      2.44      1.37      1.41      0.91      0.57      0.00      0.00      0.00      0.00      0.00      0.00
  4046.00      2.36      2.55      1.41      1.47      0.96      0.64      0.00      0.00      0.00      0.00      0.00      0.00
  4047.00      2.53      2.73      1.51      1.58      1.04      0.75      0.00      0.00      0.00      0.00      0.00      0.00
  4048.00      2.27      2.42      1.36      1.41      0.90      0.72      0.00      0.00      0.00      0.00      0.00      0.00
  4049.00      2.12      2.20      1.27      1.32      0.77      0.71      0.00      0.00      0.00      0.00      0.00      0.00
  4050.00      2.27      2.31      1.38      1.44      0.76      0.79      0.00      0.00      0.00      0.00      0.00      0.00
  4051.00      2.32      2.29      1.42      1.47      0.75      0.78      0.00      0.00      0.00      0.00      0.00      0.00
  4052.00      2.27      2.19      1.38      1.42      0.76      0.71      0.00      0.01      0.00      0.00      0.00      0.00
  4053.00      2.43      2.26      1.45      1.46      0.88      0.71      0.00      0.02      0.00      0.00      0.00      0.00
  4054.00      2.49      2.27      1.48      1.45      1.00      0.72      0.01      0.01      0.00      0.00      0.00      0.00
  4055.00      2.39      2.17      1.44      1.40      1.02      0.74      0.02      0.00      0.00      0.00      0.00      0.00
  4056.00      2.44      2.22      1.50      1.44      1.06      0.85      0.03      0.00      0.00      0.00      0.00      0.00
  4057.00      2.46      2.24      1.51      1.43      1.06      0.92      0.03      0.00      0.00      0.00      0.00      0.00
  4058.00      2.44      2.21      1.48      1.38      1.02      0.90      0.04      0.00      0.00      0.00      0.00      0.00
  4059.00      2.34      2.12      1.39      1.30      0.96      0.78      0.06      0.00      0.00      0.00      0.00      0.00
  4060.00      2.25      2.05      1.30      1.22      0.90      0.67      0.11      0.00      0.00      0.00      0.00      0.00
  4061.00      2.26      2.06      1.27      1.19      0.90      0.63      0.16      0.00      0.00      0.00      0.00      0.00
  4062.00      2.21      2.01      1.19      1.12      0.90      0.64      0.21      0.00      0.00      0.00      0.00      0.00
  4063.00      2.24      2.00      1.16      1.05      0.93      0.72      0.22      0.00      0.00      0.00      0.00      0.00
  4064.00      2.38      2.10      1.26      0.99      1.01      0.86      0.19      0.00      0.00      0.00      0.00      0.00
  4065.00      2.39      2.13      1.36      0.87      1.03      0.93      0.10      0.02      0.00      0.00      0.00      0.00
  4066.00      2.12      1.91      1.27      0.70      0.91      0.84      0.02      0.05      0.00      0.00      0.00      0.00
  4067.00      2.11      1.93      1.28      0.68      0.90      0.83      0.00      0.02      0.00      0.00      0.00      0.00
  4068.00      2.27      2.09      1.33      0.79      0.94      0.90      0.00      0.00      0.00      0.00      0.00      0.00
  4069.00      2.27      2.08      1.28      0.88      0.89      0.91      0.00      0.00      0.00      0.00      0.00      0.00
  4070.00      2.33      2.12      1.33      1.02      0.87      0.95      0.00      0.02      0.00      0.00      0.00      0.00
  4071.00      2.33      2.11      1.39      1.13      0.86      0.95      0.01      0.07      0.00      0.00      0.00      0.00
  4072.00      2.43      2.21      1.52      1.25      0.92      0.97      0.01      0.13      0.00      0.00      0.00      0.00
  4073.00      2.50      2.31      1.62      1.34      1.00      0.93      0.00      0.13      0.00      0.00      0.00      0.00
  4074.00      2.59      2.44      1.71      1.41      1.09      0.89      0.02      0.08      0.00      0.00      0.00      0.00
  4075.00      2.57      2.42      1.69      1.39      1.10      0.82      0.06      0.02      0.00      0.00      0.00      0.00
  4076.00      2.48      2.34      1.61      1.35      1.04      0.79      0.07      0.02      0.00      0.00      0.00      0.00
  4077.00      2.27      2.14      1.45      1.28      0.92      0.75      0.06      0.07      0.00      0.00      0.00      0.00
  4078.00      2.42      2.27      1.54      1.43      0.98      0.83      0.06      0.14      0.00      0.00      0.00      0.00
  4079.00      2.62      2.46      1.67      1.62      1.08      0.92      0.08      0.20      0.00      0.00      0.00      0.00
  4080.00      2.48      2.35      1.58      1.59      1.01      0.87      0.07      0.16      0.00      0.00      0.00      0.00
  4081.00      2.22      2.13      1.41      1.42      0.86      0.76      0.05      0.10      0.00      0.00      0.00      0.00
  4082.00      2.19      2.13      1.38      1.40      0.81      0.75      0.03      0.09      0.00      0.00      0.00      0.00
  4083.00      2.39      2.30      1.50      1.52      0.83      0.84      0.03      0.09      0.00      0.00      0.00      0.00
  4084.00      2.47      2.37      1.54      1.56      0.81      0.91      0.04      0.05      0.00      0.00      0.00      0.00
  4085.00      2.48      2.39      1.53      1.56      0.80      0.93      0.05      0.01      0.00      0.00      0.00      0.00
  4086.00      2.32      2.27      1.43      1.45      0.80      0.87      0.05      0.00      0.00      0.00      0.00      0.00
  4087.00      2.18      2.14      1.35      1.32      0.79      0.79      0.03      0.00      0.00      0.00      0.00      0.00
  4088.00      2.16      2.08      1.35      1.26      0.80      0.76      0.01      0.00      0.00      0.00      0.00      0.00
  4089.00      2.26      2.08      1.44      1.29      0.82      0.80      0.00      0.00      0.00      0.00      0.00      0.00
  4090.00      2.26      1.98      1.45      1.32      0.77      0.83      0.00      0.00      0.00      0.00      0.00      0.00
  4091.00      2.20      1.84      1.43      1.35      0.71      0.87      0.00      0.00      0.00      0.00      0.00      0.00
  4092.00      2.21      1.70      1.46      1.40      0.67      0.91      0.00      0.00      0.00      0.00      0.00      0.00
  4093.00      2.22      1.50      1.46      1.43      0.63      0.91      0.00      0.01      0.00      0.00      0.00      0.00
  4094.00      2.29      1.32      1.46      1.47      0.58      0.88      0.00      0.03      0.00      0.00      0.00      0.00
  4095.00      2.30      1.15      1.43      1.47      0.52      0.83      0.00      0.03      0.00      0.00      0.00      0.00
  4096.00      2.31      1.06      1.42      1.51      0.46      0.81      0.00      0.01      0.00      0.00      0.00      0.00
  4097.00      2.29      1.03      1.42      1.50      0.37      0.78      0.01      0.00      0.00      0.00      0.00      0.00
  4098.00      2.38      1.14      1.50      1.51      0.31      0.78      0.06      0.00      0.00      0.00      0.00      0.00
  4099.00      2.45      1.39      1.54      1.51      0.26      0.79      0.10      0.00      0.00      0.00      0.00      0.00
  4100.00      2.50      1.74      1.55      1.50      0.18      0.84      0.09      0.00      0.00      0.00      0.00      0.00
  4101.00      2.51      2.06      1.53      1.50      0.11      0.88      0.05      0.00      0.00      0.00      0.00      0.00
  4102.00      2.61      2.39      1.56      1.60      0.07      0.94      0.01      0.00      0.00      0.00      0.00      0.00
  4103.00      2.57      2.50      1.52      1.62      0.04      0.96      0.00      0.01      0.00      0.00      0.00      0.00
  4104.00      2.46      2.44      1.46      1.58      0.01      0.95      0.00      0.03      0.00      0.00      0.00      0.00
  4105.00      2.39      2.41      1.45      1.53      0.02      0.95      0.00      0.03      0.00      0.00      0.00      0.00
  4106.00      2.24      2.30      1.39      1.41      0.05      0.94      0.00      0.02      0.00      0.00      0.00      0.00
  4107.00      2.32      2.39      1.45      1.43      0.13      1.04      0.00      0.01      0.00      0.00      0.00      0.00
  4108.00      2.45      2.52      1.51      1.45      0.23      1.09      0.02      0.00      0.00      0.00      0.00      0.00
  4109.00      2.51      2.59      1.50      1.47      0.34      1.08      0.07      0.00      0.00      0.00      0.00      0.00
  4110.00      2.45      2.61      1.39      1.45      0.40      1.02      0.11      0.00      0.00      0.00      0.00      0.00
  4111.00      2.42      2.75      1.28      1.42      0.44      0.99      0.13      0.00      0.00      0.00      0.00      0.00
  4112.00      2.33      2.86      1.16      1.38      0.47      0.95      0.10      0.00      0.00      0.00      0.00      0.00
  4113.00      2.29      2.97      1.07      1.37      0.54      0.94      0.05      0.00      0.00      0.00      0.00      0.00
  4114.00      2.29      2.97      0.97      1.38      0.64      0.94      0.01      0.00      0.00      0.00      0.00      0.00
  4115.00      2.27      2.81      0.80      1.38      0.71      0.90      0.00      0.00      0.00      0.00      0.00      0.00
  4116.00      2.33      2.70      0.65      1.44      0.77      0.88      0.01      0.00      0.00      0.00      0.00      0.00
  4117.00      2.36      2.56      0.58      1.47      0.79      0.85      0.05      0.00      0.00      0.00      0.00      0.00
  4118.00      2.35      2.41      0.62      1.44      0.77      0.77      0.08      0.00      0.00      0.00      0.00      0.00
  4119.00      2.38      2.38      0.77      1.45      0.79      0.71      0.08      0.00      0.00      0.00      0.00      0.00
  4120.00      2.45      2.46      0.97      1.51      0.83      0.71      0.06      0.00      0.00      0.00      0.00      0.00
  4121.00      2.30      2.35      1.06      1.44      0.79      0.67      0.06      0.00      0.00      0.00      0.00      0.00
  4122.00      2.13      2.18      1.09      1.35      0.71      0.65      0.08      0.00      0.00      0.00      0.00      0.00
  4123.00      2.27      2.27      1.24      1.44      0.73      0.71      0.12      0.01      0.00      0.00      0.00      0.00
  4124.00      2.29      2.25      1.33      1.44      0.73      0.70      0.14      0.01      0.00      0.00      0.00      0.00
  4125.00      2.33      2.28      1.40      1.44      0.74      0.64      0.15      0.00      0.00      0.00      0.00      0.00
  4126.00      2.34      2.29      1.44      1.42      0.74      0.53      0.11      0.00      0.00      0.00      0.00      0.00
  4127.00      2.35      2.28      1.44      1.40      0.75      0.40      0.05      0.00      0.00      0.00      0.00      0.00
  4128.00      2.32      2.24      1.40      1.39      0.76      0.31      0.01      0.00      0.00      0.00      0.00      0.00
  4129.00      2.27      2.21      1.36      1.39      0.79      0.26      0.00      0.01      0.00      0.00      0.00      0.00
  4130.00      2.31      2.28      1.41      1.46      0.89      0.20      0.00      0.05      0.00      0.00      0.00      0.00
  4131.00      2.38      2.36      1.49      1.54      1.02      0.12      0.01      0.08      0.00      0.00      0.00      0.00
  4132.00      2.35      2.32      1.50      1.55      1.08      0.05      0.00      0.06      0.00      0.00      0.00      0.00
  4133.00      2.43      2.39      1.55      1.61      1.18      0.01      0.00      0.02      0.00      0.00      0.00      0.00
  4134.00      2.46      2.42      1.53      1.63      1.26      0.00      0.00      0.00      0.00      0.00      0.00      0.00
  4135.00      2.57      2.50      1.57      1.68      1.33      0.03      0.00      0.00      0.00      0.00      0.00      0.00
  4136.00      2.43      2.34      1.48      1.58      1.23      0.14      0.01      0.00      0.00      0.00      0.00      0.00
  4137.00      2.25      2.18      1.40      1.47      1.10      0.26      0.03      0.00      0.00      0.00      0.00      0.00
  4138.00      2.21      2.19      1.42      1.46      1.04      0.38      0.05      0.00      0.00      0.00      0.00      0.00
  4139.00      2.24      2.26      1.46      1.47      1.01      0.48      0.06      0.00      0.00      0.00      0.00      0.00
  4140.00      2.17      2.21      1.42      1.42      0.93      0.51      0.06      0.00      0.00      0.00      0.00      0.00
  4141.00      2.13      2.18      1.39      1.42      0.87      0.51      0.09      0.00      0.00      0.00      0.00      0.00
  4142.00      2.18      2.23      1.39      1.49      0.81      0.50      0.13      0.00      0.00      0.00      0.00      0.00
  4143.00      2.33      2.39      1.44      1.60      0.75      0.50      0.18      0.02      0.00      0.00      0.00      0.00
  4144.00      2.38      2.42      1.41      1.60      0.63      0.48      0.19      0.06      0.00      0.00      0.00      0.00
  4145.00      2.34      2.33      1.35      1.51      0.54      0.43      0.18      0.08      0.00      0.00      0.00      0.00
  4146.00      2.32      2.26      1.31      1.44      0.50      0.36      0.17      0.06      0.00      0.00      0.00      0.00
  4147.00      2.38      2.31      1.33      1.49      0.54      0.31      0.16      0.03      0.00      0.00      0.00      0.00
  4148.00      2.43      2.37      1.35      1.57      0.65      0.27      0.13      0.01      0.00      0.00      0.00      0.00
  4149.00      2.45      2.39      1.35      1.63      0.81      0.24      0.07      0.00      0.00      0.00      0.00      0.00
  4150.00      2.34      2.27      1.31      1.54      0.95      0.20      0.03      0.00      0.00      0.00      0.00      0.00
  4151.00      2.40      2.32      1.39      1.52      1.14      0.18      0.01      0.00      0.00      0.00      0.00      0.00
  4152.00      2.48      2.38      1.48      1.52      1.31      0.17      0.00      0.03      0.00      0.00      0.00      0.00
  4153.00      2.42      2.33      1.49      1.47      1.39      0.19      0.01      0.10      0.00      0.00      0.00      0.00
  4154.00      2.38      2.32      1.48      1.46      1.42      0.28      0.06      0.15      0.00      0.00      0.00      0.00
  4155.00      2.32      2.33      1.45      1.45      1.37      0.43      0.11      0.17      0.00      0.00      0.00      0.00
  4156.00      2.15      2.25      1.32      1.33      1.22      0.56      0.13      0.18      0.00      0.00      0.00      0.00
  4157.00      2.05      2.17      1.24      1.20      1.08      0.66      0.13      0.17      0.00      0.00      0.00      0.00
  4158.00      2.06      2.17      1.23      1.13      1.02      0.76      0.14      0.14      0.00      0.00      0.00      0.00
  4159.00      2.14      2.23      1.25      1.13      1.06      0.84      0.17      0.08      0.00      0.00      0.00      0.00
  4160.00      2.07      2.13      1.15      1.08      1.09      0.84      0.19      0.03      0.00      0.00      0.00      0.00
  4161.00      2.11      2.17      1.11      1.12      1.22      0.87      0.23      0.00      0.00      0.00      0.00      0.00
  4162.00      2.08      2.15      1.00      1.11      1.32      0.85      0.24      0.00      0.00      0.00      0.00      0.00
  4163.00      2.20      2.28      0.98      1.20      1.51      0.88      0.25      0.00      0.00      0.00      0.00      0.00
  4164.00      2.18      2.29      0.89      1.22      1.56      0.85      0.24      0.01      0.00      0.00      0.00      0.00
  4165.00      1.98      2.14      0.73      1.17      1.45      0.75      0.23      0.05      0.00      0.00      0.00      0.00
  4166.00      1.83      2.02      0.59      1.12      1.33      0.67      0.22      0.08      0.00      0.00      0.00      0.00
  4167.00      1.88      2.06      0.55      1.17      1.34      0.67      0.22      0.09      0.00      0.00      0.00      0.00
  4168.00      1.92      2.06      0.57      1.18      1.35      0.68      0.22      0.05      0.00      0.00      0.00      0.00
  4169.00      1.90      1.99      0.64      1.17      1.36      0.70      0.21      0.01      0.00      0.00      0.00      0.00
  4170.00      1.97      2.06      0.79      1.23      1.47      0.77      0.22      0.00      0.00      0.00      0.00      0.00
  4171.00      1.98      2.10      0.92      1.26      1.52      0.85      0.23      0.00      0.00      0.00      0.00      0.00
  4172.00      2.03      2.21      1.03      1.32      1.57      0.95      0.24      0.00      0.00      0.00      0.00      0.00
  4173.00      2.08      2.33      1.08      1.39      1.58      1.04      0.26      0.00      0.00      0.00      0.00      0.00
  4174.00      1.95      2.28      0.99      1.30      1.44      1.00      0.26      0.00      0.00      0.00      0.00      0.00
  4175.00      1.87      2.26      0.89      1.22      1.37      0.96      0.28      0.00      0.00      0.00      0.00      0.00
  4176.00      1.79      2.22      0.79      1.14      1.34      0.91      0.31      0.00      0.00      0.00      0.00      0.00
  4177.00      1.76      2.28      0.79      1.16      1.44      0.94      0.39      0.01      0.00      0.00      0.00      0.00
  4178.00      1.58      2.22      0.83      1.18      1.47      0.94      0.45      0.01      0.00      0.00      0.00      0.00
  4179.00      1.32      2.11      0.91      1.20      1.43      0.93      0.44      0.00      0.00      0.00      0.00      0.00
  4180.00      1.21      2.19      1.12      1.35      1.50      1.03      0.45      0.00      0.00      0.00      0.00      0.00
  4181.00      1.18      2.29      1.39      1.50      1.59      1.08      0.43      0.00      0.00      0.00      0.00      0.00
  4182.00      1.26      2.40      1.68      1.61      1.65      1.09      0.39      0.00      0.00      0.00      0.00      0.00
  4183.00      1.42      2.40      1.83      1.62      1.64      1.07      0.33      0.00      0.00      0.00      0.00      0.00
  4184.00      1.61      2.36      1.84      1.59      1.59      1.04      0.26      0.00      0.00      0.00      0.00      0.00
  4185.00      1.88      2.40      1.83      1.62      1.57      1.04      0.20      0.00      0.00      0.00      0.00      0.00
  4186.00      1.99      2.30      1.66      1.55      1.46      0.98      0.14      0.00      0.00      0.00      0.00      0.00
  4187.00      2.00      2.21      1.50      1.44      1.37      0.93      0.09      0.00      0.00      0.00      0.00      0.00
  4188.00      2.19      2.39      1.57      1.50      1.50      0.94      0.05      0.00      0.00      0.00      0.00      0.00
  4189.00      2.36      2.58      1.69      1.59      1.66      0.95      0.04      0.00      0.00      0.00      0.00      0.00
  4190.00      2.33      2.49      1.67      1.54      1.64      0.89      0.07      0.00      0.00      0.00      0.00      0.00
  4191.00      2.21      2.29      1.60      1.43      1.51      0.80      0.12      0.00      0.00      0.00      0.00      0.00
  4192.00      2.19      2.24      1.64      1.39      1.45      0.78      0.17      0.00      0.00      0.00      0.00      0.00
  4193.00      2.20      2.25      1.66      1.34      1.40      0.79      0.22      0.00      0.00      0.00      0.00      0.00
  4194.00      2.20      2.30      1.63      1.29      1.39      0.84      0.25      0.00      0.00      0.00      0.00      0.00
  4195.00      2.26      2.40      1.60      1.35      1.48      0.92      0.29      0.00      0.00      0.00      0.00      0.00
  4196.00      2.27      2.46      1.54      1.44      1.57      0.95      0.31      0.02      0.00      0.00      0.00      0.00
  4197.00      2.25      2.44      1.47      1.49      1.62      0.91      0.32      0.03      0.00      0.00      0.00      0.00
  4198.00      2.30      2.47      1.46      1.55      1.67      0.87      0.34      0.02      0.00      0.00      0.00      0.00
  4199.00      2.34      2.46      1.43      1.54      1.65      0.80      0.33      0.01      0.00      0.00      0.00      0.00
  4200.00      2.25      2.33      1.33      1.45      1.52      0.65      0.29      0.02      0.00      0.00      0.00      0.00
  4201.00      2.10      2.19      1.25      1.38      1.40      0.50      0.24      0.05      0.00      0.00      0.00      0.00
  4202.00      2.00      2.13      1.26      1.35      1.36      0.42      0.27      0.08      0.00      0.00      0.00      0.00
  4203.00      2.16      2.37      1.46      1.50      1.51      0.43      0.38      0.11      0.00      0.00      0.00      0.00
  4204.00      2.14      2.45      1.54      1.51      1.57      0.42      0.49      0.10      0.00      0.00      0.00      0.00
  4205.00      2.06      2.47      1.55      1.47      1.60      0.44      0.59      0.07      0.00      0.00      0.00      0.00
  4206.00      1.84      2.37      1.45      1.33      1.55      0.45      0.64      0.03      0.00      0.00      0.00      0.00
  4207.00      1.54      2.17      1.29      1.12      1.44      0.42      0.61      0.01      0.00      0.00      0.00      0.00
  4208.00      1.37      2.05      1.20      0.98      1.39      0.45      0.56      0.00      0.00      0.00      0.00      0.00
  4209.00      1.37      2.02      1.19      0.91      1.39      0.57      0.53      0.00      0.00      0.00      0.00      0.00
  4210.00      1.56      2.12      1.27      0.93      1.46      0.78      0.52      0.00      0.00      0.00      0.00      0.00
  4211.00      1.85      2.19      1.33      0.99      1.49      0.99      0.51      0.00      0.00      0.00      0.00      0.00
  4212.00      2.11      2.23      1.34      1.07      1.49      1.11      0.47      0.00      0.00      0.00      0.00      0.00
  4213.00      2.26      2.19      1.28      1.15      1.45      1.10      0.42      0.00      0.00      0.00      0.00      0.00
  4214.00      2.33      2.15      1.20      1.24      1.43      1.04      0.37      0.00      0.00      0.00      0.00      0.00
  4215.00      2.42      2.16      1.14      1.35      1.46      1.00      0.31      0.00      0.00      0.00      0.00      0.00
  4216.00      2.49      2.16      1.07      1.42      1.51      0.96      0.23      0.00      0.00      0.00      0.00      0.00
  4217.00      2.52      2.13      0.98      1.43      1.49      0.91      0.13      0.00      0.00      0.00      0.00      0.00
  4218.00      2.38      2.01      0.83      1.35      1.38      0.82      0.05      0.00      0.00      0.00      0.00      0.00
  4219.00      2.39      2.07      0.75      1.38      1.37      0.84      0.02      0.00      0.00      0.00      0.00      0.00
  4220.00      2.30      2.07      0.63      1.39      1.33      0.84      0.02      0.00      0.00      0.00      0.00      0.00
  4221.00      2.26      2.07      0.54      1.43      1.32      0.87      0.05      0.00      0.00      0.00      0.00      0.00
  4222.00      2.16      1.95      0.44      1.39      1.26      0.88      0.09      0.00      0.00      0.00      0.00      0.00
  4223.00      2.27      1.96      0.41      1.42      1.30      0.94      0.14      0.01      0.00      0.00      0.00      0.00
  4224.00      2.43      2.05      0.44      1.47      1.39      1.00      0.21      0.05      0.00      0.00      0.00      0.00
  4225.00      2.53      2.13      0.55      1.49      1.46      1.05      0.29      0.07      0.00      0.00      0.00      0.00
  4226.00      2.61      2.23      0.74      1.52      1.53      1.12      0.38      0.06      0.00      0.00      0.00      0.00
  4227.00      2.68      2.29      0.97      1.57      1.60      1.18      0.46      0.04      0.00      0.00      0.00      0.00
  4228.00      2.80      2.31      1.20      1.61      1.72      1.25      0.56      0.01      0.00      0.00      0.00      0.00
  4229.00      2.59      1.99      1.21      1.45      1.65      1.18      0.58      0.00      0.00      0.00      0.00      0.00
  4230.00      2.34      1.63      1.17      1.27      1.55      1.07      0.59      0.00      0.00      0.00      0.00      0.00
  4231.00      2.30      1.43      1.19      1.17      1.54      1.04      0.64      0.00      0.00      0.00      0.00      0.00
  4232.00      2.30      1.29      1.17      1.05      1.50      1.03      0.66      0.00      0.00      0.00      0.00      0.00
  4233.00      2.37      1.25      1.14      0.96      1.49      1.06      0.66      0.00      0.00      0.00      0.00      0.00
  4234.00      2.49      1.34      1.17      0.97      1.53      1.12      0.66      0.00      0.00      0.00      0.00      0.00
  4235.00      2.51      1.46      1.21      1.07      1.58      1.14      0.64      0.00      0.00      0.00      0.00      0.00
  4236.00      2.44      1.52      1.21      1.19      1.60      1.08      0.62      0.00      0.00      0.00      0.00      0.00
  4237.00      2.52      1.61      1.24      1.36      1.70      1.07      0.64      0.00      0.00      0.00      0.00      0.00
  4238.00      2.53      1.57      1.19      1.40      1.67      1.01      0.65      0.00      0.00      0.00      0.00      0.00
  4239.00      2.57      1.58      1.17      1.40      1.66      1.02      0.66      0.00      0.00      0.00      0.00      0.00
  4240.00      2.68      1.74      1.24      1.44      1.72      1.13      0.70      0.00      0.00      0.00      0.00      0.00
  4241.00      2.68      1.98      1.29      1.46      1.72      1.21      0.73      0.00      0.00      0.00      0.00      0.00
  4242.00      2.52      2.20      1.24      1.41      1.61      1.19      0.72      0.00      0.00      0.00      0.00      0.00
  4243.00      2.49      2.47      1.25      1.42      1.56      1.16      0.73      0.00      0.00      0.00      0.00      0.00
  4244.00      2.56      2.76      1.37      1.51      1.58      1.16      0.74      0.00      0.00      0.00      0.00      0.00
  4245.00      2.47      2.76      1.48      1.52      1.50      1.11      0.69      0.00      0.00      0.00      0.00      0.00
  4246.00      2.35      2.60      1.63      1.47      1.35      1.07      0.63      0.00      0.00      0.00      0.00      0.00
  4247.00      2.28      2.45      1.83      1.43      1.24      1.07      0.62      0.00      0.00      0.00      0.00      0.00
  4248.00      2.23      2.35      2.10      1.41      1.14      1.08      0.64      0.00      0.00      0.00      0.00      0.00
  4249.00      2.27      2.39      2.51      1.44      1.09      1.11      0.69      0.00      0.00      0.00      0.00      0.00
  4250.00      2.26      2.38      2.87      1.40      1.01      1.07      0.70      0.00      0.00      0.00      0.00      0.00
  4251.00      2.30      2.44      3.23      1.39      0.98      1.06      0.72      0.00      0.00      0.00      0.00      0.00
  4252.00      2.41      2.62      3.60      1.43      1.00      1.12      0.77      0.00      0.00      0.00      0.00      0.00
  4253.00      2.30      2.61      3.44      1.35      0.98      1.09      0.73      0.00      0.00      0.00      0.00      0.00
  4254.00      2.24      2.66      3.08      1.32      1.02      1.10      0.70      0.00      0.00      0.00      0.00      0.00
  4255.00      2.23      2.75      2.61      1.34      1.08      1.13      0.67      0.00      0.00      0.00      0.00      0.00
  4256.00      2.34      3.00      2.62      1.46      1.22      1.20      0.64      0.00      0.00      0.00      0.00      0.00
  4257.00      2.34      3.09      3.93      1.53      1.28      1.21      0.57      0.00      0.00      0.00      0.00      0.00
  4258.00      2.37      3.14      7.34      1.63      1.32      1.22      0.55      0.01      0.00      0.00      0.00      0.00
  4259.00      2.30      2.96     11.47      1.65      1.28      1.15      0.55      0.03      0.00      0.00      0.00      0.00
  4260.00      2.35      2.82     15.32      1.71      1.30      1.13      0.60      0.06      0.00      0.00      0.00      0.00
  4261.00      2.45      2.76     17.53      1.77      1.36      1.15      0.68      0.10      0.00      0.00      0.00      0.00
  4262.00      2.47      2.67     17.52      1.76      1.40      1.16      0.72      0.13      0.00      0.00      0.00      0.00
  4263.00      2.40      2.53     15.60      1.68      1.38      1.15      0.68      0.12      0.00      0.00      0.00      0.00
  4264.00      2.41      2.49     13.36      1.65      1.39      1.19      0.63      0.10      0.00      0.00      0.00      0.00
  4265.00      2.42      2.47     11.19      1.63      1.39      1.22      0.58      0.06      0.01      0.00      0.00      0.00
  4266.00      2.31      2.34      8.91      1.53      1.31      1.17      0.48      0.02      0.02      0.00      0.00      0.00
  4267.00      2.29      2.30      7.18      1.49      1.26      1.13      0.38      0.00      0.01      0.00      0.00      0.00
  4268.00      2.30      2.28      5.83      1.47      1.25      1.09      0.28      0.00      0.00      0.00      0.00      0.00
  4269.00      2.38      2.30      4.90      1.49      1.30      1.07      0.20      0.00      0.00      0.00      0.00      0.00
  4270.00      2.43      2.34      4.18      1.52      1.35      1.05      0.15      0.00      0.00      0.00      0.00      0.00
  4271.00      2.54      2.50      3.76      1.61      1.47      1.11      0.12      0.00      0.00      0.00      0.00      0.00
  4272.00      2.63      2.67      3.42      1.68      1.58      1.18      0.10      0.00      0.00      0.00      0.00      0.00
  4273.00      2.77      2.83      3.18      1.78      1.69      1.27      0.09      0.00      0.00      0.00      0.00      0.00
  4274.00      2.58      2.60      2.67      1.61      1.59      1.20      0.07      0.00      0.00      0.00      0.00      0.00
  4275.00      2.56      2.56      2.46      1.52      1.60      1.19      0.05      0.00      0.00      0.00      0.00      0.00
  4276.00      2.51      2.56      2.30      1.44      1.61      1.12      0.04      0.00      0.00      0.00      0.00      0.00
  4277.00      2.30      2.42      2.06      1.30      1.51      0.93      0.06      0.00      0.00      0.00      0.00      0.00
  4278.00      2.25      2.37      1.99      1.28      1.50      0.84      0.15      0.00      0.00      0.00      0.00      0.00
  4279.00      2.28      2.36      1.98      1.32      1.52      0.83      0.26      0.01      0.03      0.00      0.00      0.00
  4280.00      2.38      2.42      2.05      1.41      1.58      0.88      0.40      0.02      0.07      0.00      0.00      0.00
  4281.00      2.42      2.43      2.09      1.43      1.61      0.96      0.51      0.03      0.03      0.00      0.00      0.00
  4282.00      2.38      2.41      2.08      1.38      1.58      1.04      0.58      0.03      0.00      0.00      0.00      0.00
  4283.00      2.28      2.32      2.01      1.30      1.48      1.05      0.60      0.03      0.00      0.00      0.00      0.00
  4284.00      2.36      2.42      2.08      1.34      1.51      1.11      0.67      0.05      0.01      0.00      0.00      0.00
  4285.00      2.38      2.46      2.08      1.34      1.48      1.15      0.71      0.09      0.06      0.00      0.00      0.00
  4286.00      2.40      2.48      2.10      1.34      1.47      1.18      0.77      0.15      0.14      0.00      0.00      0.00
  4287.00      2.48      2.55      2.19      1.37      1.51      1.23      0.84      0.23      0.16      0.00      0.00      0.00
  4288.00      2.47      2.54      2.20      1.32      1.50      1.23      0.87      0.27      0.11      0.00      0.00      0.00
  4289.00      2.44      2.52      2.16      1.27      1.48      1.20      0.85      0.26      0.04      0.00      0.00      0.00
  4290.00      2.51      2.61      2.19      1.29      1.50      1.21      0.84      0.20      0.01      0.00      0.00      0.00
  4291.00      2.60      2.71      2.25      1.34      1.55      1.24      0.82      0.10      0.04      0.00      0.00      0.00
  4292.00      2.44      2.52      2.09      1.26      1.44      1.14      0.73      0.02      0.11      0.00      0.00      0.00
  4293.00      2.34      2.41      2.01      1.24      1.36      1.07      0.70      0.00      0.18      0.00      0.00      0.00
  4294.00      2.25      2.33      1.96      1.22      1.31      0.99      0.73      0.00      0.20      0.00      0.00      0.00
  4295.00      2.30      2.40      2.02      1.29      1.33      0.99      0.82      0.00      0.16      0.00      0.00      0.00
  4296.00      2.39      2.48      2.09      1.39      1.35      1.00      0.89      0.00      0.12      0.00      0.00      0.00
  4297.00      2.35      2.41      2.03      1.40      1.33      0.98      0.85      0.01      0.11      0.00      0.00      0.00
  4298.00      2.34      2.36      2.01      1.41      1.35      0.97      0.77      0.01      0.10      0.00      0.00      0.00
  4299.00      2.50      2.51      2.16      1.52      1.49      1.05      0.75      0.00      0.05      0.00      0.00      0.00
  4300.00      2.57      2.59      2.25      1.58      1.58      1.09      0.75      0.01      0.01      0.00      0.00      0.00
  4301.00      2.66      2.71      2.33      1.65      1.66      1.11      0.82      0.04      0.00      0.00      0.00      0.00
  4302.00      2.80      2.85      2.42      1.77      1.74      1.08      0.96      0.08      0.00      0.00      0.00      0.00
  4303.00      2.77      2.75      2.33      1.81      1.69      0.97      1.03      0.08      0.00      0.00      0.00      0.00
  4304.00      2.81      2.65      2.31      1.89      1.68      0.94      1.09      0.08      0.00      0.00      0.00      0.00
  4305.00      2.62      2.38      2.13      1.80      1.55      0.90      1.02      0.08      0.00      0.00      0.00      0.00
  4306.00      2.56      2.33      2.06      1.80      1.52      0.96      1.01      0.08      0.00      0.00      0.00      0.00
  4307.00      2.55      2.41      2.05      1.79      1.52      1.07      1.02      0.07      0.00      0.00      0.00      0.00
  4308.00      2.42      2.38      1.94      1.62      1.44      1.07      0.99      0.05      0.00      0.00      0.00      0.00
  4309.00      2.45      2.45      1.94      1.56      1.47      1.09      1.02      0.03      0.01      0.00      0.00      0.00
  4310.00      2.42      2.41      1.91      1.48      1.48      1.04      1.00      0.03      0.04      0.00      0.00      0.00
  4311.00      2.51      2.54      1.99      1.54      1.56      1.06      1.02      0.05      0.03      0.00      0.00      0.00
  4312.00      2.57      2.65      2.05      1.61      1.61      1.09      0.99      0.06      0.01      0.00      0.00      0.00
  4313.00      2.49      2.63      2.04      1.61      1.56      1.07      0.88      0.05      0.00      0.00      0.00      0.00
  4314.00      2.46      2.64      2.07      1.63      1.57      1.08      0.80      0.03      0.00      0.00      0.00      0.00
  4315.00      2.30      2.46      1.98      1.53      1.48      1.02      0.73      0.01      0.00      0.00      0.00      0.00
  4316.00      2.16      2.29      1.92      1.44      1.40      0.98      0.71      0.00      0.00      0.00      0.00      0.00
  4317.00      2.14      2.21      1.92      1.42      1.37      0.98      0.73      0.00      0.00      0.00      0.00      0.00
  4318.00      2.27      2.27      1.99      1.46      1.42      1.03      0.79      0.00      0.00      0.00      0.00      0.00
  4319.00      2.33      2.29      1.99      1.45      1.46      1.04      0.81      0.00      0.01      0.00      0.00      0.00
  4320.00      2.41      2.36      2.00      1.45      1.54      1.07      0.83      0.00      0.03      0.00      0.00      0.00
  4321.00      2.33      2.29      1.90      1.38      1.51      1.03      0.79      0.00      0.04      0.00      0.00      0.00
  4322.00      2.37      2.29      1.91      1.40      1.53      1.03      0.79      0.00      0.03      0.00      0.00      0.00
  4323.00      2.38      2.27      1.90      1.41      1.50      0.99      0.80      0.00      0.01      0.00      0.00      0.00
  4324.00      2.59      2.47      2.07      1.56      1.57      1.04      0.91      0.00      0.00      0.00      0.00      0.00
  4325.00      2.75      2.68      2.22      1.67      1.64      1.08      1.01      0.02      0.00      0.00      0.00      0.00
  4326.00      2.64      2.61      2.14      1.59      1.58      1.04      0.97      0.08      0.00      0.00      0.00      0.00
  4327.00      2.61      2.57      2.10      1.55      1.54      1.06      0.93      0.11      0.00      0.00      0.00      0.00
  4328.00      2.51      2.43      2.02      1.47      1.46      1.06      0.87      0.09      0.00      0.00      0.00      0.00
  4329.00      2.42      2.29      1.96      1.43      1.41      1.07      0.84      0.04      0.00      0.00      0.00      0.00
  4330.00      2.32      2.13      1.88      1.40      1.35      1.04      0.82      0.01      0.00      0.00      0.00      0.00
  4331.00      2.30      2.04      1.84      1.41      1.32      1.01      0.83      0.00      0.00      0.00      0.00      0.00
  4332.00      2.37      2.00      1.88      1.48      1.33      1.02      0.89      0.00      0.00      0.00      0.00      0.00
  4333.00      2.36      1.84      1.86      1.47      1.27      1.02      0.91      0.00      0.00      0.00      0.00      0.00
  4334.00      2.32      1.59      1.81      1.43      1.16      1.01      0.89      0.00      0.00      0.00      0.00      0.00
  4335.00      2.37      1.38      1.84      1.44      1.04      1.01      0.86      0.00      0.00      0.00      0.00      0.00
  4336.00      2.46      1.22      1.91      1.47      0.92      0.99      0.83      0.01      0.00      0.00      0.00      0.00
  4337.00      2.43      1.09      1.92      1.43      0.80      0.90      0.77      0.05      0.00      0.00      0.00      0.00
  4338.00      2.53      1.10      2.05      1.49      0.81      0.88      0.77      0.10      0.00      0.00      0.00      0.00
  4339.00      2.59      1.21      2.16      1.55      0.89      0.86      0.77      0.13      0.00      0.00      0.00      0.00
  4340.00      2.58      1.46      2.21      1.59      1.01      0.84      0.78      0.12      0.01      0.00      0.00      0.00
  4341.00      2.62      1.89      2.30      1.65      1.16      0.88      0.85      0.08      0.01      0.00      0.00      0.00
  4342.00      2.56      2.30      2.26      1.60      1.24      0.90      0.87      0.03      0.00      0.00      0.00      0.00
  4343.00      2.44      2.53      2.13      1.48      1.23      0.87      0.82      0.01      0.00      0.00      0.00      0.00
  4344.00      2.38      2.66      2.08      1.40      1.21      0.83      0.80      0.00      0.00      0.00      0.00      0.00
  4345.00      2.37      2.72      2.09      1.39      1.20      0.80      0.81      0.02      0.00      0.00      0.00      0.00
  4346.00      2.27      2.61      2.07      1.35      1.18      0.73      0.81      0.05      0.01      0.00      0.00      0.00
  4347.00      2.10      2.37      1.99      1.27      1.13      0.64      0.79      0.08      0.03      0.00      0.00      0.00
  4348.00      2.04      2.24      2.00      1.26      1.17      0.60      0.83      0.07      0.07      0.00      0.00      0.00
  4349.00      2.01      2.11      1.99      1.24      1.21      0.56      0.86      0.05      0.07      0.00      0.00      0.00
  4350.00      1.95      1.96      1.91      1.19      1.22      0.49      0.82      0.05      0.04      0.00      0.00      0.00
  4351.00      2.05      1.99      1.99      1.22      1.31      0.46      0.82      0.08      0.01      0.00      0.00      0.00
  4352.00      2.20      2.11      2.13      1.26      1.43      0.42      0.85      0.11      0.00      0.00      0.00      0.00
  4353.00      2.25      2.18      2.23      1.23      1.46      0.35      0.85      0.13      0.00      0.00      0.00      0.00
  4354.00      2.14      2.12      2.19      1.17      1.37      0.27      0.80      0.13      0.00      0.00      0.00      0.00
  4355.00      2.03      2.05      2.13      1.16      1.29      0.22      0.77      0.11      0.00      0.00      0.00      0.00
  4356.00      1.99      2.01      2.11      1.19      1.25      0.16      0.77      0.05      0.00      0.00      0.00      0.00
  4357.00      1.95      1.96      2.09      1.20      1.22      0.10      0.74      0.01      0.00      0.00      0.00      0.00
  4358.00      1.95      1.92      2.07      1.18      1.19      0.06      0.70      0.00      0.00      0.00      0.00      0.00
  4359.00      2.00      1.91      2.06      1.15      1.16      0.04      0.67      0.00      0.00      0.00      0.00      0.00
  4360.00      2.14      2.00      2.13      1.20      1.18      0.02      0.65      0.00      0.00      0.00      0.00      0.00
  4361.00      2.14      1.99      2.07      1.21      1.14      0.01      0.59      0.00      0.02      0.00      0.00      0.00
  4362.00      1.98      1.88      1.90      1.17      1.06      0.02      0.51      0.00      0.05      0.00      0.00      0.00
  4363.00      1.86      1.83      1.80      1.15      1.04      0.06      0.48      0.00      0.06      0.00      0.00      0.00
  4364.00      1.87      1.87      1.83      1.20      1.10      0.12      0.52      0.00      0.06      0.00      0.00      0.00
  4365.00      1.89      1.88      1.85      1.25      1.16      0.20      0.56      0.00      0.03      0.00      0.00      0.00
  4366.00      1.88      1.83      1.81      1.26      1.20      0.27      0.57      0.01      0.01      0.00      0.00      0.00
  4367.00      1.91      1.81      1.80      1.30      1.23      0.33      0.55      0.03      0.00      0.00      0.00      0.00
  4368.00      1.95      1.83      1.80      1.33      1.26      0.36      0.49      0.05      0.00      0.00      0.00      0.00
  4369.00      1.92      1.83      1.77      1.31      1.24      0.39      0.39      0.06      0.00      0.00      0.00      0.00
  4370.00      1.91      1.84      1.77      1.31      1.23      0.45      0.30      0.06      0.01      0.00      0.00      0.00
  4371.00      2.02      1.94      1.89      1.37      1.28      0.57      0.26      0.09      0.06      0.00      0.00      0.00
  4372.00      2.03      1.94      1.91      1.34      1.25      0.64      0.22      0.12      0.11      0.00      0.00      0.00
  4373.00      2.02      1.94      1.91      1.29      1.22      0.67      0.16      0.14      0.15      0.00      0.00      0.00
  4374.00      2.09      2.04      1.99      1.32      1.26      0.70      0.10      0.17      0.17      0.00      0.00      0.00
  4375.00      2.13      2.09      2.01      1.34      1.29      0.71      0.04      0.17      0.19      0.00      0.00      0.00
  4376.00      2.17      2.13      1.99      1.34      1.32      0.71      0.01      0.16      0.18      0.00      0.00      0.00
  4377.00      2.15      2.08      1.90      1.28      1.30      0.70      0.00      0.15      0.14      0.00      0.00      0.00
  4378.00      2.08      2.03      1.82      1.21      1.26      0.68      0.02      0.12      0.08      0.00      0.00      0.00
  4379.00      2.07      2.07      1.85      1.21      1.24      0.68      0.08      0.08      0.03      0.00      0.00      0.00
  4380.00      2.03      2.07      1.87      1.24      1.21      0.66      0.18      0.04      0.00      0.00      0.00      0.00
  4381.00      2.10      2.14      1.98      1.32      1.23      0.66      0.30      0.01      0.00      0.00      0.00      0.00
  4382.00      2.23      2.26      2.12      1.41      1.28      0.71      0.42      0.00      0.00      0.00      0.00      0.00
  4383.00      2.24      2.23      2.09      1.39      1.27      0.71      0.49      0.00      0.01      0.00      0.00      0.00
  4384.00      2.35      2.31      2.16      1.46      1.33      0.73      0.53      0.02      0.05      0.00      0.00      0.00
  4385.00      2.49      2.43      2.25      1.54      1.39      0.78      0.54      0.07      0.10      0.00      0.00      0.00
  4386.00      2.43      2.38      2.18      1.50      1.35      0.78      0.50      0.11      0.12      0.00      0.00      0.00
  4387.00      2.26      2.23      2.04      1.37      1.28      0.77      0.44      0.13      0.08      0.00      0.00      0.00
  4388.00      2.22      2.19      2.01      1.30      1.27      0.82      0.40      0.14      0.03      0.00      0.00      0.00
  4389.00      2.35      2.33      2.15      1.33      1.37      0.96      0.39      0.15      0.00      0.00      0.00      0.00
  4390.00      2.43      2.45      2.27      1.40      1.45      1.08      0.35      0.18      0.00      0.00      0.00      0.00
  4391.00      2.45      2.53      2.33      1.48      1.50      1.16      0.30      0.22      0.00      0.00      0.00      0.00
  4392.00      2.40      2.49      2.32      1.51      1.49      1.22      0.25      0.25      0.00      0.00      0.00      0.00
  4393.00      2.37      2.40      2.30      1.50      1.45      1.24      0.22      0.27      0.00      0.00      0.00      0.00
  4394.00      2.28      2.23      2.19      1.40      1.37      1.17      0.18      0.25      0.00      0.00      0.00      0.00
  4395.00      2.26      2.19      2.16      1.33      1.36      1.12      0.16      0.24      0.00      0.00      0.00      0.00
  4396.00      2.28      2.24      2.19      1.32      1.38      1.09      0.15      0.24      0.00      0.00      0.00      0.00
  4397.00      2.26      2.29      2.19      1.32      1.40      1.06      0.16      0.25      0.01      0.00      0.00      0.00
  4398.00      2.22      2.29      2.14      1.31      1.38      1.00      0.21      0.25      0.01      0.00      0.00      0.00
  4399.00      2.26      2.35      2.17      1.34      1.39      0.97      0.33      0.25      0.01      0.00      0.00      0.00
  4400.00      2.31      2.42      2.21      1.38      1.40      0.93      0.48      0.24      0.00      0.00      0.00      0.00
  4401.00      2.35      2.49      2.25      1.42      1.41      0.86      0.65      0.25      0.00      0.00      0.00      0.00
  4402.00      2.31      2.48      2.23      1.40      1.39      0.73      0.76      0.26      0.00      0.00      0.00      0.00
  4403.00      2.16      2.33      2.07      1.28      1.32      0.58      0.79      0.24      0.00      0.00      0.00      0.00
  4404.00      2.11      2.25      1.95      1.18      1.32      0.50      0.83      0.24      0.00      0.00      0.00      0.00
  4405.00      2.15      2.25      1.86      1.11      1.37      0.48      0.87      0.24      0.00      0.00      0.00      0.00
  4406.00      2.25      2.34      1.80      1.09      1.47      0.52      0.91      0.26      0.00      0.00      0.00      0.00
  4407.00      2.14      2.23      1.54      0.97      1.42      0.56      0.84      0.27      0.00      0.00      0.00      0.00
  4408.00      2.15      2.27      1.38      0.89      1.44      0.68      0.82      0.31      0.00      0.00      0.00      0.00
  4409.00      2.21      2.37      1.25      0.78      1.49      0.86      0.81      0.39      0.00      0.00      0.00      0.00
  4410.00      2.09      2.25      1.04      0.59      1.40      0.97      0.73      0.42      0.00      0.00      0.00      0.00
  4411.00      2.14      2.27      0.96      0.54      1.43      1.14      0.72      0.46      0.00      0.00      0.00      0.00
  4412.00      2.18      2.23      0.93      0.57      1.44      1.25      0.70      0.45      0.00      0.00      0.00      0.00
  4413.00      2.07      2.04      0.90      0.63      1.34      1.22      0.66      0.39      0.00      0.00      0.00      0.00
  4414.00      2.16      2.09      1.09      0.78      1.38      1.25      0.70      0.35      0.00      0.00      0.00      0.00
  4415.00      2.29      2.25      1.45      0.97      1.46      1.28      0.78      0.32      0.00      0.00      0.00      0.00
  4416.00      2.33      2.33      1.78      1.09      1.49      1.24      0.84      0.27      0.01      0.00      0.00      0.00
  4417.00      2.21      2.22      1.89      1.11      1.41      1.09      0.84      0.20      0.02      0.00      0.00      0.00
  4418.00      2.26      2.25      2.04      1.19      1.44      1.05      0.89      0.15      0.03      0.00      0.00      0.00
  4419.00      2.31      2.31      2.15      1.29      1.48      1.10      0.94      0.12      0.02      0.00      0.00      0.00
  4420.00      2.28      2.31      2.18      1.34      1.48      1.19      0.93      0.07      0.01      0.00      0.00      0.00
  4421.00      2.15      2.20      2.11      1.31      1.39      1.26      0.86      0.03      0.01      0.00      0.00      0.00
  4422.00      2.08      2.11      2.06      1.27      1.31      1.34      0.82      0.03      0.04      0.00      0.00      0.00
  4423.00      2.24      2.23      2.19      1.31      1.38      1.51      0.86      0.07      0.09      0.00      0.00      0.00
  4424.00      2.36      2.32      2.30      1.36      1.46      1.61      0.91      0.13      0.12      0.00      0.00      0.00
  4425.00      2.44      2.36      2.37      1.42      1.53      1.64      0.98      0.18      0.11      0.00      0.00      0.00
  4426.00      2.37      2.28      2.38      1.43      1.51      1.59      1.01      0.23      0.08      0.00      0.00      0.00
  4427.00      2.34      2.25      2.50      1.47      1.49      1.57      1.01      0.26      0.05      0.00      0.00      0.00
  4428.00      2.23      2.14      2.56      1.41      1.39      1.49      0.92      0.27      0.01      0.00      0.00      0.00
  4429.00      2.20      2.11      2.65      1.33      1.32      1.47      0.88      0.28      0.00      0.00      0.00      0.00
  4430.00      2.32      2.23      2.87      1.37      1.36      1.58      0.92      0.30      0.00      0.00      0.00      0.00
  4431.00      2.45      2.34      3.00      1.45      1.44      1.71      0.96      0.32      0.00      0.00      0.00      0.00
  4432.00      2.44      2.30      2.87      1.47      1.45      1.73      0.97      0.33      0.00      0.00      0.00      0.00
  4433.00      2.29      2.16      2.55      1.42      1.34      1.59      0.92      0.28      0.00      0.00      0.00      0.00
  4434.00      2.32      2.21      2.44      1.49      1.31      1.54      0.90      0.25      0.00      0.00      0.00      0.00
  4435.00      2.45      2.37      2.46      1.59      1.32      1.55      0.89      0.27      0.00      0.00      0.00      0.00
  4436.00      2.49      2.38      2.42      1.59      1.27      1.50      0.84      0.34      0.00      0.00      0.00      0.00
  4437.00      2.45      2.28      2.34      1.52      1.22      1.45      0.78      0.42      0.00      0.00      0.00      0.00
  4438.00      2.38      2.17      2.27      1.42      1.20      1.45      0.75      0.49      0.00      0.00      0.00      0.00
  4439.00      2.34      2.15      2.23      1.35      1.20      1.48      0.74      0.56      0.00      0.00      0.00      0.00
  4440.00      2.33      2.22      2.21      1.31      1.21      1.52      0.78      0.61      0.00      0.00      0.00      0.00
  4441.00      2.38      2.34      2.24      1.33      1.25      1.59      0.85      0.63      0.00      0.00      0.00      0.00
  4442.00      2.44      2.45      2.30      1.36      1.31      1.64      0.91      0.62      0.00      0.00      0.00      0.00
  4443.00      2.44      2.43      2.29      1.35      1.33      1.62      0.90      0.57      0.00      0.00      0.00      0.00
  4444.00      2.44      2.37      2.25      1.31      1.35      1.59      0.84      0.53      0.00      0.00      0.00      0.00
  4445.00      2.49      2.37      2.27      1.31      1.40      1.60      0.80      0.50      0.01      0.00      0.00      0.00
  4446.00      2.38      2.26      2.17      1.26      1.35      1.51      0.70      0.45      0.05      0.00      0.00      0.00
  4447.00      2.27      2.15      2.13      1.25      1.30      1.42      0.57      0.40      0.06      0.00      0.00      0.00
  4448.00      2.29      2.18      2.22      1.34      1.33      1.44      0.48      0.37      0.06      0.00      0.00      0.00
  4449.00      2.31      2.24      2.29      1.43      1.36      1.49      0.43      0.32      0.05      0.00      0.00      0.00
  4450.00      2.26      2.22      2.24      1.41      1.34      1.49      0.39      0.24      0.02      0.00      0.00      0.00
  4451.00      2.26      2.23      2.22      1.39      1.33      1.51      0.36      0.15      0.01      0.00      0.00      0.00
  4452.00      2.33      2.27      2.24      1.38      1.32      1.53      0.38      0.07      0.00      0.00      0.00      0.00
  4453.00      2.43      2.32      2.29      1.39      1.31      1.57      0.41      0.03      0.00      0.00      0.00      0.00
  4454.00      2.46      2.32      2.29      1.40      1.26      1.56      0.42      0.02      0.00      0.00      0.00      0.00
  4455.00      2.40      2.27      2.24      1.37      1.19      1.50      0.43      0.04      0.00      0.00      0.00      0.00
  4456.00      2.45      2.34      2.32      1.39      1.23      1.52      0.52      0.07      0.00      0.00      0.00      0.00
  4457.00      2.49      2.41      2.41      1.37      1.31      1.57      0.67      0.12      0.00      0.00      0.00      0.00
  4458.00      2.47      2.42      2.44      1.29      1.40      1.61      0.84      0.17      0.00      0.00      0.00      0.00
  4459.00      2.46      2.42      2.44      1.20      1.49      1.65      0.99      0.24      0.00      0.00      0.00      0.00
  4460.00      2.48      2.44      2.43      1.11      1.57      1.69      1.08      0.31      0.00      0.00      0.00      0.00
  4461.00      2.47      2.41      2.39      1.00      1.58      1.64      1.07      0.37      0.00      0.00      0.00      0.00
  4462.00      2.38      2.29      2.26      0.84      1.50      1.50      0.97      0.41      0.00      0.00      0.00      0.00
  4463.00      2.46      2.34      2.32      0.76      1.54      1.49      0.95      0.47      0.00      0.00      0.00      0.00
  4464.00      2.35      2.20      2.19      0.64      1.48      1.40      0.85      0.51      0.00      0.00      0.00      0.00
  4465.00      2.46      2.29      2.28      0.64      1.57      1.47      0.85      0.59      0.00      0.00      0.00      0.00
  4466.00      2.63      2.48      2.46      0.74      1.69      1.62      0.89      0.70      0.00      0.00      0.00      0.00
  4467.00      2.56      2.44      2.41      0.84      1.60      1.61      0.87      0.72      0.00      0.00      0.00      0.00
  4468.00      2.58      2.47      2.42      0.98      1.58      1.63      0.88      0.72      0.00      0.00      0.00      0.00
  4469.00      2.50      2.38      2.32      1.05      1.50      1.56      0.86      0.66      0.00      0.00      0.00      0.00
  4470.00      2.47      2.34      2.28      1.09      1.46      1.52      0.88      0.62      0.00      0.00      0.00      0.00
  4471.00      2.56      2.44      2.38      1.13      1.53      1.59      0.97      0.63      0.00      0.00      0.00      0.00
  4472.00      2.57      2.47      2.40      1.10      1.53      1.62      1.00      0.64      0.00      0.00      0.00      0.00
  4473.00      2.53      2.45      2.36      1.00      1.47      1.59      0.99      0.64      0.00      0.00      0.00      0.00
  4474.00      2.47      2.39      2.31      0.89      1.40      1.53      0.98      0.65      0.00      0.00      0.00      0.00
  4475.00      2.35      2.28      2.24      0.79      1.34      1.43      0.95      0.62      0.00      0.00      0.00      0.00
  4476.00      2.34      2.27      2.28      0.80      1.38      1.42      0.96      0.63      0.00      0.00      0.00      0.00
  4477.00      2.40      2.31      2.35      0.91      1.44      1.45      0.99      0.67      0.00      0.00      0.00      0.00
  4478.00      2.41      2.31      2.36      1.06      1.45      1.46      1.00      0.70      0.00      0.01      0.00      0.00
  4479.00      2.40      2.33      2.37      1.25      1.44      1.49      1.00      0.71      0.00      0.02      0.00      0.00
  4480.00      2.39      2.35      2.39      1.47      1.43      1.51      0.99      0.71      0.00      0.02      0.00      0.00
  4481.00      2.42      2.42      2.46      1.70      1.47      1.53      1.02      0.70      0.00      0.01      0.00      0.00
  4482.00      2.43      2.44      2.51      1.85      1.51      1.52      1.05      0.68      0.01      0.00      0.00      0.00
  4483.00      2.39      2.41      2.48      1.87      1.51      1.48      1.05      0.68      0.03      0.00      0.00      0.00
  4484.00      2.36      2.37      2.41      1.79      1.47      1.42      1.03      0.70      0.06      0.00      0.00      0.00
  4485.00      2.31      2.30      2.32      1.66      1.37      1.35      0.97      0.70      0.10      0.00      0.00      0.00
  4486.00      2.29      2.24      2.29      1.57      1.27      1.32      0.91      0.70      0.12      0.00      0.00      0.00
  4487.00      2.35      2.28      2.38      1.57      1.21      1.37      0.90      0.73      0.13      0.00      0.00      0.00
  4488.00      2.35      2.27      2.39      1.56      1.11      1.40      0.91      0.73      0.12      0.00      0.00      0.00
  4489.00      2.38      2.31      2.39      1.59      1.03      1.43      0.97      0.73      0.08      0.00      0.00      0.00
  4490.00      2.45      2.38      2.38      1.65      0.99      1.46      1.04      0.73      0.04      0.00      0.00      0.00
  4491.00      2.48      2.40      2.34      1.72      0.97      1.47      1.09      0.72      0.01      0.00      0.00      0.00
  4492.00      2.46      2.36      2.28      1.74      0.98      1.46      1.08      0.66      0.00      0.00      0.00      0.00
  4493.00      2.43      2.32      2.25      1.73      1.03      1.48      1.05      0.58      0.00      0.04      0.00      0.00
  4494.00      2.42      2.32      2.27      1.67      1.15      1.53      1.03      0.54      0.00      0.08      0.00      0.00
  4495.00      2.43      2.36      2.34      1.60      1.28      1.59      1.04      0.55      0.00      0.03      0.00      0.00
  4496.00      2.44      2.40      2.41      1.53      1.39      1.60      1.07      0.59      0.00      0.00      0.00      0.00
  4497.00      2.37      2.36      2.36      1.43      1.40      1.52      1.07      0.62      0.00      0.00      0.00      0.00
  4498.00      2.38      2.42      2.36      1.41      1.43      1.52      1.10      0.67      0.00      0.00      0.00      0.00
  4499.00      2.32      2.36      2.30      1.35      1.41      1.49      1.07      0.68      0.00      0.04      0.00      0.00
  4500.00      2.25      2.28      2.24      1.28      1.39      1.48      1.02      0.64      0.00      0.12      0.00      0.00
  4501.00      2.21      2.20      2.20      1.25      1.39      1.51      0.98      0.59      0.00      0.15      0.00      0.00
  4502.00      2.24      2.19      2.22      1.30      1.42      1.56      0.97      0.53      0.00      0.13      0.00      0.00
  4503.00      2.28      2.25      2.26      1.40      1.48      1.60      1.00      0.48      0.00      0.07      0.00      0.00
  4504.00      2.15      2.18      2.18      1.40      1.43      1.54      0.99      0.37      0.00      0.02      0.00      0.00
  4505.00      2.04      2.16      2.14      1.38      1.38      1.51      1.01      0.27      0.01      0.02      0.00      0.00
  4506.00      2.10      2.29      2.25      1.42      1.42      1.57      1.09      0.21      0.03      0.07      0.00      0.00
  4507.00      2.07      2.28      2.24      1.33      1.37      1.53      1.10      0.15      0.03      0.15      0.00      0.00
  4508.00      2.02      2.21      2.19      1.24      1.31      1.47      1.06      0.11      0.03      0.20      0.00      0.00
  4509.00      2.08      2.26      2.27      1.24      1.33      1.48      1.07      0.09      0.04      0.21      0.00      0.00
  4510.00      2.14      2.28      2.35      1.27      1.34      1.48      1.06      0.08      0.07      0.16      0.00      0.00
  4511.00      2.19      2.26      2.38      1.30      1.31      1.43      1.04      0.07      0.12      0.12      0.00      0.00
  4512.00      2.15      2.15      2.29      1.28      1.23      1.32      1.00      0.05      0.18      0.11      0.00      0.00
  4513.00      2.22      2.18      2.31      1.30      1.18      1.27      1.04      0.04      0.25      0.10      0.00      0.00
  4514.00      2.27      2.22      2.34      1.29      1.09      1.20      1.08      0.04      0.29      0.05      0.00      0.00
  4515.00      2.24      2.23      2.34      1.23      0.98      1.10      1.09      0.09      0.26      0.01      0.00      0.00
  4516.00      2.20      2.23      2.37      1.15      0.92      1.03      1.09      0.18      0.18      0.00      0.00      0.00
  4517.00      2.19      2.22      2.41      1.06      0.96      0.98      1.09      0.30      0.07      0.00      0.00      0.00
  4518.00      2.24      2.20      2.43      0.98      1.09      0.96      1.07      0.41      0.01      0.00      0.00      0.00
  4519.00      2.32      2.18      2.44      0.92      1.23      0.99      1.05      0.50      0.00      0.00      0.00      0.00
  4520.00      2.38      2.14      2.42      0.83      1.33      1.06      1.02      0.56      0.00      0.00      0.00      0.00
  4521.00      2.42      2.08      2.38      0.71      1.36      1.15      0.98      0.61      0.00      0.00      0.00      0.00
  4522.00      2.38      1.98      2.29      0.59      1.32      1.20      0.94      0.63      0.00      0.00      0.00      0.00
  4523.00      2.33      1.91      2.22      0.50      1.29      1.24      0.95      0.67      0.01      0.00      0.00      0.00
  4524.00      2.32      1.87      2.21      0.44      1.30      1.28      0.98      0.72      0.01      0.01      0.00      0.00
  4525.00      2.28      1.76      2.18      0.41      1.31      1.27      0.99      0.76      0.00      0.03      0.00      0.00
  4526.00      2.34      1.66      2.26      0.45      1.38      1.29      1.03      0.81      0.00      0.04      0.00      0.00
  4527.00      2.36      1.48      2.29      0.54      1.43      1.30      1.00      0.81      0.02      0.01      0.00      0.00
  4528.00      2.37      1.30      2.29      0.69      1.47      1.31      0.92      0.78      0.06      0.00      0.00      0.00
  4529.00      2.40      1.17      2.25      0.86      1.48      1.33      0.83      0.74      0.07      0.00      0.00      0.00
  4530.00      2.57      1.21      2.34      1.05      1.56      1.41      0.82      0.73      0.07      0.00      0.00      0.00
  4531.00      2.54      1.29      2.28      1.13      1.55      1.39      0.80      0.72      0.07      0.00      0.00      0.00
  4532.00      2.39      1.41      2.17      1.15      1.48      1.32      0.79      0.72      0.08      0.00      0.00      0.00
  4533.00      2.28      1.59      2.10      1.16      1.42      1.26      0.83      0.77      0.07      0.00      0.00      0.00
  4534.00      2.21      1.80      2.06      1.15      1.37      1.23      0.90      0.81      0.06      0.00      0.00      0.00
  4535.00      2.20      1.98      2.06      1.12      1.32      1.24      0.94      0.84      0.04      0.01      0.00      0.00
  4536.00      2.30      2.20      2.18      1.14      1.36      1.33      1.01      0.84      0.03      0.04      0.00      0.00
  4537.00      2.27      2.22      2.18      1.14      1.33      1.35      1.03      0.76      0.04      0.04      0.00      0.00
  4538.00      2.19      2.15      2.13      1.13      1.31      1.35      1.03      0.68      0.05      0.03      0.00      0.00
  4539.00      2.13      2.09      2.07      1.11      1.32      1.35      1.02      0.65      0.05      0.01      0.00      0.00
  4540.00      2.19      2.18      2.08      1.12      1.41      1.41      1.05      0.70      0.05      0.00      0.00      0.00
  4541.00      2.27      2.30      2.12      1.14      1.55      1.49      1.09      0.81      0.03      0.00      0.00      0.00
  4542.00      2.22      2.28      2.05      1.10      1.58      1.47      1.04      0.86      0.01      0.00      0.00      0.00
  4543.00      2.08      2.13      1.92      1.04      1.52      1.38      0.94      0.84      0.00      0.00      0.00      0.00
  4544.00      2.12      2.14      1.97      1.08      1.56      1.40      0.94      0.87      0.00      0.00      0.00      0.00
  4545.00      2.25      2.21      2.08      1.15      1.65      1.50      0.99      0.92      0.00      0.00      0.00      0.00
  4546.00      2.33      2.22      2.11      1.22      1.67      1.55      0.99      0.94      0.00      0.00      0.00      0.00
  4547.00      2.37      2.19      2.06      1.29      1.64      1.55      0.95      0.96      0.00      0.00      0.00      0.00
  4548.00      2.33      2.15      1.98      1.39      1.56      1.50      0.90      0.96      0.00      0.00      0.00      0.00
  4549.00      2.29      2.13      1.94      1.56      1.50      1.47      0.87      0.96      0.00      0.00      0.00      0.00
  4550.00      2.38      2.26      2.06      1.89      1.56      1.53      0.92      1.02      0.00      0.00      0.00      0.00
  4551.00      2.42      2.30      2.15      2.23      1.59      1.54      0.97      1.01      0.00      0.00      0.00      0.00
  4552.00      2.30      2.16      2.05      2.45      1.50      1.46      0.94      0.89      0.01      0.00      0.00      0.00
  4553.00      2.24      2.08      1.94      2.74      1.45      1.40      0.91      0.78      0.04      0.00      0.00      0.00
  4554.00      2.26      2.03      1.82      3.08      1.45      1.39      0.89      0.73      0.09      0.00      0.00      0.00
  4555.00      2.24      1.91      1.62      3.26      1.42      1.37      0.80      0.71      0.11      0.00      0.00      0.00
  4556.00      2.28      1.80      1.46      3.40      1.44      1.39      0.74      0.75      0.08      0.00      0.00      0.00
  4557.00      2.36      1.71      1.37      3.43      1.51      1.44      0.75      0.82      0.04      0.01      0.00      0.00
  4558.00      2.31      1.54      1.26      3.07      1.50      1.41      0.75      0.83      0.01      0.01      0.00      0.00
  4559.00      2.26      1.44      1.23      2.62      1.46      1.39      0.81      0.84      0.00      0.00      0.00      0.00
  4560.00      2.20      1.43      1.26      2.46      1.36      1.35      0.86      0.81      0.00      0.00      0.00      0.00
  4561.00      2.24      1.59      1.36      3.62      1.32      1.35      0.94      0.80      0.00      0.00      0.00      0.00
  4562.00      2.27      1.80      1.43      6.61      1.28      1.35      0.96      0.79      0.00      0.00      0.00      0.00
  4563.00      2.29      2.01      1.45     10.77      1.26      1.32      0.95      0.80      0.00      0.00      0.00      0.00
  4564.00      2.31      2.18      1.44     14.69      1.29      1.30      0.93      0.82      0.01      0.02      0.00      0.00
  4565.00      2.43      2.39      1.51     17.56      1.37      1.33      0.95      0.88      0.04      0.08      0.00      0.00
  4566.00      2.46      2.46      1.59     18.21      1.37      1.35      0.94      0.89      0.09      0.10      0.00      0.00
  4567.00      2.44      2.48      1.74     16.97      1.33      1.39      0.94      0.85      0.12      0.07      0.00      0.00
  4568.00      2.38      2.46      1.99     14.73      1.27      1.41      0.93      0.81      0.13      0.03      0.00      0.00
  4569.00      2.30      2.43      2.25     12.25      1.24      1.41      0.93      0.78      0.10      0.00      0.00      0.00
  4570.00      2.32      2.46      2.53     10.27      1.26      1.44      0.97      0.80      0.05      0.00      0.00      0.00
  4571.00      2.32      2.42      2.66      8.46      1.26      1.44      0.98      0.82      0.01      0.00      0.00      0.00
  4572.00      2.31      2.34      2.66      6.95      1.26      1.42      0.99      0.86      0.00      0.00      0.00      0.00
  4573.00      2.31      2.33      2.64      5.85      1.27      1.45      1.00      0.92      0.01      0.00      0.00      0.00
  4574.00      2.18      2.30      2.52      4.82      1.22      1.42      0.98      0.91      0.03      0.00      0.00      0.00
  4575.00      2.03      2.30      2.41      4.01      1.17      1.39      0.95      0.88      0.07      0.00      0.00      0.00
  4576.00      1.96      2.39      2.43      3.53      1.18      1.40      0.96      0.85      0.10      0.00      0.00      0.00
  4577.00      1.82      2.41      2.43      3.10      1.18      1.40      0.94      0.80      0.08      0.00      0.00      0.00
  4578.00      1.60      2.37      2.41      2.75      1.18      1.40      0.90      0.76      0.06      0.00      0.00      0.00
  4579.00      1.40      2.38      2.47      2.53      1.22      1.45      0.87      0.75      0.07      0.02      0.00      0.00
  4580.00      1.28      2.43      2.59      2.39      1.28      1.51      0.87      0.74      0.10      0.06      0.00      0.00
  4581.00      1.21      2.37      2.63      2.20      1.28      1.49      0.86      0.73      0.13      0.09      0.00      0.00
  4582.00      1.27      2.37      2.77      2.12      1.33      1.50      0.90      0.78      0.15      0.09      0.00      0.00
  4583.00      1.46      2.39      2.98      2.11      1.41      1.53      0.95      0.85      0.17      0.06      0.00      0.00
  4584.00      1.73      2.40      3.13      2.10      1.45      1.55      0.99      0.87      0.15      0.01      0.00      0.00
  4585.00      2.03      2.49      3.26      2.13      1.51      1.60      1.02      0.90      0.09      0.00      0.00      0.00
  4586.00      2.19      2.46      3.14      2.05      1.48      1.56      0.98      0.89      0.02      0.00      0.00      0.00
  4587.00      2.28      2.42      2.94      2.00      1.44      1.52      0.95      0.88      0.00      0.00      0.00      0.00
  4588.00      2.33      2.38      2.73      1.98      1.44      1.50      0.95      0.89      0.00      0.00      0.00      0.00
  4589.00      2.34      2.33      2.58      1.98      1.46      1.51      0.95      0.93      0.00      0.03      0.00      0.00
  4590.00      2.20      2.22      2.38      1.88      1.45      1.46      0.89      0.94      0.01      0.09      0.00      0.00
  4591.00      2.18      2.28      2.34      1.90      1.53      1.49      0.86      0.96      0.00      0.16      0.00      0.00
  4592.00      2.21      2.41      2.35      1.97      1.61      1.53      0.83      0.97      0.00      0.19      0.00      0.00
  4593.00      2.22      2.46      2.31      2.02      1.65      1.52      0.79      0.95      0.00      0.21      0.00      0.00
  4594.00      2.25      2.48      2.33      2.09      1.67      1.51      0.76      0.95      0.00      0.23      0.00      0.00
  4595.00      2.15      2.37      2.24      2.03      1.55      1.40      0.71      0.89      0.00      0.21      0.00      0.00
  4596.00      2.12      2.38      2.25      2.02      1.48      1.39      0.72      0.89      0.01      0.16      0.00      0.00
  4597.00      2.17      2.46      2.29      2.04      1.47      1.41      0.77      0.93      0.04      0.10      0.00      0.00
  4598.00      2.23      2.45      2.27      2.02      1.45      1.38      0.80      0.94      0.07      0.03      0.00      0.00
  4599.00      2.34      2.44      2.28      2.02      1.47      1.36      0.82      0.93      0.07      0.00      0.00      0.00
  4600.00      2.55      2.46      2.38      2.07      1.53      1.38      0.82      0.91      0.08      0.00      0.00      0.00
  4601.00      2.73      2.44      2.42      2.07      1.54      1.37      0.78      0.86      0.11      0.00      0.00      0.00
  4602.00      2.93      2.41      2.44      2.08      1.55      1.37      0.73      0.80      0.15      0.01      0.00      0.00
  4603.00      2.98      2.35      2.39      2.03      1.54      1.33      0.67      0.72      0.18      0.04      0.00      0.00
  4604.00      2.97      2.36      2.40      2.04      1.56      1.29      0.64      0.68      0.21      0.10      0.00      0.00
  4605.00      2.75      2.31      2.37      2.01      1.52      1.16      0.59      0.65      0.21      0.13      0.00      0.00
  4606.00      2.50      2.29      2.38      2.03      1.50      1.02      0.54      0.66      0.20      0.11      0.00      0.00
  4607.00      2.33      2.29      2.41      2.07      1.49      0.90      0.49      0.70      0.19      0.05      0.00      0.00
  4608.00      2.21      2.27      2.38      2.07      1.44      0.81      0.43      0.72      0.18      0.01      0.00      0.00
  4609.00      2.21      2.30      2.37      2.07      1.43      0.80      0.35      0.72      0.13      0.00      0.00      0.00
  4610.00      2.15      2.24      2.25      1.97      1.38      0.81      0.28      0.64      0.07      0.00      0.00      0.00
  4611.00      2.11      2.23      2.20      1.92      1.37      0.89      0.24      0.54      0.03      0.00      0.00      0.00
  4612.00      2.10      2.26      2.20      1.92      1.40      1.01      0.19      0.43      0.01      0.00      0.00      0.00
  4613.00      2.10      2.29      2.24      1.92      1.42      1.13      0.13      0.34      0.00      0.00      0.00      0.00
  4614.00      2.14      2.36      2.36      1.95      1.45      1.25      0.08      0.29      0.00      0.00      0.00      0.00
  4615.00      2.12      2.39      2.42      1.95      1.43      1.30      0.06      0.26      0.03      0.00      0.00      0.00
  4616.00      2.03      2.36      2.39      1.91      1.37      1.30      0.03      0.19      0.09      0.00      0.00      0.00
  4617.00      1.97      2.34      2.36      1.88      1.35      1.28      0.01      0.12      0.13      0.01      0.00      0.00
  4618.00      1.98      2.37      2.40      1.91      1.37      1.30      0.01      0.05      0.16      0.02      0.00      0.00
  4619.00      1.96      2.34      2.40      1.90      1.40      1.31      0.04      0.01      0.16      0.01      0.00      0.00
  4620.00      2.00      2.35      2.46      1.93      1.46      1.38      0.09      0.00      0.18      0.00      0.00      0.00
  4621.00      2.01      2.32      2.46      1.95      1.48      1.45      0.17      0.01      0.20      0.00      0.00      0.00
  4622.00      1.98      2.25      2.38      1.92      1.43      1.47      0.25      0.06      0.22      0.00      0.00      0.00
  4623.00      1.99      2.27      2.36      1.96      1.42      1.52      0.32      0.17      0.26      0.00      0.00      0.00
  4624.00      1.96      2.29      2.35      2.00      1.40      1.55      0.36      0.29      0.29      0.00      0.00      0.00
  4625.00      1.90      2.27      2.30      2.00      1.37      1.51      0.38      0.40      0.28      0.00      0.00      0.00
  4626.00      1.92      2.32      2.35      2.06      1.40      1.53      0.42      0.50      0.28      0.00      0.00      0.00
  4627.00      1.90      2.31      2.35      2.05      1.42      1.52      0.49      0.54      0.27      0.00      0.00      0.00
  4628.00      1.82      2.25      2.28      1.96      1.40      1.47      0.56      0.53      0.27      0.00      0.00      0.00
  4629.00      1.79      2.26      2.26      1.90      1.41      1.46      0.65      0.50      0.28      0.00      0.00      0.00
  4630.00      1.83      2.30      2.28      1.88      1.45      1.46      0.71      0.48      0.28      0.00      0.00      0.00
  4631.00      1.91      2.34      2.32      1.90      1.48      1.45      0.73      0.46      0.28      0.00      0.00      0.00
  4632.00      1.93      2.31      2.33      1.91      1.47      1.40      0.73      0.44      0.27      0.00      0.00      0.00
  4633.00      1.86      2.23      2.29      1.88      1.42      1.33      0.71      0.39      0.27      0.00      0.00      0.00
  4634.00      1.81      2.23      2.28      1.89      1.43      1.32      0.72      0.34      0.28      0.00      0.00      0.00
  4635.00      1.78      2.28      2.26      1.92      1.45      1.37      0.75      0.30      0.28      0.00      0.00      0.00
  4636.00      1.76      2.30      2.19      1.90      1.45      1.41      0.75      0.25      0.28      0.00      0.00      0.00
  4637.00      1.77      2.32      2.17      1.90      1.45      1.45      0.75      0.23      0.29      0.01      0.00      0.00
  4638.00      1.70      2.26      2.18      1.86      1.42      1.46      0.71      0.20      0.30      0.03      0.00      0.00
  4639.00      1.61      2.25      2.28      1.88      1.43      1.50      0.70      0.18      0.32      0.04      0.00      0.00
  4640.00      1.49      2.27      2.38      1.91      1.46      1.53      0.71      0.16      0.37      0.02      0.00      0.00
  4641.00      1.36      2.27      2.39      1.91      1.44      1.52      0.71      0.16      0.45      0.01      0.00      0.00
  4642.00      1.27      2.31      2.43      1.91      1.40      1.53      0.71      0.20      0.52      0.01      0.00      0.00
  4643.00      1.19      2.37      2.50      1.93      1.37      1.56      0.73      0.31      0.56      0.05      0.00      0.00
  4644.00      1.10      2.32      2.46      1.85      1.31      1.49      0.73      0.44      0.54      0.10      0.00      0.00
  4645.00      1.13      2.36      2.52      1.88      1.37      1.50      0.78      0.61      0.51      0.13      0.00      0.00
  4646.00      1.29      2.42      2.57      1.96      1.47      1.53      0.86      0.76      0.47      0.14      0.00      0.00
  4647.00      1.51      2.44      2.57      2.04      1.54      1.54      0.97      0.86      0.42      0.11      0.00      0.00
  4648.00      1.72      2.46      2.56      2.13      1.57      1.55      1.06      0.94      0.36      0.07      0.00      0.00
  4649.00      1.95      2.59      2.66      2.30      1.61      1.65      1.17      1.04      0.30      0.03      0.00      0.00
  4650.00      1.90      2.53      2.56      2.28      1.53      1.64      1.20      1.05      0.23      0.01      0.00      0.00
  4651.00      1.67      2.35      2.36      2.14      1.42      1.53      1.16      0.97      0.17      0.00      0.00      0.00
  4652.00      1.58      2.27      2.30      2.11      1.42      1.48      1.13      0.93      0.12      0.00      0.00      0.00
  4653.00      1.69      2.31      2.34      2.17      1.50      1.48      1.14      0.91      0.07      0.00      0.00      0.00
  4654.00      1.93      2.37      2.38      2.26      1.58      1.49      1.13      0.90      0.03      0.00      0.00      0.00
  4655.00      2.20      2.37      2.34      2.27      1.58      1.44      1.08      0.85      0.05      0.00      0.00      0.00
  4656.00      2.49      2.38      2.33      2.28      1.57      1.40      1.03      0.81      0.10      0.00      0.00      0.00
  4657.00      2.66      2.34      2.29      2.26      1.55      1.37      0.97      0.77      0.15      0.00      0.00      0.00
  4658.00      2.81      2.38      2.35      2.32      1.59      1.41      0.95      0.79      0.21      0.00      0.00      0.00
  4659.00      2.76      2.31      2.31      2.29      1.56      1.36      0.87      0.79      0.26      0.00      0.00      0.00
  4660.00      2.60      2.19      2.17      2.19      1.48      1.28      0.74      0.79      0.28      0.00      0.00      0.00
  4661.00      2.49      2.16      2.06      2.14      1.44      1.27      0.62      0.81      0.30      0.00      0.00      0.00
  4662.00      2.45      2.20      2.01      2.16      1.45      1.30      0.53      0.87      0.31      0.00      0.00      0.00
  4663.00      2.53      2.35      2.05      2.30      1.52      1.40      0.49      0.96      0.34      0.00      0.00      0.00
  4664.00      2.58      2.41      2.07      2.43      1.54      1.48      0.48      1.03      0.35      0.00      0.00      0.00
  4665.00      2.61      2.42      2.04      2.54      1.55      1.52      0.50      1.04      0.36      0.00      0.00      0.00
  4666.00      2.62      2.42      1.94      2.62      1.55      1.54      0.56      1.03      0.35      0.00      0.00      0.00
  4667.00      2.60      2.41      1.74      2.65      1.55      1.52      0.67      1.00      0.31      0.01      0.00      0.00
  4668.00      2.66      2.50      1.55      2.77      1.59      1.56      0.84      1.02      0.29      0.05      0.00      0.00
  4669.00      2.65      2.56      1.36      2.81      1.58      1.58      1.02      1.03      0.35      0.08      0.00      0.00
  4670.00      2.53      2.50      1.19      2.72      1.50      1.55      1.14      1.03      0.43      0.08      0.00      0.00
  4671.00      2.37      2.36      1.06      2.55      1.43      1.47      1.19      1.03      0.51      0.06      0.00      0.00
  4672.00      2.36      2.33      1.06      2.48      1.45      1.48      1.27      1.07      0.59      0.04      0.00      0.00
  4673.00      2.37      2.30      1.15      2.43      1.48      1.48      1.31      1.06      0.67      0.01      0.00      0.00
  4674.00      2.35      2.24      1.35      2.37      1.46      1.45      1.27      1.00      0.69      0.00      0.00      0.00
  4675.00      2.35      2.22      1.70      2.33      1.44      1.42      1.21      0.98      0.68      0.00      0.00      0.00
  4676.00      2.35      2.21      2.09      2.28      1.44      1.39      1.14      0.97      0.63      0.00      0.00      0.00
  4677.00      2.36      2.25      2.46      2.24      1.46      1.37      1.08      0.95      0.60      0.00      0.00      0.00
  4678.00      2.39      2.34      2.75      2.23      1.48      1.40      1.05      0.97      0.58      0.00      0.00      0.00
  4679.00      2.41      2.42      2.91      2.22      1.50      1.45      1.10      1.00      0.55      0.00      0.00      0.00
  4680.00      2.43      2.46      2.92      2.22      1.49      1.52      1.21      1.01      0.53      0.00      0.00      0.00
  4681.00      2.34      2.37      2.74      2.14      1.40      1.52      1.28      0.92      0.47      0.00      0.00      0.00
  4682.00      2.28      2.34      2.56      2.11      1.37      1.53      1.37      0.84      0.42      0.00      0.00      0.00
  4683.00      2.24      2.34      2.41      2.11      1.38      1.54      1.45      0.80      0.36      0.00      0.00      0.00
  4684.00      2.26      2.37      2.34      2.18      1.43      1.56      1.52      0.79      0.29      0.00      0.00      0.00
  4685.00      2.26      2.36      2.29      2.24      1.47      1.56      1.53      0.79      0.19      0.00      0.00      0.00
  4686.00      2.20      2.27      2.20      2.21      1.44      1.51      1.47      0.78      0.10      0.00      0.00      0.00
  4687.00      2.23      2.27      2.23      2.23      1.43      1.51      1.46      0.83      0.04      0.00      0.00      0.00
  4688.00      2.37      2.37      2.38      2.31      1.45      1.59      1.53      0.92      0.02      0.00      0.00      0.00
  4689.00      2.38      2.36      2.44      2.27      1.43      1.61      1.54      0.96      0.03      0.00      0.00      0.00
  4690.00      2.28      2.26      2.39      2.17      1.36      1.56      1.51      0.90      0.06      0.00      0.00      0.00
  4691.00      2.26      2.27      2.39      2.16      1.37      1.55      1.54      0.86      0.10      0.00      0.01      0.00
  4692.00      2.30      2.34      2.43      2.22      1.42      1.59      1.60      0.82      0.15      0.00      0.03      0.00
  4693.00      2.40      2.48      2.52      2.36      1.51      1.68      1.68      0.79      0.22      0.00      0.03      0.00
  4694.00      2.39      2.48      2.49      2.40      1.51      1.69      1.62      0.68      0.29      0.00      0.01      0.00
  4695.00      2.36      2.46      2.46      2.40      1.49      1.69      1.54      0.56      0.37      0.00      0.00      0.00
  4696.00      2.35      2.46      2.46      2.39      1.46      1.67      1.46      0.49      0.44      0.00      0.00      0.00
  4697.00      2.26      2.38      2.38      2.27      1.33      1.57      1.36      0.42      0.48      0.00      0.00      0.00
  4698.00      2.26      2.39      2.38      2.21      1.23      1.51      1.34      0.39      0.53      0.00      0.00      0.00
  4699.00      2.34      2.45      2.42      2.21      1.17      1.50      1.40      0.39      0.60      0.00      0.00      0.00
  4700.00      2.40      2.49      2.42      2.24      1.13      1.54      1.47      0.42      0.67      0.00      0.00      0.00
  4701.00      2.37      2.47      2.35      2.26      1.07      1.58      1.50      0.43      0.73      0.00      0.00      0.00
  4702.00      2.34      2.46      2.28      2.30      0.98      1.62      1.53      0.44      0.77      0.00      0.00      0.00
  4703.00      2.36      2.48      2.25      2.37      0.84      1.64      1.56      0.49      0.77      0.00      0.00      0.00
  4704.00      2.34      2.48      2.22      2.39      0.67      1.60      1.54      0.59      0.74      0.00      0.00      0.00
  4705.00      2.36      2.54      2.24      2.40      0.59      1.57      1.54      0.76      0.71      0.00      0.00      0.00
  4706.00      2.30      2.53      2.23      2.36      0.60      1.50      1.51      0.92      0.67      0.00      0.01      0.00
  4707.00      2.27      2.51      2.22      2.34      0.70      1.46      1.48      1.03      0.66      0.02      0.05      0.00
  4708.00      2.32      2.52      2.29      2.40      0.87      1.49      1.48      1.12      0.69      0.06      0.10      0.00
  4709.00      2.33      2.45      2.33      2.41      1.02      1.50      1.45      1.11      0.71      0.11      0.04      0.00
  4710.00      2.33      2.38      2.37      2.40      1.13      1.47      1.44      1.06      0.72      0.14      0.00      0.00
  4711.00      2.34      2.37      2.40      2.38      1.23      1.42      1.45      1.01      0.74      0.16      0.00      0.00
  4712.00      2.32      2.38      2.42      2.37      1.31      1.35      1.48      0.96      0.75      0.15      0.00      0.00
  4713.00      2.32      2.42      2.44      2.39      1.39      1.31      1.51      0.92      0.79      0.11      0.03      0.00
  4714.00      2.32      2.48      2.48      2.41      1.46      1.30      1.53      0.90      0.83      0.07      0.14      0.00
  4715.00      2.40      2.56      2.57      2.46      1.53      1.35      1.56      0.91      0.85      0.03      0.22      0.00
  4716.00      2.44      2.56      2.59      2.44      1.54      1.36      1.53      0.92      0.83      0.01      0.20      0.00
  4717.00      2.43      2.52      2.55      2.36      1.51      1.35      1.48      0.91      0.78      0.00      0.13      0.00
  4718.00      2.32      2.42      2.45      2.21      1.42      1.31      1.41      0.91      0.73      0.00      0.04      0.00
  4719.00      2.30      2.41      2.43      2.11      1.42      1.31      1.42      0.95      0.74      0.00      0.01      0.00
  4720.00      2.31      2.40      2.40      1.98      1.44      1.33      1.45      0.98      0.77      0.00      0.04      0.00
  4721.00      2.37      2.43      2.40      1.85      1.49      1.37      1.50      0.99      0.80      0.00      0.13      0.00
  4722.00      2.44      2.52      2.45      1.72      1.56      1.43      1.56      1.02      0.84      0.00      0.23      0.00
  4723.00      2.43      2.56      2.45      1.54      1.57      1.46      1.56      1.04      0.85      0.00      0.29      0.00
  4724.00      2.43      2.59      2.45      1.36      1.54      1.46      1.51      1.06      0.84      0.01      0.27      0.00
  4725.00      2.39      2.53      2.40      1.16      1.46      1.42      1.42      1.04      0.81      0.01      0.18      0.00
  4726.00      2.33      2.43      2.36      1.03      1.41      1.39      1.35      1.03      0.78      0.00      0.14      0.00
  4727.00      2.29      2.36      2.38      0.97      1.41      1.38      1.34      1.03      0.76      0.00      0.14      0.00
  4728.00      2.31      2.36      2.48      1.03      1.46      1.41      1.38      1.05      0.76      0.00      0.12      0.00
  4729.00      2.41      2.43      2.61      1.24      1.58      1.48      1.48      1.08      0.73      0.00      0.05      0.00
  4730.00      2.46      2.46      2.62      1.54      1.65      1.49      1.52      1.10      0.67      0.02      0.01      0.00
  4731.00      2.41      2.37      2.47      1.81      1.60      1.39      1.47      1.08      0.62      0.03      0.00      0.00
  4732.00      2.37      2.28      2.34      2.02      1.54      1.28      1.41      1.05      0.61      0.03      0.00      0.00
  4733.00      2.33      2.22      2.26      2.15      1.48      1.20      1.37      1.03      0.63      0.03      0.00      0.00
  4734.00      2.29      2.22      2.28      2.24      1.43      1.18      1.37      1.01      0.69      0.04      0.00      0.00
  4735.00      2.26      2.24      2.32      2.27      1.38      1.22      1.38      0.97      0.73      0.06      0.00      0.00
  4736.00      2.26      2.29      2.38      2.30      1.35      1.31      1.39      0.94      0.75      0.10      0.00      0.00
  4737.00      2.34      2.41      2.51      2.41      1.38      1.46      1.42      0.96      0.74      0.17      0.00      0.00
  4738.00      2.40      2.47      2.59      2.46      1.40      1.57      1.43      1.02      0.70      0.25      0.00      0.00
  4739.00      2.31      2.36      2.49      2.36      1.33      1.54      1.36      1.03      0.60      0.30      0.00      0.00
  4740.00      2.30      2.35      2.45      2.36      1.30      1.55      1.34      1.07      0.52      0.31      0.02      0.00
  4741.00      2.41      2.47      2.54      2.47      1.33      1.61      1.41      1.15      0.45      0.28      0.06      0.00
  4742.00      2.46      2.57      2.57      2.59      1.36      1.66      1.46      1.18      0.35      0.19      0.04      0.00
  4743.00      2.40      2.52      2.48      2.65      1.36      1.64      1.45      1.14      0.25      0.07      0.01      0.00
  4744.00      2.35      2.43      2.42      2.76      1.39      1.62      1.41      1.09      0.18      0.01      0.00      0.00
  4745.00      2.39      2.44      2.47      3.00      1.48      1.65      1.41      1.11      0.14      0.00      0.00      0.00
  4746.00      2.41      2.44      2.52      3.15      1.52      1.61      1.40      1.14      0.11      0.00      0.00      0.00
  4747.00      2.39      2.40      2.50      3.11      1.49      1.55      1.35      1.15      0.10      0.00      0.00      0.00
  4748.00      2.32      2.34      2.43      2.92      1.42      1.47      1.27      1.12      0.08      0.00      0.00      0.00
  4749.00      2.39      2.41      2.47      2.81      1.42      1.48      1.28      1.12      0.07      0.01      0.00      0.00
  4750.00      2.45      2.48      2.50      2.70      1.42      1.52      1.30      1.12      0.05      0.02      0.00      0.00
  4751.00      2.45      2.48      2.45      2.56      1.41      1.52      1.31      1.09      0.04      0.01      0.02      0.00
  4752.00      2.39      2.42      2.37      2.43      1.39      1.46      1.31      1.05      0.06      0.00      0.04      0.00
  4753.00      2.39      2.43      2.35      2.41      1.38      1.41      1.33      1.06      0.13      0.02      0.05      0.00
  4754.00      2.39      2.43      2.36      2.39      1.34      1.40      1.33      1.08      0.24      0.06      0.04      0.00
  4755.00      2.41      2.48      2.44      2.43      1.30      1.45      1.36      1.13      0.37      0.09      0.02      0.00
  4756.00      2.47      2.57      2.57      2.52      1.27      1.56      1.44      1.22      0.51      0.08      0.00      0.00
  4757.00      2.43      2.53      2.59      2.49      1.17      1.60      1.47      1.24      0.59      0.08      0.00      0.00
  4758.00      2.39      2.47      2.58      2.43      1.07      1.59      1.50      1.24      0.65      0.09      0.00      0.00
  4759.00      2.42      2.46      2.57      2.42      0.97      1.56      1.53      1.24      0.70      0.09      0.00      0.00
  4760.00      2.44      2.46      2.53      2.39      0.85      1.51      1.52      1.20      0.74      0.08      0.00      0.00
  4761.00      2.46      2.49      2.49      2.39      0.75      1.51      1.49      1.15      0.79      0.07      0.00      0.00
  4762.00      2.49      2.50      2.49      2.40      0.69      1.55      1.47      1.13      0.85      0.05      0.00      0.00
  4763.00      2.52      2.48      2.49      2.40      0.69      1.57      1.46      1.14      0.91      0.04      0.00      0.00
  4764.00      2.52      2.44      2.48      2.38      0.74      1.55      1.45      1.14      0.94      0.05      0.00      0.00
  4765.00      2.49      2.40      2.44      2.37      0.83      1.48      1.45      1.14      0.93      0.06      0.00      0.00
  4766.00      2.50      2.44      2.43      2.43      0.96      1.42      1.51      1.17      0.92      0.07      0.00      0.00
  4767.00      2.56      2.50      2.46      2.50      1.09      1.37      1.58      1.22      0.90      0.07      0.00      0.00
  4768.00      2.58      2.49      2.45      2.51      1.16      1.26      1.60      1.22      0.86      0.04      0.00      0.00
  4769.00      2.56      2.42      2.42      2.46      1.15      1.14      1.58      1.18      0.82      0.01      0.00      0.00
  4770.00      2.59      2.41      2.48      2.49      1.12      1.08      1.59      1.16      0.84      0.00      0.00      0.00
  4771.00      2.48      2.32      2.41      2.39      1.00      1.00      1.52      1.08      0.86      0.00      0.00      0.00
  4772.00      2.40      2.30      2.34      2.33      0.90      0.98      1.48      1.03      0.92      0.00      0.00      0.00
  4773.00      2.44      2.39      2.36      2.39      0.87      1.06      1.51      1.04      1.00      0.00      0.01      0.00
  4774.00      2.36      2.37      2.30      2.36      0.84      1.12      1.47      1.04      0.99      0.00      0.02      0.00
  4775.00      2.26      2.27      2.21      2.31      0.86      1.18      1.38      1.02      0.88      0.00      0.02      0.00
  4776.00      2.25      2.23      2.23      2.33      0.97      1.27      1.32      1.03      0.80      0.00      0.01      0.00
  4777.00      2.28      2.25      2.28      2.38      1.14      1.37      1.27      1.07      0.75      0.00      0.00      0.00
  4778.00      2.26      2.22      2.23      2.35      1.31      1.39      1.18      1.05      0.73      0.00      0.00      0.00
  4779.00      2.29      2.23      2.21      2.34      1.51      1.42      1.12      1.01      0.79      0.00      0.00      0.00
  4780.00      2.40      2.34      2.26      2.40      1.72      1.46      1.07      0.94      0.89      0.02      0.00      0.00
  4781.00      2.42      2.41      2.31      2.41      1.83      1.48      1.01      0.87      0.98      0.07      0.02      0.00
  4782.00      2.34      2.38      2.32      2.35      1.80      1.45      0.93      0.81      1.02      0.12      0.07      0.00
  4783.00      2.27      2.34      2.33      2.28      1.72      1.45      0.88      0.79      1.02      0.12      0.12      0.00
  4784.00      2.18      2.24      2.25      2.17      1.59      1.41      0.82      0.79      0.97      0.08      0.11      0.00
  4785.00      2.27      2.34      2.32      2.24      1.58      1.47      0.88      0.88      1.01      0.03      0.06      0.00
  4786.00      2.36      2.44      2.36      2.31      1.58      1.51      0.97      0.98      1.05      0.00      0.02      0.00
  4787.00      2.42      2.48      2.37      2.35      1.60      1.51      1.06      1.03      1.09      0.00      0.00      0.00
  4788.00      2.45      2.47      2.38      2.37      1.61      1.50      1.15      1.07      1.13      0.00      0.00      0.00
  4789.00      2.38      2.36      2.31      2.32      1.60      1.43      1.18      1.07      1.11      0.00      0.00      0.00
  4790.00      2.40      2.38      2.33      2.38      1.70      1.46      1.24      1.13      1.12      0.00      0.00      0.00
  4791.00      2.39      2.41      2.34      2.39      1.79      1.46      1.26      1.16      1.06      0.00      0.00      0.00
  4792.00      2.33      2.41      2.30      2.32      1.80      1.40      1.22      1.14      0.95      0.01      0.00      0.00
  4793.00      2.28      2.41      2.28      2.26      1.74      1.33      1.20      1.12      0.85      0.03      0.00      0.00
  4794.00      2.29      2.44      2.33      2.31      1.67      1.29      1.23      1.12      0.81      0.08      0.00      0.00
  4795.00      2.29      2.44      2.34      2.39      1.58      1.22      1.26      1.11      0.83      0.13      0.00      0.00
  4796.00      2.24      2.35      2.27      2.39      1.46      1.10      1.24      1.07      0.86      0.15      0.00      0.00
  4797.00      2.31      2.39      2.30      2.46      1.44      1.02      1.27      1.08      0.91      0.13      0.02      0.00
  4798.00      2.37      2.44      2.32      2.49      1.42      0.97      1.27      1.07      0.94      0.09      0.07      0.00
  4799.00      2.41      2.47      2.35      2.49      1.39      0.98      1.25      1.04      0.96      0.04      0.11      0.00
  4800.00      2.45      2.49      2.40      2.51      1.36      1.09      1.22      1.01      0.96      0.01      0.12      0.00
  4801.00      2.49      2.52      2.47      2.56      1.37      1.25      1.24      1.00      0.95      0.00      0.09      0.00
  4802.00      2.44      2.48      2.47      2.56      1.40      1.35      1.25      0.99      0.93      0.01      0.03      0.00
  4803.00      2.38      2.45      2.44      2.54      1.46      1.41      1.26      0.99      0.94      0.05      0.00      0.00
  4804.00      2.39      2.50      2.49      2.57      1.55      1.45      1.31      1.02      0.99      0.10      0.00      0.00
  4805.00      2.38      2.53      2.53      2.57      1.59      1.45      1.36      1.04      1.03      0.13      0.00      0.00
  4806.00      2.39      2.59      2.53      2.59      1.57      1.45      1.41      1.05      1.05      0.10      0.00      0.00
  4807.00      2.40      2.63      2.52      2.63      1.52      1.48      1.45      1.03      1.03      0.07      0.02      0.00
  4808.00      2.42      2.67      2.52      2.68      1.47      1.52      1.49      0.97      1.01      0.08      0.08      0.00
  4809.00      2.46      2.67      2.52      2.68      1.44      1.57      1.52      0.89      0.99      0.12      0.18      0.00
  4810.00      2.47      2.63      2.51      2.61      1.41      1.61      1.52      0.85      0.97      0.16      0.24      0.00
  4811.00      2.49      2.59      2.50      2.54      1.41      1.65      1.52      0.85      0.98      0.19      0.27      0.00
  4812.00      2.52      2.58      2.52      2.53      1.43      1.67      1.54      0.91      1.02      0.20      0.30      0.00
  4813.00      2.50      2.54      2.47      2.48      1.40      1.64      1.53      0.97      1.05      0.19      0.30      0.00
  4814.00      2.49      2.54      2.45      2.46      1.38      1.63      1.51      1.04      1.07      0.12      0.28      0.00
  4815.00      2.47      2.58      2.47      2.49      1.36      1.62      1.51      1.09      1.08      0.04      0.21      0.00
  4816.00      2.36      2.54      2.43      2.47      1.29      1.57      1.48      1.07      1.03      0.01      0.11      0.00
  4817.00      2.25      2.48      2.38      2.46      1.20      1.50      1.44      1.03      0.97      0.00      0.03      0.00
  4818.00      2.23      2.48      2.42      2.50      1.13      1.48      1.43      1.03      0.93      0.00      0.00      0.00
  4819.00      2.23      2.50      2.49      2.54      1.06      1.46      1.43      1.04      0.91      0.01      0.00      0.00
  4820.00      2.19      2.43      2.47      2.48      0.97      1.42      1.40      1.03      0.88      0.00      0.00      0.00
  4821.00      2.16      2.38      2.43      2.42      0.88      1.39      1.36      1.01      0.83      0.00      0.00      0.00
  4822.00      2.10      2.31      2.34      2.33      0.74      1.37      1.30      0.99      0.80      0.00      0.03      0.00
  4823.00      2.11      2.38      2.37      2.35      0.65      1.44      1.32      1.02      0.86      0.00      0.10      0.00
  4824.00      2.21      2.56      2.51      2.49      0.60      1.60      1.41      1.11      0.97      0.00      0.17      0.00
  4825.00      2.25      2.67      2.61      2.57      0.54      1.75      1.46      1.17      1.03      0.00      0.17      0.00
  4826.00      2.12      2.54      2.50      2.46      0.47      1.75      1.39      1.12      0.99      0.01      0.10      0.00
  4827.00      2.08      2.50      2.45      2.44      0.45      1.79      1.36      1.10      1.00      0.05      0.02      0.00
  4828.00      2.14      2.55      2.50      2.49      0.50      1.85      1.38      1.11      1.04      0.09      0.00      0.00
  4829.00      2.21      2.57      2.53      2.53      0.62      1.87      1.38      1.12      1.06      0.09      0.00      0.00
  4830.00      2.24      2.52      2.48      2.51      0.77      1.81      1.35      1.09      1.06      0.09      0.00      0.00
  4831.00      2.30      2.52      2.47      2.55      0.95      1.78      1.34      1.07      1.13      0.12      0.00      0.00
  4832.00      2.31      2.51      2.43      2.57      1.08      1.73      1.31      1.03      1.18      0.17      0.00      0.00
  4833.00      2.27      2.50      2.38      2.55      1.15      1.67      1.27      0.97      1.16      0.21      0.00      0.00
  4834.00      2.28      2.58      2.42      2.55      1.23      1.66      1.30      0.96      1.15      0.24      0.00      0.00
  4835.00      2.27      2.62      2.47      2.53      1.29      1.65      1.33      0.96      1.13      0.25      0.00      0.00
  4836.00      2.27      2.64      2.52      2.53      1.30      1.64      1.39      0.99      1.11      0.24      0.00      0.00
  4837.00      2.28      2.66      2.57      2.57      1.28      1.65      1.45      1.03      1.10      0.24      0.01      0.00
  4838.00      2.26      2.61      2.55      2.58      1.23      1.62      1.45      1.06      1.09      0.23      0.02      0.00
  4839.00      2.22      2.52      2.48      2.57      1.18      1.58      1.42      1.05      1.08      0.18      0.01      0.00
  4840.00      2.29      2.55      2.49      2.63      1.22      1.60      1.43      1.07      1.11      0.12      0.00      0.00
  4841.00      2.33      2.54      2.47      2.60      1.23      1.59      1.41      1.05      1.08      0.06      0.00      0.00
  4842.00      2.40      2.56      2.48      2.58      1.24      1.61      1.41      1.05      1.04      0.02      0.00      0.00
  4843.00      2.34      2.49      2.43      2.48      1.18      1.57      1.36      1.02      0.97      0.00      0.00      0.00
  4844.00      2.30      2.44      2.42      2.42      1.14      1.52      1.34      1.01      0.90      0.00      0.00      0.00
  4845.00      2.35      2.49      2.47      2.46      1.17      1.49      1.36      1.03      0.85      0.01      0.00      0.00
  4846.00      2.45      2.55      2.51      2.49      1.24      1.47      1.40      1.02      0.81      0.05      0.00      0.00
  4847.00      2.48      2.54      2.45      2.44      1.26      1.41      1.40      0.96      0.77      0.12      0.00      0.00
  4848.00      2.44      2.48      2.35      2.38      1.24      1.36      1.39      0.88      0.75      0.16      0.00      0.00
  4849.00      2.46      2.53      2.38      2.44      1.29      1.41      1.44      0.85      0.79      0.18      0.00      0.00
  4850.00      2.54      2.63      2.48      2.56      1.40      1.50      1.51      0.84      0.86      0.20      0.00      0.00
  4851.00      2.52      2.61      2.48      2.57      1.51      1.50      1.50      0.83      0.86      0.21      0.00      0.00
  4852.00      2.48      2.55      2.45      2.49      1.66      1.44      1.46      0.84      0.82      0.23      0.00      0.00
  4853.00      2.49      2.51      2.46      2.45      1.88      1.40      1.45      0.88      0.73      0.27      0.00      0.00
  4854.00      2.54      2.51      2.51      2.45      2.16      1.39      1.48      0.92      0.63      0.32      0.00      0.00
  4855.00      2.59      2.51      2.55      2.44      2.49      1.41      1.52      0.94      0.50      0.36      0.00      0.00
  4856.00      2.73      2.59      2.64      2.51      2.95      1.47      1.59      0.95      0.41      0.38      0.00      0.00
  4857.00      2.81      2.61      2.64      2.51      3.35      1.49      1.59      0.91      0.36      0.37      0.00      0.00
  4858.00      2.80      2.57      2.52      2.42      3.60      1.45      1.54      0.82      0.31      0.35      0.01      0.00
  4859.00      2.85      2.63      2.49      2.45      3.87      1.44      1.59      0.78      0.24      0.36      0.04      0.00
  4860.00      2.88      2.70      2.52      2.53      4.02      1.45      1.66      0.76      0.15      0.37      0.06      0.00
  4861.00      2.86      2.75      2.57      2.60      3.93      1.45      1.71      0.73      0.07      0.39      0.03      0.00
  4862.00      2.72      2.67      2.54      2.55      3.47      1.40      1.67      0.65      0.01      0.37      0.01      0.00
  4863.00      2.61      2.65      2.56      2.53      2.98      1.38      1.64      0.59      0.00      0.36      0.02      0.00
  4864.00      2.59      2.73      2.61      2.54      2.90      1.42      1.63      0.53      0.00      0.36      0.06      0.00
  4865.00      2.55      2.77      2.57      2.49      4.03      1.45      1.56      0.43      0.05      0.37      0.13      0.00
  4866.00      2.51      2.79      2.51      2.44      6.94      1.47      1.52      0.35      0.18      0.37      0.18      0.00
  4867.00      2.52      2.81      2.46      2.45     11.25      1.49      1.51      0.31      0.33      0.37      0.19      0.00
  4868.00      2.51      2.76      2.37      2.46     15.36      1.51      1.47      0.26      0.47      0.36      0.16      0.00
  4869.00      2.49      2.69      2.29      2.45     18.29      1.54      1.41      0.18      0.59      0.36      0.11      0.00
  4870.00      2.45      2.60      2.18      2.39     19.30      1.55      1.38      0.11      0.66      0.37      0.06      0.00
  4871.00      2.38      2.49      2.07      2.27     18.41      1.52      1.33      0.07      0.65      0.39      0.01      0.00
  4872.00      2.49      2.55      2.10      2.29     17.00      1.59      1.37      0.05      0.66      0.45      0.00      0.00
  4873.00      2.70      2.71      2.15      2.41     15.34      1.71      1.46      0.02      0.67      0.58      0.00      0.00
  4874.00      2.64      2.62      1.95      2.34     12.84      1.67      1.40      0.01      0.62      0.66      0.00      0.00
  4875.00      2.55      2.52      1.71      2.28     10.58      1.62      1.30      0.02      0.57      0.67      0.00      0.00
  4876.00      2.49      2.46      1.48      2.25      8.71      1.62      1.16      0.06      0.52      0.66      0.00      0.00
  4877.00      2.53      2.51      1.35      2.29      7.37      1.73      1.05      0.13      0.48      0.64      0.00      0.00
  4878.00      2.57      2.52      1.29      2.25      6.22      1.81      0.92      0.22      0.42      0.58      0.00      0.00
  4879.00      2.53      2.43      1.29      2.09      5.19      1.82      0.82      0.31      0.36      0.51      0.00      0.00
  4880.00      2.44      2.27      1.38      1.86      4.30      1.78      0.76      0.37      0.29      0.42      0.00      0.00
  4881.00      2.36      2.14      1.52      1.62      3.63      1.71      0.76      0.40      0.25      0.34      0.00      0.00
  4882.00      2.39      2.16      1.75      1.48      3.27      1.68      0.85      0.43      0.23      0.28      0.00      0.00
  4883.00      2.49      2.27      2.07      1.42      3.07      1.68      1.00      0.48      0.22      0.23      0.00      0.00
  4884.00      2.36      2.18      2.14      1.30      2.68      1.54      1.06      0.53      0.19      0.17      0.00      0.00
  4885.00      2.40      2.25      2.29      1.35      2.53      1.55      1.17      0.64      0.18      0.12      0.00      0.00
  4886.00      2.40      2.30      2.36      1.44      2.41      1.58      1.24      0.75      0.21      0.06      0.00      0.00
  4887.00      2.35      2.31      2.34      1.53      2.28      1.60      1.27      0.82      0.31      0.04      0.00      0.00
  4888.00      2.31      2.30      2.32      1.58      2.19      1.62      1.26      0.83      0.44      0.07      0.00      0.00
  4889.00      2.29      2.28      2.32      1.58      2.12      1.61      1.24      0.82      0.60      0.13      0.00      0.00
  4890.00      2.38      2.35      2.41      1.61      2.15      1.66      1.27      0.83      0.78      0.20      0.03      0.00
  4891.00      2.44      2.38      2.48      1.64      2.16      1.69      1.32      0.84      0.92      0.26      0.09      0.00
  4892.00      2.47      2.38      2.53      1.71      2.16      1.70      1.39      0.86      1.02      0.32      0.10      0.00
  4893.00      2.53      2.39      2.56      1.89      2.18      1.71      1.47      0.88      1.10      0.37      0.10      0.00
  4894.00      2.47      2.34      2.47      2.10      2.13      1.65      1.49      0.85      1.11      0.39      0.07      0.00
  4895.00      2.44      2.38      2.41      2.41      2.13      1.61      1.54      0.82      1.13      0.40      0.04      0.00
  4896.00      2.38      2.40      2.33      2.65      2.10      1.53      1.55      0.78      1.12      0.41      0.01      0.00
  4897.00      2.33      2.38      2.25      2.77      2.05      1.46      1.50      0.75      1.06      0.41      0.00      0.00
  4898.00      2.38      2.45      2.29      2.87      2.09      1.48      1.51      0.77      1.03      0.42      0.00      0.00
  4899.00      2.42      2.52      2.36      2.90      2.17      1.53      1.53      0.79      1.02      0.42      0.00      0.00
  4900.00      2.45      2.56      2.41      2.87      2.25      1.59      1.55      0.80      1.00      0.38      0.00      0.00
  4901.00      2.51      2.58      2.42      2.84      2.31      1.63      1.58      0.83      0.97      0.34      0.00      0.00
  4902.00      2.57      2.54      2.36      2.75      2.27      1.60      1.54      0.84      0.94      0.36      0.00      0.00
  4903.00      2.66      2.55      2.33      2.73      2.24      1.57      1.52      0.88      0.94      0.45      0.00      0.00
  4904.00      2.79      2.64      2.35      2.81      2.29      1.58      1.52      0.98      0.99      0.58      0.00      0.01
  4905.00      2.79      2.68      2.30      2.84      2.30      1.57      1.48      1.09      1.04      0.70      0.00      0.03
  4906.00      2.72      2.68      2.16      2.84      2.27      1.54      1.42      1.18      1.07      0.80      0.00      0.05
  4907.00      2.61      2.65      1.94      2.82      2.22      1.52      1.37      1.20      1.10      0.85      0.00      0.03
  4908.00      2.58      2.66      1.76      2.89      2.22      1.56      1.39      1.24      1.16      0.87      0.00      0.01
  4909.00      2.65      2.66      1.65      3.05      2.26      1.63      1.45      1.33      1.23      0.86      0.00      0.00
  4910.00      2.69      2.61      1.60      3.19      2.25      1.65      1.49      1.36      1.26      0.81      0.00      0.00
  4911.00      2.72      2.54      1.66      3.35      2.24      1.64      1.53      1.35      1.24      0.77      0.00      0.00
  4912.00      2.77      2.55      1.86      3.51      2.28      1.66      1.58      1.33      1.22      0.74      0.00      0.00
  4913.00      2.75      2.51      2.06      3.50      2.29      1.63      1.57      1.28      1.18      0.69      0.00      0.00
  4914.00      2.74      2.47      2.28      3.40      2.29      1.61      1.56      1.22      1.16      0.64      0.00      0.00
  4915.00      2.73      2.42      2.44      3.17      2.25      1.59      1.53      1.16      1.15      0.59      0.00      0.00
  4916.00      2.66      2.34      2.49      2.90      2.17      1.55      1.48      1.09      1.15      0.52      0.00      0.00
  4917.00      2.71      2.35      2.59      2.80      2.15      1.57      1.47      1.06      1.22      0.46      0.00      0.00
  4918.00      2.77      2.38      2.65      2.75      2.15      1.61      1.48      0.99      1.29      0.38      0.00      0.00
  4919.00      2.88      2.45      2.75      2.77      2.20      1.69      1.52      0.92      1.30      0.28      0.00      0.00
  4920.00      3.06      2.59      2.91      2.85      2.30      1.80      1.60      0.84      1.32      0.17      0.00      0.01
  4921.00      3.11      2.62      2.93      2.81      2.28      1.80      1.61      0.72      1.32      0.08      0.00      0.08
  4922.00      3.27      2.71      2.98      2.83      2.31      1.82      1.66      0.66      1.34      0.03      0.00      0.16
  4923.00      3.27      2.65      2.82      2.73      2.22      1.74      1.62      0.60      1.27      0.02      0.00      0.05
  4924.00      3.35      2.66      2.75      2.74      2.21      1.74      1.65      0.60      1.26      0.06      0.00      0.00
  4925.00      3.24      2.59      2.60      2.63      2.12      1.67      1.60      0.63      1.23      0.10      0.00      0.00
  4926.00      2.94      2.43      2.42      2.41      1.97      1.53      1.45      0.68      1.13      0.14      0.00      0.00
  4927.00      3.10      2.67      2.69      2.62      2.16      1.66      1.56      0.90      1.18      0.21      0.00      0.03
  4928.00      3.12      2.75      2.83      2.75      2.24      1.72      1.58      1.11      1.14      0.31      0.00      0.16
  4929.00      3.06      2.70      2.84      2.81      2.26      1.71      1.54      1.28      1.08      0.40      0.00      0.29
  4930.00      3.00      2.63      2.81      2.84      2.27      1.70      1.50      1.42      1.04      0.48      0.00      0.30
  4931.00      2.97      2.60      2.78      2.84      2.30      1.68      1.50      1.54      1.02      0.56      0.03      0.23
  4932.00      2.99      2.63      2.81      2.85      2.39      1.66      1.54      1.64      1.04      0.65      0.07      0.12
  4933.00      2.98      2.64      2.80      2.83      2.44      1.58      1.51      1.65      1.08      0.72      0.13      0.03
  4934.00      2.99      2.69      2.80      2.87      2.49      1.57      1.51      1.62      1.14      0.80      0.19      0.03
  4935.00      2.99      2.74      2.79      2.92      2.50      1.62      1.54      1.57      1.21      0.89      0.22      0.12
  4936.00      2.97      2.74      2.74      2.91      2.45      1.68      1.56      1.49      1.23      0.96      0.22      0.25
  4937.00      2.97      2.71      2.74      2.87      2.39      1.75      1.59      1.40      1.19      1.01      0.19      0.37
  4938.00      2.98      2.65      2.76      2.78      2.31      1.77      1.60      1.32      1.12      1.00      0.13      0.42
  4939.00      2.96      2.56      2.73      2.68      2.22      1.71      1.59      1.33      1.03      0.94      0.06      0.35
  4940.00      3.09      2.67      2.86      2.77      2.32      1.74      1.67      1.49      0.99      0.94      0.02      0.25
  4941.00      3.11      2.75      2.91      2.83      2.39      1.76      1.71      1.67      0.88      0.93      0.00      0.22
  4942.00      2.95      2.72      2.81      2.77      2.34      1.74      1.66      1.78      0.72      0.90      0.00      0.23
  4943.00      2.88      2.76      2.82      2.81      2.34      1.79      1.66      1.90      0.63      0.91      0.00      0.19
  4944.00      2.84      2.77      2.84      2.84      2.29      1.83      1.64      1.96      0.56      0.92      0.00      0.07
  4945.00      2.89      2.80      2.93      2.87      2.27      1.87      1.65      1.98      0.53      0.95      0.00      0.01
  4946.00      2.98      2.87      3.01      2.91      2.28      1.91      1.68      1.99      0.53      0.98      0.00      0.00
  4947.00      3.07      2.96      3.06      2.99      2.33      1.95      1.74      2.01      0.56      1.02      0.00      0.00
  4948.00      3.07      2.95      3.03      3.01      2.34      1.98      1.75      2.00      0.59      1.05      0.00      0.00
  4949.00      3.00      2.89      2.98      3.01      2.32      1.98      1.72      1.97      0.58      1.08      0.01      0.00
  4950.00      2.88      2.75      2.90      2.93      2.24      1.91      1.63      1.92      0.58      1.07      0.01      0.00
  4951.00      2.79      2.64      2.82      2.84      2.17      1.84      1.55      1.89      0.65      1.03      0.00      0.00
  4952.00      2.91      2.77      2.93      2.95      2.25      1.92      1.61      2.02      0.84      1.06      0.00      0.00
  4953.00      2.96      2.84      2.98      3.01      2.28      1.97      1.64      2.10      1.09      1.04      0.00      0.00
  4954.00      2.92      2.77      2.95      2.98      2.26      1.95      1.64      2.06      1.29      1.00      0.00      0.00
  4955.00      2.84      2.59      2.85      2.90      2.21      1.88      1.63      1.93      1.38      0.99      0.02      0.02
  4956.00      2.93      2.52      2.88      2.95      2.31      1.89      1.71      1.88      1.47      1.05      0.04      0.07
  4957.00      2.97      2.40      2.84      2.95      2.38      1.87      1.76      1.79      1.44      1.09      0.05      0.08
  4958.00      2.98      2.29      2.85      2.96      2.48      1.88      1.82      1.77      1.40      1.13      0.05      0.03
  4959.00      3.01      2.17      2.95      3.04      2.63      1.95      1.90      1.84      1.38      1.19      0.06      0.00
  4960.00      2.68      1.76      2.71      2.80      2.45      1.77      1.74      1.74      1.21      1.09      0.07      0.00
  4961.00      2.51      1.47      2.56      2.68      2.38      1.66      1.66      1.72      1.10      1.03      0.10      0.00
  4962.00      2.52      1.35      2.54      2.70      2.42      1.63      1.65      1.77      1.07      1.02      0.18      0.00
  4963.00      2.58      1.36      2.56      2.74      2.46      1.66      1.67      1.82      1.07      1.02      0.27      0.00
  4964.00      2.62      1.43      2.58      2.74      2.49      1.69      1.67      1.83      1.08      1.00      0.37      0.00
  4965.00      2.60      1.56      2.54      2.63      2.45      1.68      1.63      1.78      1.06      0.90      0.43      0.00
  4966.00      2.60      1.77      2.51      2.51      2.42      1.66      1.61      1.73      1.06      0.80      0.42      0.00
  4967.00      2.61      2.01      2.50      2.40      2.42      1.63      1.59      1.70      1.10      0.74      0.34      0.02
  4968.00      2.58      2.19      2.48      2.33      2.43      1.61      1.57      1.68      1.13      0.72      0.20      0.06
  4969.00      2.60      2.41      2.54      2.42      2.52      1.68      1.63      1.70      1.18      0.77      0.06      0.07
  4970.00      2.64      2.58      2.64      2.60      2.62      1.74      1.71      1.73      1.22      0.86      0.01      0.06
  4971.00      2.63      2.65      2.69      2.72      2.67      1.75      1.74      1.72      1.26      0.94      0.00      0.03
  4972.00      2.56      2.59      2.64      2.70      2.62      1.69      1.70      1.69      1.26      0.97      0.00      0.01
  4973.00      2.42      2.42      2.52      2.58      2.50      1.55      1.58      1.63      1.21      0.92      0.00      0.00
  4974.00      2.51      2.46      2.59      2.69      2.62      1.56      1.60      1.71      1.27      0.90      0.00      0.00
  4975.00      2.62      2.51      2.65      2.81      2.76      1.63      1.61      1.78      1.33      0.86      0.01      0.00
  4976.00      2.65      2.51      2.63      2.85      2.84      1.67      1.61      1.79      1.34      0.79      0.02      0.00
  4977.00      2.62      2.45      2.56      2.82      2.83      1.68      1.61      1.74      1.29      0.68      0.01      0.00
  4978.00      2.60      2.39      2.53      2.79      2.84      1.68      1.63      1.70      1.25      0.55      0.00      0.00
  4979.00      2.62      2.34      2.55      2.75      2.85      1.68      1.64      1.65      1.25      0.43      0.01      0.00
  4980.00      2.77      2.43      2.70      2.83      2.99      1.72      1.70      1.70      1.32      0.34      0.06      0.00
  4981.00      2.85      2.52      2.77      2.84      3.03      1.69      1.69      1.75      1.36      0.25      0.12      0.00
  4982.00      2.88      2.64      2.76      2.81      3.00      1.66      1.66      1.80      1.37      0.19      0.12      0.00
  4983.00      2.98      2.86      2.80      2.85      3.01      1.69      1.66      1.90      1.38      0.16      0.11      0.00
  4984.00      3.16      3.21      2.94      2.99      3.10      1.79      1.72      2.04      1.41      0.14      0.12      0.00
  4985.00      3.11      3.34      2.87      2.91      2.98      1.76      1.67      1.99      1.31      0.13      0.13      0.00
  4986.00      3.06      3.45      2.84      2.84      2.90      1.74      1.65      1.92      1.25      0.10      0.13      0.00
  4987.00      3.07      3.57      2.91      2.87      2.93      1.79      1.66      1.90      1.31      0.08      0.12      0.00
  4988.00      2.93      3.39      2.82      2.79      2.82      1.74      1.57      1.80      1.34      0.06      0.09      0.00
  4989.00      2.78      3.07      2.69      2.71      2.67      1.67      1.45      1.71      1.37      0.05      0.06      0.00
  4990.00      2.78      2.85      2.68      2.76      2.63      1.64      1.41      1.73      1.44      0.10      0.05      0.01
  4991.00      2.71      2.60      2.63      2.73      2.53      1.52      1.36      1.72      1.44      0.22      0.07      0.03
  4992.00      2.68      2.47      2.62      2.71      2.46      1.42      1.35      1.73      1.42      0.36      0.08      0.03
  4993.00      2.70      2.44      2.64      2.67      2.45      1.34      1.37      1.75      1.38      0.52      0.09      0.01
  4994.00      2.78      2.51      2.69      2.66      2.51      1.31      1.42      1.79      1.39      0.66      0.09      0.00
  4995.00      2.83      2.52      2.67      2.60      2.55      1.25      1.43      1.79      1.41      0.77      0.06      0.00
  4996.00      2.81      2.41      2.56      2.45      2.52      1.11      1.39      1.73      1.39      0.81      0.02      0.00
  4997.00      2.86      2.34      2.50      2.36      2.53      0.92      1.38      1.70      1.39      0.85      0.00      0.00
  4998.00      3.07      2.36      2.56      2.35      2.62      0.76      1.43      1.74      1.44      0.92      0.00      0.01
  4999.00      3.22      2.34      2.59      2.24      2.63      0.67      1.47      1.73      1.42      0.98      0.00      0.06
  5000.00      3.38      2.32      2.64      2.08      2.64      0.69      1.53      1.73      1.40      1.06      0.00      0.17
  5001.00      3.48      2.29      2.70      1.86      2.63      0.81      1.57      1.73      1.38      1.14      0.00      0.19
  5002.00      3.40      2.24      2.70      1.60      2.57      0.97      1.56      1.71      1.35      1.19      0.00      0.13
  5003.00      3.22      2.21      2.68      1.40      2.52      1.12      1.54      1.70      1.34      1.20      0.00      0.05
  5004.00      2.99      2.21      2.68      1.28      2.51      1.25      1.54      1.70      1.36      1.18      0.00      0.01
  5005.00      2.71      2.19      2.64      1.23      2.50      1.34      1.52      1.69      1.39      1.12      0.00      0.00
  5006.00      2.51      2.20      2.64      1.25      2.54      1.43      1.51      1.72      1.43      1.05      0.00      0.00
  5007.00      2.42      2.25      2.67      1.39      2.60      1.53      1.53      1.74      1.47      1.02      0.00      0.00
  5008.00      2.37      2.28      2.68      1.68      2.64      1.61      1.53      1.72      1.50      1.01      0.03      0.00
  5009.00      2.33      2.28      2.70      2.10      2.64      1.67      1.50      1.70      1.52      1.06      0.12      0.00
  5010.00      2.22      2.25      2.67      2.55      2.61      1.69      1.43      1.67      1.49      1.14      0.18      0.00
  5011.00      2.07      2.19      2.61      2.91      2.54      1.68      1.34      1.61      1.42      1.20      0.17      0.00
  5012.00      1.98      2.17      2.62      3.19      2.52      1.67      1.31      1.59      1.38      1.25      0.11      0.00
  5013.00      2.04      2.20      2.72      3.42      2.59      1.68      1.36      1.62      1.40      1.28      0.03      0.00
  5014.00      2.21      2.20      2.79      3.48      2.66      1.72      1.46      1.65      1.43      1.21      0.00      0.00
  5015.00      2.44      2.17      2.79      3.35      2.66      1.74      1.54      1.65      1.44      1.10      0.00      0.03
  5016.00      2.65      2.17      2.75      3.16      2.65      1.76      1.61      1.65      1.45      1.02      0.00      0.10
  5017.00      2.68      2.11      2.60      2.87      2.57      1.71      1.60      1.57      1.40      0.95      0.00      0.15
  5018.00      2.81      2.17      2.63      2.80      2.64      1.76      1.68      1.61      1.44      1.04      0.00      0.17
  5019.00      3.03      2.30      2.82      2.91      2.82      1.86      1.82      1.75      1.54      1.22      0.00      0.15
  5020.00      3.05      2.26      2.91      2.90      2.87      1.85      1.85      1.81      1.54      1.36      0.00      0.07
  5021.00      2.86      2.09      2.84      2.77      2.77      1.75      1.78      1.77      1.44      1.39      0.03      0.01
  5022.00      2.79      2.05      2.87      2.79      2.77      1.76      1.80      1.82      1.39      1.42      0.10      0.00
  5023.00      2.79      2.08      2.90      2.88      2.83      1.80      1.85      1.90      1.37      1.44      0.17      0.00
  5024.00      2.75      2.04      2.83      2.91      2.80      1.81      1.82      1.90      1.32      1.43      0.22      0.00
  5025.00      2.75      1.94      2.78      2.92      2.75      1.85      1.76      1.86      1.32      1.42      0.22      0.00
  5026.00      2.80      1.81      2.79      2.94      2.75      1.88      1.72      1.83      1.36      1.46      0.16      0.04
  5027.00      2.91      1.72      2.89      3.02      2.85      1.96      1.76      1.86      1.44      1.54      0.09      0.18
  5028.00      2.90      1.58      2.89      2.96      2.82      1.92      1.72      1.83      1.45      1.54      0.03      0.31
  5029.00      2.93      1.47      2.91      2.94      2.82      1.89      1.72      1.85      1.48      1.54      0.00      0.37
  5030.00      3.04      1.41      2.97      2.99      2.87      1.88      1.77      1.95      1.49      1.52      0.00      0.41
  5031.00      2.96      1.30      2.86      2.90      2.75      1.76      1.70      1.94      1.33      1.37      0.03      0.43
  5032.00      2.86      1.28      2.75      2.82      2.62      1.65      1.60      1.91      1.17      1.22      0.09      0.43
  5033.00      2.87      1.42      2.74      2.89      2.56      1.65      1.57      1.94      1.11      1.14      0.16      0.39
  5034.00      2.83      1.61      2.71      2.91      2.43      1.63      1.57      1.92      1.07      1.09      0.17      0.28
  5035.00      2.77      1.80      2.66      2.85      2.25      1.60      1.59      1.88      1.06      1.11      0.12      0.15
  5036.00      2.86      2.01      2.73      2.87      2.14      1.62      1.68      1.90      1.13      1.19      0.09      0.04
  5037.00      3.00      2.12      2.86      2.88      2.02      1.65      1.77      1.95      1.26      1.28      0.12      0.00
  5038.00      2.99      2.02      2.87      2.75      1.79      1.61      1.74      1.91      1.33      1.29      0.16      0.00
  5039.00      2.94      1.89      2.83      2.63      1.56      1.59      1.68      1.85      1.35      1.27      0.21      0.00
  5040.00      3.00      1.92      2.89      2.67      1.41      1.67      1.68      1.87      1.40      1.29      0.25      0.00
  5041.00      3.03      2.06      2.90      2.71      1.30      1.76      1.70      1.84      1.45      1.27      0.28      0.04
  5042.00      2.99      2.26      2.87      2.70      1.22      1.80      1.70      1.73      1.48      1.23      0.27      0.14
  5043.00      3.02      2.62      2.97      2.78      1.27      1.86      1.76      1.68      1.54      1.27      0.21      0.24
  5044.00      2.92      2.86      2.90      2.72      1.37      1.80      1.71      1.54      1.51      1.27      0.09      0.26
  5045.00      2.83      3.04      2.81      2.69      1.59      1.73      1.63      1.40      1.47      1.28      0.02      0.18
  5046.00      2.83      3.18      2.80      2.76      1.94      1.71      1.58      1.32      1.47      1.31      0.00      0.07
  5047.00      2.81      3.19      2.77      2.79      2.26      1.67      1.49      1.24      1.44      1.29      0.00      0.01
  5048.00      2.81      3.13      2.73      2.79      2.49      1.65      1.37      1.18      1.40      1.24      0.01      0.00
  5049.00      2.85      3.09      2.72      2.82      2.65      1.66      1.26      1.14      1.40      1.21      0.02      0.00
  5050.00      2.91      3.09      2.74      2.88      2.77      1.68      1.19      1.16      1.41      1.21      0.01      0.00
  5051.00      2.88      3.06      2.75      2.92      2.81      1.65      1.13      1.21      1.39      1.23      0.00      0.00
  5052.00      2.81      3.00      2.75      2.94      2.81      1.58      1.10      1.28      1.33      1.25      0.00      0.00
  5053.00      2.84      3.02      2.82      3.00      2.86      1.51      1.13      1.40      1.31      1.32      0.00      0.00
  5054.00      2.85      2.96      2.80      2.95      2.82      1.38      1.17      1.46      1.26      1.36      0.00      0.00
  5055.00      2.92      2.92      2.78      2.92      2.81      1.27      1.26      1.52      1.24      1.38      0.00      0.00
  5056.00      2.95      2.86      2.74      2.87      2.81      1.15      1.36      1.54      1.23      1.36      0.03      0.00
  5057.00      2.94      2.81      2.71      2.82      2.80      1.03      1.45      1.53      1.24      1.30      0.08      0.02
  5058.00      2.96      2.81      2.77      2.84      2.88      0.93      1.56      1.55      1.27      1.26      0.12      0.02
  5059.00      2.95      2.76      2.82      2.85      3.00      0.84      1.60      1.55      1.27      1.20      0.12      0.01
  5060.00      2.91      2.71      2.85      2.83      3.14      0.78      1.61      1.55      1.23      1.15      0.12      0.00
  5061.00      2.94      2.73      2.90      2.87      3.38      0.80      1.64      1.60      1.16      1.13      0.16      0.00
  5062.00      2.96      2.77      2.92      2.90      3.59      0.90      1.66      1.64      1.08      1.11      0.23      0.00
  5063.00      2.94      2.78      2.89      2.91      3.65      1.03      1.66      1.64      1.03      1.10      0.29      0.00
  5064.00      2.90      2.79      2.86      2.93      3.59      1.16      1.68      1.63      1.03      1.15      0.33      0.00
  5065.00      2.85      2.83      2.88      3.00      3.48      1.28      1.73      1.62      1.09      1.23      0.35      0.00
  5066.00      2.89      2.94      3.00      3.14      3.40      1.40      1.81      1.64      1.22      1.31      0.35      0.00
  5067.00      2.88      2.92      3.03      3.13      3.20      1.39      1.80      1.59      1.32      1.32      0.34      0.00
  5068.00      2.89      2.86      3.05      3.05      3.03      1.33      1.77      1.58      1.39      1.32      0.33      0.00
  5069.00      3.00      2.90      3.13      3.05      3.02      1.27      1.78      1.64      1.44      1.39      0.30      0.00
  5070.00      3.05      2.89      3.10      3.01      3.00      1.18      1.75      1.68      1.43      1.41      0.22      0.00
  5071.00      2.98      2.76      2.91      2.88      2.90      1.05      1.66      1.65      1.35      1.37      0.13      0.00
  5072.00      2.95      2.71      2.81      2.86      2.88      1.01      1.64      1.68      1.31      1.41      0.06      0.00
  5073.00      2.96      2.73      2.81      2.94      2.90      1.06      1.64      1.74      1.32      1.52      0.01      0.00
  5074.00      2.97      2.75      2.84      3.02      2.90      1.19      1.63      1.80      1.34      1.58      0.00      0.00
  5075.00      3.02      2.80      2.92      3.12      2.91      1.39      1.61      1.86      1.37      1.59      0.00      0.00
  5076.00      3.04      2.80      2.97      3.18      2.90      1.60      1.56      1.90      1.39      1.56      0.02      0.00
  5077.00      3.05      2.80      3.00      3.20      2.90      1.83      1.48      1.92      1.42      1.52      0.10      0.00
  5078.00      3.00      2.79      2.98      3.16      2.87      2.03      1.35      1.90      1.43      1.46      0.19      0.00
  5079.00      2.86      2.73      2.90      3.07      2.77      2.14      1.19      1.86      1.40      1.40      0.23      0.02
  5080.00      2.79      2.72      2.89      3.04      2.76      2.24      1.11      1.89      1.41      1.40      0.27      0.07
  5081.00      2.84      2.78      2.96      3.09      2.83      2.31      1.13      1.95      1.45      1.47      0.29      0.08
  5082.00      2.89      2.78      2.98      3.07      2.88      2.27      1.23      1.96      1.45      1.50      0.30      0.03
  5083.00      2.87      2.70      2.93      2.99      2.87      2.14      1.34      1.91      1.41      1.44      0.33      0.01
  5084.00      2.87      2.68      2.92      2.98      2.87      2.04      1.46      1.88      1.38      1.38      0.38      0.02
  5085.00      2.92      2.70      2.99      3.04      2.90      2.01      1.57      1.87      1.38      1.34      0.44      0.08
  5086.00      2.86      2.65      2.99      3.03      2.85      1.96      1.59      1.80      1.33      1.25      0.49      0.16
  5087.00      2.83      2.64      3.04      3.07      2.85      1.96      1.60      1.78      1.28      1.17      0.51      0.24
  5088.00      2.75      2.62      3.04      3.04      2.81      1.96      1.57      1.75      1.22      1.06      0.48      0.26
  5089.00      2.70      2.62      2.99      2.98      2.78      2.00      1.54      1.72      1.19      1.00      0.46      0.23
  5090.00      2.73      2.67      2.93      2.94      2.76      2.08      1.57      1.70      1.20      0.99      0.46      0.17
  5091.00      2.73      2.67      2.80      2.83      2.68      2.11      1.57      1.67      1.21      0.99      0.46      0.10
  5092.00      2.79      2.69      2.76      2.80      2.71      2.14      1.62      1.70      1.25      1.04      0.47      0.04
  5093.00      2.83      2.67      2.74      2.82      2.77      2.09      1.68      1.70      1.30      1.08      0.48      0.01
  5094.00      2.79      2.61      2.71      2.84      2.80      1.96      1.72      1.67      1.31      1.07      0.46      0.00
  5095.00      2.77      2.58      2.69      2.87      2.83      1.83      1.72      1.66      1.30      1.00      0.44      0.00
  5096.00      2.82      2.61      2.71      2.94      2.86      1.77      1.75      1.66      1.30      0.90      0.45      0.00
  5097.00      2.84      2.62      2.71      2.97      2.84      1.73      1.76      1.66      1.31      0.75      0.47      0.00
  5098.00      2.82      2.61      2.70      2.97      2.82      1.69      1.75      1.65      1.31      0.59      0.47      0.00
  5099.00      2.88      2.66      2.78      3.04      2.89      1.69      1.77      1.68      1.35      0.49      0.48      0.00
  5100.00      2.97      2.71      2.87      3.08      2.95      1.67      1.76      1.69      1.36      0.44      0.49      0.00
  5101.00      2.97      2.66      2.86      2.98      2.88      1.63      1.68      1.63      1.28      0.38      0.49      0.00
  5102.00      2.96      2.61      2.82      2.89      2.79      1.63      1.60      1.58      1.19      0.28      0.50      0.00
  5103.00      2.97      2.62      2.82      2.87      2.77      1.70      1.55      1.60      1.13      0.18      0.54      0.00
  5104.00      2.98      2.63      2.84      2.89      2.77      1.77      1.54      1.64      1.07      0.08      0.61      0.00
  5105.00      2.95      2.61      2.86      2.91      2.78      1.81      1.56      1.70      1.03      0.02      0.72      0.00
  5106.00      2.87      2.58      2.89      2.89      2.76      1.80      1.59      1.73      1.00      0.00      0.83      0.00
  5107.00      2.87      2.63      2.99      2.92      2.82      1.80      1.70      1.80      1.05      0.00      0.91      0.00
  5108.00      2.83      2.65      2.98      2.87      2.82      1.72      1.77      1.80      1.11      0.04      0.92      0.00
  5109.00      2.92      2.80      3.04      2.95      2.92      1.71      1.93      1.85      1.19      0.18      0.92      0.00
  5110.00      2.93      2.83      2.99      2.98      2.93      1.69      2.01      1.84      1.21      0.36      0.85      0.00
  5111.00      2.96      2.83      2.99      3.03      2.94      1.70      2.09      1.85      1.21      0.54      0.77      0.00
  5112.00      3.01      2.83      3.03      3.07      2.94      1.73      2.14      1.87      1.18      0.71      0.68      0.03
  5113.00      2.92      2.75      2.96      2.93      2.85      1.68      2.07      1.80      1.07      0.82      0.56      0.12
  5114.00      2.79      2.70      2.88      2.77      2.79      1.62      1.97      1.71      0.96      0.85      0.44      0.15
  5115.00      2.82      2.76      2.92      2.77      2.89      1.62      1.96      1.72      0.92      0.86      0.36      0.14
  5116.00      2.90      2.83      3.00      2.85      3.00      1.63      1.96      1.76      0.89      0.85      0.29      0.12
  5117.00      2.99      2.89      3.06      2.97      3.10      1.62      1.97      1.84      0.86      0.82      0.23      0.08
  5118.00      2.90      2.83      2.98      2.94      3.03      1.50      1.88      1.84      0.77      0.76      0.14      0.02
  5119.00      2.77      2.76      2.89      2.83      2.93      1.36      1.79      1.81      0.68      0.70      0.06      0.00
  5120.00      2.75      2.73      2.89      2.76      2.90      1.24      1.76      1.80      0.60      0.66      0.06      0.00
  5121.00      2.79      2.70      2.92      2.73      2.92      1.16      1.74      1.79      0.50      0.59      0.12      0.00
  5122.00      2.88      2.72      2.95      2.80      2.98      1.10      1.77      1.82      0.42      0.53      0.20      0.00
  5123.00      2.89      2.71      2.91      2.87      2.99      0.99      1.77      1.83      0.37      0.46      0.29      0.00
  5124.00      2.82      2.69      2.85      2.93      2.95      0.86      1.75      1.83      0.32      0.39      0.37      0.00
  5125.00      2.77      2.70      2.82      2.95      2.91      0.74      1.74      1.83      0.23      0.35      0.44      0.00
  5126.00      2.74      2.71      2.81      2.92      2.85      0.64      1.72      1.81      0.15      0.31      0.49      0.00
  5127.00      2.78      2.77      2.88      2.94      2.91      0.57      1.76      1.82      0.10      0.28      0.53      0.00
  5128.00      2.79      2.79      2.92      2.94      2.98      0.54      1.80      1.83      0.07      0.26      0.57      0.00
  5129.00      2.71      2.73      2.87      2.89      2.97      0.54      1.74      1.85      0.04      0.24      0.58      0.00
  5130.00      2.59      2.65      2.79      2.82      2.89      0.59      1.64      1.86      0.01      0.25      0.58      0.00
  5131.00      2.58      2.63      2.78      2.79      2.82      0.73      1.57      1.87      0.01      0.34      0.58      0.00
  5132.00      2.57      2.57      2.74      2.70      2.73      0.89      1.48      1.83      0.04      0.49      0.57      0.00
  5133.00      2.64      2.57      2.73      2.67      2.69      1.06      1.45      1.80      0.10      0.68      0.52      0.00
  5134.00      2.73      2.60      2.73      2.68      2.70      1.21      1.48      1.77      0.17      0.89      0.46      0.00
  5135.00      2.82      2.67      2.75      2.76      2.76      1.33      1.55      1.74      0.29      1.08      0.45      0.00
  5136.00      2.80      2.65      2.67      2.76      2.73      1.38      1.55      1.67      0.39      1.19      0.53      0.00
  5137.00      2.71      2.59      2.58      2.72      2.71      1.40      1.51      1.63      0.45      1.26      0.65      0.00
  5138.00      2.75      2.64      2.64      2.76      2.80      1.45      1.51      1.65      0.52      1.36      0.80      0.00
  5139.00      2.77      2.68      2.71      2.79      2.88      1.46      1.51      1.65      0.55      1.44      0.96      0.00
  5140.00      2.74      2.66      2.73      2.77      2.86      1.41      1.49      1.62      0.59      1.45      1.08      0.00
  5141.00      2.84      2.77      2.85      2.88      2.93      1.43      1.55      1.69      0.71      1.51      1.21      0.00
  5142.00      2.68      2.62      2.69      2.73      2.73      1.35      1.46      1.59      0.77      1.37      1.14      0.00
  5143.00      2.65      2.61      2.66      2.74      2.69      1.36      1.44      1.56      0.87      1.31      1.08      0.00
  5144.00      2.73      2.71      2.73      2.86      2.78      1.43      1.49      1.60      0.99      1.30      1.06      0.00
  5145.00      2.76      2.75      2.72      2.87      2.78      1.42      1.47      1.58      1.04      1.26      1.01      0.00
  5146.00      2.78      2.76      2.71      2.87      2.77      1.39      1.43      1.50      1.04      1.21      0.95      0.00
  5147.00      2.79      2.75      2.73      2.87      2.76      1.37      1.41      1.37      1.03      1.17      0.90      0.00
  5148.00      2.81      2.76      2.81      2.91      2.80      1.40      1.42      1.24      1.03      1.18      0.85      0.00
  5149.00      2.77      2.72      2.84      2.87      2.77      1.42      1.38      1.08      1.03      1.19      0.79      0.00
  5150.00      2.79      2.74      2.87      2.85      2.78      1.44      1.39      0.98      1.05      1.24      0.73      0.00
  5151.00      2.82      2.77      2.90      2.85      2.83      1.48      1.45      0.95      1.06      1.30      0.65      0.00
  5152.00      2.81      2.73      2.90      2.83      2.86      1.51      1.48      0.98      1.05      1.37      0.54      0.00
  5153.00      2.72      2.61      2.84      2.76      2.82      1.53      1.46      1.03      0.98      1.41      0.39      0.00
  5154.00      2.69      2.58      2.87      2.77      2.85      1.65      1.49      1.15      0.95      1.48      0.25      0.00
  5155.00      2.71      2.65      2.96      2.85      2.94      1.88      1.57      1.31      0.98      1.56      0.13      0.03
  5156.00      2.65      2.71      2.93      2.87      2.93      2.12      1.62      1.43      1.00      1.57      0.05      0.08
  5157.00      2.60      2.76      2.87      2.88      2.88      2.38      1.67      1.51      0.99      1.53      0.02      0.16
  5158.00      2.56      2.75      2.80      2.86      2.83      2.66      1.67      1.54      0.98      1.48      0.05      0.23
  5159.00      2.57      2.75      2.78      2.85      2.82      3.00      1.68      1.55      0.99      1.45      0.10      0.28
  5160.00      2.61      2.75      2.81      2.84      2.84      3.36      1.68      1.54      1.01      1.43      0.15      0.28
  5161.00      2.73      2.85      2.94      2.91      2.97      3.81      1.72      1.58      1.08      1.48      0.23      0.27
  5162.00      2.81      2.89      2.99      2.92      3.03      4.14      1.74      1.60      1.16      1.54      0.32      0.20
  5163.00      2.85      2.86      2.98      2.92      3.02      4.31      1.78      1.64      1.27      1.62      0.42      0.12
  5164.00      2.92      2.89      2.99      2.98      3.05      4.37      1.89      1.74      1.41      1.71      0.54      0.05
  5165.00      2.87      2.86      2.92      2.95      2.99      4.12      1.94      1.79      1.46      1.65      0.65      0.01
  5166.00      2.83      2.86      2.90      2.94      2.96      3.71      1.98      1.86      1.52      1.58      0.75      0.00
  5167.00      2.79      2.86      2.93      2.93      2.92      3.21      2.01      1.91      1.59      1.56      0.83      0.00
  5168.00      2.91      2.99      3.09      3.08      3.03      3.22      2.10      2.05      1.73      1.64      0.97      0.00
  5169.00      3.05      3.12      3.26      3.25      3.15      4.53      2.15      2.16      1.82      1.71      1.13      0.00
  5170.00      2.85      2.90      3.06      3.06      2.93      7.13      1.93      2.01      1.68      1.58      1.16      0.00
  5171.00      2.77      2.78      2.96      2.98      2.86     11.27      1.82      1.94      1.59      1.55      1.23      0.00
  5172.00      2.74      2.74      2.92      2.95      2.86     15.54      1.76      1.91      1.53      1.56      1.28      0.00
  5173.00      2.93      2.91      3.09      3.12      3.07     19.50      1.87      2.02      1.57      1.60      1.37      0.00
  5174.00      3.07      3.04      3.21      3.26      3.23     21.61      1.97      2.09      1.58      1.56      1.39      0.01
  5175.00      2.90      2.86      3.05      3.06      3.03     21.21      1.88      1.94      1.44      1.38      1.25      0.01
  5176.00      2.74      2.67      2.91      2.86      2.81     19.27      1.79      1.77      1.29      1.25      1.12      0.00
  5177.00      2.73      2.65      2.89      2.78      2.73     17.05      1.77      1.68      1.18      1.20      1.07      0.00
  5178.00      2.80      2.71      2.91      2.79      2.72     14.85      1.80      1.65      1.07      1.20      1.09      0.00
  5179.00      2.84      2.74      2.90      2.79      2.68     12.73      1.80      1.62      0.93      1.22      1.11      0.00
  5180.00      2.85      2.72      2.87      2.80      2.64     10.78      1.79      1.62      0.79      1.27      1.13      0.02
  5181.00      2.85      2.67      2.83      2.82      2.60      9.11      1.78      1.65      0.70      1.32      1.15      0.04
  5182.00      2.86      2.63      2.80      2.82      2.56      7.68      1.74      1.68      0.66      1.37      1.16      0.06
  5183.00      2.91      2.66      2.83      2.87      2.59      6.60      1.72      1.73      0.66      1.41      1.19      0.06
  5184.00      3.09      2.87      3.04      3.07      2.78      5.99      1.78      1.89      0.76      1.45      1.32      0.07
  5185.00      3.36      3.16      3.35      3.33      3.06      5.64      1.92      2.11      0.96      1.52      1.51      0.09
  5186.00      3.22      3.03      3.22      3.16      2.94      4.77      1.82      2.01      1.08      1.37      1.46      0.12
  5187.00      3.04      2.85      3.01      2.96      2.75      4.02      1.72      1.87      1.20      1.18      1.35      0.19
  5188.00      2.84      2.63      2.78      2.77      2.54      3.40      1.62      1.74      1.30      0.95      1.22      0.28
  5189.00      2.67      2.45      2.59      2.64      2.35      2.93      1.54      1.64      1.38      0.75      1.09      0.37
  5190.00      2.77      2.53      2.67      2.78      2.42      2.84      1.61      1.69      1.58      0.69      1.12      0.50
  5191.00      2.71      2.48      2.59      2.72      2.38      2.63      1.56      1.65      1.66      0.61      1.13      0.56
  5192.00      2.74      2.54      2.65      2.75      2.47      2.56      1.56      1.69      1.76      0.59      1.20      0.54
  5193.00      2.88      2.67      2.81      2.86      2.64      2.59      1.62      1.79      1.84      0.60      1.31      0.45
  5194.00      3.06      2.81      3.04      2.98      2.82      2.69      1.71      1.90      1.90      0.66      1.44      0.28
  5195.00      3.02      2.76      3.04      2.92      2.75      2.62      1.69      1.87      1.80      0.68      1.43      0.07
  5196.00      2.96      2.74      3.02      2.91      2.67      2.57      1.71      1.86      1.69      0.68      1.42      0.00
  5197.00      2.97      2.80      3.04      2.95      2.65      2.58      1.77      1.91      1.61      0.69      1.42      0.00
  5198.00      2.87      2.75      2.94      2.89      2.54      2.50      1.76      1.88      1.51      0.73      1.36      0.00
  5199.00      2.76      2.67      2.82      2.80      2.43      2.39      1.70      1.79      1.50      0.83      1.28      0.00
  5200.00      2.75      2.68      2.81      2.80      2.42      2.38      1.68      1.75      1.59      1.03      1.26      0.00
  5201.00      2.58      2.52      2.63      2.64      2.30      2.24      1.56      1.61      1.62      1.18      1.14      0.01
  5202.00      2.35      2.25      2.38      2.40      2.09      2.03      1.40      1.43      1.58      1.24      0.93      0.02
  5203.00      2.63      2.46      2.65      2.66      2.28      2.27      1.55      1.55      1.88      1.49      0.95      0.02
  5204.00      2.89      2.65      2.91      2.88      2.40      2.50      1.71      1.68      2.17      1.69      1.01      0.01
  5205.00      2.90      2.63      2.95      2.84      2.25      2.54      1.73      1.70      2.20      1.66      1.02      0.00
  5206.00      3.03      2.72      3.09      2.88      2.13      2.67      1.81      1.78      2.27      1.65      1.12      0.04
  5207.00      3.05      2.69      3.08      2.81      1.91      2.67      1.81      1.74      2.22      1.56      1.20      0.14
  5208.00      3.06      2.64      3.04      2.77      1.71      2.63      1.81      1.69      2.16      1.47      1.25      0.17
  5209.00      3.09      2.64      3.03      2.80      1.60      2.60      1.83      1.71      2.14      1.40      1.30      0.15
  5210.00      3.11      2.70      3.04      2.87      1.59      2.60      1.85      1.76      2.18      1.37      1.31      0.15
  5211.00      3.04      2.70      2.98      2.84      1.60      2.54      1.81      1.77      2.18      1.33      1.22      0.16
  5212.00      2.92      2.64      2.88      2.73      1.64      2.45      1.73      1.74      2.15      1.29      1.09      0.16
  5213.00      2.84      2.61      2.81      2.63      1.70      2.41      1.68      1.74      2.14      1.27      0.97      0.15
  5214.00      2.83      2.63      2.83      2.59      1.76      2.43      1.67      1.75      2.15      1.29      0.86      0.13
  5215.00      2.84      2.65      2.85      2.54      1.78      2.44      1.67      1.75      2.11      1.35      0.72      0.10
  5216.00      2.86      2.67      2.89      2.52      1.80      2.47      1.68      1.76      2.07      1.43      0.57      0.07
  5217.00      2.87      2.66      2.93      2.52      1.86      2.52      1.71      1.79      2.03      1.50      0.45      0.07
  5218.00      2.81      2.57      2.89      2.46      1.90      2.49      1.70      1.78      1.93      1.49      0.34      0.09
  5219.00      2.68      2.40      2.75      2.31      1.94      2.37      1.62      1.70      1.80      1.43      0.24      0.11
  5220.00      2.67      2.31      2.71      2.22      2.15      2.36      1.59      1.67      1.77      1.43      0.19      0.12
  5221.00      2.71      2.28      2.73      2.15      2.46      2.39      1.59      1.69      1.83      1.47      0.16      0.11
  5222.00      2.81      2.34      2.82      2.08      2.85      2.46      1.60      1.75      1.95      1.53      0.15      0.08
  5223.00      2.82      2.37      2.84      1.90      3.10      2.45      1.54      1.77      2.00      1.55      0.13      0.03
  5224.00      2.78      2.36      2.83      1.69      3.21      2.41      1.49      1.74      2.02      1.56      0.11      0.01
  5225.00      2.76      2.35      2.82      1.52      3.21      2.38      1.51      1.71      2.03      1.57      0.08      0.00
  5226.00      2.78      2.36      2.85      1.44      3.20      2.40      1.60      1.72      2.08      1.57      0.06      0.00
  5227.00      2.81      2.35      2.85      1.44      3.16      2.42      1.69      1.72      2.09      1.57      0.07      0.00
  5228.00      2.88      2.35      2.85      1.56      3.12      2.44      1.77      1.74      2.11      1.60      0.18      0.00
  5229.00      2.94      2.35      2.84      1.76      3.08      2.42      1.80      1.76      2.12      1.63      0.34      0.00
  5230.00      2.91      2.31      2.78      1.94      3.02      2.35      1.73      1.76      2.07      1.62      0.52      0.00
  5231.00      2.90      2.35      2.78      2.18      3.01      2.33      1.68      1.81      2.02      1.63      0.71      0.00
  5232.00      2.84      2.38      2.77      2.39      2.97      2.28      1.64      1.83      1.94      1.58      0.84      0.00
  5233.00      2.83      2.41      2.76      2.52      2.96      2.25      1.64      1.85      1.90      1.51      0.94      0.00
  5234.00      2.91      2.50      2.80      2.66      3.07      2.30      1.72      1.90      1.94      1.47      1.04      0.00
  5235.00      2.94      2.52      2.81      2.72      3.18      2.32      1.79      1.92      1.99      1.43      1.11      0.02
  5236.00      2.97      2.52      2.82      2.71      3.31      2.34      1.83      1.92      2.04      1.45      1.18      0.09
  5237.00      3.01      2.50      2.83      2.71      3.44      2.37      1.84      1.91      2.06      1.52      1.26      0.20
  5238.00      3.02      2.43      2.80      2.70      3.54      2.36      1.81      1.87      2.02      1.57      1.31      0.24
  5239.00      2.95      2.32      2.74      2.64      3.53      2.30      1.75      1.79      1.93      1.59      1.34      0.20
  5240.00      2.71      2.14      2.58      2.49      3.34      2.18      1.64      1.66      1.76      1.51      1.30      0.11
  5241.00      2.87      2.31      2.82      2.73      3.58      2.42      1.78      1.81      1.87      1.64      1.44      0.03
  5242.00      2.96      2.45      2.96      2.88      3.62      2.58      1.87      1.92      1.94      1.70      1.52      0.00
  5243.00      2.91      2.49      2.94      2.88      3.43      2.59      1.87      1.91      1.96      1.66      1.48      0.00
  5244.00      2.95      2.60      2.97      2.90      3.34      2.62      1.92      1.96      2.06      1.68      1.43      0.00
  5245.00      2.94      2.68      2.95      2.85      3.23      2.58      1.92      1.98      2.12      1.71      1.36      0.00
  5246.00      2.96      2.73      2.94      2.81      3.16      2.53      1.91      2.01      2.18      1.75      1.33      0.00
  5247.00      2.95      2.70      2.89      2.77      3.07      2.46      1.88      2.00      2.17      1.77      1.33      0.00
  5248.00      2.95      2.65      2.84      2.76      2.98      2.41      1.83      1.97      2.14      1.77      1.40      0.00
  5249.00      2.99      2.63      2.80      2.76      2.90      2.40      1.80      1.93      2.06      1.73      1.50      0.02
  5250.00      3.07      2.68      2.79      2.78      2.87      2.42      1.81      1.90      2.00      1.69      1.59      0.11
  5251.00      3.22      2.82      2.88      2.83      2.95      2.50      1.87      1.92      2.03      1.71      1.69      0.21
  5252.00      3.19      2.82      2.87      2.76      2.93      2.47      1.83      1.88      1.99      1.66      1.62      0.27
  5253.00      3.00      2.68      2.74      2.60      2.79      2.34      1.70      1.82      1.91      1.58      1.42      0.28
  5254.00      2.89      2.64      2.67      2.53      2.73      2.28      1.65      1.84      1.91      1.59      1.30      0.24
  5255.00      2.88      2.70      2.67      2.53      2.78      2.32      1.71      1.93      1.99      1.68      1.27      0.16
  5256.00      2.79      2.67      2.55      2.40      2.75      2.27      1.71      1.90      1.97      1.71      1.24      0.07
  5257.00      2.76      2.69      2.52      2.26      2.81      2.27      1.75      1.88      1.96      1.75      1.33      0.02
  5258.00      2.71      2.67      2.48      2.05      2.84      2.25      1.74      1.81      1.92      1.75      1.42      0.00
  5259.00      2.72      2.65      2.47      1.86      2.86      2.24      1.71      1.75      1.91      1.74      1.54      0.01
  5260.00      2.79      2.67      2.49      1.76      2.85      2.24      1.71      1.72      1.91      1.74      1.64      0.05
  5261.00      2.82      2.68      2.47      1.71      2.78      2.20      1.70      1.67      1.89      1.68      1.65      0.13
  5262.00      2.85      2.76      2.51      1.80      2.78      2.19      1.72      1.69      1.90      1.63      1.66      0.21
  5263.00      2.91      2.89      2.60      2.04      2.89      2.23      1.76      1.75      1.93      1.64      1.71      0.21
  5264.00      2.93      2.95      2.66      2.32      2.97      2.28      1.77      1.76      1.94      1.66      1.76      0.15
  5265.00      2.98      2.99      2.75      2.63      3.06      2.37      1.79      1.75      1.99      1.72      1.83      0.12
  5266.00      2.99      2.93      2.77      2.84      3.03      2.44      1.74      1.68      1.99      1.75      1.87      0.15
  5267.00      2.99      2.84      2.77      2.98      2.97      2.50      1.71      1.60      1.98      1.78      1.90      0.21
  5268.00      3.00      2.74      2.74      3.06      2.91      2.56      1.73      1.56      1.99      1.80      1.90      0.27
  5269.00      2.98      2.63      2.68      3.06      2.85      2.58      1.75      1.54      1.99      1.79      1.84      0.32
  5270.00      3.06      2.65      2.73      3.15      2.89      2.66      1.83      1.59      2.06      1.81      1.78      0.36
  5271.00      3.09      2.62      2.77      3.17      2.87      2.70      1.85      1.61      2.03      1.78      1.64      0.36
  5272.00      2.83      2.38      2.57      2.89      2.63      2.48      1.68      1.46      1.81      1.57      1.37      0.26
  5273.00      2.86      2.43      2.65      2.93      2.71      2.52      1.67      1.49      1.81      1.54      1.30      0.14
  5274.00      2.96      2.51      2.78      2.98      2.84      2.63      1.67      1.55      1.84      1.54      1.33      0.03
  5275.00      3.09      2.62      2.93      3.02      2.96      2.76      1.70      1.63      1.88      1.56      1.44      0.00
  5276.00      3.07      2.61      2.90      2.91      2.93      2.76      1.67      1.64      1.83      1.55      1.49      0.00
  5277.00      3.01      2.57      2.82      2.81      2.87      2.71      1.64      1.65      1.77      1.55      1.50      0.01
  5278.00      2.88      2.48      2.67      2.71      2.76      2.62      1.58      1.61      1.68      1.51      1.46      0.02
  5279.00      2.91      2.55      2.69      2.80      2.82      2.68      1.61      1.65      1.73      1.56      1.49      0.01
  5280.00      2.92      2.62      2.76      2.90      2.90      2.76      1.66      1.68      1.79      1.62      1.51      0.00
  5281.00      2.90      2.64      2.81      2.95      2.94      2.80      1.68      1.70      1.82      1.64      1.49      0.00
  5282.00      2.92      2.66      2.86      2.98      2.97      2.85      1.70      1.73      1.86      1.59      1.49      0.00
  5283.00      2.90      2.63      2.85      2.93      2.91      2.82      1.65      1.70      1.85      1.43      1.48      0.00
  5284.00      2.89      2.66      2.91      2.94      2.93      2.85      1.59      1.70      1.88      1.33      1.52      0.00
  5285.00      2.94      2.76      3.04      3.02      3.01      2.97      1.55      1.76      1.97      1.31      1.62      0.01
  5286.00      2.91      2.73      2.99      2.96      2.97      3.01      1.44      1.73      1.99      1.27      1.63      0.05
  5287.00      2.90      2.68      2.89      2.88      2.92      3.03      1.34      1.66      2.01      1.26      1.61      0.12
  5288.00      2.95      2.69      2.84      2.86      2.93      3.10      1.30      1.62      2.06      1.33      1.57      0.16
  5289.00      2.94      2.68      2.76      2.83      2.89      3.13      1.23      1.54      2.04      1.43      1.52      0.15
  5290.00      2.95      2.69      2.76      2.89      2.91      3.19      1.14      1.51      2.03      1.54      1.50      0.15
  5291.00      2.89      2.61      2.68      2.88      2.84      3.14      0.94      1.45      1.94      1.54      1.45      0.20
  5292.00      2.85      2.56      2.63      2.88      2.80      3.09      0.75      1.47      1.89      1.55      1.45      0.27
  5293.00      2.81      2.54      2.62      2.87      2.81      3.07      0.67      1.55      1.90      1.59      1.50      0.35
  5294.00      2.78      2.51      2.63      2.86      2.85      3.05      0.68      1.67      1.94      1.65      1.58      0.40
  5295.00      2.80      2.51      2.66      2.87      2.89      3.03      0.78      1.79      2.02      1.71      1.67      0.44
  5296.00      2.80      2.51      2.66      2.86      2.85      2.98      0.93      1.86      2.07      1.72      1.69      0.43
  5297.00      2.79      2.52      2.63      2.88      2.74      2.92      1.08      1.87      2.07      1.71      1.65      0.41
  5298.00      2.86      2.59      2.67      2.99      2.69      2.94      1.23      1.91      2.10      1.72      1.62      0.41
  5299.00      2.78      2.51      2.58      2.93      2.53      2.79      1.29      1.83      2.01      1.63      1.48      0.37
  5300.00      2.54      2.28      2.35      2.65      2.29      2.48      1.24      1.65      1.80      1.44      1.27      0.26
  5301.00      2.61      2.35      2.42      2.67      2.40      2.48      1.34      1.70      1.83      1.45      1.25      0.18
  5302.00      2.85      2.55      2.64      2.86      2.70      2.63      1.53      1.87      1.97      1.58      1.33      0.11
  5303.00      2.92      2.58      2.71      2.92      2.81      2.62      1.62      1.91      1.99      1.58      1.32      0.04
  5304.00      2.92      2.53      2.72      2.93      2.81      2.56      1.64      1.85      1.96      1.52      1.30      0.01
  5305.00      2.80      2.46      2.66      2.84      2.73      2.46      1.61      1.74      1.88      1.42      1.31      0.00
  5306.00      2.72      2.44      2.64      2.78      2.72      2.42      1.60      1.69      1.82      1.36      1.37      0.00
  5307.00      2.69      2.45      2.64      2.77      2.77      2.45      1.58      1.68      1.75      1.34      1.42      0.03
  5308.00      2.67      2.39      2.57      2.72      2.77      2.46      1.52      1.64      1.64      1.33      1.41      0.13
  5309.00      2.80      2.46      2.61      2.80      2.88      2.61      1.58      1.71      1.61      1.39      1.48      0.23
  5310.00      2.82      2.54      2.60      2.79      2.89      2.67      1.64      1.72      1.53      1.41      1.51      0.28
  5311.00      2.78      2.61      2.57      2.73      2.84      2.66      1.66      1.67      1.42      1.41      1.52      0.31
  5312.00      2.74      2.66      2.55      2.69      2.78      2.64      1.68      1.60      1.32      1.40      1.52      0.32
  5313.00      2.71      2.67      2.56      2.68      2.74      2.60      1.70      1.57      1.25      1.37      1.55      0.34
  5314.00      2.70      2.65      2.60      2.69      2.72      2.56      1.69      1.60      1.21      1.28      1.65      0.37
  5315.00      2.71      2.63      2.63      2.67      2.71      2.53      1.65      1.66      1.18      1.18      1.74      0.43
  5316.00      2.75      2.63      2.67      2.66      2.73      2.55      1.64      1.73      1.19      1.14      1.78      0.50
  5317.00      2.74      2.62      2.65      2.65      2.74      2.56      1.65      1.75      1.25      1.13      1.74      0.57
  5318.00      2.72      2.63      2.61      2.65      2.72      2.57      1.65      1.74      1.33      1.17      1.69      0.60
  5319.00      2.68      2.62      2.54      2.62      2.65      2.56      1.63      1.68      1.39      1.24      1.62      0.57
  5320.00      2.69      2.61      2.51      2.62      2.60      2.57      1.66      1.63      1.46      1.33      1.57      0.54
  5321.00      2.73      2.61      2.50      2.62      2.58      2.58      1.69      1.62      1.52      1.41      1.54      0.53
  5322.00      2.73      2.58      2.50      2.61      2.57      2.54      1.69      1.62      1.55      1.44      1.53      0.53
  5323.00      2.84      2.68      2.62      2.71      2.68      2.61      1.75      1.71      1.62      1.49      1.62      0.56
  5324.00      2.80      2.68      2.63      2.68      2.67      2.56      1.72      1.70      1.60      1.45      1.62      0.57
  5325.00      2.75      2.68      2.64      2.67      2.65      2.52      1.67      1.66      1.58      1.41      1.59      0.56
  5326.00      2.75      2.70      2.67      2.68      2.61      2.51      1.63      1.62      1.59      1.40      1.54      0.54
  5327.00      2.75      2.72      2.69      2.68      2.53      2.51      1.56      1.53      1.61      1.39      1.48      0.52
  5328.00      2.80      2.80      2.73      2.73      2.50      2.57      1.54      1.46      1.66      1.42      1.43      0.54
  5329.00      2.94      3.02      2.90      2.91      2.62      2.78      1.64      1.45      1.80      1.53      1.44      0.60
  5330.00      3.01      3.20      3.01      3.04      2.71      2.97      1.72      1.41      1.89      1.63      1.40      0.64
  5331.00      2.68      2.90      2.67      2.71      2.38      2.71      1.53      1.18      1.67      1.49      1.17      0.56
  5332.00      2.46      2.71      2.43      2.45      2.09      2.47      1.38      1.02      1.49      1.38      1.04      0.51
  5333.00      2.64      2.99      2.60      2.61      2.08      2.63      1.46      1.09      1.56      1.49      1.13      0.56
  5334.00      2.74      3.18      2.70      2.73      1.94      2.75      1.50      1.16      1.60      1.56      1.22      0.61
  5335.00      2.76      3.22      2.66      2.77      1.70      2.76      1.50      1.22      1.61      1.55      1.27      0.66
  5336.00      2.83      3.20      2.60      2.83      1.50      2.77      1.55      1.33      1.65      1.55      1.29      0.74
  5337.00      2.92      3.15      2.52      2.88      1.38      2.82      1.63      1.48      1.70      1.57      1.29      0.89
  5338.00      2.94      3.07      2.40      2.86      1.31      2.82      1.69      1.59      1.74      1.56      1.19      1.03
  5339.00      2.91      2.98      2.28      2.82      1.27      2.78      1.72      1.66      1.77      1.53      1.03      1.09
  5340.00      2.85      2.87      2.08      2.76      1.29      2.70      1.68      1.66      1.77      1.47      0.83      1.08
  5341.00      2.94      2.91      1.91      2.84      1.47      2.77      1.71      1.72      1.85      1.45      0.67      1.08
  5342.00      3.00      2.95      1.72      2.92      1.80      2.83      1.73      1.76      1.91      1.42      0.57      1.03
  5343.00      2.90      2.85      1.50      2.85      2.15      2.75      1.65      1.72      1.88      1.35      0.50      0.91
  5344.00      2.79      2.77      1.37      2.77      2.52      2.66      1.58      1.68      1.86      1.31      0.43      0.79
  5345.00      2.77      2.75      1.37      2.71      2.89      2.63      1.57      1.69      1.86      1.33      0.32      0.68
  5346.00      2.85      2.79      1.49      2.73      3.23      2.65      1.60      1.76      1.92      1.40      0.21      0.59
  5347.00      2.91      2.79      1.67      2.72      3.39      2.59      1.60      1.79      1.95      1.45      0.10      0.48
  5348.00      2.87      2.72      1.87      2.66      3.32      2.43      1.52      1.75      1.91      1.45      0.02      0.37
  5349.00      2.86      2.74      2.12      2.66      3.24      2.31      1.47      1.74      1.90      1.46      0.00      0.30
  5350.00      2.89      2.86      2.40      2.74      3.19      2.24      1.43      1.76      1.94      1.49      0.00      0.23
  5351.00      2.83      2.88      2.54      2.71      3.04      2.07      1.33      1.71      1.92      1.47      0.03      0.13
  5352.00      2.77      2.81      2.59      2.62      2.86      1.86      1.22      1.65      1.87      1.44      0.14      0.06
  5353.00      2.83      2.77      2.67      2.63      2.80      1.70      1.14      1.66      1.86      1.46      0.33      0.08
  5354.00      2.91      2.72      2.71      2.66      2.77      1.54      1.06      1.67      1.84      1.49      0.52      0.16
  5355.00      2.94      2.64      2.66      2.66      2.70      1.37      0.95      1.64      1.81      1.47      0.70      0.25
  5356.00      2.88      2.55      2.53      2.59      2.61      1.21      0.82      1.55      1.74      1.36      0.83      0.34
  5357.00      2.90      2.59      2.51      2.63      2.65      1.15      0.75      1.52      1.73      1.30      0.94      0.44
  5358.00      2.86      2.63      2.49      2.63      2.68      1.14      0.72      1.46      1.71      1.23      0.96      0.51
  5359.00      2.83      2.66      2.49      2.66      2.73      1.25      0.75      1.39      1.72      1.18      0.95      0.58
  5360.00      2.81      2.66      2.49      2.68      2.78      1.46      0.85      1.30      1.74      1.13      0.91      0.62
  5361.00      2.81      2.64      2.46      2.69      2.79      1.76      0.97      1.19      1.74      1.09      0.86      0.65
  5362.00      2.80      2.61      2.41      2.68      2.76      2.07      1.08      1.09      1.72      1.10      0.82      0.67
  5363.00      2.85      2.64      2.43      2.71      2.77      2.37      1.19      1.08      1.73      1.17      0.80      0.69
  5364.00      2.88      2.65      2.48      2.73      2.76      2.57      1.25      1.14      1.73      1.22      0.75      0.70
  5365.00      2.85      2.65      2.58      2.74      2.75      2.68      1.26      1.27      1.73      1.26      0.68      0.71
  5366.00      2.86      2.67      2.76      2.79      2.79      2.76      1.24      1.43      1.74      1.29      0.61      0.69
  5367.00      2.87      2.67      2.95      2.79      2.80      2.78      1.17      1.55      1.74      1.27      0.53      0.61
  5368.00      2.84      2.62      3.08      2.71      2.76      2.74      1.06      1.57      1.69      1.18      0.45      0.53
  5369.00      2.85      2.64      3.24      2.67      2.78      2.73      0.98      1.58      1.65      1.10      0.40      0.59
  5370.00      2.85      2.68      3.36      2.69      2.82      2.74      0.93      1.58      1.63      1.04      0.36      0.73
  5371.00      2.86      2.70      3.39      2.74      2.82      2.79      0.95      1.58      1.65      1.00      0.33      0.90
  5372.00      2.95      2.74      3.38      2.86      2.87      2.92      1.07      1.65      1.74      0.99      0.32      1.11
  5373.00      3.00      2.72      3.22      2.94      2.86      3.01      1.24      1.71      1.84      0.95      0.30      1.30
  5374.00      2.84      2.52      2.83      2.82      2.64      2.91      1.34      1.66      1.80      0.83      0.29      1.36
  5375.00      2.78      2.46      2.61      2.77      2.55      2.96      1.50      1.68      1.81      0.75      0.35      1.42
  5376.00      2.78      2.49      2.51      2.75      2.55      3.11      1.71      1.74      1.83      0.67      0.51      1.40
  5377.00      2.76      2.51      2.48      2.74      2.55      3.28      1.89      1.78      1.82      0.56      0.72      1.33
  5378.00      2.81      2.58      2.52      2.79      2.61      3.50      2.06      1.82      1.83      0.47      0.97      1.28
  5379.00      2.85      2.65      2.55      2.84      2.65      3.65      2.14      1.84      1.83      0.42      1.21      1.23
  5380.00      2.84      2.68      2.51      2.87      2.64      3.62      2.12      1.83      1.81      0.38      1.37      1.16
  5381.00      2.81      2.69      2.46      2.86      2.65      3.50      2.05      1.81      1.80      0.29      1.49      1.09
  5382.00      2.88      2.74      2.49      2.90      2.75      3.41      2.02      1.82      1.84      0.19      1.62      1.04
  5383.00      2.90      2.68      2.45      2.85      2.78      3.22      1.94      1.78      1.81      0.13      1.68      0.98
  5384.00      2.92      2.63      2.43      2.84      2.82      3.06      1.90      1.74      1.80      0.10      1.73      0.91
  5385.00      2.98      2.65      2.43      2.90      2.91      3.02      1.92      1.74      1.85      0.06      1.80      0.83
  5386.00      2.86      2.54      2.30      2.81      2.82      2.85      1.85      1.63      1.80      0.02      1.72      0.68
  5387.00      2.84      2.51      2.26      2.82      2.81      2.81      1.84      1.60      1.83      0.01      1.66      0.53
  5388.00      2.89      2.53      2.28      2.86      2.86      2.84      1.90      1.60      1.88      0.03      1.61      0.36
  5389.00      2.92      2.56      2.28      2.86      2.89      2.85      1.97      1.63      1.90      0.07      1.56      0.20
  5390.00      2.93      2.60      2.30      2.85      2.92      2.86      2.06      1.68      1.90      0.14      1.50      0.09
  5391.00      2.88      2.60      2.29      2.80      2.89      2.80      2.09      1.73      1.87      0.24      1.43      0.03
  5392.00      2.83      2.59      2.30      2.75      2.86      2.74      2.05      1.80      1.86      0.36      1.38      0.04
  5393.00      2.90      2.66      2.38      2.78      2.90      2.77      2.01      1.92      1.90      0.48      1.41      0.09
  5394.00      2.94      2.68      2.35      2.76      2.87      2.76      1.89      1.99      1.91      0.56      1.43      0.15
  5395.00      2.95      2.71      2.32      2.74      2.84      2.75      1.78      2.03      1.91      0.61      1.46      0.22
  5396.00      2.93      2.73      2.28      2.75      2.83      2.73      1.70      2.05      1.91      0.63      1.51      0.31
  5397.00      2.87      2.71      2.24      2.76      2.80      2.69      1.64      2.02      1.87      0.66      1.56      0.42
  5398.00      2.86      2.74      2.21      2.81      2.80      2.68      1.61      2.01      1.87      0.76      1.65      0.54
  5399.00      2.90      2.81      2.20      2.87      2.84      2.72      1.59      2.01      1.92      0.89      1.76      0.68
  5400.00      2.86      2.80      2.14      2.82      2.81      2.72      1.52      1.94      1.93      1.00      1.80      0.79
  5401.00      2.87      2.83      2.14      2.80      2.84      2.76      1.52      1.90      1.95      1.11      1.83      0.90
  5402.00      2.93      2.82      2.19      2.83      2.89      2.80      1.56      1.88      1.97      1.17      1.81      1.00
  5403.00      2.94      2.73      2.22      2.83      2.90      2.77      1.61      1.82      1.94      1.17      1.74      1.09
  5404.00      2.95      2.66      2.23      2.83      2.91      2.74      1.66      1.79      1.89      1.15      1.69      1.19
  5405.00      3.01      2.67      2.24      2.88      2.97      2.79      1.74      1.81      1.87      1.16      1.71      1.33
  5406.00      3.02      2.70      2.21      2.92      2.97      2.83      1.78      1.84      1.85      1.19      1.74      1.46
  5407.00      2.98      2.69      2.14      2.90      2.92      2.84      1.76      1.84      1.84      1.22      1.77      1.55
  5408.00      2.87      2.61      2.04      2.80      2.79      2.75      1.65      1.78      1.78      1.19      1.79      1.52
  5409.00      2.84      2.61      2.01      2.78      2.76      2.71      1.57      1.78      1.74      1.18      1.88      1.47
  5410.00      2.84      2.63      2.01      2.75      2.77      2.71      1.53      1.78      1.70      1.16      1.94      1.42
  5411.00      2.86      2.66      1.98      2.73      2.81      2.75      1.52      1.79      1.70      1.12      1.89      1.37
  5412.00      2.87      2.68      1.86      2.70      2.82      2.78      1.51      1.79      1.69      1.08      1.80      1.31
  5413.00      2.90      2.78      1.72      2.73      2.87      2.84      1.53      1.80      1.69      1.10      1.79      1.31
  5414.00      2.84      2.85      1.57      2.71      2.87      2.81      1.51      1.73      1.66      1.09      1.76      1.30
  5415.00      2.78      2.98      1.46      2.73      2.89      2.78      1.50      1.65      1.64      1.08      1.73      1.33
  5416.00      2.77      3.13      1.38      2.76      2.93      2.78      1.50      1.60      1.61      1.08      1.72      1.38
  5417.00      2.79      3.27      1.31      2.79      2.97      2.81      1.50      1.57      1.55      1.11      1.75      1.42
  5418.00      2.75      3.27      1.25      2.77      2.93      2.79      1.45      1.54      1.41      1.13      1.76      1.43
  5419.00      2.69      3.16      1.23      2.74      2.86      2.76      1.36      1.53      1.24      1.16      1.71      1.44
  5420.00      2.64      2.97      1.32      2.73      2.78      2.70      1.25      1.54      1.08      1.21      1.58      1.47
  5421.00      2.67      2.79      1.50      2.79      2.76      2.68      1.17      1.58      0.99      1.33      1.49      1.53
  5422.00      2.74      2.63      1.74      2.88      2.81      2.72      1.11      1.62      0.97      1.50      1.47      1.57
  5423.00      2.74      2.45      1.91      2.88      2.82      2.71      1.04      1.58      0.99      1.57      1.43      1.55
  5424.00      2.71      2.30      1.99      2.83      2.82      2.69      0.94      1.53      1.05      1.62      1.39      1.49
  5425.00      2.78      2.29      2.00      2.86      2.90      2.73      0.85      1.53      1.19      1.72      1.42      1.45
  5426.00      2.93      2.35      2.00      2.97      3.06      2.85      0.78      1.60      1.38      1.88      1.53      1.50
  5427.00      2.96      2.26      1.91      2.95      3.05      2.83      0.68      1.59      1.49      1.89      1.58      1.52
  5428.00      2.90      2.08      1.87      2.88      2.92      2.73      0.58      1.54      1.52      1.80      1.60      1.52
  5429.00      2.92      1.97      2.00      2.92      2.87      2.74      0.52      1.54      1.58      1.75      1.66      1.57
  5430.00      3.02      1.96      2.30      3.06      2.92      2.82      0.52      1.58      1.66      1.76      1.72      1.66
  5431.00      3.08      2.05      2.67      3.16      2.96      2.89      0.55      1.60      1.72      1.75      1.71      1.74
  5432.00      2.98      2.14      2.91      3.05      2.87      2.80      0.61      1.53      1.67      1.65      1.58      1.70
  5433.00      2.93      2.33      3.09      2.92      2.84      2.77      0.74      1.48      1.64      1.58      1.48      1.66
  5434.00      3.01      2.62      3.30      2.91      2.95      2.89      0.94      1.50      1.70      1.57      1.40      1.67
  5435.00      2.97      2.77      3.32      2.86      2.99      2.95      1.11      1.49      1.75      1.50      1.22      1.65
  5436.00      2.92      2.84      3.28      2.84      3.00      2.98      1.25      1.48      1.82      1.38      1.03      1.63
  5437.00      2.86      2.82      3.18      2.81      2.97      2.94      1.31      1.49      1.86      1.22      0.89      1.56
  5438.00      2.86      2.79      3.12      2.83      2.95      2.94      1.38      1.52      1.92      1.06      0.80      1.45
  5439.00      2.80      2.69      3.01      2.82      2.90      2.88      1.41      1.52      1.95      0.90      0.73      1.29
  5440.00      2.73      2.59      2.94      2.81      2.86      2.84      1.41      1.52      1.96      0.80      0.69      1.20
  5441.00      2.66      2.51      2.88      2.79      2.80      2.82      1.38      1.54      1.93      0.74      0.69      1.17
  5442.00      2.66      2.49      2.87      2.80      2.77      2.84      1.34      1.59      1.92      0.74      0.73      1.20
  5443.00      2.66      2.47      2.83      2.77      2.73      2.81      1.29      1.62      1.88      0.77      0.74      1.27
  5444.00      2.72      2.50      2.82      2.76      2.74      2.80      1.28      1.65      1.86      0.87      0.74      1.36
  5445.00      2.76      2.52      2.79      2.74      2.75      2.77      1.30      1.66      1.85      1.02      0.76      1.43
  5446.00      2.74      2.50      2.73      2.71      2.71      2.72      1.31      1.64      1.82      1.18      0.86      1.46
  5447.00      2.76      2.53      2.71      2.75      2.70      2.74      1.33      1.66      1.81      1.39      1.04      1.44
  5448.00      2.84      2.61      2.72      2.84      2.71      2.83      1.33      1.69      1.82      1.61      1.31      1.39
  5449.00      2.88      2.66      2.71      2.91      2.71      2.89      1.32      1.72      1.79      1.80      1.60      1.30
  5450.00      2.85      2.63      2.65      2.90      2.66      2.83      1.29      1.75      1.70      1.90      1.76      1.18
  5451.00      2.82      2.58      2.61      2.87      2.64      2.73      1.28      1.80      1.63      1.96      1.84      1.03
  5452.00      2.84      2.53      2.59      2.84      2.63      2.65      1.29      1.83      1.59      1.97      1.84      0.85
  5453.00      2.91      2.52      2.62      2.81      2.64      2.63      1.32      1.88      1.62      1.94      1.80      0.68
  5454.00      2.99      2.51      2.63      2.75      2.60      2.63      1.33      1.91      1.67      1.88      1.73      0.53
  5455.00      3.02      2.51      2.64      2.69      2.55      2.62      1.35      1.91      1.70      1.80      1.65      0.40
  5456.00      3.03      2.59      2.71      2.69      2.59      2.68      1.44      1.89      1.76      1.75      1.62      0.31
  5457.00      3.06      2.73      2.79      2.77      2.70      2.79      1.60      1.89      1.87      1.72      1.61      0.26
  5458.00      2.90      2.69      2.70      2.70      2.68      2.76      1.72      1.77      1.86      1.64      1.51      0.21
  5459.00      2.78      2.63      2.61      2.63      2.65      2.72      1.87      1.68      1.81      1.65      1.46      0.19
  5460.00      2.70      2.60      2.56      2.59      2.61      2.70      2.06      1.64      1.78      1.74      1.44      0.17
  5461.00      2.66      2.59      2.52      2.57      2.56      2.68      2.28      1.65      1.77      1.87      1.45      0.14
  5462.00      2.61      2.57      2.49      2.55      2.51      2.65      2.56      1.67      1.77      2.01      1.46      0.11
  5463.00      2.61      2.58      2.51      2.58      2.54      2.65      2.91      1.72      1.77      2.17      1.52      0.08
  5464.00      2.64      2.62      2.57      2.67      2.64      2.69      3.31      1.78      1.80      2.33      1.63      0.07
  5465.00      2.69      2.63      2.59      2.74      2.73      2.72      3.66      1.81      1.81      2.39      1.70      0.12
  5466.00      2.75      2.59      2.55      2.75      2.77      2.69      3.87      1.80      1.79      2.36      1.69      0.26
  5467.00      2.83      2.58      2.55      2.75      2.79      2.68      3.99      1.80      1.78      2.34      1.69      0.45
  5468.00      2.86      2.60      2.58      2.78      2.82      2.69      3.98      1.81      1.80      2.33      1.74      0.67
  5469.00      2.77      2.57      2.54      2.73      2.73      2.63      3.68      1.76      1.77      2.25      1.73      0.86
  5470.00      2.65      2.52      2.48      2.68      2.63      2.57      3.22      1.69      1.74      2.19      1.70      0.99
  5471.00      2.66      2.53      2.49      2.73      2.62      2.59      2.81      1.66      1.78      2.23      1.73      1.11
  5472.00      2.75      2.56      2.54      2.84      2.68      2.67      2.76      1.66      1.85      2.34      1.81      1.23
  5473.00      2.82      2.56      2.58      2.87      2.71      2.74      3.68      1.67      1.86      2.43      1.87      1.33
  5474.00      2.88      2.61      2.62      2.89      2.74      2.83      6.11      1.70      1.87      2.52      1.91      1.43
  5475.00      2.89      2.68      2.64      2.88      2.75      2.89      9.98      1.73      1.85      2.54      1.89      1.53
  5476.00      2.90      2.77      2.64      2.86      2.76      2.93     14.04      1.75      1.82      2.49      1.87      1.62
  5477.00      2.93      2.84      2.63      2.86      2.77      2.95     17.46      1.77      1.78      2.40      1.88      1.72
  5478.00      2.95      2.87      2.62      2.89      2.82      2.94     19.59      1.78      1.76      2.30      1.91      1.81
  5479.00      2.92      2.83      2.58      2.88      2.80      2.85     20.16      1.74      1.75      2.18      1.90      1.84
  5480.00      2.90      2.79      2.57      2.88      2.78      2.80     19.33      1.69      1.76      2.13      1.90      1.83
  5481.00      2.87      2.74      2.58      2.86      2.72      2.75     17.55      1.63      1.71      2.10      1.86      1.77
  5482.00      2.87      2.73      2.64      2.86      2.70      2.77     15.52      1.61      1.69      2.17      1.81      1.69
  5483.00      2.88      2.76      2.71      2.89      2.73      2.85     13.57      1.63      1.73      2.27      1.77      1.63
  5484.00      2.84      2.76      2.70      2.88      2.74      2.91     11.68      1.65      1.76      2.32      1.70      1.57
  5485.00      2.77      2.72      2.62      2.86      2.74      2.91      9.93      1.67      1.77      2.33      1.67      1.53
  5486.00      2.73      2.67      2.59      2.87      2.76      2.90      8.47      1.71      1.79      2.34      1.72      1.59
  5487.00      2.70      2.60      2.57      2.88      2.78      2.87      7.23      1.74      1.82      2.34      1.80      1.70
  5488.00      2.67      2.53      2.54      2.82      2.75      2.81      6.15      1.72      1.82      2.30      1.87      1.79
  5489.00      2.69      2.52      2.54      2.78      2.74      2.79      5.34      1.71      1.83      2.29      1.94      1.87
  5490.00      2.75      2.58      2.57      2.78      2.79      2.81      4.73      1.72      1.85      2.32      2.00      1.92
  5491.00      2.78      2.63      2.56      2.79      2.81      2.79      4.21      1.71      1.84      2.32      2.00      1.83
  5492.00      2.70      2.57      2.47      2.72      2.72      2.65      3.65      1.65      1.77      2.21      1.89      1.63
  5493.00      2.62      2.51      2.39      2.65      2.60      2.53      3.20      1.59      1.70      2.08      1.78      1.46
  5494.00      2.66      2.54      2.40      2.68      2.59      2.53      2.95      1.61      1.72      2.06      1.78      1.41
  5495.00      2.68      2.57      2.44      2.69      2.60      2.58      2.77      1.64      1.75      2.08      1.84      1.43
  5496.00      2.57      2.51      2.42      2.61      2.55      2.57      2.56      1.62      1.73      2.06      1.84      1.50
  5497.00      2.51      2.48      2.40      2.59      2.55      2.59      2.42      1.64      1.73      2.09      1.87      1.63
  5498.00      2.59      2.52      2.42      2.65      2.61      2.65      2.36      1.70      1.77      2.17      1.92      1.80
  5499.00      2.67      2.53      2.40      2.66      2.61      2.63      2.29      1.71      1.75      2.18      1.88      1.92
  5500.00      2.67      2.47      2.33      2.60      2.55      2.53      2.20      1.65      1.68      2.12      1.79      1.92
  5501.00      2.63      2.43      2.32      2.54      2.51      2.46      2.15      1.61      1.63      2.07      1.71      1.88
  5502.00      2.67      2.43      2.40      2.55      2.56      2.46      2.16      1.61      1.64      2.08      1.71      1.91
  5503.00      2.68      2.38      2.43      2.52      2.57      2.44      2.16      1.62      1.64      2.04      1.72      1.93
  5504.00      2.60      2.28      2.36      2.43      2.51      2.35      2.10      1.57      1.59      1.96      1.69      1.89
  5505.00      2.63      2.33      2.37      2.46      2.54      2.37      2.13      1.59      1.65      2.00      1.77      1.96
  5506.00      2.65      2.38      2.39      2.50      2.56      2.37      2.15      1.59      1.71      2.06      1.84      2.02
  5507.00      2.68      2.41      2.44      2.53      2.59      2.39      2.16      1.59      1.76      2.13      1.90      2.05
  5508.00      2.69      2.42      2.47      2.53      2.59      2.39      2.16      1.58      1.79      2.17      1.92      2.03
  5509.00      2.70      2.43      2.49      2.54      2.59      2.41      2.16      1.58      1.82      2.20      1.94      1.96
  5510.00      2.69      2.40      2.47      2.53      2.58      2.41      2.16      1.58      1.83      2.19      1.93      1.83
  5511.00      2.70      2.38      2.48      2.53      2.59      2.43      2.20      1.58      1.84      2.16      1.92      1.70
  5512.00      2.68      2.35      2.50      2.53      2.60      2.42      2.24      1.55      1.83      2.10      1.87      1.58
  5513.00      2.65      2.31      2.49      2.50      2.59      2.36      2.25      1.48      1.81      2.03      1.80      1.49
  5514.00      2.67      2.34      2.49      2.51      2.61      2.34      2.26      1.44      1.81      2.01      1.78      1.51
  5515.00      2.69      2.40      2.48      2.56      2.63      2.34      2.27      1.46      1.82      2.02      1.79      1.59
  5516.00      2.67      2.45      2.46      2.62      2.62      2.36      2.24      1.50      1.83      2.04      1.81      1.66
  5517.00      2.61      2.45      2.42      2.65      2.58      2.37      2.20      1.56      1.83      2.05      1.83      1.69
  5518.00      2.60      2.46      2.43      2.68      2.60      2.40      2.20      1.62      1.84      2.08      1.87      1.73
  5519.00      2.59      2.45      2.45      2.68      2.61      2.41      2.21      1.66      1.84      2.10      1.90      1.75
  5520.00      2.60      2.47      2.50      2.68      2.62      2.39      2.23      1.65      1.84      2.09      1.91      1.74
  5521.00      2.69      2.54      2.59      2.75      2.66      2.39      2.29      1.64      1.90      2.13      1.94      1.74
  5522.00      2.75      2.57      2.63      2.83      2.67      2.38      2.33      1.63      1.94      2.16      1.94      1.73
  5523.00      2.77      2.56      2.61      2.86      2.67      2.38      2.34      1.64      1.97      2.18      1.90      1.74
  5524.00      2.72      2.52      2.54      2.80      2.63      2.34      2.29      1.66      1.94      2.16      1.82      1.76
  5525.00      2.67      2.51      2.47      2.70      2.60      2.30      2.24      1.68      1.89      2.12      1.73      1.78
  5526.00      2.62      2.52      2.42      2.59      2.58      2.28      2.20      1.69      1.82      2.05      1.65      1.79
  5527.00      2.65      2.56      2.42      2.57      2.60      2.29      2.23      1.71      1.77      2.02      1.65      1.81
  5528.00      2.70      2.60      2.46      2.61      2.64      2.28      2.27      1.73      1.75      2.02      1.69      1.78
  5529.00      2.76      2.67      2.54      2.72      2.72      2.25      2.33      1.77      1.81      2.07      1.78      1.77
  5530.00      2.82      2.74      2.65      2.87      2.82      2.20      2.40      1.86      1.91      2.15      1.88      1.79
  5531.00      2.67      2.62      2.59      2.81      2.72      1.98      2.30      1.82      1.90      2.10      1.86      1.72
  5532.00      2.55      2.51      2.54      2.76      2.66      1.77      2.23      1.79      1.90      2.08      1.84      1.69
  5533.00      2.51      2.46      2.52      2.73      2.66      1.61      2.21      1.79      1.89      2.11      1.81      1.73
  5534.00      2.55      2.46      2.54      2.72      2.70      1.50      2.22      1.80      1.87      2.14      1.70      1.81
  5535.00      2.60      2.47      2.54      2.72      2.74      1.44      2.22      1.81      1.84      2.11      1.56      1.90
  5536.00      2.62      2.48      2.54      2.75      2.76      1.44      2.19      1.81      1.80      2.08      1.46      1.96
  5537.00      2.59      2.49      2.55      2.78      2.75      1.50      2.17      1.80      1.77      2.05      1.42      1.97
  5538.00      2.52      2.47      2.52      2.73      2.67      1.56      2.12      1.76      1.72      1.99      1.38      1.91
  5539.00      2.53      2.46      2.53      2.71      2.62      1.63      2.10      1.73      1.72      1.95      1.40      1.83
  5540.00      2.55      2.43      2.53      2.68      2.56      1.67      2.07      1.69      1.72      1.91      1.47      1.73
  5541.00      2.59      2.44      2.57      2.67      2.55      1.69      2.09      1.70      1.71      1.91      1.59      1.67
  5542.00      2.58      2.45      2.57      2.66      2.55      1.68      2.10      1.70      1.66      1.90      1.68      1.62
  5543.00      2.53      2.41      2.50      2.60      2.52      1.65      2.06      1.65      1.55      1.88      1.68      1.54
  5544.00      2.41      2.26      2.34      2.45      2.37      1.59      1.93      1.52      1.40      1.79      1.60      1.40
  5545.00      2.29      2.12      2.21      2.35      2.27      1.60      1.85      1.41      1.29      1.70      1.55      1.31
  5546.00      2.14      1.98      2.09      2.25      2.16      1.67      1.76      1.31      1.20      1.61      1.50      1.28
  5547.00      2.34      2.19      2.30      2.49      2.38      2.09      1.96      1.45      1.34      1.79      1.69      1.50
  5548.00      2.53      2.40      2.46      2.68      2.58      2.54      2.16      1.60      1.47      1.95      1.85      1.69
  5549.00      2.56      2.44      2.44      2.69      2.61      2.81      2.23      1.65      1.49      2.00      1.87      1.72
  5550.00      2.44      2.34      2.31      2.56      2.49      2.85      2.18      1.60      1.43      1.96      1.78      1.66
  5551.00      2.30      2.20      2.20      2.44      2.36      2.79      2.10      1.52      1.38      1.93      1.69      1.62
  5552.00      2.37      2.26      2.31      2.52      2.40      2.85      2.17      1.57      1.44      2.04      1.73      1.71
  5553.00      2.36      2.26      2.36      2.52      2.36      2.79      2.14      1.58      1.47      2.06      1.71      1.72
  5554.00      2.36      2.29      2.40      2.55      2.34      2.73      2.11      1.61      1.51      2.04      1.71      1.75
  5555.00      2.37      2.32      2.44      2.61      2.36      2.70      2.09      1.62      1.57      2.03      1.72      1.85
  5556.00      2.45      2.32      2.49      2.69      2.44      2.72      2.11      1.64      1.64      2.04      1.72      2.00
  5557.00      2.50      2.27      2.52      2.71      2.48      2.73      2.11      1.63      1.66      2.04      1.67      2.09
  5558.00      2.44      2.19      2.50      2.64      2.47      2.68      2.07      1.56      1.62      2.01      1.59      2.03
  5559.00      2.36      2.20      2.52      2.60      2.45      2.67      2.07      1.51      1.62      2.04      1.55      1.98
  5560.00      2.29      2.25      2.51      2.56      2.41      2.69      2.07      1.51      1.62      2.09      1.53      1.92
  5561.00      2.23      2.32      2.49      2.53      2.38      2.75      2.06      1.54      1.61      2.14      1.53      1.88
  5562.00      2.18      2.40      2.50      2.52      2.36      2.84      2.06      1.59      1.62      2.17      1.56      1.86
  5563.00      2.14      2.45      2.52      2.52      2.33      2.94      2.05      1.63      1.63      2.18      1.59      1.85
  5564.00      2.18      2.49      2.57      2.59      2.31      3.09      2.06      1.67      1.65      2.21      1.62      1.88
  5565.00      2.23      2.47      2.58      2.63      2.26      3.22      2.05      1.68      1.63      2.20      1.63      1.93
  5566.00      2.28      2.42      2.54      2.66      2.20      3.32      2.04      1.63      1.57      2.17      1.58      1.94
  5567.00      2.35      2.39      2.50      2.66      2.17      3.40      2.04      1.57      1.50      2.15      1.47      1.91
  5568.00      2.43      2.34      2.44      2.62      2.11      3.38      2.02      1.52      1.43      2.11      1.34      1.83
  5569.00      2.54      2.32      2.39      2.59      2.02      3.31      2.01      1.50      1.39      2.08      1.27      1.75
  5570.00      2.50      2.21      2.25      2.47      1.81      3.01      1.91      1.43      1.33      1.96      1.18      1.59
  5571.00      2.35      2.06      2.10      2.30      1.55      2.65      1.76      1.34      1.28      1.80      1.13      1.39
  5572.00      2.56      2.24      2.31      2.50      1.52      2.76      1.90      1.48      1.48      1.90      1.32      1.41
  5573.00      2.67      2.36      2.42      2.62      1.44      2.81      1.99      1.57      1.66      1.91      1.50      1.39
  5574.00      2.68      2.43      2.46      2.67      1.36      2.81      2.04      1.61      1.78      1.85      1.65      1.37
  5575.00      2.63      2.44      2.47      2.66      1.30      2.75      2.07      1.60      1.83      1.75      1.72      1.37
  5576.00      2.50      2.33      2.39      2.56      1.28      2.58      2.03      1.51      1.78      1.58      1.65      1.34
  5577.00      1.07      0.98      1.02      1.09      0.58      1.07      0.88      0.61      0.74      0.62      0.68      0.58
  5578.00      0.28      0.26      0.27      0.29      0.17      0.28      0.24      0.15      0.19      0.15      0.17      0.16
  5579.00      0.18      0.16      0.17      0.18      0.12      0.17      0.15      0.09      0.12      0.09      0.11      0.10
  5580.00      0.28      0.26      0.26      0.29      0.21      0.27      0.24      0.14      0.20      0.14      0.17      0.15
  5581.00      1.07      0.98      1.00      1.11      0.90      1.05      0.94      0.50      0.76      0.53      0.65      0.52
  5582.00      2.51      2.33      2.39      2.62      2.29      2.47      2.27      1.16      1.83      1.28      1.58      1.08
  5583.00      2.50      2.35      2.45      2.65      2.41      2.49      2.31      1.12      1.82      1.37      1.61      0.90
  5584.00      2.47      2.35      2.51      2.67      2.47      2.52      2.37      1.03      1.80      1.48      1.66      0.73
  5585.00      2.43      2.33      2.55      2.70      2.48      2.58      2.43      0.89      1.79      1.59      1.71      0.63
  5586.00      2.39      2.29      2.57      2.73      2.49      2.66      2.47      0.73      1.78      1.70      1.76      0.58
  5587.00      2.36      2.28      2.58      2.78      2.54      2.74      2.51      0.66      1.79      1.79      1.79      0.52
  5588.00      2.36      2.28      2.56      2.80      2.59      2.78      2.54      0.66      1.80      1.86      1.81      0.39
  5589.00      2.38      2.30      2.53      2.79      2.63      2.76      2.57      0.74      1.80      1.87      1.80      0.25
  5590.00      2.37      2.27      2.45      2.69      2.60      2.65      2.52      0.84      1.74      1.82      1.74      0.12
  5591.00      2.41      2.29      2.40      2.63      2.58      2.61      2.50      0.97      1.66      1.78      1.70      0.03
  5592.00      2.53      2.38      2.44      2.67      2.63      2.68      2.55      1.12      1.64      1.81      1.72      0.00
  5593.00      2.57      2.41      2.40      2.65      2.58      2.68      2.53      1.22      1.63      1.82      1.69      0.00
  5594.00      2.57      2.41      2.36      2.64      2.51      2.66      2.51      1.29      1.64      1.83      1.65      0.02
  5595.00      2.58      2.40      2.35      2.64      2.45      2.63      2.51      1.36      1.69      1.84      1.60      0.11
  5596.00      2.63      2.40      2.39      2.68      2.45      2.61      2.58      1.45      1.75      1.87      1.55      0.31
  5597.00      2.58      2.31      2.35      2.61      2.38      2.50      2.57      1.47      1.72      1.80      1.45      0.51
  5598.00      2.56      2.26      2.36      2.58      2.36      2.45      2.61      1.50      1.69      1.76      1.43      0.71
  5599.00      2.60      2.29      2.42      2.60      2.42      2.47      2.69      1.55      1.69      1.76      1.47      0.90
  5600.00      2.62      2.30      2.46      2.60      2.45      2.48      2.75      1.58      1.68      1.74      1.52      1.06
  5601.00      2.59      2.25      2.43      2.52      2.38      2.45      2.74      1.56      1.66      1.69      1.54      1.12
  5602.00      2.63      2.26      2.42      2.52      2.37      2.50      2.78      1.55      1.69      1.73      1.60      1.13
  5603.00      2.68      2.27      2.40      2.52      2.36      2.57      2.81      1.53      1.72      1.77      1.65      1.11
  5604.00      2.66      2.25      2.33      2.48      2.29      2.56      2.75      1.52      1.71      1.77      1.63      1.04
  5605.00      2.62      2.24      2.26      2.46      2.21      2.52      2.67      1.53      1.67      1.78      1.59      0.97
  5606.00      2.55      2.21      2.21      2.44      2.11      2.48      2.58      1.54      1.60      1.79      1.55      0.92
  5607.00      2.51      2.17      2.16      2.41      1.96      2.43      2.48      1.53      1.50      1.79      1.51      0.86
  5608.00      2.58      2.23      2.20      2.46      1.87      2.49      2.50      1.59      1.44      1.86      1.55      0.82
  5609.00      2.64      2.32      2.24      2.50      1.76      2.57      2.53      1.62      1.38      1.93      1.59      0.75
  5610.00      2.62      2.36      2.25      2.50      1.63      2.60      2.52      1.58      1.28      1.96      1.58      0.67
  5611.00      2.60      2.41      2.30      2.52      1.58      2.63      2.51      1.56      1.20      2.00      1.54      0.59
  5612.00      2.57      2.43      2.35      2.55      1.59      2.63      2.49      1.57      1.14      2.03      1.48      0.52
  5613.00      2.48      2.40      2.32      2.53      1.64      2.56      2.38      1.54      1.09      1.99      1.38      0.45
  5614.00      2.42      2.36      2.28      2.52      1.76      2.49      2.28      1.51      1.06      1.97      1.28      0.40
  5615.00      2.47      2.41      2.34      2.58      1.99      2.53      2.26      1.56      1.11      2.02      1.25      0.37
  5616.00      2.60      2.51      2.45      2.70      2.28      2.64      2.32      1.67      1.22      2.11      1.25      0.36
  5617.00      2.67      2.59      2.54      2.78      2.54      2.73      2.39      1.76      1.38      2.18      1.30      0.34
  5618.00      2.57      2.54      2.43      2.69      2.61      2.67      2.34      1.74      1.46      2.12      1.31      0.32
  5619.00      2.48      2.49      2.30      2.59      2.63      2.59      2.29      1.69      1.53      2.06      1.34      0.36
  5620.00      2.51      2.50      2.24      2.57      2.67      2.56      2.32      1.66      1.60      2.03      1.38      0.51
  5621.00      2.60      2.51      2.21      2.57      2.70      2.57      2.39      1.64      1.65      2.00      1.41      0.73
  5622.00      2.65      2.51      2.19      2.57      2.74      2.59      2.45      1.60      1.68      1.98      1.41      0.99
  5623.00      2.65      2.51      2.18      2.57      2.77      2.60      2.50      1.56      1.69      1.97      1.37      1.26
  5624.00      2.65      2.50      2.20      2.56      2.79      2.62      2.52      1.52      1.70      1.97      1.31      1.49
  5625.00      2.63      2.45      2.19      2.51      2.75      2.61      2.47      1.49      1.70      1.93      1.21      1.64
  5626.00      2.70      2.50      2.25      2.57      2.76      2.67      2.49      1.52      1.75      1.97      1.18      1.81
  5627.00      2.66      2.51      2.22      2.57      2.68      2.62      2.44      1.51      1.77      1.97      1.13      1.90
  5628.00      2.58      2.47      2.17      2.54      2.59      2.52      2.38      1.48      1.77      1.96      1.05      1.93
  5629.00      2.59      2.45      2.13      2.53      2.57      2.45      2.38      1.47      1.79      1.96      0.99      1.98
  5630.00      2.60      2.41      2.09      2.45      2.59      2.37      2.37      1.44      1.78      1.93      0.91      1.98
  5631.00      2.59      2.40      2.06      2.38      2.63      2.36      2.39      1.43      1.76      1.91      0.83      1.95
  5632.00      2.58      2.41      2.07      2.34      2.68      2.42      2.43      1.45      1.74      1.91      0.75      1.90
  5633.00      2.61      2.41      2.09      2.32      2.69      2.51      2.46      1.49      1.70      1.90      0.63      1.83
  5634.00      2.68      2.44      2.17      2.36      2.71      2.60      2.51      1.57      1.69      1.91      0.53      1.79
  5635.00      2.77      2.50      2.29      2.43      2.76      2.69      2.56      1.66      1.73      1.94      0.49      1.77
  5636.00      2.73      2.51      2.34      2.44      2.75      2.70      2.53      1.68      1.72      1.93      0.44      1.70
  5637.00      2.65      2.49      2.33      2.42      2.71      2.68      2.48      1.65      1.67      1.88      0.35      1.63
  5638.00      2.64      2.48      2.33      2.44      2.70      2.71      2.45      1.63      1.63      1.84      0.24      1.62
  5639.00      2.69      2.54      2.35      2.50      2.73      2.80      2.48      1.65      1.63      1.87      0.16      1.68
  5640.00      2.56      2.44      2.22      2.39      2.56      2.69      2.36      1.54      1.50      1.79      0.12      1.64
  5641.00      2.40      2.32      2.05      2.25      2.37      2.53      2.23      1.41      1.33      1.71      0.08      1.58
  5642.00      2.57      2.52      2.17      2.41      2.52      2.68      2.39      1.50      1.33      1.88      0.04      1.75
  5643.00      2.68      2.61      2.22      2.49      2.63      2.74      2.49      1.55      1.25      1.98      0.01      1.90
  5644.00      2.63      2.53      2.15      2.40      2.60      2.63      2.46      1.49      1.12      1.95      0.01      1.94
  5645.00      2.58      2.46      2.13      2.34      2.58      2.55      2.44      1.44      1.06      1.93      0.04      1.98
  5646.00      2.45      2.31      2.03      2.20      2.43      2.38      2.30      1.32      1.02      1.81      0.09      1.92
  5647.00      2.32      2.10      1.89      2.03      2.20      2.17      2.10      1.15      1.02      1.65      0.15      1.76
  5648.00      2.60      2.24      2.08      2.21      2.33      2.31      2.26      1.16      1.22      1.76      0.26      1.84
  5649.00      2.87      2.37      2.24      2.38      2.45      2.43      2.38      1.14      1.39      1.84      0.40      1.88
  5650.00      2.97      2.37      2.25      2.42      2.48      2.43      2.38      1.07      1.47      1.85      0.51      1.85
  5651.00      3.02      2.36      2.26      2.48      2.57      2.44      2.41      1.00      1.53      1.86      0.59      1.85
  5652.00      3.04      2.36      2.29      2.56      2.68      2.47      2.47      0.93      1.57      1.89      0.66      1.90
  5653.00      2.94      2.34      2.31      2.57      2.71      2.47      2.46      0.84      1.56      1.88      0.68      1.93
  5654.00      2.76      2.31      2.30      2.51      2.63      2.42      2.40      0.74      1.51      1.84      0.71      1.98
  5655.00      2.31      2.03      2.03      2.15      2.25      2.11      2.09      0.60      1.32      1.61      0.69      1.82
  5656.00      1.21      1.10      1.10      1.15      1.21      1.14      1.12      0.31      0.71      0.87      0.42      0.99
  5657.00      0.82      0.76      0.75      0.80      0.84      0.79      0.77      0.23      0.50      0.62      0.33      0.66
  5658.00      1.23      1.17      1.14      1.22      1.29      1.20      1.17      0.39      0.79      0.95      0.56      0.98
  5659.00      2.28      2.18      2.15      2.31      2.41      2.22      2.19      0.85      1.54      1.80      1.13      1.83
  5660.00      2.10      2.02      2.02      2.17      2.24      2.02      2.03      0.88      1.47      1.67      1.07      1.71
  5661.00      2.31      2.23      2.26      2.44      2.47      2.19      2.21      1.06      1.66      1.86      1.19      1.88
  5662.00      2.30      2.22      2.28      2.50      2.47      2.15      2.15      1.12      1.67      1.86      1.18      1.85
  5663.00      2.45      2.40      2.46      2.71      2.65      2.28      2.23      1.21      1.80      2.02      1.27      1.99
  5664.00      2.69      2.69      2.74      2.97      2.91      2.49      2.36      1.31      2.00      2.27      1.44      2.25
  5665.00      2.78      2.84      2.88      3.04      2.99      2.52      2.33      1.30      2.06      2.38      1.52      2.34
  5666.00      2.77      2.82      2.90      2.93      2.94      2.35      2.14      1.20      2.01      2.35      1.51      2.21
  5667.00      2.87      2.86      3.01      2.92      2.99      2.18      2.00      1.13      2.00      2.36      1.52      2.11
  5668.00      3.03      2.96      3.16      3.00      3.09      2.01      1.88      1.11      2.02      2.45      1.53      2.09
  5669.00      3.10      2.98      3.17      3.00      3.08      1.78      1.69      1.10      1.97      2.49      1.49      2.04
  5670.00      2.85      2.75      2.86      2.71      2.77      1.44      1.38      1.04      1.75      2.32      1.33      1.82
  5671.00      2.63      2.56      2.58      2.49      2.54      1.23      1.17      1.06      1.60      2.16      1.24      1.66
  5672.00      2.73      2.68      2.64      2.60      2.64      1.24      1.16      1.25      1.68      2.26      1.30      1.75
  5673.00      2.73      2.68      2.54      2.57      2.64      1.22      1.14      1.40      1.70      2.23      1.28      1.79
  5674.00      2.72      2.67      2.42      2.51      2.61      1.26      1.18      1.56      1.72      2.16      1.25      1.83
  5675.00      2.82      2.79      2.44      2.58      2.69      1.45      1.38      1.80      1.83      2.14      1.30      1.97
  5676.00      2.85      2.81      2.43      2.59      2.72      1.74      1.66      1.97      1.92      2.08      1.34      2.04
  5677.00      2.93      2.82      2.45      2.64      2.78      2.16      2.00      2.12      2.03      2.09      1.41      2.06
  5678.00      3.03      2.78      2.47      2.67      2.79      2.58      2.29      2.18      2.12      2.10      1.50      1.99
  5679.00      3.06      2.70      2.46      2.66      2.76      2.92      2.48      2.15      2.15      2.04      1.62      1.87
  5680.00      2.97      2.59      2.41      2.62      2.69      3.11      2.55      2.04      2.12      1.94      1.72      1.74
  5681.00      2.85      2.54      2.40      2.61      2.68      3.23      2.59      1.95      2.10      1.90      1.81      1.60
  5682.00      2.67      2.46      2.34      2.55      2.61      3.18      2.54      1.83      2.03      1.86      1.82      1.37
  5683.00      2.53      2.40      2.29      2.51      2.55      3.04      2.48      1.73      1.94      1.81      1.84      1.14
  5684.00      2.55      2.47      2.38      2.61      2.61      3.02      2.56      1.76      1.96      1.85      1.97      1.03
  5685.00      2.51      2.49      2.41      2.61      2.59      2.89      2.56      1.74      1.91      1.83      2.01      0.93
  5686.00      2.44      2.47      2.37      2.55      2.52      2.72      2.50      1.70      1.83      1.78      1.96      0.84
  5687.00      2.45      2.54      2.38      2.53      2.52      2.64      2.54      1.74      1.81      1.74      1.93      0.80
  5688.00      2.51      2.66      2.43      2.56      2.57      2.63      2.63      1.85      1.84      1.69      1.94      0.82
  5689.00      2.50      2.67      2.42      2.53      2.57      2.57      2.64      1.92      1.82      1.55      1.87      0.85
  5690.00      2.46      2.60      2.37      2.45      2.53      2.48      2.60      1.93      1.76      1.35      1.77      0.87
  5691.00      2.54      2.57      2.41      2.47      2.58      2.50      2.70      1.96      1.76      1.22      1.73      0.88
  5692.00      2.58      2.49      2.41      2.47      2.60      2.52      2.81      1.91      1.75      1.11      1.68      0.87
  5693.00      2.54      2.38      2.35      2.44      2.55      2.50      2.89      1.78      1.71      1.03      1.60      0.92
  5694.00      2.53      2.35      2.36      2.47      2.54      2.55      3.06      1.68      1.72      1.05      1.53      1.09
  5695.00      2.54      2.35      2.38      2.51      2.54      2.61      3.22      1.62      1.73      1.13      1.43      1.33
  5696.00      2.56      2.35      2.38      2.52      2.56      2.63      3.28      1.58      1.75      1.25      1.29      1.63
  5697.00      2.48      2.28      2.28      2.40      2.48      2.51      3.11      1.48      1.70      1.32      1.08      1.83
  5698.00      2.40      2.24      2.18      2.28      2.40      2.40      2.88      1.39      1.64      1.38      0.90      1.93
  5699.00      2.45      2.35      2.23      2.33      2.48      2.44      2.82      1.39      1.64      1.52      0.84      2.09
  5700.00      2.47      2.44      2.26      2.37      2.53      2.47      2.74      1.39      1.61      1.63      0.81      2.14
  5701.00      2.40      2.40      2.19      2.35      2.46      2.43      2.58      1.36      1.53      1.64      0.78      2.05
  5702.00      2.42      2.39      2.16      2.38      2.43      2.44      2.51      1.39      1.49      1.66      0.82      1.98
  5703.00      2.41      2.35      2.15      2.40      2.40      2.44      2.45      1.44      1.46      1.65      0.90      1.89
  5704.00      2.35      2.29      2.12      2.37      2.34      2.42      2.38      1.46      1.43      1.61      1.02      1.78
  5705.00      2.33      2.27      2.13      2.37      2.33      2.43      2.37      1.49      1.45      1.61      1.19      1.69
  5706.00      2.33      2.25      2.12      2.35      2.31      2.40      2.34      1.48      1.46      1.61      1.37      1.60
  5707.00      2.37      2.28      2.16      2.40      2.33      2.39      2.36      1.48      1.48      1.68      1.57      1.59
  5708.00      2.37      2.30      2.18      2.43      2.32      2.35      2.34      1.44      1.47      1.76      1.75      1.60
  5709.00      2.32      2.29      2.17      2.39      2.27      2.26      2.28      1.37      1.42      1.80      1.88      1.60
  5710.00      2.38      2.38      2.23      2.44      2.31      2.25      2.32      1.36      1.43      1.92      2.05      1.66
  5711.00      2.39      2.40      2.21      2.41      2.32      2.22      2.33      1.34      1.42      1.98      2.13      1.70
  5712.00      2.37      2.36      2.15      2.34      2.28      2.17      2.29      1.31      1.40      1.98      2.09      1.74
  5713.00      2.43      2.39      2.18      2.36      2.33      2.20      2.31      1.33      1.42      1.99      2.07      1.83
  5714.00      2.42      2.35      2.15      2.32      2.30      2.17      2.25      1.32      1.39      1.93      1.95      1.81
  5715.00      2.38      2.30      2.10      2.26      2.25      2.13      2.18      1.29      1.35      1.86      1.82      1.76
  5716.00      2.40      2.29      2.07      2.22      2.26      2.14      2.17      1.28      1.33      1.84      1.73      1.77
  5717.00      2.47      2.31      2.07      2.17      2.28      2.17      2.20      1.27      1.32      1.84      1.65      1.82
  5718.00      2.58      2.31      2.08      2.08      2.28      2.19      2.23      1.25      1.28      1.83      1.61      1.84
  5719.00      2.76      2.30      2.16      1.99      2.29      2.23      2.26      1.21      1.27      1.82      1.68      1.86
  5720.00      3.03      2.26      2.22      1.90      2.28      2.25      2.25      1.16      1.26      1.79      1.78      1.87
  5721.00      3.37      2.22      2.27      1.81      2.28      2.28      2.25      1.09      1.25      1.75      1.92      1.90
  5722.00      3.66      2.22      2.28      1.67      2.30      2.30      2.26      1.02      1.26      1.70      2.08      1.93
  5723.00      3.76      2.19      2.21      1.47      2.26      2.27      2.21      0.94      1.26      1.63      2.18      1.89
  5724.00      3.70      2.16      2.16      1.28      2.24      2.25      2.18      0.87      1.28      1.58      2.26      1.83
  5725.00      3.61      2.16      2.17      1.19      2.26      2.30      2.21      0.82      1.32      1.61      2.34      1.84
  5726.00      3.40      2.11      2.12      1.12      2.20      2.28      2.16      0.72      1.31      1.61      2.30      1.82
  5727.00      3.31      2.13      2.14      1.14      2.19      2.29      2.13      0.64      1.34      1.65      2.28      1.84
  5728.00      3.35      2.19      2.19      1.23      2.22      2.31      2.15      0.57      1.39      1.70      2.28      1.89
  5729.00      3.42      2.24      2.25      1.40      2.27      2.35      2.22      0.51      1.45      1.76      2.29      1.93
  5730.00      3.38      2.23      2.26      1.60      2.29      2.34      2.26      0.46      1.49      1.80      2.29      1.92
  5731.00      3.21      2.21      2.24      1.79      2.29      2.31      2.29      0.42      1.49      1.81      2.28      1.86
  5732.00      2.97      2.20      2.23      1.95      2.28      2.27      2.29      0.41      1.49      1.79      2.29      1.78
  5733.00      2.78      2.23      2.28      2.12      2.32      2.31      2.33      0.44      1.52      1.81      2.38      1.74
  5734.00      2.62      2.22      2.32      2.23      2.32      2.33      2.33      0.51      1.54      1.83      2.44      1.73
  5735.00      2.53      2.19      2.34      2.29      2.32      2.34      2.32      0.64      1.54      1.84      2.48      1.77
  5736.00      2.46      2.14      2.32      2.28      2.30      2.32      2.29      0.77      1.54      1.80      2.43      1.83
  5737.00      2.44      2.12      2.33      2.24      2.29      2.30      2.27      0.89      1.58      1.76      2.34      1.90
  5738.00      2.45      2.15      2.37      2.22      2.34      2.32      2.28      1.01      1.66      1.77      2.27      2.00
  5739.00      2.43      2.18      2.41      2.21      2.39      2.36      2.28      1.08      1.72      1.78      2.19      2.06
  5740.00      2.34      2.17      2.38      2.15      2.35      2.35      2.22      1.12      1.73      1.75      2.08      2.03
  5741.00      2.32      2.21      2.42      2.16      2.35      2.40      2.23      1.17      1.77      1.76      2.06      2.03
  5742.00      2.37      2.28      2.53      2.21      2.37      2.47      2.28      1.22      1.82      1.80      2.11      2.03
  5743.00      2.29      2.21      2.50      2.11      2.26      2.36      2.19      1.16      1.70      1.75      2.08      1.91
  5744.00      2.08      2.01      2.33      1.89      2.05      2.10      1.99      1.03      1.48      1.61      1.95      1.74
  5745.00      2.16      2.12      2.48      1.95      2.16      2.16      2.07      1.04      1.50      1.71      2.09      1.86
  5746.00      2.20      2.21      2.56      2.01      2.25      2.20      2.14      1.06      1.50      1.77      2.20      1.96
  5747.00      2.22      2.23      2.54      2.06      2.30      2.21      2.18      1.09      1.50      1.77      2.25      2.03
  5748.00      2.20      2.17      2.44      2.10      2.27      2.19      2.16      1.10      1.49      1.71      2.24      2.01
  5749.00      2.19      2.10      2.35      2.16      2.22      2.18      2.12      1.10      1.48      1.66      2.20      1.94
  5750.00      2.20      2.09      2.29      2.28      2.20      2.20      2.10      1.09      1.51      1.62      2.17      1.89
  5751.00      2.21      2.12      2.26      2.42      2.17      2.23      2.08      1.07      1.52      1.58      2.16      1.84
  5752.00      2.20      2.12      2.23      2.55      2.13      2.24      2.07      1.04      1.52      1.55      2.14      1.79
  5753.00      2.19      2.10      2.19      2.65      2.11      2.25      2.08      1.03      1.52      1.56      2.11      1.78
  5754.00      2.15      2.07      2.17      2.67      2.09      2.25      2.11      1.03      1.51      1.56      2.05      1.78
  5755.00      2.07      2.02      2.13      2.60      2.05      2.22      2.12      1.04      1.49      1.52      1.98      1.79
  5756.00      2.01      1.99      2.10      2.45      2.06      2.19      2.12      1.05      1.47      1.48      1.94      1.83
  5757.00      1.99      1.97      2.08      2.27      2.08      2.17      2.12      1.05      1.46      1.48      1.93      1.88
  5758.00      2.00      1.97      2.07      2.10      2.11      2.15      2.12      1.07      1.44      1.51      1.96      1.91
  5759.00      1.99      1.95      2.03      1.94      2.09      2.08      2.08      1.09      1.38      1.51      1.96      1.90
  5760.00      2.00      1.94      2.05      1.87      2.09      2.07      2.07      1.16      1.34      1.53      1.99      1.91
  5761.00      2.01      1.93      2.08      1.86      2.07      2.06      2.08      1.26      1.32      1.56      2.00      1.90
  5762.00      2.07      1.97      2.16      1.90      2.11      2.11      2.13      1.42      1.34      1.61      2.03      1.90
  5763.00      2.14      2.04      2.22      1.96      2.19      2.19      2.19      1.62      1.38      1.67      2.07      1.89
  5764.00      2.12      2.08      2.20      1.95      2.21      2.22      2.19      1.81      1.40      1.67      2.05      1.84
  5765.00      2.09      2.09      2.12      1.91      2.19      2.22      2.15      1.99      1.40      1.64      1.99      1.80
  5766.00      2.11      2.11      2.05      1.89      2.18      2.22      2.13      2.23      1.41      1.63      1.96      1.81
  5767.00      2.17      2.13      2.03      1.89      2.17      2.23      2.15      2.51      1.41      1.63      1.98      1.85
  5768.00      2.18      2.13      2.05      1.89      2.17      2.21      2.18      2.78      1.40      1.65      2.03      1.90
  5769.00      2.13      2.09      2.07      1.86      2.16      2.18      2.20      3.01      1.37      1.65      2.08      1.92
  5770.00      2.05      2.07      2.08      1.79      2.12      2.12      2.19      3.14      1.33      1.64      2.11      1.93
  5771.00      2.02      2.11      2.13      1.77      2.12      2.11      2.19      3.23      1.33      1.67      2.17      1.95
  5772.00      2.07      2.18      2.20      1.82      2.18      2.19      2.22      3.27      1.38      1.73      2.25      2.00
  5773.00      2.08      2.17      2.20      1.84      2.20      2.24      2.21      3.09      1.42      1.75      2.25      1.99
  5774.00      2.10      2.12      2.19      1.85      2.22      2.28      2.20      2.79      1.46      1.74      2.19      1.95
  5775.00      2.13      2.10      2.18      1.86      2.25      2.31      2.20      2.42      1.50      1.72      2.13      1.90
  5776.00      2.15      2.09      2.17      1.86      2.26      2.32      2.19      2.30      1.51      1.69      2.07      1.83
  5777.00      2.20      2.13      2.19      1.90      2.28      2.35      2.22      2.97      1.53      1.69      2.08      1.80
  5778.00      2.18      2.11      2.16      1.91      2.26      2.33      2.21      4.67      1.50      1.66      2.07      1.77
  5779.00      2.10      2.08      2.11      1.87      2.22      2.29      2.19      7.61      1.47      1.64      2.06      1.77
  5780.00      2.09      2.12      2.12      1.87      2.24      2.29      2.23     11.02      1.47      1.67      2.10      1.82
  5781.00      2.15      2.22      2.19      1.90      2.33      2.33      2.31     14.37      1.51      1.76      2.18      1.92
  5782.00      2.17      2.27      2.23      1.90      2.38      2.32      2.32     16.66      1.51      1.81      2.20      1.96
  5783.00      2.13      2.24      2.21      1.85      2.37      2.26      2.26     17.50      1.50      1.83      2.15      1.96
  5784.00      2.16      2.26      2.25      1.85      2.43      2.30      2.28     17.49      1.53      1.89      2.17      1.99
  5785.00      2.19      2.29      2.24      1.84      2.45      2.35      2.28     16.39      1.56      1.94      2.20      1.93
  5786.00      2.16      2.27      2.14      1.79      2.39      2.32      2.24     14.57      1.55      1.91      2.17      1.74
  5787.00      2.19      2.31      2.11      1.82      2.40      2.33      2.27     12.87      1.60      1.93      2.21      1.62
  5788.00      2.21      2.33      2.09      1.88      2.42      2.32      2.30     11.24      1.63      1.94      2.23      1.57
  5789.00      2.20      2.29      2.09      1.91      2.41      2.28      2.28      9.66      1.62      1.92      2.20      1.52
  5790.00      2.16      2.24      2.08      1.90      2.40      2.23      2.24      8.23      1.59      1.88      2.14      1.50
  5791.00      2.10      2.19      2.05      1.82      2.38      2.18      2.18      6.90      1.53      1.83      2.06      1.50
  5792.00      2.08      2.19      2.07      1.75      2.39      2.19      2.17      5.90      1.50      1.83      2.04      1.57
  5793.00      2.07      2.23      2.11      1.70      2.41      2.22      2.18      5.12      1.50      1.84      2.05      1.70
  5794.00      1.97      2.16      2.06      1.59      2.29      2.12      2.09      4.29      1.44      1.77      1.97      1.71
  5795.00      1.90      2.07      2.00      1.51      2.15      2.00      2.03      3.63      1.37      1.70      1.91      1.68
  5796.00      1.98      2.06      2.01      1.53      2.12      1.99      2.07      3.26      1.37      1.71      1.96      1.72
  5797.00      2.05      2.02      1.97      1.51      2.06      1.96      2.08      2.91      1.36      1.71      1.96      1.75
  5798.00      2.00      1.92      1.83      1.39      1.95      1.87      2.00      2.52      1.30      1.64      1.85      1.71
  5799.00      1.84      1.77      1.65      1.19      1.79      1.74      1.85      2.12      1.19      1.51      1.67      1.59
  5800.00      1.75      1.73      1.58      1.07      1.74      1.71      1.79      1.91      1.15      1.46      1.59      1.56
  5801.00      1.30      1.31      1.17      0.74      1.32      1.28      1.31      1.33      0.85      1.08      1.17      1.17
  5802.00      1.33      1.34      1.18      0.70      1.34      1.27      1.30      1.27      0.84      1.08      1.16      1.18
  5803.00      1.35      1.37      1.20      0.67      1.37      1.27      1.31      1.23      0.82      1.07      1.16      1.19
  5804.00      1.33      1.36      1.21      0.62      1.37      1.26      1.31      1.19      0.79      1.04      1.14      1.17
  5805.00      1.34      1.35      1.23      0.60      1.38      1.28      1.33      1.17      0.79      1.04      1.14      1.16
  5806.00      1.37      1.35      1.25      0.61      1.39      1.31      1.37      1.17      0.82      1.07      1.15      1.16
  5807.00      1.43      1.37      1.29      0.67      1.42      1.38      1.43      1.19      0.88      1.12      1.19      1.18
  5808.00      1.45      1.38      1.31      0.76      1.43      1.42      1.45      1.19      0.92      1.15      1.22      1.17
  5809.00      1.43      1.39      1.33      0.86      1.44      1.43      1.45      1.19      0.95      1.17      1.23      1.14
  5810.00      1.40      1.40      1.35      0.96      1.45      1.43      1.45      1.19      0.96      1.16      1.24      1.11
  5811.00      1.37      1.41      1.37      1.03      1.46      1.42      1.44      1.19      0.94      1.14      1.25      1.08
  5812.00      1.37      1.41      1.39      1.05      1.50      1.42      1.44      1.20      0.92      1.12      1.27      1.07
  5813.00      1.38      1.40      1.42      1.03      1.54      1.42      1.44      1.22      0.92      1.12      1.31      1.08
  5814.00      1.40      1.43      1.47      1.00      1.60      1.45      1.47      1.26      0.95      1.12      1.37      1.11
  5815.00      1.41      1.47      1.50      0.99      1.62      1.45      1.46      1.27      0.99      1.12      1.42      1.14
  5816.00      1.46      1.51      1.55      1.04      1.64      1.46      1.47      1.30      1.04      1.15      1.48      1.17
  5817.00      1.50      1.54      1.57      1.14      1.63      1.48      1.48      1.33      1.08      1.17      1.52      1.20
  5818.00      1.51      1.53      1.55      1.28      1.61      1.49      1.50      1.36      1.10      1.17      1.52      1.21
  5819.00      1.51      1.52      1.52      1.43      1.58      1.49      1.51      1.37      1.10      1.14      1.49      1.18
  5820.00      1.52      1.53      1.50      1.61      1.57      1.53      1.55      1.40      1.11      1.10      1.48      1.12
  5821.00      1.56      1.55      1.51      1.77      1.58      1.57      1.59      1.41      1.14      1.08      1.48      1.05
  5822.00      1.58      1.55      1.51      1.87      1.59      1.58      1.59      1.41      1.16      1.05      1.49      1.00
  5823.00      1.60      1.56      1.52      1.91      1.61      1.59      1.59      1.41      1.18      1.06      1.53      0.99
  5824.00      1.58      1.57      1.52      1.91      1.61      1.58      1.59      1.41      1.18      1.07      1.57      1.02
  5825.00      1.58      1.60      1.56      1.92      1.64      1.61      1.60      1.44      1.21      1.11      1.65      1.10
  5826.00      1.62      1.64      1.61      1.94      1.68      1.65      1.62      1.48      1.23      1.14      1.72      1.21
  5827.00      1.66      1.65      1.63      1.91      1.68      1.66      1.60      1.49      1.23      1.15      1.73      1.31
  5828.00      1.71      1.66      1.65      1.88      1.70      1.68      1.59      1.50      1.23      1.16      1.73      1.39
  5829.00      1.76      1.70      1.73      1.89      1.76      1.73      1.61      1.53      1.25      1.19      1.76      1.44
  5830.00      1.80      1.75      1.85      1.94      1.84      1.80      1.65      1.57      1.28      1.24      1.81      1.48
  5831.00      1.79      1.76      1.93      1.93      1.84      1.80      1.65      1.56      1.26      1.25      1.79      1.45
  5832.00      1.84      1.81      2.05      1.96      1.87      1.83      1.69      1.58      1.27      1.30      1.81      1.45
  5833.00      1.86      1.83      2.15      1.96      1.90      1.84      1.72      1.59      1.28      1.35      1.81      1.45
  5834.00      1.90      1.86      2.25      1.99      1.95      1.89      1.77      1.65      1.31      1.40      1.84      1.47
  5835.00      1.94      1.88      2.29      2.02      2.01      1.93      1.81      1.70      1.33      1.43      1.86      1.51
  5836.00      1.93      1.88      2.24      2.00      2.04      1.93      1.80      1.71      1.30      1.43      1.84      1.51
  5837.00      1.91      1.89      2.13      1.96      2.05      1.90      1.77      1.69      1.28      1.43      1.79      1.52
  5838.00      1.95      1.97      2.05      1.98      2.08      1.93      1.78      1.72      1.29      1.47      1.77      1.58
  5839.00      1.98      1.99      1.92      1.98      2.07      1.94      1.78      1.72      1.32      1.48      1.70      1.63
  5840.00      2.01      1.98      1.79      1.99      2.05      1.94      1.79      1.70      1.34      1.47      1.62      1.66
  5841.00      2.06      1.97      1.72      2.01      2.05      1.97      1.82      1.70      1.39      1.49      1.55      1.69
  5842.00      2.10      2.00      1.69      2.06      2.08      2.01      1.87      1.72      1.43      1.52      1.49      1.72
  5843.00      2.05      2.00      1.64      2.04      2.06      1.98      1.86      1.69      1.40      1.48      1.38      1.69
  5844.00      2.08      2.07      1.64      2.09      2.13      2.03      1.89      1.70      1.41      1.47      1.35      1.72
  5845.00      2.12      2.13      1.62      2.16      2.20      2.09      1.92      1.73      1.46      1.45      1.33      1.75
  5846.00      2.11      2.09      1.52      2.14      2.19      2.06      1.85      1.69      1.45      1.38      1.27      1.72
  5847.00      2.11      2.06      1.44      2.10      2.18      2.05      1.81      1.67      1.44      1.33      1.24      1.70
  5848.00      2.13      2.07      1.41      2.09      2.18      2.06      1.81      1.67      1.44      1.32      1.26      1.68
  5849.00      2.09      2.04      1.42      2.04      2.13      2.02      1.77      1.66      1.40      1.33      1.31      1.62
  5850.00      2.06      2.02      1.53      2.01      2.12      2.01      1.76      1.65      1.37      1.39      1.38      1.55
  5851.00      2.12      2.09      1.74      2.06      2.20      2.09      1.84      1.71      1.37      1.52      1.52      1.54
  5852.00      2.16      2.16      1.95      2.09      2.27      2.14      1.89      1.75      1.37      1.65      1.64      1.55
  5853.00      2.11      2.17      2.04      2.06      2.26      2.12      1.86      1.74      1.38      1.70      1.69      1.54
  5854.00      1.94      2.04      1.95      1.91      2.08      1.98      1.68      1.64      1.31      1.62      1.62      1.45
  5855.00      1.95      2.08      2.00      1.94      2.07      2.00      1.62      1.68      1.36      1.67      1.66      1.51
  5856.00      2.10      2.22      2.15      2.09      2.20      2.16      1.62      1.85      1.49      1.80      1.79      1.68
  5857.00      2.17      2.22      2.16      2.12      2.24      2.20      1.52      1.93      1.54      1.83      1.81      1.76
  5858.00      2.18      2.19      2.11      2.12      2.26      2.21      1.38      1.97      1.54      1.84      1.81      1.79
  5859.00      2.20      2.20      2.08      2.17      2.32      2.24      1.29      2.01      1.52      1.88      1.85      1.81
  5860.00      2.14      2.15      2.01      2.14      2.29      2.19      1.19      1.97      1.45      1.86      1.84      1.76
  5861.00      2.12      2.14      1.99      2.13      2.27      2.17      1.15      1.94      1.41      1.86      1.86      1.74
  5862.00      2.11      2.14      1.99      2.10      2.22      2.15      1.16      1.90      1.39      1.81      1.86      1.73
  5863.00      2.10      2.19      2.04      2.11      2.22      2.17      1.23      1.88      1.41      1.78      1.88      1.76
  5864.00      2.07      2.22      2.06      2.10      2.23      2.19      1.30      1.85      1.42      1.75      1.86      1.77
  5865.00      1.98      2.17      2.04      2.06      2.21      2.16      1.34      1.79      1.41      1.71      1.81      1.72
  5866.00      1.69      1.85      1.78      1.78      1.93      1.86      1.19      1.55      1.23      1.47      1.53      1.44
  5867.00      1.39      1.49      1.47      1.45      1.58      1.50      0.97      1.27      1.01      1.19      1.22      1.12
  5868.00      1.60      1.68      1.68      1.64      1.77      1.69      1.10      1.44      1.15      1.36      1.38      1.21
  5869.00      1.47      1.49      1.51      1.47      1.57      1.51      0.99      1.29      1.02      1.22      1.26      1.04
  5870.00      1.56      1.53      1.56      1.50      1.59      1.56      1.04      1.33      1.04      1.23      1.32      1.03
  5871.00      1.75      1.68      1.72      1.66      1.74      1.74      1.21      1.46      1.11      1.32      1.48      1.09
  5872.00      2.07      1.97      1.99      1.97      2.03      2.06      1.56      1.69      1.23      1.51      1.77      1.26
  5873.00      2.19      2.09      2.09      2.12      2.16      2.20      1.86      1.77      1.23      1.61      1.91      1.37
  5874.00      2.14      2.07      2.04      2.13      2.14      2.17      2.06      1.73      1.15      1.62      1.92      1.41
  5875.00      2.13      2.07      2.06      2.14      2.16      2.18      2.28      1.73      1.11      1.68      1.96      1.46
  5876.00      2.07      2.02      2.04      2.07      2.12      2.12      2.38      1.69      1.04      1.67      1.94      1.46
  5877.00      1.99      1.98      2.01      1.98      2.07      2.05      2.41      1.65      0.96      1.64      1.91      1.43
  5878.00      2.07      2.11      2.14      2.08      2.17      2.16      2.54      1.75      0.93      1.72      2.05      1.48
  5879.00      2.09      2.17      2.17      2.10      2.19      2.19      2.53      1.77      0.79      1.71      2.09      1.44
  5880.00      2.12      2.20      2.17      2.10      2.18      2.19      2.47      1.76      0.65      1.68      2.09      1.36
  5881.00      2.14      2.21      2.16      2.09      2.15      2.20      2.38      1.73      0.57      1.67      2.09      1.27
  5882.00      2.16      2.23      2.17      2.09      2.17      2.24      2.34      1.73      0.57      1.70      2.13      1.22
  5883.00      2.15      2.25      2.18      2.10      2.24      2.25      2.35      1.75      0.64      1.74      2.18      1.19
  5884.00      2.13      2.22      2.16      2.10      2.29      2.22      2.35      1.76      0.74      1.76      2.17      1.13
  5885.00      2.11      2.17      2.10      2.06      2.28      2.15      2.30      1.76      0.85      1.71      2.11      1.03
  5886.00      2.13      2.13      2.05      2.02      2.24      2.08      2.26      1.77      0.96      1.65      2.06      0.94
  5887.00      2.25      2.22      2.11      2.10      2.32      2.12      2.36      1.89      1.09      1.65      2.13      0.90
  5888.00      2.27      2.20      2.12      2.12      2.32      2.13      2.41      1.95      1.18      1.58      2.10      0.81
  5889.00      1.90      1.84      1.80      1.80      1.97      1.81      2.09      1.67      1.05      1.25      1.74      0.58
  5890.00      1.52      1.50      1.49      1.46      1.63      1.49      1.76      1.37      0.90      0.94      1.40      0.39
  5891.00      1.83      1.83      1.83      1.76      2.02      1.83      2.22      1.70      1.16      1.08      1.70      0.43
  5892.00      1.94      1.97      1.96      1.89      2.16      2.00      2.49      1.86      1.30      1.09      1.82      0.43
  5893.00      2.11      2.12      2.09      2.05      2.31      2.18      2.81      2.03      1.44      1.13      1.96      0.40
  5894.00      2.22      2.14      2.12      2.14      2.33      2.26      2.99      2.11      1.51      1.15      2.01      0.29
  5895.00      1.99      1.87      1.86      1.92      2.02      1.99      2.68      1.88      1.35      1.02      1.79      0.16
  5896.00      1.64      1.54      1.54      1.59      1.66      1.64      2.20      1.56      1.10      0.86      1.47      0.10
  5897.00      1.96      1.91      1.94      1.93      2.05      1.99      2.60      1.91      1.31      1.12      1.79      0.10
  5898.00      2.08      2.14      2.18      2.09      2.28      2.15      2.70      2.10      1.41      1.33      1.95      0.06
  5899.00      2.12      2.25      2.30      2.16      2.41      2.20      2.66      2.21      1.48      1.50      2.01      0.02
  5900.00      2.12      2.28      2.32      2.21      2.45      2.17      2.57      2.25      1.54      1.62      2.02      0.01
  5901.00      2.14      2.28      2.30      2.24      2.43      2.12      2.50      2.26      1.57      1.69      2.00      0.02
  5902.00      2.18      2.29      2.28      2.27      2.40      2.12      2.45      2.27      1.60      1.73      1.99      0.07
  5903.00      2.21      2.31      2.29      2.28      2.38      2.15      2.42      2.29      1.63      1.75      1.99      0.14
  5904.00      2.14      2.24      2.20      2.19      2.29      2.09      2.29      2.21      1.58      1.70      1.91      0.23
  5905.00      2.04      2.12      2.05      2.05      2.17      1.99      2.11      2.07      1.44      1.59      1.77      0.33
  5906.00      2.27      2.35      2.24      2.26      2.39      2.18      2.27      2.28      1.54      1.75      1.91      0.51
  5907.00      2.35      2.43      2.27      2.30      2.43      2.19      2.29      2.35      1.55      1.78      1.91      0.63
  5908.00      2.34      2.44      2.19      2.24      2.38      2.12      2.24      2.36      1.52      1.77      1.87      0.70
  5909.00      2.37      2.51      2.16      2.23      2.39      2.11      2.27      2.44      1.54      1.81      1.91      0.76
  5910.00      2.31      2.46      2.07      2.16      2.31      2.03      2.21      2.42      1.52      1.79      1.92      0.76
  5911.00      2.08      2.19      1.87      1.95      2.09      1.80      1.99      2.22      1.41      1.64      1.80      0.72
  5912.00      2.23      2.25      2.00      2.06      2.22      1.87      2.10      2.39      1.54      1.73      1.95      0.87
  5913.00      2.38      2.32      2.15      2.20      2.34      1.94      2.23      2.55      1.65      1.81      2.09      1.06
  5914.00      2.43      2.33      2.22      2.29      2.41      1.95      2.32      2.61      1.69      1.82      2.14      1.23
  5915.00      2.35      2.25      2.20      2.27      2.39      1.89      2.33      2.54      1.64      1.74      2.08      1.34
  5916.00      1.67      1.58      1.58      1.62      1.72      1.31      1.68      1.78      1.15      1.21      1.47      1.00
  5917.00      1.19      1.09      1.11      1.13      1.21      0.89      1.18      1.23      0.78      0.85      1.02      0.72
  5918.00      1.66      1.50      1.54      1.55      1.69      1.18      1.63      1.69      1.06      1.18      1.42      1.00
  5919.00      2.24      2.03      2.09      2.08      2.29      1.49      2.20      2.27      1.41      1.59      1.95      1.36
  5920.00      2.32      2.12      2.17      2.17      2.38      1.42      2.30      2.35      1.44      1.63      2.04      1.41
  5921.00      2.27      2.14      2.13      2.13      2.33      1.26      2.29      2.30      1.40      1.57      1.99      1.39
  5922.00      2.24      2.18      2.11      2.11      2.28      1.14      2.28      2.25      1.37      1.50      1.94      1.40
  5923.00      2.25      2.24      2.13      2.13      2.29      1.08      2.29      2.23      1.38      1.44      1.94      1.42
  5924.00      2.27      2.23      2.13      2.16      2.31      1.07      2.28      2.20      1.38      1.35      1.96      1.42
  5925.00      2.29      2.18      2.10      2.16      2.32      1.14      2.23      2.14      1.35      1.24      1.98      1.39
  5926.00      2.32      2.16      2.06      2.18      2.35      1.26      2.21      2.10      1.34      1.14      2.03      1.34
  5927.00      2.31      2.16      2.01      2.18      2.36      1.41      2.19      2.06      1.33      1.09      2.06      1.31
  5928.00      2.26      2.17      1.99      2.16      2.34      1.56      2.16      2.02      1.33      1.09      2.07      1.30
  5929.00      2.20      2.15      1.99      2.12      2.29      1.71      2.12      1.98      1.34      1.16      2.03      1.30
  5930.00      2.18      2.13      2.00      2.09      2.24      1.85      2.10      1.97      1.38      1.28      2.00      1.29
  5931.00      2.27      2.16      2.06      2.13      2.27      1.99      2.15      2.02      1.46      1.43      2.04      1.31
  5932.00      2.33      2.17      2.09      2.15      2.25      2.06      2.20      2.06      1.51      1.53      2.06      1.31
  5933.00      2.35      2.19      2.09      2.16      2.22      2.09      2.24      2.10      1.52      1.59      2.08      1.33
  5934.00      2.31      2.20      2.06      2.16      2.21      2.05      2.24      2.13      1.50      1.60      2.08      1.36
  5935.00      2.21      2.16      1.98      2.12      2.18      1.99      2.20      2.11      1.45      1.56      2.04      1.37
  5936.00      2.16      2.12      1.92      2.11      2.19      1.98      2.16      2.09      1.41      1.51      2.01      1.42
  5937.00      2.17      2.14      1.91      2.14      2.23      2.02      2.18      2.10      1.39      1.51      2.00      1.55
  5938.00      2.19      2.17      1.94      2.16      2.27      2.07      2.22      2.10      1.39      1.55      2.02      1.71
  5939.00      2.22      2.18      2.00      2.18      2.29      2.13      2.26      2.08      1.40      1.60      2.08      1.85
  5940.00      2.22      2.16      2.03      2.17      2.27      2.15      2.28      2.05      1.41      1.62      2.12      1.91
  5941.00      2.23      2.14      2.06      2.16      2.27      2.16      2.28      2.03      1.40      1.67      2.14      1.98
  5942.00      2.26      2.14      2.10      2.20      2.31      2.19      2.31      2.07      1.40      1.75      2.18      2.10
  5943.00      2.31      2.14      2.11      2.24      2.34      2.19      2.33      2.11      1.38      1.82      2.20      2.20
  5944.00      2.34      2.14      2.12      2.24      2.35      2.16      2.33      2.14      1.33      1.84      2.19      2.23
  5945.00      2.30      2.11      2.12      2.18      2.32      2.09      2.31      2.15      1.25      1.82      2.11      2.17
  5946.00      2.23      2.10      2.10      2.12      2.29      2.05      2.28      2.15      1.15      1.80      2.00      2.09
  5947.00      2.17      2.11      2.09      2.09      2.29      2.05      2.28      2.17      1.08      1.80      1.96      2.04
  5948.00      2.13      2.13      2.07      2.11      2.31      2.06      2.28      2.16      1.01      1.79      1.97      1.98
  5949.00      2.14      2.17      2.09      2.17      2.36      2.10      2.30      2.16      0.94      1.78      1.98      1.94
  5950.00      2.18      2.21      2.16      2.24      2.43      2.14      2.32      2.18      0.86      1.78      1.97      1.92
  5951.00      2.20      2.24      2.21      2.26      2.45      2.12      2.31      2.17      0.78      1.74      1.93      1.88
  5952.00      2.20      2.23      2.22      2.25      2.43      2.07      2.29      2.13      0.71      1.68      1.91      1.81
  5953.00      2.18      2.17      2.19      2.20      2.37      2.00      2.24      2.08      0.66      1.60      1.88      1.69
  5954.00      1.68      1.61      1.67      1.68      1.79      1.50      1.70      1.58      0.50      1.19      1.42      1.18
  5955.00      1.22      1.13      1.20      1.22      1.28      1.06      1.23      1.15      0.39      0.85      1.02      0.76
  5956.00      1.68      1.58      1.64      1.71      1.77      1.44      1.72      1.61      0.61      1.20      1.41      0.93
  5957.00      2.23      2.18      2.15      2.29      2.36      1.85      2.29      2.19      0.93      1.65      1.86      1.09
  5958.00      2.30      2.33      2.17      2.35      2.44      1.81      2.34      2.31      1.06      1.76      1.87      1.02
  5959.00      2.29      2.31      2.11      2.31      2.42      1.65      2.25      2.28      1.13      1.81      1.73      0.94
  5960.00      2.25      2.25      2.05      2.27      2.39      1.49      2.13      2.22      1.15      1.84      1.56      0.90
  5961.00      2.24      2.24      2.05      2.27      2.38      1.40      2.07      2.21      1.15      1.91      1.40      0.92
  5962.00      2.26      2.27      2.08      2.31      2.39      1.37      2.08      2.25      1.13      2.01      1.26      1.02
  5963.00      2.31      2.30      2.13      2.34      2.41      1.42      2.16      2.29      1.09      2.09      1.18      1.20
  5964.00      2.32      2.29      2.14      2.31      2.40      1.51      2.23      2.29      1.02      2.11      1.12      1.39
  5965.00      2.33      2.30      2.15      2.30      2.41      1.66      2.31      2.31      0.96      2.12      1.13      1.63
  5966.00      2.31      2.29      2.12      2.24      2.39      1.82      2.32      2.29      0.89      2.08      1.18      1.85
  5967.00      2.34      2.34      2.13      2.23      2.42      2.02      2.35      2.30      0.87      2.08      1.30      2.09
  5968.00      2.24      2.25      2.05      2.13      2.33      2.07      2.27      2.19      0.85      1.96      1.38      2.18
  5969.00      1.96      2.00      1.83      1.89      2.07      1.93      2.02      1.94      0.82      1.70      1.33      2.07
  5970.00      2.05      2.10      1.93      2.01      2.19      2.10      2.16      2.05      0.96      1.76      1.51      2.29
  5971.00      2.02      2.04      1.89      1.97      2.15      2.10      2.15      2.01      1.06      1.69      1.56      2.30
  5972.00      1.71      1.70      1.55      1.64      1.79      1.77      1.82      1.67      1.00      1.39      1.34      1.90
  5973.00      2.04      2.02      1.84      1.95      2.10      2.12      2.16      1.98      1.35      1.64      1.62      2.20
  5974.00      2.26      2.23      2.06      2.19      2.30      2.36      2.38      2.17      1.66      1.80      1.80      2.35
  5975.00      2.28      2.26      2.11      2.25      2.30      2.40      2.39      2.17      1.81      1.82      1.81      2.28
  5976.00      2.24      2.21      2.11      2.24      2.25      2.36      2.34      2.09      1.88      1.78      1.79      2.14
  5977.00      2.18      2.15      2.07      2.19      2.21      2.31      2.27      1.99      1.88      1.75      1.78      2.01
  5978.00      2.03      2.00      1.91      2.03      2.08      2.12      2.12      1.80      1.76      1.65      1.71      1.86
  5979.00      1.79      1.78      1.68      1.80      1.87      1.85      1.87      1.53      1.53      1.47      1.58      1.73
  5980.00      1.98      2.03      1.91      2.04      2.15      2.05      2.12      1.64      1.67      1.67      1.87      2.09
  5981.00      2.04      2.16      2.03      2.17      2.28      2.16      2.23      1.60      1.70      1.78      2.04      2.37
  5982.00      1.99      2.17      2.02      2.18      2.27      2.18      2.22      1.46      1.65      1.79      2.09      2.52
  5983.00      2.01      2.18      2.00      2.20      2.26      2.22      2.22      1.33      1.63      1.79      2.15      2.69
  5984.00      2.04      2.17      1.95      2.22      2.26      2.26      2.20      1.20      1.63      1.75      2.20      2.84
  5985.00      2.06      2.18      1.92      2.24      2.28      2.30      2.21      1.09      1.64      1.69      2.21      2.94
  5986.00      2.05      2.19      1.92      2.23      2.30      2.29      2.21      1.01      1.66      1.63      2.19      2.96
  5987.00      2.05      2.20      1.94      2.20      2.33      2.27      2.21      0.95      1.71      1.58      2.17      2.94
  5988.00      2.07      2.22      1.99      2.17      2.35      2.26      2.22      0.93      1.76      1.55      2.14      2.89
  5989.00      2.13      2.26      2.07      2.18      2.41      2.28      2.26      0.98      1.85      1.56      2.16      2.88
  5990.00      2.15      2.24      2.10      2.15      2.41      2.26      2.25      1.10      1.87      1.58      2.14      2.84
  5991.00      2.17      2.18      2.11      2.13      2.39      2.23      2.22      1.27      1.84      1.61      2.11      2.82
  5992.00      2.19      2.13      2.13      2.14      2.37      2.21      2.18      1.53      1.79      1.64      2.10      2.86
  5993.00      2.23      2.11      2.14      2.16      2.38      2.22      2.16      1.80      1.73      1.66      2.09      2.96
  5994.00      2.21      2.07      2.10      2.13      2.34      2.19      2.10      1.98      1.62      1.62      2.02      2.99
  5995.00      2.21      2.07      2.08      2.14      2.33      2.21      2.06      2.12      1.56      1.58      1.96      3.04
  5996.00      2.22      2.10      2.06      2.15      2.32      2.24      2.02      2.21      1.51      1.55      1.92      3.06
  5997.00      2.21      2.12      2.04      2.17      2.30      2.27      1.99      2.23      1.48      1.54      1.89      3.01
  5998.00      2.20      2.14      2.07      2.22      2.31      2.32      1.96      2.27      1.47      1.56      1.93      2.96
  5999.00      2.14      2.09      2.06      2.23      2.28      2.29      1.86      2.26      1.42      1.56      1.97      2.84
  6000.00      2.12      2.10      2.08      2.26      2.27      2.28      1.73      2.30      1.40      1.58      2.02      2.74
  6001.00      2.13      2.13      2.07      2.27      2.27      2.25      1.55      2.30      1.39      1.57      2.05      2.65
  6002.00      2.19      2.17      2.09      2.26      2.30      2.26      1.38      2.32      1.42      1.57      2.10      2.63
  6003.00      2.24      2.20      2.13      2.24      2.33      2.31      1.24      2.35      1.48      1.55      2.16      2.66
  6004.00      2.27      2.22      2.17      2.24      2.35      2.39      1.15      2.41      1.56      1.54      2.21      2.76
  6005.00      2.23      2.21      2.15      2.19      2.29      2.43      1.08      2.40      1.60      1.51      2.19      2.83
  6006.00      2.14      2.18      2.09      2.11      2.16      2.39      1.02      2.35      1.58      1.46      2.12      2.82
  6007.00      2.18      2.23      2.12      2.15      2.15      2.41      1.05      2.46      1.60      1.47      2.17      2.91
  6008.00      2.18      2.21      2.13      2.14      2.12      2.38      1.11      2.55      1.56      1.47      2.16      2.94
  6009.00      2.19      2.20      2.14      2.14      2.13      2.37      1.26      2.69      1.51      1.50      2.16      2.97
  6010.00      2.21      2.21      2.14      2.15      2.15      2.38      1.52      2.85      1.46      1.55      2.15      2.99
  6011.00      2.21      2.23      2.14      2.16      2.16      2.40      1.83      2.99      1.42      1.57      2.13      2.96
  6012.00      2.23      2.23      2.13      2.20      2.18      2.42      2.18      3.07      1.41      1.59      2.14      2.95
  6013.00      2.27      2.22      2.13      2.24      2.21      2.43      2.51      3.08      1.43      1.63      2.15      2.97
  6014.00      2.29      2.20      2.11      2.28      2.25      2.43      2.77      3.03      1.45      1.69      2.16      2.99
  6015.00      2.30      2.19      2.06      2.29      2.26      2.41      2.90      2.90      1.46      1.73      2.16      2.94
  6016.00      2.33      2.18      2.01      2.31      2.25      2.39      2.93      2.75      1.46      1.76      2.16      2.87
  6017.00      2.37      2.14      1.98      2.32      2.26      2.38      2.89      2.60      1.45      1.79      2.18      2.81
  6018.00      2.43      2.15      1.99      2.34      2.30      2.38      2.84      2.52      1.44      1.82      2.23      2.82
  6019.00      2.38      2.17      2.00      2.29      2.30      2.34      2.73      2.44      1.41      1.82      2.25      2.82
  6020.00      2.33      2.21      2.04      2.23      2.30      2.32      2.62      2.41      1.38      1.83      2.24      2.87
  6021.00      2.34      2.24      2.11      2.21      2.32      2.37      2.57      2.44      1.35      1.86      2.23      2.97
  6022.00      2.37      2.21      2.18      2.19      2.31      2.39      2.51      2.47      1.28      1.87      2.21      3.02
  6023.00      2.38      2.14      2.23      2.15      2.32      2.37      2.45      2.48      1.20      1.90      2.18      3.04
  6024.00      2.39      2.10      2.27      2.13      2.36      2.36      2.42      2.49      1.12      1.99      2.15      3.04
  6025.00      2.35      2.03      2.26      2.10      2.40      2.31      2.38      2.45      1.06      2.06      2.09      3.01
  6026.00      2.35      1.98      2.25      2.12      2.44      2.30      2.40      2.42      0.99      2.12      2.07      2.97
  6027.00      2.21      1.83      2.09      2.01      2.33      2.17      2.28      2.25      0.85      2.03      1.97      2.74
  6028.00      2.01      1.65      1.84      1.79      2.11      1.96      2.07      2.00      0.67      1.84      1.78      2.41
  6029.00      2.12      1.74      1.87      1.82      2.19      2.02      2.16      2.06      0.61      1.90      1.80      2.48
  6030.00      2.18      1.82      1.90      1.83      2.22      2.06      2.22      2.09      0.55      1.88      1.80      2.56
  6031.00      2.33      2.04      2.05      1.96      2.39      2.26      2.41      2.27      0.54      1.97      1.96      2.84
  6032.00      2.32      2.18      2.09      1.98      2.43      2.32      2.46      2.31      0.50      1.94      2.04      2.98
  6033.00      2.30      2.30      2.09      1.98      2.43      2.33      2.46      2.31      0.47      1.89      2.09      3.07
  6034.00      2.31      2.37      2.07      1.96      2.43      2.32      2.43      2.30      0.47      1.85      2.11      3.07
  6035.00      2.29      2.36      2.04      1.93      2.39      2.28      2.36      2.28      0.50      1.80      2.10      3.00
  6036.00      2.17      2.22      1.94      1.85      2.26      2.15      2.20      2.18      0.54      1.71      2.01      2.76
  6037.00      2.27      2.28      2.03      1.97      2.35      2.23      2.28      2.28      0.70      1.81      2.11      2.77
  6038.00      2.29      2.30      2.07      2.06      2.41      2.28      2.33      2.33      0.86      1.87      2.15      2.75
  6039.00      2.26      2.27      2.09      2.11      2.47      2.29      2.36      2.33      1.01      1.90      2.15      2.73
  6040.00      2.23      2.25      2.12      2.13      2.52      2.29      2.40      2.33      1.12      1.92      2.14      2.72
  6041.00      2.22      2.24      2.15      2.11      2.50      2.27      2.42      2.31      1.19      1.91      2.12      2.73
  6042.00      2.24      2.27      2.17      2.08      2.46      2.24      2.40      2.30      1.24      1.91      2.11      2.76
  6043.00      2.28      2.29      2.18      2.06      2.40      2.22      2.36      2.29      1.28      1.91      2.11      2.79
  6044.00      2.31      2.30      2.20      2.06      2.35      2.22      2.32      2.29      1.32      1.92      2.13      2.83
  6045.00      2.32      2.29      2.22      2.04      2.31      2.24      2.26      2.27      1.32      1.91      2.14      2.83
  6046.00      2.36      2.31      2.28      2.07      2.35      2.30      2.23      2.30      1.32      1.92      2.19      2.86
  6047.00      2.33      2.27      2.27      2.05      2.32      2.32      2.18      2.30      1.27      1.85      2.18      2.82
  6048.00      2.27      2.17      2.20      2.00      2.24      2.28      2.12      2.28      1.20      1.75      2.13      2.75
  6049.00      2.28      2.14      2.21      2.04      2.25      2.30      2.15      2.34      1.21      1.74      2.12      2.78
  6050.00      2.32      2.11      2.25      2.10      2.27      2.30      2.19      2.41      1.25      1.76      2.12      2.83
  6051.00      2.34      2.07      2.27      2.15      2.27      2.30      2.22      2.42      1.28      1.77      2.10      2.84
  6052.00      2.36      2.03      2.28      2.21      2.28      2.31      2.24      2.42      1.30      1.79      2.08      2.82
  6053.00      2.33      1.97      2.26      2.22      2.25      2.29      2.22      2.36      1.27      1.79      2.04      2.75
  6054.00      2.30      1.96      2.24      2.20      2.24      2.30      2.23      2.34      1.24      1.80      2.03      2.71
  6055.00      2.30      1.99      2.24      2.20      2.26      2.33      2.29      2.36      1.22      1.81      2.06      2.72
  6056.00      2.29      2.04      2.22      2.19      2.27      2.32      2.32      2.36      1.22      1.78      2.11      2.72
  6057.00      2.31      2.12      2.21      2.21      2.30      2.32      2.35      2.37      1.25      1.76      2.17      2.74
  6058.00      2.35      2.22      2.22      2.28      2.35      2.31      2.41      2.38      1.30      1.74      2.25      2.79
  6059.00      2.36      2.28      2.23      2.32      2.37      2.28      2.42      2.36      1.32      1.72      2.31      2.83
  6060.00      2.36      2.27      2.21      2.30      2.35      2.24      2.39      2.32      1.31      1.69      2.31      2.83
  6061.00      2.40      2.30      2.22      2.31      2.38      2.26      2.42      2.34      1.34      1.72      2.34      2.86
  6062.00      2.38      2.31      2.20      2.30      2.41      2.27      2.45      2.34      1.38      1.76      2.34      2.82
  6063.00      2.30      2.28      2.12      2.24      2.37      2.22      2.40      2.27      1.42      1.75      2.26      2.70
  6064.00      2.22      2.21      2.05      2.17      2.31      2.15      2.33      2.20      1.48      1.74      2.18      2.58
  6065.00      2.32      2.32      2.15      2.29      2.42      2.23      2.44      2.30      1.71      1.84      2.27      2.67
  6066.00      2.38      2.39      2.22      2.37      2.46      2.27      2.51      2.37      1.96      1.90      2.33      2.71
  6067.00      2.41      2.43      2.26      2.42      2.46      2.30      2.54      2.42      2.20      1.91      2.38      2.72
  6068.00      2.37      2.38      2.19      2.36      2.36      2.23      2.46      2.36      2.36      1.84      2.32      2.61
  6069.00      2.32      2.31      2.12      2.28      2.27      2.16      2.36      2.27      2.54      1.76      2.25      2.51
  6070.00      2.38      2.36      2.18      2.35      2.30      2.22      2.39      2.28      2.87      1.79      2.30      2.56
  6071.00      2.43      2.43      2.22      2.44      2.35      2.28      2.44      2.31      3.23      1.83      2.33      2.63
  6072.00      2.46      2.44      2.23      2.51      2.38      2.30      2.45      2.33      3.53      1.84      2.33      2.68
  6073.00      2.46      2.44      2.25      2.56      2.42      2.33      2.46      2.40      3.81      1.86      2.37      2.71
  6074.00      2.42      2.46      2.30      2.58      2.46      2.36      2.49      2.48      4.01      1.89      2.41      2.75
  6075.00      2.35      2.46      2.31      2.52      2.45      2.35      2.48      2.49      4.00      1.89      2.40      2.74
  6076.00      2.34      2.50      2.38      2.49      2.46      2.37      2.51      2.53      3.93      1.94      2.43      2.78
  6077.00      2.30      2.50      2.40      2.44      2.45      2.38      2.55      2.55      3.68      1.97      2.42      2.83
  6078.00      2.25      2.47      2.40      2.39      2.43      2.39      2.59      2.55      3.31      1.99      2.40      2.89
  6079.00      2.22      2.39      2.35      2.29      2.37      2.35      2.58      2.50      2.83      1.94      2.32      2.91
  6080.00      2.31      2.38      2.36      2.27      2.40      2.38      2.63      2.53      2.71      1.95      2.29      3.02
  6081.00      2.34      2.31      2.30      2.20      2.36      2.34      2.56      2.49      3.33      1.89      2.22      3.02
  6082.00      2.33      2.29      2.27      2.17      2.37      2.33      2.49      2.49      5.08      1.87      2.23      3.00
  6083.00      2.32      2.34      2.30      2.20      2.41      2.34      2.46      2.52      8.51      1.89      2.29      2.99
  6084.00      2.32      2.40      2.34      2.24      2.48      2.36      2.46      2.55     12.49      1.91      2.38      2.98
  6085.00      2.32      2.35      2.30      2.22      2.47      2.31      2.41      2.50     16.07      1.87      2.39      2.89
  6086.00      2.40      2.35      2.31      2.27      2.53      2.36      2.46      2.52     19.21      1.89      2.43      2.91
  6087.00      2.43      2.33      2.27      2.28      2.56      2.38      2.49      2.52     20.75      1.89      2.40      2.93
  6088.00      2.21      2.14      2.05      2.09      2.36      2.19      2.31      2.31     20.06      1.73      2.15      2.71
  6089.00      2.03      2.04      1.91      1.96      2.20      2.05      2.17      2.18     18.24      1.61      1.96      2.58
  6090.00      2.29      2.35      2.18      2.23      2.46      2.32      2.48      2.47     17.89      1.81      2.16      2.97
  6091.00      2.41      2.44      2.29      2.35      2.53      2.41      2.60      2.55     16.28      1.87      2.21      3.13
  6092.00      2.45      2.42      2.30      2.36      2.49      2.39      2.62      2.52     14.22      1.85      2.19      3.14
  6093.00      2.44      2.39      2.29      2.34      2.45      2.35      2.61      2.45     12.31      1.76      2.18      3.12
  6094.00      2.44      2.41      2.29      2.33      2.46      2.36      2.62      2.43     10.67      1.70      2.20      3.12
  6095.00      2.42      2.41      2.27      2.32      2.46      2.36      2.60      2.41      9.22      1.68      2.17      3.09
  6096.00      2.38      2.33      2.21      2.29      2.42      2.35      2.54      2.37      7.84      1.68      2.09      3.03
  6097.00      2.37      2.29      2.18      2.30      2.39      2.38      2.50      2.36      6.79      1.74      2.01      3.00
  6098.00      2.36      2.28      2.17      2.30      2.32      2.39      2.46      2.36      5.89      1.80      1.92      2.96
  6099.00      2.39      2.35      2.22      2.34      2.26      2.42      2.48      2.40      5.25      1.89      1.89      2.98
  6100.00      2.38      2.34      2.23      2.33      2.16      2.39      2.46      2.41      4.61      1.91      1.85      2.95
  6101.00      2.30      2.24      2.17      2.24      1.99      2.27      2.39      2.34      3.98      1.83      1.78      2.82
  6102.00      2.35      2.28      2.23      2.28      1.95      2.30      2.46      2.41      3.66      1.81      1.84      2.82
  6103.00      2.40      2.38      2.27      2.32      1.87      2.35      2.54      2.47      3.42      1.81      1.91      2.79
  6104.00      2.46      2.48      2.32      2.37      1.74      2.42      2.63      2.52      3.23      1.85      1.97      2.73
  6105.00      2.43      2.48      2.34      2.37      1.55      2.45      2.64      2.50      3.01      1.88      1.98      2.61
  6106.00      2.35      2.39      2.32      2.31      1.37      2.42      2.58      2.42      2.77      1.89      1.95      2.45
  6107.00      2.30      2.32      2.30      2.25      1.24      2.37      2.50      2.36      2.58      1.91      1.92      2.28
  6108.00      2.29      2.28      2.27      2.19      1.21      2.33      2.44      2.34      2.44      1.92      1.92      2.12
  6109.00      2.30      2.29      2.28      2.15      1.24      2.32      2.41      2.34      2.35      1.95      1.95      2.02
  6110.00      2.28      2.30      2.32      2.14      1.33      2.31      2.39      2.35      2.30      1.96      2.01      1.94
  6111.00      2.24      2.27      2.36      2.14      1.47      2.27      2.35      2.32      2.25      1.94      2.04      1.86
  6112.00      2.23      2.29      2.38      2.17      1.67      2.25      2.36      2.31      2.24      1.95      2.07      1.81
  6113.00      2.25      2.33      2.38      2.20      1.89      2.25      2.41      2.32      2.22      1.98      2.07      1.79
  6114.00      2.21      2.33      2.32      2.20      2.05      2.22      2.42      2.31      2.19      1.97      2.05      1.82
  6115.00      2.25      2.40      2.34      2.27      2.25      2.29      2.51      2.37      2.24      2.02      2.11      1.97
  6116.00      2.29      2.41      2.31      2.31      2.36      2.33      2.55      2.39      2.25      2.03      2.13      2.10
  6117.00      2.31      2.42      2.25      2.29      2.39      2.34      2.52      2.38      2.22      2.00      2.09      2.20
  6118.00      2.32      2.51      2.23      2.29      2.42      2.37      2.51      2.41      2.22      2.00      2.08      2.31
  6119.00      2.30      2.66      2.24      2.29      2.44      2.41      2.54      2.46      2.25      2.02      2.11      2.43
  6120.00      2.24      2.76      2.23      2.25      2.40      2.39      2.51      2.47      2.25      2.00      2.10      2.49
  6121.00      2.20      2.81      2.23      2.24      2.34      2.35      2.46      2.47      2.23      1.97      2.07      2.49
  6122.00      2.18      2.83      2.24      2.26      2.31      2.35      2.44      2.47      2.24      1.94      2.02      2.49
  6123.00      2.24      2.85      2.32      2.31      2.35      2.42      2.47      2.49      2.30      1.96      2.00      2.53
  6124.00      2.33      2.80      2.42      2.35      2.40      2.50      2.52      2.51      2.38      2.00      1.96      2.59
  6125.00      2.32      2.63      2.41      2.27      2.34      2.45      2.49      2.43      2.36      1.96      1.86      2.54
  6126.00      2.34      2.52      2.43      2.26      2.32      2.43      2.49      2.41      2.37      1.94      1.82      2.56
  6127.00      2.35      2.47      2.46      2.34      2.30      2.42      2.50      2.44      2.38      1.94      1.84      2.62
  6128.00      2.34      2.44      2.45      2.43      2.28      2.41      2.48      2.49      2.37      1.91      1.92      2.66
  6129.00      2.31      2.37      2.37      2.47      2.23      2.36      2.41      2.51      2.32      1.85      1.99      2.63
  6130.00      2.36      2.35      2.32      2.51      2.27      2.37      2.39      2.55      2.31      1.84      2.12      2.63
  6131.00      2.47      2.38      2.33      2.56      2.39      2.41      2.45      2.63      2.35      1.90      2.29      2.66
  6132.00      2.48      2.34      2.29      2.51      2.48      2.37      2.46      2.61      2.35      1.93      2.36      2.61
  6133.00      2.43      2.32      2.25      2.48      2.60      2.35      2.48      2.58      2.35      1.97      2.40      2.54
  6134.00      2.36      2.28      2.22      2.44      2.73      2.34      2.48      2.53      2.35      1.98      2.40      2.48
  6135.00      2.32      2.23      2.21      2.40      2.87      2.33      2.43      2.48      2.33      1.95      2.37      2.46
  6136.00      2.32      2.21      2.25      2.41      3.02      2.36      2.38      2.46      2.33      1.92      2.37      2.50
  6137.00      2.35      2.21      2.33      2.47      3.15      2.40      2.37      2.47      2.34      1.95      2.40      2.56
  6138.00      2.35      2.23      2.38      2.50      3.17      2.41      2.37      2.44      2.34      1.98      2.43      2.61
  6139.00      2.34      2.30      2.42      2.54      3.13      2.43      2.41      2.44      2.35      2.01      2.48      2.69
  6140.00      2.18      2.22      2.27      2.41      2.81      2.30      2.30      2.30      2.23      1.89      2.36      2.61
  6141.00      1.97      2.03      2.02      2.16      2.35      2.07      2.11      2.07      2.03      1.68      2.09      2.40
  6142.00      2.18      2.23      2.16      2.35      2.36      2.26      2.29      2.25      2.22      1.79      2.20      2.63
  6143.00      2.40      2.41      2.33      2.56      2.40      2.47      2.44      2.46      2.40      1.89      2.33      2.87
  6144.00      2.27      2.29      2.22      2.45      2.21      2.38      2.29      2.37      2.27      1.75      2.19      2.77
  6145.00      1.98      1.99      1.96      2.15      1.92      2.11      1.99      2.09      1.98      1.52      1.91      2.47
  6146.00      1.89      1.93      1.88      2.08      1.85      2.03      1.90      1.97      1.88      1.49      1.81      2.38
  6147.00      2.17      2.28      2.20      2.45      2.16      2.34      2.24      2.27      2.15      1.77      2.11      2.77
  6148.00      2.28      2.43      2.34      2.60      2.27      2.45      2.43      2.37      2.25      1.90      2.24      2.94
  6149.00      2.11      2.22      2.14      2.38      2.04      2.20      2.25      2.13      2.04      1.75      2.02      2.70
  6150.00      1.83      1.90      1.83      2.04      1.71      1.86      1.93      1.77      1.72      1.50      1.66      2.32
  6151.00      2.17      2.30      2.15      2.41      1.99      2.20      2.28      2.07      2.00      1.76      1.89      2.72
  6152.00      2.38      2.58      2.36      2.68      2.17      2.44      2.49      2.25      2.16      1.88      2.06      2.95
  6153.00      2.35      2.59      2.37      2.76      2.15      2.47      2.47      2.24      2.15      1.83      2.09      2.95
  6154.00      2.28      2.50      2.36      2.81      2.09      2.48      2.41      2.20      2.12      1.77      2.13      2.91
  6155.00      2.23      2.40      2.36      2.86      2.03      2.49      2.39      2.20      2.10      1.75      2.18      2.88
  6156.00      2.29      2.41      2.45      2.98      2.08      2.56      2.46      2.30      2.17      1.82      2.31      2.92
  6157.00      2.33      2.36      2.46      2.94      2.07      2.50      2.44      2.32      2.19      1.84      2.32      2.87
  6158.00      2.31      2.27      2.40      2.79      2.02      2.38      2.36      2.27      2.15      1.81      2.25      2.78
  6159.00      2.24      2.16      2.30      2.62      1.95      2.24      2.26      2.19      2.06      1.76      2.12      2.66
  6160.00      2.06      1.96      2.07      2.34      1.78      2.03      2.05      1.99      1.88      1.60      1.90      2.40
  6161.00      2.22      2.09      2.17      2.46      1.91      2.17      2.20      2.10      2.03      1.72      2.03      2.55
  6162.00      2.34      2.20      2.26      2.57      2.03      2.30      2.34      2.18      2.16      1.81      2.16      2.67
  6163.00      2.35      2.23      2.31      2.59      2.10      2.36      2.41      2.18      2.22      1.83      2.22      2.74
  6164.00      2.40      2.34      2.41      2.67      2.18      2.48      2.52      2.26      2.34      1.85      2.33      2.86
  6165.00      2.36      2.35      2.35      2.63      2.14      2.47      2.48      2.25      2.36      1.75      2.30      2.82
  6166.00      2.33      2.35      2.26      2.55      2.06      2.42      2.39      2.22      2.35      1.62      2.21      2.72
  6167.00      2.36      2.37      2.26      2.54      2.03      2.42      2.37      2.24      2.37      1.53      2.14      2.70
  6168.00      2.36      2.36      2.29      2.53      2.02      2.42      2.36      2.25      2.38      1.46      2.05      2.70
  6169.00      2.30      2.32      2.31      2.50      1.99      2.39      2.35      2.22      2.35      1.41      1.93      2.67
  6170.00      2.22      2.30      2.31      2.47      1.94      2.37      2.35      2.17      2.30      1.35      1.79      2.63
  6171.00      2.17      2.29      2.27      2.47      1.90      2.35      2.36      2.11      2.25      1.27      1.66      2.60
  6172.00      2.15      2.30      2.25      2.46      1.86      2.33      2.37      2.06      2.18      1.14      1.54      2.56
  6173.00      2.20      2.33      2.28      2.53      1.89      2.36      2.40      2.07      2.17      0.97      1.47      2.57
  6174.00      2.26      2.34      2.29      2.60      1.95      2.41      2.43      2.08      2.17      0.81      1.44      2.56
  6175.00      2.33      2.33      2.30      2.63      2.02      2.47      2.45      2.12      2.20      0.74      1.45      2.56
  6176.00      2.27      2.23      2.18      2.50      1.97      2.42      2.37      2.07      2.14      0.70      1.42      2.46
  6177.00      2.09      2.06      1.99      2.25      1.80      2.27      2.20      1.93      1.98      0.70      1.36      2.28
  6178.00      1.75      1.77      1.70      1.86      1.50      1.96      1.89      1.63      1.69      0.69      1.24      1.99
  6179.00      1.98      2.06      2.00      2.14      1.69      2.28      2.20      1.87      1.97      0.94      1.57      2.39
  6180.00      2.16      2.27      2.23      2.38      1.82      2.49      2.42      1.98      2.16      1.20      1.88      2.72
  6181.00      2.16      2.27      2.23      2.38      1.78      2.42      2.37      1.84      2.12      1.31      1.97      2.74
  6182.00      2.23      2.30      2.25      2.42      1.78      2.37      2.35      1.70      2.10      1.42      2.06      2.76
  6183.00      2.29      2.32      2.29      2.47      1.79      2.34      2.36      1.57      2.10      1.51      2.12      2.78
  6184.00      2.29      2.28      2.29      2.45      1.75      2.29      2.35      1.42      2.08      1.57      2.12      2.74
  6185.00      2.24      2.22      2.26      2.38      1.63      2.23      2.32      1.30      2.04      1.61      2.08      2.68
  6186.00      2.11      2.12      2.16      2.26      1.45      2.13      2.22      1.19      1.96      1.61      1.99      2.55
  6187.00      2.18      2.25      2.30      2.37      1.42      2.25      2.34      1.24      2.07      1.75      2.11      2.68
  6188.00      2.20      2.33      2.38      2.44      1.38      2.31      2.42      1.31      2.14      1.83      2.19      2.76
  6189.00      2.22      2.39      2.39      2.46      1.32      2.32      2.44      1.39      2.15      1.87      2.23      2.79
  6190.00      2.23      2.41      2.34      2.44      1.23      2.30      2.43      1.47      2.12      1.88      2.25      2.75
  6191.00      2.25      2.45      2.32      2.44      1.17      2.31      2.45      1.53      2.11      1.89      2.29      2.74
  6192.00      2.26      2.51      2.35      2.46      1.15      2.36      2.49      1.59      2.13      1.87      2.35      2.77
  6193.00      2.29      2.59      2.41      2.49      1.16      2.43      2.52      1.62      2.17      1.86      2.39      2.82
  6194.00      2.26      2.59      2.36      2.43      1.19      2.39      2.44      1.56      2.12      1.82      2.29      2.76
  6195.00      2.33      2.73      2.36      2.45      1.33      2.41      2.45      1.56      2.17      1.87      2.26      2.81
  6196.00      2.42      2.99      2.40      2.53      1.52      2.45      2.51      1.62      2.27      1.95      2.26      2.93
  6197.00      2.35      3.23      2.33      2.47      1.65      2.40      2.45      1.65      2.28      1.93      2.16      2.88
  6198.00      2.34      3.56      2.31      2.45      1.79      2.42      2.46      1.79      2.34      1.97      2.15      2.89
  6199.00      2.37      3.85      2.32      2.41      1.87      2.46      2.49      2.02      2.39      2.00      2.17      2.90
  6200.00      2.37      3.97      2.29      2.32      1.83      2.47      2.47      2.26      2.40      1.96      2.15      2.87
  6201.00      2.39      3.96      2.31      2.28      1.75      2.51      2.48      2.51      2.44      1.91      2.12      2.88
  6202.00      2.34      3.81      2.32      2.27      1.67      2.51      2.48      2.71      2.46      1.89      2.08      2.89
  6203.00      2.23      3.61      2.28      2.26      1.65      2.46      2.46      2.81      2.44      1.86      2.01      2.88
  6204.00      2.19      3.53      2.28      2.30      1.74      2.44      2.48      2.88      2.47      1.89      1.96      2.93
  6205.00      2.20      3.56      2.31      2.36      1.90      2.44      2.50      2.89      2.53      1.92      1.90      2.97
  6206.00      2.23      3.55      2.30      2.37      2.08      2.40      2.46      2.79      2.53      1.92      1.77      2.92
  6207.00      2.26      3.52      2.33      2.40      2.30      2.38      2.44      2.71      2.53      1.96      1.63      2.88
  6208.00      2.25      3.43      2.37      2.44      2.55      2.40      2.45      2.65      2.55      2.00      1.51      2.89
  6209.00      2.14      3.17      2.32      2.39      2.66      2.35      2.38      2.52      2.50      1.96      1.38      2.85
  6210.00      2.06      2.84      2.25      2.30      2.69      2.29      2.31      2.42      2.44      1.89      1.32      2.81
  6211.00      2.17      2.69      2.31      2.32      2.81      2.36      2.35      2.48      2.52      1.93      1.42      2.91
  6212.00      2.06      2.35      2.11      2.11      2.59      2.19      2.16      2.30      2.35      1.76      1.45      2.71
  6213.00      1.74      1.91      1.76      1.74      2.15      1.84      1.80      1.93      1.99      1.44      1.34      2.27
  6214.00      2.07      2.25      2.10      2.06      2.53      2.19      2.14      2.33      2.37      1.68      1.72      2.68
  6215.00      2.17      2.36      2.22      2.13      2.60      2.27      2.23      2.47      2.47      1.70      1.89      2.74
  6216.00      2.28      2.43      2.29      2.19      2.64      2.35      2.32      2.61      2.56      1.71      1.99      2.73
  6217.00      2.39      2.48      2.32      2.27      2.68      2.44      2.42      2.76      2.66      1.74      2.07      2.74
  6218.00      2.42      2.43      2.28      2.29      2.67      2.48      2.46      2.85      2.71      1.75      2.06      2.74
  6219.00      2.38      2.37      2.23      2.32      2.65      2.47      2.47      2.94      2.77      1.74      2.03      2.73
  6220.00      2.28      2.33      2.21      2.31      2.61      2.41      2.44      3.02      2.80      1.71      2.00      2.65
  6221.00      2.27      2.38      2.25      2.35      2.63      2.41      2.48      3.17      2.87      1.72      2.05      2.63
  6222.00      2.28      2.39      2.26      2.36      2.62      2.37      2.46      3.24      2.90      1.70      2.09      2.60
  6223.00      2.26      2.34      2.22      2.34      2.56      2.33      2.41      3.21      2.89      1.65      2.10      2.57
  6224.00      2.28      2.31      2.23      2.36      2.54      2.35      2.41      3.17      2.91      1.64      2.15      2.57
  6225.00      2.32      2.30      2.28      2.42      2.54      2.40      2.43      3.08      2.94      1.69      2.23      2.59
  6226.00      2.31      2.26      2.30      2.42      2.47      2.39      2.41      2.88      2.91      1.72      2.26      2.55
  6227.00      2.29      2.26      2.31      2.41      2.40      2.36      2.42      2.73      2.86      1.76      2.26      2.51
  6228.00      2.28      2.29      2.32      2.43      2.40      2.35      2.45      2.65      2.84      1.83      2.27      2.50
  6229.00      2.30      2.32      2.32      2.47      2.41      2.33      2.45      2.60      2.80      1.87      2.28      2.42
  6230.00      2.33      2.32      2.31      2.48      2.40      2.31      2.40      2.54      2.74      1.85      2.27      2.26
  6231.00      2.35      2.34      2.34      2.52      2.43      2.33      2.39      2.51      2.72      1.85      2.27      2.09
  6232.00      2.31      2.35      2.35      2.54      2.44      2.35      2.36      2.47      2.71      1.83      2.24      1.89
  6233.00      2.26      2.32      2.32      2.50      2.42      2.33      2.30      2.40      2.66      1.79      2.18      1.68
  6234.00      2.20      2.19      2.21      2.35      2.34      2.24      2.20      2.27      2.54      1.69      2.05      1.48
  6235.00      1.67      1.58      1.62      1.70      1.75      1.64      1.64      1.67      1.86      1.23      1.48      1.03
  6236.00      1.20      1.11      1.15      1.19      1.24      1.15      1.17      1.19      1.30      0.88      1.03      0.73
  6237.00      1.66      1.55      1.62      1.64      1.71      1.58      1.64      1.66      1.78      1.23      1.40      1.08
  6238.00      1.99      1.88      1.97      1.96      2.04      1.88      1.99      1.99      2.09      1.47      1.67      1.40
  6239.00      1.77      1.68      1.78      1.74      1.81      1.67      1.79      1.76      1.82      1.29      1.49      1.37
  6240.00      2.12      2.01      2.13      2.06      2.14      2.01      2.14      2.08      2.14      1.50      1.81      1.80
  6241.00      2.00      1.92      2.01      1.97      2.01      1.93      2.04      1.97      2.02      1.38      1.76      1.83
  6242.00      1.61      1.59      1.61      1.61      1.63      1.58      1.67      1.63      1.65      1.06      1.48      1.58
  6243.00      1.98      1.99      1.98      2.02      2.01      1.97      2.07      2.07      2.06      1.24      1.91      2.04
  6244.00      2.25      2.25      2.25      2.33      2.29      2.25      2.35      2.41      2.36      1.34      2.27      2.37
  6245.00      2.24      2.20      2.24      2.35      2.26      2.22      2.29      2.41      2.38      1.24      2.33      2.36
  6246.00      2.33      2.27      2.34      2.50      2.33      2.27      2.33      2.47      2.51      1.19      2.48      2.42
  6247.00      2.35      2.34      2.40      2.63      2.34      2.29      2.30      2.47      2.57      1.10      2.56      2.44
  6248.00      2.34      2.35      2.41      2.72      2.31      2.26      2.24      2.43      2.57      0.99      2.56      2.42
  6249.00      2.19      2.17      2.27      2.63      2.17      2.09      2.08      2.27      2.40      0.83      2.39      2.28
  6250.00      2.25      2.16      2.31      2.77      2.23      2.16      2.14      2.34      2.43      0.79      2.42      2.40
  6251.00      2.33      2.17      2.36      2.90      2.31      2.27      2.23      2.44      2.47      0.79      2.47      2.56
  6252.00      2.33      2.15      2.36      2.92      2.33      2.34      2.28      2.47      2.45      0.83      2.46      2.68
  6253.00      2.29      2.12      2.34      2.84      2.32      2.37      2.30      2.45      2.42      0.91      2.41      2.77
  6254.00      2.26      2.13      2.33      2.72      2.31      2.39      2.30      2.42      2.42      1.02      2.37      2.86
  6255.00      2.28      2.15      2.34      2.58      2.31      2.39      2.28      2.40      2.44      1.15      2.35      2.96
  6256.00      2.36      2.22      2.40      2.46      2.36      2.44      2.30      2.43      2.51      1.29      2.36      3.07
  6257.00      2.36      2.22      2.39      2.26      2.32      2.42      2.24      2.37      2.50      1.36      2.30      3.02
  6258.00      2.31      2.23      2.37      2.12      2.28      2.41      2.17      2.32      2.50      1.39      2.25      2.95
  6259.00      2.14      2.10      2.20      1.94      2.15      2.30      2.01      2.18      2.39      1.31      2.11      2.76
  6260.00      1.92      1.88      1.96      1.72      1.94      2.08      1.78      1.98      2.18      1.16      1.90      2.48
  6261.00      2.04      1.95      2.06      1.79      2.03      2.16      1.84      2.11      2.29      1.17      2.00      2.60
  6262.00      2.26      2.14      2.29      1.92      2.24      2.34      2.01      2.38      2.51      1.22      2.21      2.87
  6263.00      2.34      2.24      2.43      1.92      2.35      2.40      2.07      2.51      2.60      1.19      2.30      2.98
  6264.00      2.27      2.20      2.39      1.79      2.34      2.33      2.00      2.47      2.52      1.09      2.26      2.89
  6265.00      2.18      2.12      2.29      1.65      2.30      2.26      1.87      2.38      2.41      1.01      2.18      2.75
  6266.00      1.64      1.59      1.71      1.22      1.76      1.73      1.34      1.79      1.80      0.75      1.65      2.02
  6267.00      1.20      1.15      1.23      0.91      1.27      1.27      0.90      1.30      1.31      0.57      1.21      1.42
  6268.00      1.68      1.60      1.70      1.38      1.74      1.78      1.14      1.81      1.83      0.88      1.67      1.92
  6269.00      2.08      1.97      2.08      1.87      2.11      2.21      1.28      2.25      2.27      1.22      2.00      2.32
  6270.00      1.88      1.79      1.88      1.85      1.90      2.00      1.06      2.06      2.09      1.24      1.75      2.10
  6271.00      2.11      2.02      2.12      2.22      2.15      2.23      1.12      2.34      2.41      1.58      1.91      2.42
  6272.00      2.27      2.17      2.28      2.46      2.32      2.38      1.18      2.51      2.63      1.90      2.00      2.67
  6273.00      2.25      2.14      2.24      2.46      2.29      2.33      1.19      2.46      2.58      2.05      1.93      2.67
  6274.00      2.16      2.05      2.15      2.35      2.19      2.26      1.24      2.34      2.45      2.10      1.84      2.59
  6275.00      2.21      2.10      2.23      2.40      2.24      2.36      1.42      2.42      2.54      2.26      1.93      2.73
  6276.00      1.95      1.87      2.01      2.10      2.00      2.11      1.40      2.17      2.29      2.04      1.77      2.49
  6277.00      1.54      1.45      1.58      1.61      1.57      1.66      1.21      1.70      1.80      1.59      1.41      1.98
  6278.00      1.89      1.80      1.94      1.94      1.93      2.02      1.65      2.09      2.21      1.90      1.73      2.41
  6279.00      2.10      2.07      2.17      2.14      2.16      2.24      1.98      2.33      2.47      2.04      1.91      2.68
  6280.00      1.87      1.92      1.96      1.92      1.94      1.99      1.86      2.07      2.22      1.77      1.67      2.41
  6281.00      2.03      2.18      2.18      2.13      2.15      2.19      2.11      2.26      2.42      1.90      1.80      2.65
  6282.00      2.14      2.31      2.29      2.27      2.26      2.30      2.24      2.38      2.53      1.98      1.88      2.77
  6283.00      2.14      2.28      2.28      2.29      2.24      2.30      2.22      2.38      2.53      1.97      1.88      2.74
  6284.00      2.10      2.20      2.19      2.23      2.15      2.26      2.13      2.31      2.46      1.90      1.83      2.64
  6285.00      2.14      2.23      2.20      2.26      2.16      2.31      2.17      2.32      2.48      1.92      1.85      2.66
  6286.00      2.21      2.28      2.27      2.31      2.19      2.37      2.24      2.38      2.52      2.00      1.89      2.71
  6287.00      2.20      2.25      2.27      2.31      2.20      2.36      2.24      2.37      2.48      2.05      1.86      2.67
  6288.00      1.55      1.59      1.62      1.66      1.59      1.67      1.62      1.68      1.76      1.51      1.30      1.90
  6289.00      1.09      1.12      1.13      1.17      1.13      1.17      1.16      1.17      1.23      1.10      0.90      1.35
  6290.00      1.55      1.61      1.58      1.64      1.60      1.65      1.65      1.61      1.71      1.56      1.25      1.92
  6291.00      2.08      2.19      2.10      2.18      2.11      2.19      2.20      2.09      2.21      2.04      1.66      2.59
  6292.00      2.06      2.17      2.09      2.14      2.07      2.14      2.15      2.01      2.10      1.94      1.63      2.59
  6293.00      2.11      2.18      2.17      2.17      2.13      2.19      2.17      2.03      2.06      1.87      1.65      2.66
  6294.00      2.19      2.20      2.27      2.24      2.24      2.27      2.19      2.12      2.03      1.84      1.70      2.71
  6295.00      2.18      2.17      2.28      2.28      2.29      2.30      2.17      2.19      1.93      1.79      1.74      2.68
  6296.00      2.12      2.13      2.24      2.29      2.28      2.30      2.14      2.24      1.77      1.73      1.77      2.61
  6297.00      2.08      2.10      2.21      2.30      2.26      2.31      2.13      2.28      1.62      1.69      1.79      2.56
  6298.00      1.97      1.94      2.07      2.16      2.11      2.15      2.01      2.15      1.38      1.55      1.68      2.35
  6299.00      2.09      1.99      2.13      2.23      2.18      2.20      2.08      2.22      1.29      1.56      1.76      2.37
  6300.00      1.18      1.10      1.17      1.23      1.21      1.20      1.15      1.23      0.64      0.83      0.99      1.30
  6301.00      0.26      0.25      0.26      0.27      0.27      0.26      0.25      0.27      0.13      0.18      0.22      0.29
  6302.00      0.14      0.14      0.15      0.15      0.15      0.14      0.14      0.15      0.07      0.10      0.13      0.16
  6303.00      0.25      0.25      0.27      0.27      0.26      0.25      0.24      0.28      0.12      0.19      0.23      0.29
  6304.00      1.15      1.12      1.22      1.21      1.17      1.15      1.09      1.28      0.56      0.90      1.07      1.29
  6305.00      2.13      2.07      2.25      2.21      2.14      2.11      1.99      2.36      1.14      1.71      1.99      2.37
  6306.00      2.18      2.11      2.28      2.24      2.17      2.17      1.97      2.39      1.33      1.77      2.02      2.44
  6307.00      2.16      2.13      2.24      2.22      2.17      2.21      1.91      2.36      1.58      1.77      2.02      2.48
  6308.00      2.04      2.02      2.10      2.10      2.10      2.13      1.73      2.23      1.75      1.66      1.92      2.40
  6309.00      1.88      1.85      1.92      1.95      1.98      1.98      1.50      2.03      1.82      1.49      1.78      2.25
  6310.00      2.07      1.98      2.09      2.15      2.19      2.17      1.53      2.21      2.17      1.57      1.99      2.51
  6311.00      2.20      2.06      2.20      2.29      2.30      2.27      1.50      2.30      2.40      1.60      2.19      2.68
  6312.00      2.21      2.12      2.23      2.34      2.30      2.30      1.44      2.33      2.50      1.60      2.31      2.73
  6313.00      2.18      2.17      2.24      2.31      2.26      2.29      1.42      2.32      2.51      1.59      2.35      2.72
  6314.00      2.16      2.20      2.25      2.25      2.22      2.27      1.44      2.30      2.49      1.58      2.37      2.67
  6315.00      2.11      2.16      2.22      2.16      2.16      2.22      1.51      2.25      2.45      1.56      2.36      2.60
  6316.00      2.14      2.19      2.26      2.20      2.21      2.27      1.69      2.28      2.52      1.60      2.43      2.64
  6317.00      2.16      2.22      2.27      2.26      2.25      2.31      1.89      2.30      2.56      1.64      2.42      2.69
  6318.00      2.13      2.22      2.22      2.31      2.26      2.29      2.04      2.27      2.55      1.61      2.32      2.68
  6319.00      2.19      2.28      2.24      2.41      2.31      2.33      2.22      2.31      2.61      1.62      2.27      2.74
  6320.00      2.27      2.32      2.27      2.51      2.37      2.40      2.39      2.37      2.69      1.63      2.25      2.80
  6321.00      2.23      2.23      2.17      2.43      2.30      2.34      2.37      2.30      2.60      1.53      2.11      2.71
  6322.00      1.84      1.81      1.75      1.97      1.87      1.92      1.97      1.88      2.14      1.19      1.70      2.23
  6323.00      1.43      1.41      1.37      1.53      1.46      1.51      1.56      1.48      1.72      0.88      1.34      1.75
  6324.00      1.83      1.81      1.78      1.96      1.88      1.95      2.02      1.89      2.29      1.07      1.76      2.23
  6325.00      2.13      2.14      2.11      2.32      2.21      2.30      2.40      2.19      2.83      1.19      2.12      2.60
  6326.00      2.18      2.20      2.17      2.36      2.25      2.34      2.46      2.19      3.03      1.15      2.19      2.62
  6327.00      2.21      2.24      2.17      2.36      2.25      2.32      2.47      2.14      3.19      1.09      2.21      2.59
  6328.00      2.23      2.25      2.16      2.35      2.25      2.30      2.45      2.09      3.29      1.00      2.21      2.56
  6329.00      2.23      2.24      2.16      2.33      2.25      2.28      2.41      2.04      3.29      0.89      2.20      2.54
  6330.00      2.22      2.22      2.17      2.29      2.25      2.28      2.34      2.01      3.23      0.80      2.20      2.55
  6331.00      2.20      2.18      2.17      2.22      2.24      2.26      2.26      1.95      3.09      0.70      2.17      2.57
  6332.00      2.08      2.06      2.10      2.07      2.16      2.17      2.12      1.78      2.82      0.60      2.07      2.50
  6333.00      2.14      2.17      2.23      2.15      2.28      2.29      2.23      1.76      2.82      0.57      2.16      2.69
  6334.00      2.17      2.25      2.30      2.22      2.34      2.33      2.32      1.64      2.76      0.54      2.19      2.82
  6335.00      2.14      2.23      2.27      2.22      2.29      2.28      2.33      1.44      2.63      0.51      2.10      2.83
  6336.00      2.20      2.27      2.30      2.29      2.33      2.31      2.41      1.31      2.62      0.53      2.09      2.92
  6337.00      2.28      2.33      2.35      2.38      2.39      2.38      2.50      1.22      2.66      0.60      2.12      3.01
  6338.00      2.27      2.30      2.33      2.40      2.38      2.37      2.48      1.13      2.64      0.70      2.09      2.98
  6339.00      2.24      2.25      2.30      2.37      2.35      2.32      2.41      1.06      2.60      0.84      2.06      2.90
  6340.00      2.27      2.25      2.30      2.37      2.35      2.34      2.41      1.05      2.62      1.01      2.09      2.89
  6341.00      2.12      2.03      2.09      2.17      2.13      2.15      2.21      0.98      2.40      1.06      1.94      2.65
  6342.00      1.71      1.60      1.65      1.72      1.68      1.73      1.77      0.83      1.91      0.93      1.56      2.12
  6343.00      1.97      1.84      1.90      1.98      1.91      2.01      2.04      1.10      2.17      1.15      1.81      2.45
  6344.00      2.21      2.09      2.16      2.24      2.15      2.28      2.29      1.49      2.43      1.37      2.03      2.80
  6345.00      2.13      2.07      2.10      2.19      2.13      2.21      2.20      1.75      2.37      1.38      1.95      2.74
  6346.00      2.19      2.14      2.15      2.27      2.23      2.25      2.24      2.11      2.44      1.46      1.97      2.82
  6347.00      2.24      2.17      2.15      2.31      2.29      2.26      2.27      2.44      2.48      1.49      1.96      2.85
  6348.00      2.22      2.16      2.13      2.30      2.31      2.24      2.31      2.68      2.49      1.47      1.95      2.86
  6349.00      2.13      2.09      2.08      2.20      2.26      2.17      2.29      2.75      2.42      1.40      1.91      2.81
  6350.00      2.01      1.98      1.99      2.03      2.14      2.04      2.20      2.66      2.27      1.28      1.83      2.69
  6351.00      2.13      2.05      2.11      2.08      2.24      2.12      2.30      2.75      2.36      1.32      1.94      2.81
  6352.00      2.20      2.06      2.19      2.15      2.31      2.17      2.33      2.74      2.41      1.37      2.03      2.87
  6353.00      2.19      2.02      2.20      2.17      2.33      2.18      2.29      2.64      2.45      1.39      2.07      2.85
  6354.00      2.17      1.96      2.20      2.18      2.32      2.20      2.26      2.54      2.48      1.41      2.08      2.82
  6355.00      2.19      1.96      2.24      2.23      2.34      2.25      2.29      2.48      2.53      1.43      2.10      2.82
  6356.00      2.13      1.94      2.21      2.20      2.29      2.20      2.27      2.35      2.48      1.38      2.04      2.70
  6357.00      1.58      1.49      1.68      1.66      1.73      1.65      1.75      1.73      1.87      1.02      1.53      2.00
  6358.00      1.12      1.09      1.20      1.18      1.24      1.18      1.28      1.21      1.34      0.72      1.09      1.44
  6359.00      1.56      1.53      1.67      1.60      1.71      1.62      1.79      1.64      1.83      0.99      1.49      2.00
  6360.00      2.12      2.08      2.25      2.09      2.29      2.16      2.38      2.18      2.42      1.36      1.99      2.71
  6361.00      2.15      2.13      2.30      2.09      2.29      2.21      2.36      2.21      2.44      1.40      2.01      2.79
  6362.00      2.08      2.08      2.29      2.04      2.20      2.18      2.27      2.18      2.37      1.37      1.97      2.75
  6363.00      2.04      2.05      2.33      2.05      2.16      2.19      2.25      2.19      2.32      1.37      1.96      2.70
  6364.00      2.04      2.06      2.38      2.12      2.15      2.24      2.29      2.26      2.33      1.41      2.01      2.70
  6365.00      1.95      1.98      2.27      2.06      2.04      2.16      2.22      2.19      2.26      1.39      1.95      2.54
  6366.00      1.90      1.91      2.15      2.02      1.97      2.08      2.16      2.13      2.22      1.42      1.92      2.43
  6367.00      2.04      1.99      2.21      2.12      2.10      2.18      2.27      2.24      2.40      1.60      2.05      2.52
  6368.00      2.15      2.02      2.22      2.17      2.18      2.21      2.32      2.30      2.51      1.81      2.11      2.55
  6369.00      2.18      2.01      2.18      2.17      2.17      2.19      2.29      2.27      2.51      1.98      2.07      2.52
  6370.00      2.16      2.05      2.16      2.19      2.16      2.18      2.30      2.26      2.52      2.19      2.06      2.55
  6371.00      2.13      2.11      2.16      2.23      2.19      2.20      2.32      2.27      2.53      2.43      2.07      2.59
  6372.00      2.11      2.14      2.16      2.24      2.23      2.21      2.32      2.29      2.53      2.72      2.09      2.59
  6373.00      2.12      2.10      2.12      2.21      2.26      2.19      2.28      2.28      2.51      3.00      2.08      2.53
  6374.00      2.15      2.04      2.08      2.18      2.26      2.15      2.24      2.27      2.49      3.28      2.05      2.42
  6375.00      2.17      2.04      2.06      2.21      2.25      2.12      2.24      2.28      2.49      3.57      2.02      2.32
  6376.00      2.18      2.12      2.12      2.29      2.25      2.15      2.27      2.35      2.52      3.91      2.04      2.28
  6377.00      2.15      2.19      2.20      2.33      2.24      2.17      2.27      2.37      2.51      4.16      2.05      2.25
  6378.00      2.12      2.21      2.26      2.35      2.22      2.18      2.25      2.35      2.48      4.28      2.05      2.23
  6379.00      2.12      2.21      2.28      2.36      2.23      2.18      2.22      2.32      2.48      4.28      2.06      2.26
  6380.00      1.88      1.92      1.99      2.08      1.98      1.89      1.94      1.99      2.19      3.67      1.81      2.02
  6381.00      1.52      1.54      1.59      1.68      1.63      1.50      1.57      1.57      1.78      2.79      1.46      1.65
  6382.00      1.86      1.85      1.93      2.02      2.01      1.79      1.94      1.88      2.17      3.04      1.77      2.03
  6383.00      2.11      2.07      2.18      2.23      2.29      1.99      2.22      2.10      2.45      2.99      1.94      2.31
  6384.00      2.13      2.07      2.21      2.20      2.29      1.99      2.24      2.10      2.45      2.84      1.87      2.33
  6385.00      2.18      2.13      2.24      2.20      2.31      2.02      2.28      2.14      2.48      3.53      1.87      2.37
  6386.00      2.18      2.16      2.22      2.18      2.27      2.01      2.28      2.14      2.47      5.20      1.88      2.38
  6387.00      1.83      1.83      1.86      1.83      1.88      1.70      1.92      1.81      2.09      7.38      1.62      2.04
  6388.00      1.44      1.42      1.45      1.44      1.46      1.33      1.50      1.42      1.64      8.93      1.32      1.64
  6389.00      1.80      1.74      1.84      1.82      1.84      1.69      1.89      1.80      2.04     14.40      1.72      2.11
  6390.00      2.15      2.02      2.21      2.18      2.18      2.04      2.25      2.16      2.40     19.58      2.10      2.53
  6391.00      2.18      1.99      2.22      2.19      2.18      2.05      2.26      2.20      2.41     21.57      2.11      2.52
  6392.00      2.23      1.99      2.22      2.17      2.17      2.05      2.26      2.23      2.43     22.38      2.07      2.52
  6393.00      2.27      2.02      2.23      2.17      2.16      2.07      2.28      2.27      2.50     21.94      2.02      2.54
  6394.00      2.30      2.08      2.26      2.21      2.18      2.11      2.31      2.32      2.58     20.55      2.02      2.57
  6395.00      2.25      2.08      2.25      2.20      2.17      2.10      2.28      2.30      2.59     18.47      2.00      2.54
  6396.00      2.23      2.11      2.26      2.24      2.21      2.12      2.29      2.33      2.63     16.47      2.05      2.55
  6397.00      2.21      2.16      2.26      2.26      2.26      2.13      2.30      2.36      2.66     14.53      2.13      2.58
  6398.00      2.17      2.18      2.22      2.21      2.26      2.09      2.26      2.36      2.63     12.63      2.17      2.57
  6399.00      2.17      2.21      2.18      2.17      2.28      2.07      2.24      2.38      2.61     10.96      2.20      2.55
  6400.00      2.21      2.25      2.15      2.18      2.28      2.08      2.24      2.39      2.60      9.53      2.22      2.49
  6401.00      2.28      2.32      2.19      2.25      2.34      2.17      2.31      2.44      2.67      8.43      2.27      2.48
  6402.00      2.35      2.39      2.25      2.36      2.40      2.29      2.41      2.52      2.77      7.59      2.33      2.47
  6403.00      2.29      2.31      2.21      2.33      2.31      2.27      2.39      2.46      2.72      6.53      2.30      2.33
  6404.00      2.31      2.32      2.24      2.33      2.29      2.31      2.43      2.46      2.73      5.81      2.35      2.29
  6405.00      2.24      2.30      2.20      2.23      2.21      2.29      2.36      2.39      2.65      5.06      2.30      2.22
  6406.00      2.14      2.24      2.15      2.13      2.11      2.24      2.26      2.31      2.55      4.42      2.23      2.20
  6407.00      2.16      2.27      2.19      2.17      2.15      2.27      2.29      2.34      2.58      4.08      2.26      2.34
  6408.00      1.87      1.91      1.86      1.86      1.82      1.91      1.95      1.99      2.19      3.19      1.92      2.09
  6409.00      1.44      1.44      1.42      1.41      1.37      1.43      1.48      1.50      1.68      2.24      1.45      1.67
  6410.00      1.93      1.96      1.93      1.88      1.84      1.92      2.01      2.02      2.28      2.79      1.95      2.35
  6411.00      2.22      2.36      2.29      2.20      2.21      2.30      2.42      2.42      2.73      3.12      2.33      2.88
  6412.00      2.11      2.29      2.18      2.09      2.18      2.26      2.37      2.37      2.65      2.89      2.26      2.87
  6413.00      2.12      2.27      2.13      2.06      2.20      2.27      2.34      2.38      2.60      2.75      2.23      2.88
  6414.00      2.14      2.24      2.12      2.06      2.21      2.26      2.30      2.38      2.55      2.63      2.19      2.86
  6415.00      2.14      2.20      2.16      2.07      2.20      2.25      2.23      2.37      2.49      2.52      2.14      2.82
  6416.00      2.12      2.21      2.23      2.13      2.22      2.28      2.22      2.41      2.49      2.48      2.15      2.84
  6417.00      2.13      2.24      2.30      2.23      2.27      2.36      2.26      2.48      2.52      2.50      2.18      2.90
  6418.00      2.17      2.28      2.31      2.28      2.31      2.39      2.28      2.50      2.54      2.50      2.19      2.95
  6419.00      2.20      2.30      2.29      2.29      2.30      2.36      2.28      2.46      2.53      2.47      2.15      2.95
  6420.00      2.21      2.28      2.26      2.27      2.24      2.29      2.25      2.37      2.50      2.42      2.08      2.87
  6421.00      2.15      2.18      2.17      2.16      2.10      2.16      2.16      2.24      2.43      2.33      1.97      2.70
  6422.00      2.03      2.02      2.03      2.01      1.92      1.97      2.00      2.07      2.31      2.18      1.83      2.48
  6423.00      2.24      2.19      2.23      2.19      2.07      2.14      2.18      2.26      2.55      2.39      2.03      2.69
  6424.00      2.24      2.20      2.24      2.18      2.06      2.16      2.19      2.28      2.59      2.42      2.09      2.69
  6425.00      2.19      2.21      2.24      2.15      2.00      2.13      2.17      2.29      2.55      2.40      2.12      2.65
  6426.00      2.23      2.30      2.30      2.19      2.01      2.15      2.22      2.36      2.57      2.45      2.19      2.69
  6427.00      2.27      2.34      2.32      2.20      2.02      2.15      2.24      2.40      2.55      2.46      2.18      2.71
  6428.00      2.28      2.31      2.30      2.18      2.02      2.12      2.24      2.40      2.51      2.44      2.13      2.70
  6429.00      2.27      2.24      2.27      2.16      2.01      2.09      2.23      2.40      2.48      2.44      2.11      2.62
  6430.00      2.24      2.19      2.24      2.14      1.99      2.07      2.22      2.41      2.47      2.45      2.12      2.52
  6431.00      2.24      2.19      2.24      2.16      1.99      2.09      2.25      2.44      2.48      2.49      2.15      2.47
  6432.00      2.25      2.21      2.24      2.19      1.98      2.10      2.27      2.46      2.48      2.53      2.15      2.50
  6433.00      2.24      2.20      2.24      2.20      1.94      2.10      2.27      2.45      2.47      2.53      2.13      2.54
  6434.00      2.20      2.16      2.20      2.16      1.88      2.07      2.23      2.39      2.42      2.47      2.07      2.56
  6435.00      2.18      2.17      2.19      2.15      1.86      2.08      2.22      2.37      2.43      2.44      2.03      2.63
  6436.00      2.17      2.18      2.17      2.15      1.86      2.10      2.23      2.35      2.44      2.42      1.98      2.67
  6437.00      2.13      2.15      2.12      2.13      1.84      2.09      2.21      2.29      2.41      2.38      1.92      2.65
  6438.00      2.10      2.17      2.11      2.15      1.88      2.11      2.22      2.29      2.43      2.38      1.94      2.64
  6439.00      2.13      2.22      2.13      2.17      1.95      2.15      2.25      2.32      2.48      2.42      2.01      2.63
  6440.00      2.18      2.28      2.19      2.22      2.05      2.21      2.31      2.39      2.57      2.50      2.10      2.65
  6441.00      2.25      2.33      2.29      2.29      2.17      2.32      2.38      2.50      2.68      2.60      2.21      2.74
  6442.00      2.17      2.23      2.27      2.23      2.16      2.30      2.31      2.47      2.65      2.55      2.20      2.71
  6443.00      2.09      2.13      2.24      2.16      2.12      2.26      2.26      2.44      2.63      2.50      2.18      2.68
  6444.00      2.07      2.09      2.22      2.12      2.10      2.25      2.26      2.45      2.63      2.48      2.16      2.70
  6445.00      2.06      2.10      2.21      2.08      2.08      2.24      2.27      2.45      2.61      2.47      2.11      2.72
  6446.00      2.07      2.08      2.20      2.03      2.05      2.18      2.27      2.41      2.55      2.45      2.04      2.67
  6447.00      2.15      2.10      2.21      2.02      2.05      2.17      2.30      2.39      2.54      2.46      2.01      2.62
  6448.00      2.24      2.14      2.25      2.02      2.04      2.16      2.32      2.37      2.54      2.50      1.99      2.54
  6449.00      2.28      2.17      2.28      2.05      2.04      2.17      2.34      2.35      2.55      2.55      2.01      2.43
  6450.00      2.24      2.19      2.28      2.08      2.03      2.16      2.32      2.31      2.56      2.54      2.01      2.28
  6451.00      2.18      2.22      2.28      2.12      2.04      2.17      2.31      2.32      2.62      2.54      2.04      2.14
  6452.00      2.17      2.23      2.25      2.18      2.07      2.21      2.32      2.37      2.69      2.54      2.07      2.02
  6453.00      2.08      2.10      2.08      2.12      1.99      2.12      2.21      2.28      2.58      2.39      1.98      1.81
  6454.00      1.96      1.93      1.88      1.99      1.88      1.98      2.06      2.14      2.39      2.19      1.83      1.59
  6455.00      2.08      2.05      1.95      2.11      2.03      2.09      2.19      2.27      2.50      2.29      1.93      1.65
  6456.00      2.16      2.14      2.03      2.18      2.15      2.16      2.31      2.38      2.58      2.36      2.00      1.71
  6457.00      2.18      2.17      2.08      2.19      2.19      2.16      2.35      2.40      2.59      2.39      2.00      1.77
  6458.00      2.15      2.13      2.08      2.13      2.14      2.11      2.31      2.36      2.53      2.33      1.90      1.82
  6459.00      2.09      2.09      2.05      2.07      2.09      2.06      2.24      2.32      2.47      2.26      1.78      1.90
  6460.00      1.95      1.99      1.91      1.95      1.97      1.94      2.10      2.18      2.31      2.12      1.60      1.95
  6461.00      2.07      2.13      2.02      2.08      2.12      2.08      2.23      2.31      2.44      2.25      1.63      2.23
  6462.00      2.15      2.22      2.11      2.15      2.24      2.18      2.31      2.38      2.50      2.33      1.63      2.45
  6463.00      2.21      2.22      2.14      2.14      2.28      2.20      2.33      2.36      2.49      2.32      1.59      2.56
  6464.00      2.26      2.22      2.16      2.11      2.28      2.21      2.33      2.34      2.48      2.31      1.52      2.60
  6465.00      2.22      2.15      2.10      2.04      2.20      2.17      2.28      2.28      2.42      2.25      1.39      2.54
  6466.00      2.28      2.21      2.15      2.12      2.26      2.25      2.36      2.37      2.52      2.33      1.30      2.63
  6467.00      2.16      2.10      2.08      2.06      2.17      2.19      2.26      2.29      2.46      2.24      1.06      2.54
  6468.00      1.91      1.87      1.88      1.85      1.94      1.97      2.01      2.02      2.22      2.00      0.79      2.27
  6469.00      1.99      1.97      1.98      1.94      2.04      2.07      2.08      2.08      2.30      2.11      0.74      2.39
  6470.00      2.16      2.17      2.15      2.13      2.24      2.25      2.25      2.24      2.48      2.33      0.79      2.63
  6471.00      1.91      1.94      1.89      1.92      2.00      2.00      1.98      1.98      2.19      2.10      0.75      2.37
  6472.00      1.48      1.49      1.45      1.49      1.54      1.52      1.52      1.53      1.67      1.63      0.66      1.85
  6473.00      1.63      1.62      1.59      1.65      1.69      1.63      1.65      1.68      1.79      1.81      0.83      2.03
  6474.00      2.08      2.02      2.02      2.10      2.14      2.04      2.08      2.14      2.22      2.34      1.20      2.57
  6475.00      2.21      2.15      2.15      2.26      2.33      2.20      2.24      2.31      2.37      2.54      1.44      2.75
  6476.00      1.81      1.75      1.74      1.87      1.95      1.82      1.87      1.88      1.94      2.11      1.28      2.24
  6477.00      1.35      1.29      1.28      1.40      1.48      1.35      1.41      1.37      1.43      1.56      1.01      1.64
  6478.00      1.78      1.66      1.68      1.86      1.97      1.75      1.88      1.78      1.87      2.04      1.40      2.12
  6479.00      2.22      2.02      2.08      2.32      2.44      2.13      2.34      2.20      2.33      2.48      1.82      2.58
  6480.00      2.11      1.89      1.96      2.21      2.30      1.97      2.23      2.11      2.25      2.33      1.82      2.46
  6481.00      2.21      1.98      2.05      2.31      2.37      1.98      2.33      2.24      2.38      2.40      1.98      2.58
  6482.00      2.20      2.01      2.10      2.33      2.34      1.92      2.34      2.30      2.41      2.39      2.04      2.59
  6483.00      2.10      1.96      2.06      2.27      2.22      1.80      2.29      2.25      2.34      2.30      2.00      2.46
  6484.00      2.14      2.02      2.13      2.36      2.22      1.76      2.38      2.30      2.41      2.38      2.09      2.49
  6485.00      2.20      2.07      2.15      2.43      2.24      1.67      2.46      2.33      2.46      2.46      2.17      2.51
  6486.00      2.15      2.02      2.04      2.37      2.16      1.47      2.40      2.24      2.36      2.40      2.10      2.38
  6487.00      2.10      2.01      1.95      2.30      2.10      1.29      2.34      2.19      2.28      2.35      2.00      2.23
  6488.00      2.08      2.04      1.90      2.29      2.09      1.18      2.31      2.20      2.26      2.34      1.97      2.12
  6489.00      2.13      2.11      1.89      2.31      2.13      1.13      2.33      2.29      2.31      2.37      2.04      2.01
  6490.00      2.21      2.18      1.88      2.33      2.18      1.15      2.37      2.39      2.38      2.38      2.13      1.88
  6491.00      2.19      2.18      1.86      2.30      2.17      1.18      2.34      2.41      2.38      2.34      2.15      1.76
  6492.00      2.13      2.16      1.86      2.28      2.15      1.25      2.28      2.40      2.37      2.30      2.16      1.70
  6493.00      2.09      2.14      1.89      2.27      2.14      1.38      2.24      2.39      2.35      2.28      2.18      1.73
  6494.00      2.13      2.14      1.95      2.27      2.16      1.56      2.25      2.39      2.34      2.29      2.21      1.90
  6495.00      2.15      2.13      2.00      2.24      2.16      1.73      2.25      2.34      2.29      2.28      2.17      2.08
  6496.00      2.15      2.12      2.06      2.20      2.17      1.88      2.24      2.30      2.22      2.27      2.09      2.23
  6497.00      2.23      2.20      2.25      2.28      2.29      2.10      2.36      2.38      2.29      2.37      2.14      2.46
  6498.00      2.16      2.12      2.28      2.24      2.26      2.14      2.33      2.32      2.23      2.32      2.09      2.49
  6499.00      2.09      2.03      2.27      2.19      2.21      2.15      2.28      2.25      2.18      2.25      2.05      2.46
  6500.00      2.09      2.00      2.27      2.19      2.19      2.18      2.27      2.23      2.18      2.23      2.05      2.46
  6501.00      2.03      1.93      2.17      2.10      2.09      2.10      2.17      2.12      2.12      2.12      1.99      2.33
  6502.00      2.01      1.92      2.11      2.05      2.05      2.04      2.13      2.07      2.09      2.07      1.99      2.26
  6503.00      2.12      2.04      2.18      2.17      2.16      2.11      2.25      2.18      2.18      2.18      2.14      2.38
  6504.00      2.14      2.10      2.19      2.23      2.22      2.13      2.32      2.24      2.18      2.26      2.21      2.47
  6505.00      2.10      2.08      2.16      2.22      2.22      2.10      2.35      2.26      2.09      2.30      2.21      2.50
  6506.00      1.83      1.82      1.93      1.97      1.97      1.85      2.10      2.02      1.75      2.09      1.95      2.26
  6507.00      1.52      1.49      1.61      1.63      1.62      1.52      1.75      1.67      1.35      1.78      1.60      1.91
  6508.00      1.86      1.81      1.97      2.00      1.97      1.84      2.11      2.01      1.51      2.20      1.91      2.38
  6509.00      2.14      2.06      2.24      2.31      2.24      2.09      2.39      2.26      1.58      2.52      2.13      2.77
  6510.00      2.16      2.08      2.25      2.37      2.24      2.07      2.38      2.26      1.47      2.56      2.08      2.81
  6511.00      2.18      2.09      2.24      2.40      2.24      2.05      2.38      2.27      1.40      2.60      2.03      2.82
  6512.00      2.19      2.06      2.19      2.35      2.20      2.01      2.34      2.24      1.33      2.59      1.95      2.78
  6513.00      2.17      2.02      2.11      2.29      2.14      1.98      2.30      2.20      1.31      2.55      1.89      2.72
  6514.00      2.22      2.10      2.12      2.34      2.18      2.09      2.39      2.29      1.39      2.63      1.94      2.79
  6515.00      2.12      2.02      1.99      2.23      2.07      2.08      2.33      2.23      1.41      2.55      1.86      2.65
  6516.00      1.85      1.80      1.72      1.96      1.80      1.92      2.09      1.98      1.31      2.29      1.64      2.31
  6517.00      2.04      2.02      1.87      2.17      1.97      2.25      2.32      2.20      1.50      2.55      1.80      2.51
  6518.00      2.19      2.21      1.96      2.33      2.11      2.55      2.47      2.35      1.64      2.74      1.91      2.63
  6519.00      2.25      2.30      1.99      2.39      2.19      2.76      2.48      2.40      1.69      2.83      1.93      2.63
  6520.00      2.26      2.33      2.02      2.40      2.26      2.90      2.45      2.44      1.70      2.89      1.95      2.60
  6521.00      2.17      2.22      2.00      2.30      2.22      2.90      2.34      2.39      1.66      2.85      1.91      2.50
  6522.00      2.13      2.15      2.02      2.23      2.20      2.84      2.28      2.36      1.66      2.83      1.93      2.46
  6523.00      1.96      1.95      1.91      2.02      2.03      2.51      2.09      2.14      1.57      2.60      1.82      2.26
  6524.00      1.74      1.72      1.71      1.78      1.79      2.08      1.83      1.86      1.47      2.29      1.65      2.02
  6525.00      2.00      1.98      2.01      2.08      2.06      2.22      2.12      2.11      1.88      2.63      1.95      2.38
  6526.00      2.15      2.14      2.21      2.27      2.23      2.24      2.32      2.28      2.27      2.84      2.13      2.67
  6527.00      2.15      2.12      2.21      2.27      2.19      2.12      2.33      2.27      2.51      2.83      2.11      2.75
  6528.00      2.14      2.07      2.18      2.25      2.13      2.02      2.31      2.25      2.69      2.81      2.06      2.81
  6529.00      2.23      2.12      2.26      2.30      2.19      2.05      2.38      2.31      2.92      2.93      2.09      2.99
  6530.00      2.32      2.23      2.36      2.37      2.29      2.14      2.47      2.39      3.12      3.11      2.14      3.19
  6531.00      2.32      2.29      2.36      2.35      2.31      2.15      2.47      2.40      3.12      3.17      2.10      3.25
  6532.00      2.33      2.35      2.38      2.35      2.31      2.16      2.48      2.42      3.09      3.24      2.09      3.30
  6533.00      2.23      2.26      2.29      2.25      2.20      2.06      2.38      2.34      2.92      3.15      2.02      3.19
  6534.00      1.45      1.46      1.51      1.48      1.44      1.34      1.57      1.54      1.89      2.12      1.34      2.11
  6535.00      0.99      0.97      1.04      1.02      1.00      0.91      1.07      1.06      1.27      1.47      0.91      1.43
  6536.00      1.47      1.43      1.56      1.54      1.54      1.35      1.61      1.57      1.85      2.19      1.33      2.09
  6537.00      2.20      2.14      2.31      2.29      2.35      1.98      2.38      2.31      2.70      3.19      1.92      3.01
  6538.00      2.29      2.24      2.41      2.38      2.48      2.02      2.49      2.39      2.79      3.28      1.93      3.06
  6539.00      2.25      2.22      2.38      2.33      2.45      1.95      2.48      2.36      2.75      3.20      1.82      2.96
  6540.00      2.24      2.24      2.36      2.33      2.43      1.90      2.52      2.38      2.75      3.16      1.71      2.92
  6541.00      2.20      2.21      2.34      2.33      2.38      1.88      2.53      2.37      2.76      3.08      1.61      2.86
  6542.00      2.06      2.04      2.22      2.20      2.21      1.75      2.37      2.23      2.63      2.86      1.42      2.66
  6543.00      2.13      2.03      2.26      2.26      2.22      1.77      2.39      2.25      2.72      2.87      1.35      2.67
  6544.00      2.24      2.08      2.34      2.34      2.29      1.84      2.43      2.33      2.88      2.95      1.29      2.75
  6545.00      1.91      1.79      1.99      2.00      1.97      1.58      2.04      1.99      2.54      2.51      1.00      2.35
  6546.00      1.21      1.18      1.27      1.31      1.29      1.02      1.30      1.29      1.71      1.62      0.59      1.52
  6547.00      1.03      1.04      1.08      1.16      1.13      0.89      1.11      1.12      1.54      1.39      0.47      1.32
  6548.00      1.57      1.58      1.61      1.77      1.72      1.37      1.65      1.69      2.40      2.05      0.67      1.99
  6549.00      2.14      2.11      2.11      2.38      2.28      1.84      2.19      2.25      3.25      2.66      0.88      2.64
  6550.00      2.15      2.09      2.11      2.34      2.27      1.82      2.18      2.23      3.28      2.60      0.93      2.63
  6551.00      2.15      2.11      2.15      2.32      2.30      1.82      2.20      2.24      3.30      2.57      1.04      2.68
  6552.00      2.15      2.15      2.21      2.32      2.35      1.83      2.23      2.28      3.30      2.58      1.18      2.76
  6553.00      2.15      2.16      2.22      2.31      2.40      1.84      2.24      2.31      3.18      2.59      1.32      2.78
  6554.00      2.16      2.15      2.17      2.26      2.39      1.81      2.22      2.30      3.00      2.58      1.43      2.68
  6555.00      2.12      2.10      2.07      2.17      2.32      1.73      2.15      2.24      2.80      2.51      1.47      2.50
  6556.00      2.17      2.14      2.10      2.20      2.38      1.73      2.19      2.26      2.76      2.57      1.55      2.46
  6557.00      2.17      2.14      2.15      2.19      2.41      1.71      2.22      2.24      2.70      2.61      1.55      2.38
  6558.00      2.14      2.13      2.20      2.21      2.43      1.70      2.25      2.22      2.65      2.66      1.52      2.33
  6559.00      2.11      2.12      2.24      2.23      2.46      1.73      2.29      2.22      2.63      2.72      1.47      2.34
  6560.00      2.09      2.10      2.21      2.24      2.46      1.75      2.27      2.20      2.57      2.73      1.38      2.34
  6561.00      2.10      2.10      2.20      2.29      2.48      1.79      2.28      2.22      2.53      2.75      1.29      2.41
  6562.00      2.14      2.15      2.24      2.37      2.57      1.84      2.33      2.29      2.54      2.79      1.23      2.50
  6563.00      2.14      2.15      2.27      2.41      2.64      1.82      2.34      2.31      2.52      2.77      1.18      2.52
  6564.00      2.02      2.04      2.13      2.30      2.56      1.67      2.23      2.19      2.37      2.56      1.09      2.36
  6565.00      1.98      2.01      2.04      2.24      2.55      1.57      2.20      2.15      2.32      2.46      1.09      2.25
  6566.00      2.11      2.18      2.16      2.37      2.76      1.64      2.38      2.32      2.49      2.62      1.28      2.36
  6567.00      2.16      2.25      2.24      2.40      2.84      1.68      2.47      2.39      2.56      2.70      1.47      2.41
  6568.00      2.12      2.18      2.22      2.30      2.72      1.64      2.39      2.33      2.49      2.66      1.60      2.35
  6569.00      2.12      2.16      2.22      2.24      2.63      1.63      2.34      2.30      2.46      2.66      1.77      2.34
  6570.00      2.13      2.15      2.19      2.19      2.56      1.61      2.30      2.29      2.46      2.67      1.97      2.34
  6571.00      2.11      2.13      2.18      2.17      2.51      1.56      2.28      2.29      2.50      2.70      2.18      2.34
  6572.00      2.04      2.08      2.17      2.13      2.44      1.45      2.24      2.26      2.51      2.69      2.32      2.30
  6573.00      2.03      2.10      2.23      2.15      2.44      1.36      2.27      2.31      2.58      2.73      2.48      2.31
  6574.00      2.02      2.12      2.23      2.16      2.41      1.26      2.28      2.31      2.58      2.71      2.54      2.26
  6575.00      2.03      2.15      2.21      2.21      2.39      1.20      2.30      2.30      2.56      2.68      2.56      2.22
  6576.00      2.08      2.19      2.21      2.30      2.42      1.15      2.35      2.31      2.57      2.70      2.57      2.21
  6577.00      2.10      2.17      2.16      2.28      2.38      1.07      2.33      2.25      2.53      2.65      2.47      2.17
  6578.00      1.36      1.39      1.37      1.45      1.51      0.64      1.48      1.41      1.61      1.67      1.52      1.37
  6579.00      0.92      0.92      0.92      0.96      1.01      0.41      0.99      0.93      1.09      1.11      0.99      0.91
  6580.00      1.36      1.32      1.34      1.38      1.46      0.60      1.43      1.34      1.61      1.62      1.40      1.32
  6581.00      2.16      2.01      2.08      2.14      2.26      0.99      2.22      2.11      2.50      2.54      2.15      2.08
  6582.00      2.29      2.08      2.19      2.23      2.36      1.14      2.33      2.22      2.59      2.67      2.23      2.23
  6583.00      2.29      2.06      2.24      2.26      2.40      1.29      2.37      2.24      2.58      2.72      2.24      2.29
  6584.00      2.19      1.95      2.20      2.21      2.36      1.39      2.32      2.19      2.47      2.67      2.18      2.25
  6585.00      2.08      1.83      2.10      2.11      2.30      1.44      2.21      2.11      2.33      2.60      2.11      2.16
  6586.00      2.15      1.90      2.15      2.17      2.37      1.56      2.24      2.17      2.36      2.67      2.23      2.26
  6587.00      2.26      2.06      2.25      2.29      2.46      1.64      2.30      2.28      2.46      2.78      2.41      2.42
  6588.00      2.27      2.12      2.34      2.32      2.43      1.59      2.29      2.30      2.46      2.79      2.51      2.50
  6589.00      2.27      2.14      2.47      2.38      2.40      1.54      2.32      2.34      2.49      2.84      2.60      2.58
  6590.00      2.25      2.12      2.59      2.40      2.34      1.50      2.35      2.35      2.52      2.87      2.59      2.64
  6591.00      2.20      2.08      2.67      2.37      2.29      1.50      2.35      2.32      2.54      2.84      2.50      2.64
  6592.00      2.11      2.04      2.65      2.31      2.23      1.54      2.30      2.23      2.51      2.76      2.32      2.58
  6593.00      2.09      2.03      2.62      2.28      2.21      1.64      2.27      2.15      2.48      2.72      2.16      2.54
  6594.00      2.18      2.11      2.64      2.35      2.30      1.85      2.30      2.16      2.55      2.79      2.12      2.60
  6595.00      2.23      2.15      2.60      2.40      2.38      2.09      2.32      2.17      2.59      2.83      2.10      2.64
  6596.00      2.18      2.11      2.48      2.39      2.37      2.28      2.29      2.14      2.58      2.79      2.04      2.63
  6597.00      2.08      2.03      2.31      2.30      2.28      2.36      2.20      2.07      2.49      2.69      1.93      2.60
  6598.00      2.05      2.04      2.23      2.29      2.24      2.46      2.21      2.08      2.50      2.68      1.89      2.70
  6599.00      2.07      2.10      2.23      2.32      2.27      2.55      2.26      2.14      2.57      2.73      1.87      2.84
  6600.00      2.07      2.15      2.22      2.31      2.28      2.57      2.29      2.19      2.61      2.75      1.85      2.93
  6601.00      2.10      2.20      2.23      2.32      2.33      2.59      2.32      2.24      2.67      2.80      1.87      3.04
  6602.00      2.09      2.14      2.16      2.25      2.28      2.51      2.25      2.17      2.61      2.73      1.85      3.03
  6603.00      2.09      2.10      2.11      2.23      2.25      2.44      2.19      2.11      2.56      2.67      1.88      3.01
  6604.00      2.12      2.12      2.09      2.24      2.24      2.41      2.17      2.09      2.55      2.65      1.96      2.97
  6605.00      1.70      1.68      1.65      1.77      1.77      1.89      1.71      1.64      2.03      2.07      1.61      2.29
  6606.00      1.26      1.25      1.22      1.30      1.31      1.39      1.27      1.20      1.52      1.49      1.22      1.65
  6607.00      1.69      1.70      1.65      1.76      1.80      1.88      1.74      1.60      2.06      1.95      1.67      2.16
  6608.00      2.19      2.18      2.10      2.28      2.34      2.41      2.26      2.02      2.64      2.41      2.14      2.71
  6609.00      2.23      2.20      2.09      2.33      2.38      2.42      2.28      2.00      2.65      2.31      2.10      2.69
  6610.00      2.24      2.19      2.08      2.34      2.37      2.39      2.28      1.96      2.63      2.16      2.01      2.67
  6611.00      2.21      2.15      2.08      2.30      2.30      2.33      2.25      1.90      2.56      1.97      1.90      2.66
  6612.00      2.19      2.13      2.09      2.25      2.23      2.30      2.22      1.86      2.52      1.80      1.84      2.68
  6613.00      2.25      2.16      2.18      2.31      2.21      2.33      2.26      1.85      2.57      1.68      1.86      2.77
  6614.00      2.26      2.14      2.23      2.33      2.17      2.32      2.26      1.78      2.59      1.54      1.87      2.81
  6615.00      2.27      2.15      2.28      2.36      2.18      2.32      2.28      1.69      2.63      1.42      1.91      2.87
  6616.00      2.24      2.15      2.28      2.33      2.18      2.28      2.27      1.56      2.62      1.32      1.92      2.87
  6617.00      1.11      1.08      1.13      1.14      1.09      1.12      1.13      0.70      1.32      0.61      0.96      1.44
  6618.00      0.69      0.67      0.69      0.69      0.68      0.69      0.71      0.39      0.82      0.37      0.59      0.90
  6619.00      1.10      1.06      1.13      1.11      1.11      1.11      1.16      0.59      1.31      0.60      0.95      1.43
  6620.00      2.11      2.00      2.19      2.13      2.16      2.14      2.26      1.08      2.47      1.26      1.79      2.72
  6621.00      2.18      2.05      2.28      2.21      2.26      2.22      2.35      1.12      2.48      1.47      1.82      2.78
  6622.00      2.19      2.06      2.28      2.22      2.29      2.22      2.35      1.18      2.41      1.71      1.77      2.74
  6623.00      2.18      2.04      2.29      2.22      2.29      2.21      2.32      1.29      2.33      1.99      1.69      2.65
  6624.00      2.16      2.01      2.34      2.24      2.27      2.22      2.30      1.41      2.28      2.24      1.60      2.57
  6625.00      2.15      2.01      2.41      2.26      2.24      2.24      2.32      1.55      2.31      2.46      1.51      2.54
  6626.00      2.19      2.05      2.44      2.29      2.21      2.24      2.36      1.72      2.38      2.64      1.43      2.54
  6627.00      2.26      2.12      2.43      2.34      2.21      2.25      2.42      1.92      2.49      2.77      1.37      2.58
  6628.00      2.26      2.12      2.36      2.34      2.18      2.23      2.42      2.04      2.55      2.81      1.30      2.60
  6629.00      2.24      2.07      2.27      2.35      2.16      2.21      2.38      2.12      2.57      2.81      1.21      2.62
  6630.00      2.22      2.05      2.23      2.39      2.17      2.21      2.36      2.19      2.60      2.85      1.11      2.67
  6631.00      2.16      2.02      2.19      2.36      2.16      2.19      2.31      2.20      2.60      2.85      0.99      2.67
  6632.00      2.14      2.04      2.19      2.36      2.20      2.20      2.32      2.21      2.65      2.90      0.91      2.69
  6633.00      2.12      2.03      2.16      2.32      2.21      2.18      2.30      2.18      2.67      2.89      0.81      2.65
  6634.00      2.12      2.05      2.16      2.30      2.24      2.17      2.33      2.20      2.71      2.90      0.73      2.60
  6635.00      1.95      1.91      1.97      2.12      2.06      1.99      2.17      2.04      2.50      2.68      0.61      2.33
  6636.00      1.69      1.67      1.69      1.85      1.78      1.71      1.89      1.77      2.17      2.33      0.49      1.98
  6637.00      1.99      1.96      1.97      2.17      2.08      1.99      2.23      2.09      2.52      2.72      0.56      2.30
  6638.00      2.18      2.12      2.16      2.36      2.29      2.16      2.44      2.32      2.74      2.97      0.64      2.51
  6639.00      2.14      2.06      2.14      2.29      2.26      2.11      2.36      2.28      2.65      2.96      0.69      2.50
  6640.00      2.13      2.04      2.17      2.25      2.26      2.10      2.30      2.26      2.60      3.02      0.81      2.52
  6641.00      2.22      2.12      2.25      2.28      2.33      2.16      2.32      2.30      2.62      3.21      1.00      2.63
  6642.00      2.24      2.18      2.27      2.27      2.36      2.18      2.33      2.29      2.61      3.38      1.19      2.70
  6643.00      2.19      2.16      2.22      2.23      2.34      2.14      2.33      2.22      2.55      3.51      1.34      2.68
  6644.00      2.19      2.15      2.22      2.26      2.38      2.15      2.38      2.19      2.56      3.69      1.48      2.69
  6645.00      2.22      2.14      2.25      2.31      2.43      2.16      2.41      2.20      2.59      3.79      1.59      2.70
  6646.00      2.27      2.15      2.30      2.33      2.50      2.19      2.45      2.23      2.64      3.82      1.68      2.72
  6647.00      2.29      2.17      2.35      2.34      2.55      2.20      2.47      2.26      2.66      3.77      1.76      2.73
  6648.00      2.29      2.18      2.36      2.34      2.57      2.20      2.46      2.28      2.66      3.64      1.82      2.74
  6649.00      2.33      2.19      2.35      2.37      2.53      2.21      2.45      2.31      2.65      3.50      1.84      2.75
  6650.00      2.27      2.10      2.24      2.32      2.40      2.14      2.36      2.24      2.55      3.25      1.76      2.67
  6651.00      2.20      2.01      2.17      2.31      2.31      2.08      2.30      2.16      2.48      3.05      1.68      2.62
  6652.00      2.18      2.00      2.17      2.34      2.28      2.08      2.31      2.13      2.50      2.96      1.64      2.65
  6653.00      2.19      2.02      2.18      2.35      2.25      2.06      2.31      2.11      2.50      2.89      1.60      2.66
  6654.00      2.23      2.08      2.18      2.37      2.25      2.07      2.35      2.09      2.53      2.87      1.62      2.69
  6655.00      2.25      2.12      2.18      2.37      2.25      2.11      2.40      2.08      2.56      2.89      1.65      2.75
  6656.00      2.21      2.12      2.20      2.35      2.25      2.16      2.42      2.06      2.57      2.91      1.69      2.79
  6657.00      2.19      2.14      2.27      2.36      2.30      2.23      2.47      2.04      2.58      2.97      1.74      2.84
  6658.00      2.27      2.24      2.40      2.49      2.43      2.37      2.58      2.06      2.65      3.11      1.81      2.96
  6659.00      2.30      2.23      2.40      2.53      2.45      2.37      2.58      1.96      2.61      3.10      1.79      2.94
  6660.00      2.48      2.33      2.50      2.66      2.60      2.45      2.69      1.93      2.68      3.21      1.85      3.06
  6661.00      1.34      1.23      1.31      1.37      1.39      1.27      1.41      0.93      1.38      1.68      0.95      1.61
  6662.00      0.83      0.77      0.80      0.82      0.87      0.77      0.86      0.53      0.84      1.03      0.59      0.98
  6663.00      1.08      1.02      1.04      1.04      1.17      1.00      1.11      0.66      1.07      1.33      0.78      1.28
  6664.00      1.17      1.10      1.12      1.12      1.31      1.07      1.19      0.71      1.13      1.43      0.85      1.36
  6665.00      1.78      1.66      1.74      1.71      2.06      1.63      1.82      1.12      1.66      2.17      1.31      2.04
  6666.00      2.60      2.43      2.62      2.56      3.15      2.43      2.73      1.80      2.33      3.18      1.97      3.00
  6667.00      2.60      2.43      2.68      2.60      3.29      2.45      2.80      2.00      2.18      3.21      2.03      3.05
  6668.00      2.56      2.34      2.66      2.55      3.27      2.40      2.75      2.15      1.94      3.14      2.04      3.01
  6669.00      2.54      2.30      2.66      2.55      3.21      2.37      2.71      2.31      1.71      3.11      2.11      2.98
  6670.00      2.68      2.44      2.86      2.73      3.27      2.49      2.82      2.58      1.62      3.29      2.36      3.13
  6671.00      2.78      2.57      3.08      2.87      3.24      2.58      2.89      2.81      1.55      3.46      2.64      3.22
  6672.00      2.82      2.65      3.31      2.95      3.12      2.64      2.92      2.95      1.50      3.57      2.95      3.26
  6673.00      2.86      2.70      3.64      2.99      2.96      2.70      2.94      3.06      1.48      3.63      3.28      3.21
  6674.00      2.91      2.78      4.07      3.04      2.83      2.76      2.96      3.15      1.50      3.69      3.64      3.14
  6675.00      3.12      2.96      4.67      3.22      2.86      2.92      3.11      3.36      1.64      3.89      4.21      3.26
  6676.00      3.06      2.81      4.74      3.10      2.64      2.76      2.97      3.22      1.68      3.71      4.43      3.13
  6677.00      1.44      1.28      2.31      1.44      1.19      1.26      1.39      1.49      0.88      1.73      2.31      1.48
  6678.00      0.86      0.75      1.38      0.86      0.70      0.75      0.85      0.90      0.62      1.03      1.52      0.92
  6679.00      0.96      0.86      1.53      0.98      0.79      0.86      0.99      1.03      0.85      1.19      1.90      1.10
  6680.00      0.83      0.78      1.30      0.86      0.67      0.77      0.88      0.91      0.88      1.05      1.81      1.00
  6681.00      1.38      1.32      2.09      1.42      1.08      1.31      1.47      1.49      1.67      1.73      3.15      1.70
  6682.00      2.98      2.84      4.37      3.08      2.24      2.87      3.13      3.13      3.86      3.65      6.55      3.60
  6683.00      3.30      3.05      4.78      3.40      2.38      3.13      3.41      3.35      4.41      3.98      7.01      3.83
  6684.00      3.27      2.94      4.74      3.40      2.35      3.05      3.37      3.27      4.47      3.98      6.69      3.69
  6685.00      3.10      2.76      4.49      3.29      2.34      2.89      3.23      3.14      4.28      3.88      5.99      3.51
  6686.00      2.91      2.59      4.10      3.10      2.38      2.74      3.04      3.00      3.98      3.73      5.13      3.33
  6687.00      2.76      2.47      3.67      2.90      2.46      2.62      2.86      2.88      3.66      3.56      4.26      3.21
  6688.00      2.59      2.34      3.20      2.67      2.48      2.49      2.68      2.73      3.31      3.35      3.79      3.09
  6689.00      2.35      2.15      2.70      2.39      2.36      2.28      2.42      2.48      2.90      3.02      4.17      2.86
  6690.00      1.59      1.48      1.75      1.63      1.66      1.55      1.65      1.69      1.92      2.05      4.18      1.99
  6691.00      1.18      1.10      1.26      1.21      1.24      1.14      1.22      1.24      1.38      1.51      5.25      1.49
  6692.00      1.73      1.59      1.81      1.79      1.82      1.66      1.80      1.80      1.96      2.20     11.07      2.16
  6693.00      2.51      2.25      2.63      2.62      2.61      2.42      2.63      2.60      2.78      3.16     18.99      3.10
  6694.00      2.62      2.27      2.73      2.76      2.66      2.52      2.75      2.70      2.85      3.28     23.32      3.24
  6695.00      2.62      2.26      2.74      2.82      2.63      2.55      2.79      2.73      2.88      3.31     26.12      3.31
  6696.00      2.55      2.26      2.67      2.81      2.55      2.51      2.77      2.69      2.88      3.25     27.28      3.31
  6697.00      2.47      2.30      2.57      2.75      2.48      2.45      2.73      2.62      2.88      3.18     27.21      3.26
  6698.00      2.46      2.36      2.55      2.72      2.47      2.44      2.72      2.59      2.92      3.18     25.90      3.26
  6699.00      2.43      2.35      2.52      2.66      2.44      2.39      2.67      2.54      2.93      3.14     23.76      3.21
  6700.00      2.34      2.27      2.45      2.55      2.38      2.29      2.56      2.46      2.86      3.03     21.08      3.09
  6701.00      2.24      2.16      2.35      2.43      2.31      2.20      2.45      2.39      2.74      2.90     18.27      2.97
  6702.00      2.35      2.24      2.46      2.56      2.45      2.35      2.58      2.56      2.87      3.05     16.74      3.12
  6703.00      2.40      2.22      2.47      2.61      2.49      2.42      2.62      2.63      2.90      3.08     14.92      3.15
  6704.00      2.42      2.18      2.43      2.62      2.50      2.45      2.63      2.62      2.88      3.07     13.12      3.12
  6705.00      2.39      2.13      2.36      2.57      2.45      2.39      2.58      2.54      2.78      3.00     11.33      3.01
  6706.00      2.25      2.00      2.21      2.36      2.30      2.20      2.40      2.33      2.57      2.81      9.41      2.77
  6707.00      2.39      2.13      2.36      2.47      2.46      2.30      2.53      2.45      2.72      2.98      8.73      2.92
  6708.00      2.51      2.21      2.50      2.56      2.58      2.39      2.63      2.56      2.84      3.11      8.03      3.06
  6709.00      2.52      2.20      2.51      2.57      2.57      2.37      2.61      2.58      2.84      3.07      7.16      3.07
  6710.00      2.54      2.22      2.50      2.59      2.54      2.34      2.59      2.61      2.84      3.04      6.37      3.02
  6711.00      2.55      2.27      2.50      2.60      2.50      2.33      2.57      2.65      2.87      3.03      5.75      2.96
  6712.00      2.51      2.28      2.46      2.55      2.45      2.30      2.54      2.65      2.85      3.02      5.16      2.86
  6713.00      2.48      2.28      2.43      2.52      2.43      2.31      2.54      2.65      2.84      3.08      4.75      2.81
  6714.00      2.46      2.29      2.41      2.54      2.47      2.36      2.58      2.66      2.85      3.18      4.46      2.83
  6715.00      2.42      2.31      2.38      2.56      2.53      2.40      2.62      2.65      2.83      3.24      4.20      2.89
  6716.00      2.38      2.33      2.36      2.55      2.56      2.41      2.62      2.63      2.77      3.25      3.95      2.93
  6717.00      2.37      2.33      2.36      2.53      2.58      2.41      2.62      2.63      2.69      3.25      3.74      2.99
  6718.00      2.28      2.22      2.28      2.40      2.47      2.29      2.50      2.54      2.51      3.11      3.43      2.91
  6719.00      2.21      2.09      2.21      2.30      2.39      2.20      2.39      2.45      2.39      2.98      3.18      2.80
  6720.00      2.31      2.12      2.32      2.41      2.50      2.30      2.48      2.57      2.50      3.12      3.22      2.89
  6721.00      2.42      2.13      2.39      2.47      2.58      2.35      2.52      2.63      2.58      3.22      3.23      2.96
  6722.00      2.53      2.15      2.46      2.52      2.62      2.38      2.53      2.65      2.64      3.29      3.25      3.04
  6723.00      2.62      2.22      2.51      2.55      2.63      2.42      2.54      2.67      2.69      3.32      3.26      3.09
  6724.00      2.65      2.28      2.51      2.58      2.62      2.44      2.54      2.68      2.72      3.33      3.25      3.10
  6725.00      2.60      2.26      2.47      2.56      2.57      2.43      2.51      2.64      2.70      3.28      3.20      3.06
  6726.00      2.57      2.23      2.47      2.57      2.58      2.45      2.54      2.63      2.72      3.28      3.20      3.04
  6727.00      2.54      2.20      2.49      2.57      2.57      2.47      2.57      2.60      2.76      3.26      3.20      3.00
  6728.00      2.51      2.21      2.51      2.56      2.52      2.46      2.56      2.55      2.78      3.21      3.16      2.91
  6729.00      2.53      2.27      2.54      2.60      2.53      2.48      2.58      2.56      2.82      3.24      3.17      2.85
  6730.00      2.55      2.30      2.50      2.60      2.53      2.47      2.57      2.56      2.84      3.28      3.16      2.80
  6731.00      2.52      2.26      2.39      2.55      2.51      2.42      2.51      2.51      2.81      3.24      3.12      2.80
  6732.00      2.43      2.17      2.25      2.44      2.44      2.32      2.41      2.39      2.71      3.12      3.01      2.76
  6733.00      2.31      2.10      2.12      2.32      2.35      2.21      2.31      2.27      2.61      2.97      2.90      2.70
  6734.00      2.33      2.18      2.14      2.37      2.37      2.27      2.37      2.30      2.67      2.98      2.96      2.79
  6735.00      2.47      2.38      2.30      2.58      2.51      2.46      2.57      2.46      2.89      3.16      3.20      3.04
  6736.00      2.49      2.45      2.35      2.65      2.52      2.50      2.66      2.51      2.98      3.19      3.29      3.12
  6737.00      2.46      2.41      2.35      2.64      2.48      2.45      2.67      2.52      2.97      3.16      3.31      3.08
  6738.00      2.44      2.33      2.37      2.62      2.49      2.40      2.68      2.51      2.95      3.13      3.32      2.98
  6739.00      2.46      2.28      2.41      2.58      2.54      2.37      2.69      2.52      2.95      3.14      3.34      2.89
  6740.00      2.52      2.29      2.45      2.59      2.64      2.37      2.71      2.57      2.97      3.17      3.35      2.87
  6741.00      2.44      2.24      2.37      2.52      2.62      2.31      2.61      2.51      2.87      3.09      3.23      2.76
  6742.00      2.34      2.18      2.24      2.47      2.55      2.27      2.49      2.42      2.76      3.01      3.09      2.67
  6743.00      2.44      2.29      2.31      2.61      2.66      2.40      2.57      2.52      2.86      3.17      3.19      2.80
  6744.00      2.53      2.37      2.36      2.69      2.71      2.48      2.62      2.59      2.92      3.27      3.26      2.89
  6745.00      2.53      2.36      2.34      2.64      2.65      2.46      2.57      2.56      2.88      3.24      3.21      2.88
  6746.00      2.38      2.22      2.21      2.47      2.49      2.32      2.42      2.42      2.73      3.05      3.05      2.74
  6747.00      2.39      2.25      2.27      2.51      2.55      2.38      2.47      2.48      2.79      3.10      3.15      2.81
  6748.00      2.43      2.35      2.35      2.61      2.64      2.48      2.55      2.59      2.89      3.18      3.28      2.92
  6749.00      2.42      2.43      2.39      2.66      2.68      2.55      2.56      2.63      2.95      3.21      3.33      2.96
  6750.00      2.38      2.46      2.40      2.66      2.68      2.58      2.54      2.63      2.96      3.20      3.33      2.95
  6751.00      2.37      2.46      2.42      2.70      2.70      2.62      2.57      2.65      3.01      3.24      3.35      2.91
  6752.00      2.35      2.39      2.42      2.71      2.66      2.59      2.57      2.63      3.02      3.23      3.32      2.79
  6753.00      2.34      2.37      2.38      2.71      2.58      2.55      2.56      2.58      3.02      3.19      3.27      2.63
  6754.00      2.33      2.41      2.36      2.72      2.51      2.53      2.54      2.54      3.03      3.15      3.25      2.49
  6755.00      2.34      2.45      2.35      2.74      2.47      2.53      2.50      2.52      3.06      3.14      3.28      2.37
  6756.00      2.37      2.46      2.36      2.74      2.49      2.54      2.46      2.54      3.07      3.15      3.33      2.30
  6757.00      2.41      2.44      2.35      2.71      2.51      2.55      2.39      2.56      3.02      3.15      3.33      2.24
  6758.00      2.42      2.43      2.34      2.67      2.54      2.55      2.35      2.60      2.96      3.16      3.33      2.16
  6759.00      2.37      2.42      2.30      2.62      2.55      2.51      2.31      2.61      2.90      3.14      3.29      2.03
  6760.00      2.39      2.45      2.32      2.63      2.62      2.51      2.34      2.66      2.89      3.18      3.30      1.86
  6761.00      2.36      2.41      2.30      2.57      2.60      2.45      2.31      2.60      2.83      3.16      3.22      1.56
  6762.00      2.32      2.36      2.35      2.55      2.58      2.39      2.30      2.55      2.79      3.16      3.15      1.29
  6763.00      2.24      2.27      2.37      2.48      2.51      2.30      2.25      2.48      2.75      3.11      3.06      1.13
  6764.00      1.37      1.39      1.50      1.53      1.53      1.41      1.39      1.52      1.72      1.94      1.89      0.66
  6765.00      0.91      0.92      1.00      1.02      1.00      0.93      0.92      1.01      1.15      1.30      1.24      0.46
  6766.00      1.37      1.40      1.48      1.56      1.50      1.42      1.40      1.53      1.75      1.96      1.84      0.80
  6767.00      2.27      2.30      2.41      2.55      2.47      2.33      2.31      2.53      2.88      3.16      2.97      1.51
  6768.00      2.44      2.44      2.56      2.67      2.62      2.46      2.45      2.69      3.08      3.30      3.12      1.84
  6769.00      2.56      2.47      2.61      2.66      2.66      2.48      2.49      2.70      3.14      3.29      3.14      2.08
  6770.00      2.60      2.46      2.58      2.60      2.63      2.46      2.47      2.64      3.11      3.23      3.09      2.22
  6771.00      2.59      2.43      2.53      2.54      2.58      2.46      2.45      2.55      3.06      3.17      3.02      2.33
  6772.00      2.62      2.45      2.52      2.54      2.55      2.51      2.47      2.54      3.07      3.21      3.05      2.47
  6773.00      2.63      2.45      2.55      2.54      2.51      2.54      2.47      2.56      3.07      3.28      3.09      2.60
  6774.00      2.62      2.40      2.59      2.52      2.46      2.50      2.43      2.55      3.04      3.33      3.09      2.70
  6775.00      2.60      2.37      2.64      2.54      2.47      2.49      2.43      2.58      3.02      3.39      3.10      2.82
  6776.00      2.54      2.36      2.66      2.54      2.51      2.47      2.44      2.59      2.98      3.41      3.10      2.90
  6777.00      2.48      2.39      2.62      2.56      2.53      2.46      2.47      2.59      2.97      3.40      3.13      2.95
  6778.00      2.45      2.43      2.56      2.57      2.54      2.47      2.52      2.57      2.97      3.38      3.16      2.98
  6779.00      2.46      2.45      2.52      2.59      2.58      2.51      2.58      2.56      3.01      3.38      3.21      3.03
  6780.00      2.45      2.42      2.50      2.59      2.60      2.54      2.61      2.54      3.04      3.35      3.24      3.06
  6781.00      2.40      2.37      2.46      2.58      2.58      2.54      2.63      2.52      3.05      3.31      3.29      3.00
  6782.00      2.38      2.37      2.45      2.61      2.57      2.56      2.67      2.53      3.09      3.30      3.37      2.93
  6783.00      2.37      2.39      2.43      2.64      2.53      2.56      2.69      2.54      3.10      3.28      3.43      2.90
  6784.00      2.34      2.36      2.39      2.64      2.45      2.51      2.64      2.52      3.06      3.19      3.41      2.91
  6785.00      2.33      2.32      2.39      2.65      2.41      2.46      2.59      2.52      3.01      3.12      3.38      2.95
  6786.00      2.28      2.24      2.36      2.60      2.35      2.37      2.51      2.47      2.90      3.02      3.27      2.93
  6787.00      2.32      2.25      2.40      2.63      2.40      2.37      2.52      2.50      2.89      3.04      3.26      3.00
  6788.00      2.36      2.27      2.43      2.65      2.47      2.39      2.55      2.54      2.88      3.10      3.24      3.08
  6789.00      2.38      2.29      2.42      2.62      2.51      2.39      2.57      2.55      2.84      3.13      3.18      3.11
  6790.00      2.40      2.30      2.40      2.59      2.52      2.37      2.56      2.55      2.81      3.15      3.12      3.08
  6791.00      2.47      2.34      2.44      2.61      2.53      2.38      2.58      2.56      2.84      3.20      3.10      3.02
  6792.00      2.51      2.34      2.46      2.62      2.51      2.37      2.60      2.56      2.89      3.20      3.09      2.96
  6793.00      2.51      2.33      2.47      2.63      2.52      2.36      2.63      2.57      2.94      3.18      3.12      2.96
  6794.00      2.50      2.32      2.47      2.62      2.56      2.38      2.70      2.60      2.99      3.17      3.15      2.98
  6795.00      2.50      2.34      2.44      2.60      2.59      2.41      2.76      2.61      3.03      3.16      3.17      3.00
  6796.00      2.50      2.36      2.39      2.59      2.59      2.43      2.74      2.61      3.04      3.12      3.16      3.01
  6797.00      2.48      2.36      2.39      2.59      2.57      2.45      2.71      2.61      3.04      3.08      3.15      3.05
  6798.00      2.45      2.33      2.43      2.58      2.54      2.47      2.66      2.61      3.02      3.04      3.12      3.12
  6799.00      2.41      2.29      2.48      2.56      2.52      2.48      2.59      2.57      3.00      3.00      3.07      3.16
  6800.00      2.43      2.30      2.54      2.54      2.57      2.50      2.54      2.56      3.01      3.00      3.06      3.20
  6801.00      2.40      2.28      2.51      2.46      2.59      2.48      2.49      2.53      2.95      2.94      3.01      3.18
  6802.00      2.39      2.30      2.50      2.47      2.65      2.48      2.50      2.56      2.93      2.95      3.02      3.19
  6803.00      2.37      2.27      2.49      2.47      2.66      2.44      2.48      2.56      2.90      2.95      3.01      3.15
  6804.00      2.32      2.19      2.44      2.44      2.61      2.35      2.40      2.51      2.82      2.90      2.95      3.03
  6805.00      2.30      2.13      2.40      2.43      2.55      2.26      2.33      2.46      2.76      2.84      2.88      2.88
  6806.00      2.45      2.22      2.50      2.57      2.64      2.32      2.43      2.58      2.89      2.98      3.01      2.92
  6807.00      2.51      2.25      2.52      2.61      2.63      2.33      2.44      2.61      2.93      3.02      3.04      2.87
  6808.00      2.51      2.27      2.50      2.61      2.57      2.33      2.43      2.60      2.91      3.01      3.02      2.80
  6809.00      2.47      2.30      2.49      2.61      2.52      2.32      2.43      2.58      2.87      2.98      3.00      2.77
  6810.00      2.43      2.33      2.48      2.62      2.47      2.31      2.43      2.56      2.82      2.93      2.97      2.76
  6811.00      2.42      2.34      2.47      2.64      2.47      2.32      2.44      2.57      2.81      2.90      2.96      2.77
  6812.00      2.46      2.31      2.48      2.65      2.47      2.32      2.44      2.58      2.80      2.87      2.95      2.76
  6813.00      2.50      2.30      2.50      2.66      2.47      2.34      2.45      2.60      2.81      2.86      2.97      2.74
  6814.00      2.50      2.30      2.53      2.67      2.46      2.36      2.45      2.62      2.82      2.88      3.01      2.70
  6815.00      2.47      2.31      2.54      2.70      2.47      2.38      2.46      2.65      2.84      2.90      3.06      2.65
  6816.00      2.43      2.33      2.54      2.76      2.49      2.40      2.49      2.66      2.86      2.93      3.15      2.64
  6817.00      2.45      2.34      2.54      2.85      2.51      2.43      2.52      2.66      2.84      2.97      3.25      2.66
  6818.00      2.50      2.36      2.53      2.90      2.50      2.46      2.53      2.64      2.79      2.97      3.32      2.71
  6819.00      2.56      2.37      2.52      2.93      2.50      2.49      2.56      2.63      2.78      2.95      3.37      2.81
  6820.00      2.58      2.34      2.53      2.89      2.51      2.50      2.59      2.61      2.77      2.89      3.40      2.89
  6821.00      2.54      2.30      2.57      2.82      2.53      2.48      2.62      2.62      2.78      2.85      3.44      2.99
  6822.00      2.51      2.30      2.60      2.76      2.56      2.45      2.65      2.65      2.82      2.85      3.51      3.07
  6823.00      2.46      2.32      2.58      2.70      2.56      2.38      2.64      2.65      2.86      2.82      3.50      3.06
  6824.00      2.46      2.38      2.55      2.65      2.52      2.31      2.60      2.65      2.87      2.79      3.49      3.02
  6825.00      2.50      2.43      2.55      2.62      2.49      2.28      2.56      2.67      2.86      2.80      3.52      3.00
  6826.00      2.49      2.40      2.50      2.55      2.43      2.21      2.48      2.62      2.78      2.79      3.51      2.93
  6827.00      2.45      2.32      2.44      2.48      2.40      2.13      2.42      2.55      2.68      2.76      3.47      2.83
  6828.00      2.43      2.28      2.41      2.43      2.42      2.10      2.39      2.52      2.64      2.73      3.47      2.76
  6829.00      2.40      2.22      2.31      2.34      2.38      2.05      2.32      2.44      2.58      2.62      3.39      2.67
  6830.00      2.46      2.25      2.31      2.33      2.42      2.09      2.35      2.43      2.64      2.56      3.45      2.70
  6831.00      2.19      2.03      2.06      2.10      2.15      1.88      2.12      2.16      2.42      2.19      3.13      2.43
  6832.00      1.84      1.74      1.76      1.85      1.81      1.61      1.84      1.85      2.13      1.76      2.72      2.07
  6833.00      2.13      2.05      2.13      2.28      2.14      1.90      2.21      2.21      2.57      1.95      3.24      2.44
  6834.00      2.27      2.20      2.31      2.50      2.30      2.04      2.40      2.37      2.78      1.95      3.50      2.57
  6835.00      1.70      1.61      1.70      1.84      1.70      1.46      1.76      1.75      2.05      1.31      2.60      1.84
  6836.00      1.24      1.15      1.19      1.28      1.20      1.02      1.23      1.26      1.44      0.87      1.84      1.25
  6837.00      1.72      1.56      1.59      1.71      1.62      1.37      1.65      1.72      1.92      1.12      2.48      1.60
  6838.00      2.30      2.06      2.12      2.26      2.13      1.82      2.18      2.32      2.53      1.48      3.30      2.01
  6839.00      2.50      2.24      2.33      2.47      2.28      1.99      2.37      2.55      2.75      1.65      3.64      2.09
  6840.00      2.56      2.28      2.35      2.55      2.27      2.06      2.42      2.60      2.80      1.75      3.77      2.02
  6841.00      2.41      2.12      2.16      2.38      2.11      1.96      2.26      2.40      2.59      1.72      3.60      1.75
  6842.00      2.10      1.85      1.86      2.09      1.87      1.76      2.00      2.11      2.26      1.58      3.25      1.41
  6843.00      1.93      1.72      1.69      1.94      1.78      1.68      1.88      1.98      2.10      1.52      3.08      1.21
  6844.00      1.51      1.34      1.32      1.52      1.44      1.35      1.50      1.57      1.65      1.21      2.46      0.87
  6845.00      1.99      1.77      1.76      2.02      1.96      1.79      2.00      2.09      2.17      1.60      3.25      1.07
  6846.00      2.47      2.24      2.22      2.53      2.47      2.23      2.50      2.59      2.70      1.98      4.04      1.28
  6847.00      2.49      2.29      2.29      2.58      2.52      2.24      2.54      2.61      2.76      2.00      4.10      1.30
  6848.00      2.51      2.35      2.35      2.59      2.54      2.22      2.58      2.60      2.80      2.04      4.12      1.40
  6849.00      2.56      2.38      2.42      2.61      2.53      2.23      2.62      2.59      2.84      2.12      4.14      1.56
  6850.00      2.57      2.36      2.44      2.60      2.49      2.20      2.61      2.57      2.82      2.24      4.09      1.72
  6851.00      2.48      2.28      2.40      2.54      2.41      2.13      2.53      2.50      2.72      2.39      3.94      1.85
  6852.00      2.27      2.08      2.22      2.37      2.22      1.97      2.34      2.31      2.51      2.47      3.62      1.86
  6853.00      2.37      2.18      2.31      2.46      2.30      2.06      2.42      2.39      2.62      2.86      3.72      2.06
  6854.00      2.51      2.30      2.40      2.54      2.40      2.15      2.48      2.47      2.72      3.25      3.83      2.22
  6855.00      2.59      2.39      2.44      2.57      2.46      2.21      2.53      2.53      2.79      3.54      3.89      2.28
  6856.00      2.61      2.44      2.46      2.57      2.49      2.27      2.58      2.57      2.85      3.74      3.92      2.27
  6857.00      2.53      2.41      2.40      2.52      2.47      2.28      2.57      2.57      2.86      3.77      3.86      2.17
  6858.00      2.38      2.35      2.31      2.44      2.41      2.27      2.49      2.53      2.82      3.64      3.73      2.00
  6859.00      2.37      2.37      2.34      2.46      2.43      2.35      2.50      2.58      2.86      3.61      3.72      1.90
  6860.00      2.42      2.38      2.41      2.49      2.48      2.41      2.48      2.61      2.89      3.58      3.70      1.81
  6861.00      2.46      2.33      2.45      2.51      2.50      2.41      2.40      2.60      2.88      3.50      3.63      1.71
  6862.00      2.48      2.29      2.44      2.50      2.48      2.37      2.29      2.57      2.85      3.40      3.53      1.66
  6863.00      2.43      2.24      2.36      2.46      2.43      2.30      2.16      2.52      2.80      3.28      3.40      1.63
  6864.00      2.24      2.10      2.15      2.29      2.25      2.13      1.93      2.35      2.61      3.04      3.11      1.61
  6865.00      1.03      0.96      0.98      1.05      1.02      0.98      0.84      1.08      1.20      1.40      1.43      0.80
  6866.00      0.63      0.58      0.60      0.63      0.62      0.60      0.48      0.66      0.72      0.85      0.86      0.54
  6867.00      0.99      0.90      0.95      0.99      0.96      0.94      0.67      1.03      1.10      1.31      1.34      0.91
  6868.00      2.01      1.80      1.91      1.97      1.89      1.88      1.22      2.06      2.15      2.58      2.63      1.99
  6869.00      2.02      1.81      1.91      1.94      1.87      1.86      1.10      2.05      2.11      2.58      2.64      2.19
  6870.00      1.87      1.74      1.79      1.79      1.77      1.75      0.95      1.93      1.99      2.49      2.55      2.30
  6871.00      2.10      2.02      2.05      2.03      2.05      2.03      1.07      2.23      2.33      2.97      3.02      2.88
  6872.00      1.62      1.58      1.60      1.60      1.59      1.59      0.84      1.74      1.85      2.42      2.42      2.39
  6873.00      1.12      1.08      1.09      1.13      1.09      1.11      0.60      1.20      1.29      1.73      1.70      1.70
  6874.00      1.65      1.59      1.59      1.74      1.59      1.66      0.96      1.78      1.91      2.65      2.51      2.53
  6875.00      2.34      2.30      2.28      2.55      2.24      2.39      1.54      2.57      2.73      3.88      3.55      3.55
  6876.00      2.35      2.31      2.33      2.57      2.22      2.41      1.73      2.61      2.75      4.01      3.51      3.47
  6877.00      2.29      2.24      2.33      2.50      2.15      2.36      1.88      2.59      2.69      3.99      3.37      3.29
  6878.00      2.15      2.06      2.20      2.33      2.01      2.21      1.91      2.45      2.52      3.76      3.13      3.00
  6879.00      1.91      1.78      1.90      2.03      1.76      1.94      1.78      2.14      2.20      3.25      2.70      2.54
  6880.00      2.19      2.00      2.06      2.24      1.99      2.19      2.07      2.36      2.43      3.48      2.99      2.77
  6881.00      2.56      2.37      2.35      2.61      2.36      2.60      2.48      2.71      2.83      3.87      3.49      3.21
  6882.00      2.02      1.92      1.86      2.10      1.94      2.14      2.04      2.14      2.29      3.02      2.86      2.60
  6883.00      1.50      1.47      1.42      1.62      1.52      1.66      1.58      1.61      1.77      2.26      2.24      2.01
  6884.00      1.86      1.82      1.78      2.03      1.93      2.06      1.96      1.98      2.22      2.72      2.82      2.51
  6885.00      2.29      2.20      2.20      2.50      2.37      2.48      2.36      2.40      2.70      3.24      3.45      3.13
  6886.00      2.38      2.24      2.29      2.57      2.43      2.50      2.39      2.47      2.78      3.27      3.56      3.31
  6887.00      2.32      2.13      2.23      2.49      2.33      2.37      2.29      2.40      2.69      3.12      3.43      3.31
  6888.00      2.11      1.90      2.00      2.24      2.08      2.09      2.04      2.17      2.42      2.77      3.07      3.06
  6889.00      1.85      1.69      1.79      1.96      1.81      1.79      1.79      1.94      2.12      2.40      2.69      2.71
  6890.00      1.65      1.56      1.65      1.75      1.62      1.57      1.62      1.76      1.92      2.13      2.42      2.41
  6891.00      1.47      1.41      1.50      1.57      1.45      1.39      1.45      1.59      1.73      1.91      2.16      2.11
  6892.00      2.00      1.92      2.09      2.14      1.97      1.89      1.97      2.18      2.36      2.59      2.91      2.73
  6893.00      2.39      2.24      2.49      2.53      2.31      2.22      2.29      2.57      2.78      3.05      3.40      3.05
  6894.00      2.45      2.26      2.54      2.58      2.35      2.26      2.30      2.62      2.83      3.12      3.50      3.00
  6895.00      2.28      2.09      2.36      2.38      2.17      2.12      2.12      2.43      2.62      2.89      3.28      2.72
  6896.00      1.55      1.44      1.61      1.63      1.50      1.47      1.48      1.68      1.81      1.99      2.30      1.86
  6897.00      1.68      1.64      1.82      1.81      1.70      1.66      1.71      1.88      2.03      2.21      2.61      2.05
  6898.00      2.37      2.43      2.69      2.62      2.50      2.43      2.56      2.74      2.96      3.21      3.82      2.92
  6899.00      2.35      2.47      2.68      2.60      2.50      2.42      2.63      2.74      2.96      3.22      3.85      2.85
  6900.00      1.94      2.02      2.15      2.11      2.03      1.97      2.24      2.23      2.40      2.67      3.13      2.25
  6901.00      2.14      2.13      2.29      2.29      2.18      2.13      2.55      2.42      2.56      2.93      3.33      2.39
  6902.00      2.33      2.23      2.45      2.48      2.36      2.31      2.88      2.62      2.72      3.18      3.58      2.59
  6903.00      2.06      1.90      2.16      2.16      2.06      2.02      2.61      2.30      2.34      2.78      3.13      2.30
  6904.00      2.04      1.84      2.09      2.07      2.01      1.96      2.58      2.24      2.24      2.65      3.02      2.29
  6905.00      2.04      1.83      2.01      2.00      1.98      1.91      2.54      2.19      2.17      2.54      2.93      2.31
  6906.00      2.62      2.36      2.54      2.53      2.54      2.41      3.15      2.76      2.76      3.20      3.69      2.99
  6907.00      2.80      2.52      2.70      2.71      2.72      2.57      3.26      2.93      2.99      3.44      3.97      3.24
  6908.00      2.63      2.35      2.54      2.59      2.59      2.43      2.91      2.73      2.86      3.29      3.77      3.05
  6909.00      2.52      2.26      2.48      2.56      2.55      2.38      2.66      2.62      2.82      3.25      3.67      2.94
  6910.00      2.50      2.25      2.49      2.58      2.58      2.40      2.50      2.58      2.84      3.26      3.65      2.86
  6911.00      2.53      2.26      2.50      2.59      2.59      2.42      2.39      2.55      2.86      3.25      3.65      2.75
  6912.00      2.61      2.29      2.56      2.60      2.60      2.45      2.35      2.55      2.89      3.24      3.70      2.70
  6913.00      2.58      2.22      2.51      2.47      2.52      2.38      2.26      2.47      2.79      3.10      3.60      2.59
  6914.00      2.46      2.12      2.43      2.32      2.42      2.29      2.18      2.38      2.67      2.96      3.46      2.47
  6915.00      2.60      2.32      2.62      2.47      2.66      2.49      2.40      2.59      2.90      3.19      3.74      2.70
  6916.00      2.67      2.46      2.72      2.57      2.81      2.62      2.52      2.71      3.06      3.33      3.92      2.86
  6917.00      2.48      2.33      2.52      2.40      2.64      2.44      2.34      2.53      2.86      3.11      3.66      2.70
  6918.00      2.31      2.17      2.33      2.25      2.45      2.26      2.15      2.35      2.67      2.88      3.38      2.52
  6919.00      2.15      2.03      2.19      2.13      2.27      2.09      1.99      2.18      2.52      2.68      3.09      2.35
  6920.00      2.45      2.36      2.60      2.49      2.62      2.42      2.29      2.54      2.95      3.14      3.49      2.70
  6921.00      2.56      2.49      2.79      2.60      2.75      2.54      2.41      2.71      3.09      3.38      3.58      2.82
  6922.00      2.43      2.34      2.64      2.41      2.57      2.37      2.25      2.59      2.88      3.22      3.26      2.62
  6923.00      2.28      2.17      2.40      2.21      2.34      2.15      2.04      2.41      2.64      2.99      2.89      2.36
  6924.00      1.17      1.11      1.18      1.12      1.17      1.06      0.99      1.21      1.31      1.51      1.38      1.14
  6925.00      0.74      0.71      0.73      0.71      0.74      0.66      0.61      0.76      0.81      0.95      0.81      0.68
  6926.00      1.18      1.16      1.18      1.17      1.21      1.08      0.99      1.24      1.30      1.54      1.23      1.05
  6927.00      2.26      2.33      2.39      2.36      2.42      2.22      2.00      2.50      2.61      3.08      2.30      1.98
  6928.00      2.26      2.37      2.46      2.41      2.46      2.31      2.05      2.58      2.70      3.19      2.17      1.93
  6929.00      2.19      2.24      2.37      2.34      2.35      2.23      1.98      2.51      2.61      3.10      1.91      1.78
  6930.00      2.32      2.27      2.45      2.44      2.41      2.32      2.05      2.61      2.70      3.21      1.80      1.73
  6931.00      2.43      2.30      2.51      2.51      2.47      2.39      2.10      2.71      2.79      3.29      1.71      1.63
  6932.00      2.45      2.29      2.49      2.49      2.47      2.39      2.11      2.69      2.80      3.27      1.61      1.47
  6933.00      2.52      2.34      2.51      2.47      2.48      2.41      2.15      2.67      2.82      3.27      1.58      1.33
  6934.00      2.55      2.38      2.54      2.47      2.49      2.41      2.17      2.64      2.84      3.26      1.60      1.21
  6935.00      2.53      2.38      2.55      2.48      2.49      2.38      2.16      2.61      2.85      3.26      1.70      1.09
  6936.00      2.51      2.38      2.55      2.51      2.50      2.37      2.15      2.60      2.86      3.27      1.90      0.99
  6937.00      2.52      2.37      2.51      2.50      2.52      2.37      2.13      2.60      2.86      3.27      2.18      0.92
  6938.00      2.57      2.37      2.43      2.46      2.52      2.39      2.10      2.60      2.83      3.26      2.54      0.87
  6939.00      2.61      2.34      2.37      2.41      2.50      2.39      2.08      2.61      2.79      3.24      2.88      0.86
  6940.00      2.60      2.29      2.33      2.38      2.48      2.36      2.04      2.60      2.72      3.21      3.15      0.91
  6941.00      2.58      2.27      2.32      2.37      2.49      2.33      2.01      2.61      2.66      3.18      3.37      1.01
  6942.00      2.56      2.32      2.33      2.37      2.52      2.32      1.98      2.64      2.62      3.17      3.54      1.21
  6943.00      2.48      2.31      2.29      2.28      2.51      2.27      1.91      2.58      2.55      3.08      3.55      1.42
  6944.00      2.31      2.18      2.20      2.15      2.42      2.21      1.81      2.44      2.42      2.93      3.40      1.57
  6945.00      2.39      2.22      2.33      2.29      2.55      2.40      1.93      2.55      2.56      3.08      3.57      1.85
  6946.00      2.47      2.23      2.46      2.43      2.66      2.57      2.05      2.65      2.70      3.20      3.73      2.11
  6947.00      2.47      2.25      2.51      2.46      2.67      2.63      2.11      2.68      2.76      3.23      3.79      2.25
  6948.00      2.38      2.25      2.47      2.38      2.61      2.59      2.09      2.65      2.73      3.20      3.75      2.30
  6949.00      2.12      2.08      2.22      2.10      2.36      2.32      1.88      2.43      2.47      2.93      3.41      2.16
  6950.00      1.03      1.00      1.06      0.98      1.13      1.10      0.88      1.18      1.18      1.42      1.66      1.07
  6951.00      0.66      0.61      0.66      0.60      0.70      0.68      0.53      0.73      0.72      0.87      1.05      0.68
  6952.00      1.11      0.99      1.09      0.95      1.14      1.10      0.84      1.17      1.16      1.39      1.72      1.09
  6953.00      2.34      2.09      2.26      1.94      2.37      2.28      1.71      2.39      2.37      2.78      3.53      2.22
  6954.00      2.51      2.27      2.41      2.03      2.53      2.44      1.82      2.52      2.49      2.89      3.77      2.30
  6955.00      2.49      2.32      2.41      2.05      2.50      2.48      1.83      2.53      2.45      2.85      3.85      2.25
  6956.00      2.40      2.30      2.37      2.05      2.41      2.45      1.79      2.49      2.36      2.80      3.88      2.20
  6957.00      2.30      2.22      2.29      2.02      2.29      2.38      1.70      2.42      2.23      2.75      3.88      2.14
  6958.00      2.33      2.23      2.30      2.07      2.27      2.38      1.63      2.45      2.21      2.83      4.06      2.18
  6959.00      2.40      2.27      2.35      2.18      2.34      2.44      1.57      2.51      2.24      2.97      4.33      2.27
  6960.00      2.46      2.27      2.39      2.30      2.42      2.48      1.49      2.54      2.25      3.07      4.60      2.32
  6961.00      2.35      2.19      2.32      2.32      2.35      2.40      1.35      2.42      2.12      2.98      4.57      2.21
  6962.00      2.38      2.24      2.36      2.44      2.40      2.46      1.31      2.44      2.07      3.03      4.64      2.21
  6963.00      2.50      2.36      2.44      2.58      2.51      2.58      1.30      2.53      2.02      3.17      4.74      2.26
  6964.00      2.55      2.42      2.44      2.62      2.54      2.61      1.24      2.57      1.90      3.23      4.65      2.27
  6965.00      2.53      2.39      2.39      2.58      2.49      2.58      1.16      2.56      1.72      3.23      4.42      2.26
  6966.00      2.52      2.35      2.36      2.53      2.44      2.58      1.11      2.53      1.55      3.22      4.18      2.28
  6967.00      2.50      2.25      2.30      2.42      2.33      2.52      1.06      2.44      1.39      3.13      3.87      2.24
  6968.00      2.50      2.21      2.28      2.34      2.28      2.49      1.09      2.39      1.29      3.10      3.68      2.22
  6969.00      2.62      2.31      2.40      2.42      2.39      2.63      1.26      2.48      1.33      3.24      3.75      2.35
  6970.00      2.60      2.34      2.42      2.44      2.42      2.68      1.41      2.47      1.38      3.27      3.73      2.40
  6971.00      1.88      1.71      1.77      1.81      1.79      1.98      1.14      1.79      1.09      2.39      2.74      1.80
  6972.00      1.32      1.20      1.25      1.30      1.29      1.42      0.88      1.26      0.84      1.69      1.95      1.33
  6973.00      1.85      1.69      1.74      1.84      1.83      2.05      1.33      1.77      1.31      2.34      2.75      1.98
  6974.00      2.49      2.22      2.30      2.46      2.44      2.81      1.81      2.38      1.91      3.08      3.65      2.84
  6975.00      2.54      2.19      2.27      2.43      2.42      2.86      1.78      2.39      2.09      3.04      3.63      3.09
  6976.00      2.67      2.24      2.29      2.47      2.46      2.96      1.73      2.46      2.32      3.08      3.68      3.44
  6977.00      2.69      2.20      2.20      2.41      2.43      2.91      1.63      2.42      2.40      3.02      3.58      3.67
  6978.00      2.74      2.18      2.15      2.38      2.46      2.86      1.61      2.43      2.49      3.03      3.53      3.99
  6979.00      2.38      1.81      1.79      1.97      2.10      2.37      1.38      2.06      2.16      2.57      2.98      3.73
  6980.00      1.87      1.36      1.37      1.46      1.60      1.76      1.11      1.56      1.66      1.96      2.28      3.15
  6981.00      2.54      1.79      1.83      1.89      2.11      2.28      1.60      2.05      2.17      2.56      3.00      4.50
  6982.00      3.15      2.16      2.24      2.26      2.59      2.73      2.14      2.49      2.60      3.08      3.64      5.85
  6983.00      3.19      2.19      2.25      2.23      2.64      2.72      2.37      2.49      2.64      3.08      3.66      6.30
  6984.00      3.19      2.24      2.23      2.19      2.68      2.69      2.58      2.47      2.67      3.07      3.62      6.63
  6985.00      3.15      2.29      2.20      2.15      2.68      2.63      2.73      2.45      2.65      3.04      3.55      6.80
  6986.00      3.06      2.33      2.21      2.14      2.65      2.60      2.83      2.47      2.66      3.03      3.51      6.82
  6987.00      2.96      2.30      2.22      2.15      2.59      2.56      2.85      2.49      2.67      3.02      3.48      6.67
  6988.00      2.80      2.14      2.16      2.10      2.44      2.44      2.73      2.42      2.59      2.90      3.37      6.13
  6989.00      2.77      2.09      2.19      2.17      2.41      2.44      2.71      2.45      2.60      2.90      3.44      5.67
  6990.00      2.84      2.18      2.31      2.34      2.48      2.54      2.80      2.56      2.72      2.99      3.62      5.33
  6991.00      2.84      2.25      2.37      2.43      2.50      2.58      2.82      2.60      2.75      2.99      3.70      4.79
  6992.00      2.79      2.28      2.36      2.45      2.47      2.56      2.77      2.58      2.71      2.92      3.67      4.53
  6993.00      2.78      2.32      2.38      2.49      2.48      2.59      2.76      2.62      2.69      2.89      3.71      5.45
  6994.00      2.69      2.31      2.37      2.50      2.48      2.59      2.72      2.64      2.63      2.84      3.69      7.50
  6995.00      2.61      2.33      2.41      2.54      2.52      2.65      2.73      2.70      2.65      2.82      3.72     11.80
  6996.00      2.57      2.34      2.42      2.57      2.53      2.69      2.72      2.72      2.65      2.80      3.71     16.92
  6997.00      2.46      2.28      2.35      2.52      2.50      2.69      2.66      2.64      2.61      2.71      3.64     21.57
  6998.00      2.30      2.16      2.22      2.42      2.44      2.58      2.55      2.50      2.52      2.54      3.50     25.31
  6999.00      2.10      2.02      2.05      2.29      2.34      2.41      2.40      2.31      2.39      2.29      3.28     27.73
  7000.00      2.23      2.18      2.20      2.48      2.58      2.56      2.58      2.48      2.60      2.31      3.51     30.91
  7001.00      2.35      2.30      2.30      2.59      2.72      2.59      2.67      2.56      2.67      2.20      3.65     32.18
  7002.00      2.36      2.31      2.28      2.55      2.68      2.47      2.60      2.52      2.58      1.93      3.61     30.98
  7003.00      2.24      2.23      2.18      2.40      2.51      2.29      2.42      2.40      2.40      1.63      3.45     28.30
  7004.00      2.19      2.22      2.17      2.39      2.44      2.28      2.36      2.41      2.35      1.47      3.47     25.86
  7005.00      2.00      2.02      2.00      2.22      2.20      2.11      2.14      2.25      2.14      1.27      3.25     22.26
  7006.00      1.67      1.64      1.63      1.83      1.77      1.76      1.74      1.87      1.74      0.99      2.70     17.46
  7007.00      2.14      1.99      1.98      2.23      2.14      2.20      2.13      2.29      2.09      1.20      3.30     17.81
  7008.00      2.55      2.30      2.28      2.57      2.44      2.56      2.47      2.63      2.34      1.40      3.77     17.33
  7009.00      2.62      2.35      2.35      2.66      2.48      2.62      2.54      2.66      2.30      1.50      3.82     15.70
  7010.00      2.60      2.34      2.36      2.69      2.48      2.61      2.57      2.64      2.18      1.63      3.82     13.97
  7011.00      2.51      2.30      2.31      2.64      2.43      2.54      2.53      2.59      1.99      1.83      3.76     12.25
  7012.00      2.07      1.94      1.94      2.20      2.05      2.11      2.12      2.19      1.55      1.79      3.17      9.52
  7013.00      1.60      1.55      1.52      1.71      1.65      1.66      1.67      1.74      1.16      1.67      2.51      6.88
  7014.00      1.98      1.96      1.93      2.12      2.13      2.10      2.13      2.20      1.42      2.43      3.13      7.54
  7015.00      2.32      2.31      2.33      2.50      2.57      2.50      2.54      2.62      1.71      3.23      3.67      7.88
  7016.00      2.32      2.32      2.35      2.49      2.59      2.51      2.54      2.63      1.80      3.55      3.67      7.24
  7017.00      2.37      2.37      2.40      2.52      2.63      2.54      2.57      2.68      1.97      3.82      3.74      6.77
  7018.00      2.44      2.42      2.47      2.56      2.64      2.56      2.59      2.69      2.18      3.98      3.80      6.35
  7019.00      2.49      2.44      2.52      2.60      2.62      2.57      2.58      2.68      2.37      4.00      3.81      5.93
  7020.00      2.45      2.38      2.51      2.57      2.56      2.54      2.51      2.63      2.51      3.87      3.73      5.45
  7021.00      2.37      2.30      2.47      2.48      2.49      2.49      2.43      2.55      2.59      3.68      3.62      5.01
  7022.00      2.32      2.26      2.41      2.42      2.47      2.49      2.38      2.52      2.69      3.53      3.57      4.71
  7023.00      2.30      2.24      2.38      2.40      2.51      2.53      2.39      2.56      2.80      3.44      3.60      4.54
  7024.00      2.29      2.24      2.37      2.42      2.54      2.53      2.41      2.63      2.89      3.36      3.65      4.42
  7025.00      2.30      2.26      2.39      2.49      2.59      2.51      2.44      2.69      2.96      3.30      3.70      4.32
  7026.00      2.27      2.24      2.40      2.54      2.58      2.44      2.43      2.69      2.96      3.21      3.69      4.18
  7027.00      2.19      2.20      2.36      2.53      2.55      2.33      2.38      2.64      2.92      3.08      3.62      4.04
  7028.00      2.15      2.21      2.37      2.56      2.60      2.31      2.39      2.66      2.96      3.06      3.62      4.05
  7029.00      2.06      2.19      2.35      2.53      2.61      2.30      2.37      2.63      2.96      3.03      3.58      4.02
  7030.00      1.95      2.19      2.31      2.48      2.57      2.29      2.36      2.59      2.94      3.01      3.54      3.95
  7031.00      1.84      2.22      2.30      2.49      2.56      2.30      2.37      2.57      2.92      3.03      3.56      3.92
  7032.00      1.80      2.25      2.35      2.54      2.61      2.36      2.41      2.59      2.92      3.10      3.67      3.95
  7033.00      1.83      2.24      2.42      2.55      2.64      2.41      2.44      2.60      2.89      3.16      3.78      3.98
  7034.00      1.86      2.22      2.50      2.53      2.67      2.47      2.44      2.63      2.84      3.24      3.86      4.00
  7035.00      1.86      2.24      2.52      2.50      2.67      2.51      2.43      2.64      2.79      3.27      3.88      4.00
  7036.00      1.86      2.27      2.47      2.47      2.66      2.52      2.40      2.64      2.75      3.25      3.87      3.96
  7037.00      1.91      2.28      2.39      2.48      2.65      2.52      2.37      2.65      2.75      3.21      3.85      3.96
  7038.00      2.05      2.29      2.35      2.52      2.66      2.52      2.37      2.67      2.80      3.21      3.86      3.99
  7039.00      2.18      2.28      2.36      2.51      2.66      2.50      2.38      2.68      2.86      3.21      3.86      4.01
  7040.00      2.28      2.25      2.39      2.50      2.63      2.45      2.38      2.67      2.91      3.19      3.85      4.02
  7041.00      2.33      2.22      2.40      2.49      2.56      2.40      2.36      2.62      2.90      3.14      3.84      4.01
  7042.00      2.27      2.14      2.32      2.44      2.43      2.28      2.26      2.50      2.78      3.01      3.72      3.90
  7043.00      2.15      2.03      2.19      2.32      2.29      2.12      2.11      2.33      2.60      2.82      3.51      3.71
  7044.00      2.32      2.20      2.33      2.48      2.46      2.25      2.24      2.45      2.75      3.01      3.73      3.99
  7045.00      2.42      2.28      2.38      2.54      2.54      2.33      2.32      2.51      2.84      3.13      3.84      4.16
  7046.00      2.39      2.23      2.31      2.46      2.46      2.30      2.30      2.46      2.80      3.11      3.76      4.08
  7047.00      2.21      2.00      2.08      2.23      2.23      2.11      2.13      2.25      2.56      2.89      3.42      3.71
  7048.00      2.02      1.78      1.87      2.01      2.01      1.92      1.95      2.05      2.30      2.62      3.07      3.32
  7049.00      1.85      1.62      1.73      1.83      1.85      1.77      1.81      1.90      2.08      2.38      2.81      3.01
  7050.00      1.66      1.48      1.59      1.65      1.70      1.60      1.64      1.74      1.85      2.13      2.58      2.71
  7051.00      1.92      1.74      1.88      1.92      2.00      1.88      1.90      2.05      2.14      2.44      3.03      3.14
  7052.00      2.32      2.11      2.27      2.34      2.41      2.28      2.26      2.47      2.57      2.87      3.65      3.78
  7053.00      2.40      2.22      2.38      2.48      2.49      2.40      2.34      2.57      2.70      2.92      3.79      3.96
  7054.00      2.41      2.27      2.40      2.54      2.53      2.46      2.36      2.59      2.78      2.89      3.79      4.03
  7055.00      2.48      2.34      2.42      2.58      2.57      2.52      2.38      2.61      2.85      2.89      3.77      4.09
  7056.00      2.54      2.32      2.40      2.54      2.53      2.51      2.35      2.58      2.84      2.85      3.68      4.04
  7057.00      2.58      2.30      2.37      2.52      2.49      2.51      2.34      2.57      2.82      2.84      3.63      4.01
  7058.00      2.57      2.28      2.37      2.55      2.45      2.52      2.34      2.56      2.80      2.86      3.62      3.99
  7059.00      2.56      2.28      2.42      2.67      2.44      2.57      2.35      2.59      2.80      2.92      3.67      4.02
  7060.00      2.54      2.29      2.45      2.81      2.46      2.62      2.36      2.62      2.80      2.97      3.72      4.04
  7061.00      2.51      2.31      2.47      2.94      2.47      2.65      2.37      2.63      2.81      2.99      3.73      4.06
  7062.00      2.48      2.30      2.45      3.02      2.47      2.66      2.36      2.61      2.81      2.98      3.72      4.08
  7063.00      2.44      2.27      2.40      3.03      2.46      2.65      2.33      2.59      2.82      2.98      3.70      4.08
  7064.00      2.40      2.21      2.36      3.01      2.45      2.61      2.31      2.60      2.86      3.00      3.71      4.06
  7065.00      2.36      2.19      2.36      2.97      2.47      2.56      2.32      2.62      2.91      3.03      3.73      4.05
  7066.00      2.29      2.13      2.30      2.80      2.43      2.45      2.27      2.57      2.86      2.99      3.66      3.93
  7067.00      2.26      2.08      2.22      2.59      2.37      2.32      2.19      2.48      2.73      2.90      3.52      3.76
  7068.00      1.99      1.79      1.90      2.14      2.03      1.95      1.86      2.12      2.31      2.49      3.00      3.20
  7069.00      1.98      1.74      1.86      2.03      1.99      1.89      1.80      2.07      2.23      2.44      2.90      3.10
  7070.00      2.42      2.09      2.27      2.41      2.41      2.28      2.16      2.48      2.68      2.94      3.45      3.68
  7071.00      2.60      2.29      2.50      2.58      2.64      2.46      2.34      2.68      2.93      3.20      3.73      3.98
  7072.00      2.51      2.33      2.50      2.56      2.67      2.46      2.35      2.68      2.96      3.25      3.74      3.99
  7073.00      2.40      2.36      2.47      2.53      2.65      2.48      2.38      2.67      2.97      3.27      3.75      3.96
  7074.00      2.34      2.35      2.44      2.48      2.60      2.47      2.40      2.65      2.94      3.26      3.71      3.88
  7075.00      2.33      2.32      2.42      2.43      2.53      2.46      2.40      2.62      2.89      3.23      3.67      3.81
  7076.00      2.34      2.33      2.42      2.41      2.51      2.49      2.41      2.64      2.87      3.23      3.67      3.80
  7077.00      2.37      2.34      2.42      2.42      2.54      2.54      2.40      2.68      2.89      3.25      3.68      3.81
  7078.00      2.42      2.32      2.42      2.41      2.59      2.61      2.38      2.70      2.90      3.25      3.71      3.81
  7079.00      2.46      2.28      2.42      2.37      2.59      2.65      2.36      2.67      2.86      3.21      3.69      3.76
  7080.00      2.49      2.27      2.44      2.35      2.58      2.75      2.39      2.64      2.83      3.19      3.68      3.76
  7081.00      2.46      2.25      2.44      2.29      2.55      2.82      2.40      2.59      2.77      3.14      3.64      3.75
  7082.00      2.42      2.26      2.42      2.27      2.51      2.89      2.41      2.56      2.72      3.11      3.61      3.72
  7083.00      2.31      2.16      2.31      2.20      2.37      2.83      2.30      2.43      2.59      2.96      3.47      3.54
  7084.00      2.05      1.91      2.06      1.97      2.08      2.56      2.03      2.15      2.29      2.62      3.11      3.14
  7085.00      2.05      1.91      2.07      2.03      2.09      2.60      2.04      2.18      2.31      2.65      3.17      3.20
  7086.00      2.29      2.18      2.34      2.38      2.39      2.95      2.35      2.52      2.64      3.04      3.66      3.70
  7087.00      2.40      2.30      2.42      2.53      2.54      3.02      2.49      2.66      2.76      3.22      3.90      3.93
  7088.00      2.42      2.30      2.35      2.50      2.51      2.85      2.47      2.63      2.69      3.18      3.86      3.90
  7089.00      2.41      2.26      2.25      2.41      2.41      2.61      2.38      2.55      2.58      3.09      3.72      3.83
  7090.00      2.21      2.03      1.98      2.15      2.15      2.20      2.12      2.30      2.32      2.81      3.31      3.54
  7091.00      1.96      1.79      1.72      1.92      1.92      1.84      1.87      2.05      2.08      2.54      2.92      3.23
  7092.00      2.18      1.96      1.93      2.19      2.16      1.97      2.09      2.28      2.36      2.88      3.24      3.64
  7093.00      2.39      2.15      2.17      2.45      2.40      2.10      2.28      2.48      2.61      3.19      3.55      4.01
  7094.00      2.49      2.25      2.31      2.54      2.52      2.12      2.34      2.53      2.69      3.27      3.66      4.10
  7095.00      2.58      2.31      2.36      2.55      2.55      2.10      2.35      2.51      2.72      3.23      3.70      4.08
  7096.00      2.63      2.30      2.32      2.55      2.55      2.05      2.35      2.47      2.71      3.14      3.73      3.99
  7097.00      2.70      2.27      2.27      2.60      2.56      1.98      2.38      2.45      2.70      3.08      3.78      3.91
  7098.00      2.79      2.25      2.27      2.70      2.58      1.93      2.44      2.46      2.72      3.07      3.85      3.88
  7099.00      2.73      2.15      2.21      2.63      2.47      1.78      2.37      2.38      2.62      2.94      3.73      3.69
  7100.00      2.76      2.17      2.25      2.61      2.44      1.71      2.36      2.40      2.63      2.94      3.72      3.67
  7101.00      2.89      2.29      2.37      2.65      2.53      1.74      2.42      2.53      2.75      3.08      3.85      3.81
  7102.00      2.85      2.30      2.36      2.55      2.53      1.75      2.37      2.53      2.73      3.10      3.80      3.80
  7103.00      2.79      2.30      2.33      2.47      2.54      1.83      2.34      2.53      2.74      3.13      3.76      3.80
  7104.00      2.78      2.31      2.34      2.45      2.58      2.01      2.36      2.55      2.77      3.20      3.77      3.85
  7105.00      2.79      2.29      2.37      2.44      2.56      2.20      2.38      2.56      2.79      3.26      3.77      3.87
  7106.00      2.77      2.26      2.41      2.42      2.51      2.38      2.39      2.56      2.79      3.30      3.76      3.87
  7107.00      2.67      2.25      2.43      2.39      2.45      2.49      2.39      2.55      2.76      3.31      3.70      3.83
  7108.00      2.58      2.26      2.45      2.39      2.44      2.56      2.41      2.55      2.75      3.33      3.65      3.79
  7109.00      2.53      2.27      2.47      2.40      2.47      2.61      2.43      2.59      2.74      3.35      3.64      3.77
  7110.00      2.51      2.28      2.46      2.40      2.50      2.63      2.46      2.64      2.73      3.36      3.66      3.77
  7111.00      2.44      2.28      2.44      2.39      2.49      2.61      2.46      2.66      2.73      3.34      3.66      3.75
  7112.00      2.34      2.26      2.42      2.37      2.45      2.55      2.44      2.66      2.71      3.28      3.65      3.71
  7113.00      2.27      2.23      2.39      2.39      2.44      2.48      2.41      2.66      2.72      3.23      3.66      3.69
  7114.00      2.21      2.13      2.31      2.35      2.39      2.34      2.31      2.56      2.66      3.08      3.58      3.58
  7115.00      2.28      2.15      2.34      2.43      2.46      2.33      2.34      2.58      2.72      3.09      3.64      3.63
  7116.00      2.38      2.23      2.41      2.53      2.58      2.38      2.41      2.64      2.82      3.17      3.72      3.75
  7117.00      2.42      2.26      2.42      2.51      2.60      2.38      2.40      2.61      2.80      3.18      3.69      3.75
  7118.00      2.44      2.27      2.43      2.50      2.60      2.40      2.41      2.60      2.78      3.21      3.67      3.74
  7119.00      2.42      2.26      2.46      2.51      2.61      2.45      2.44      2.61      2.80      3.27      3.68      3.74
  7120.00      2.32      2.23      2.47      2.52      2.62      2.48      2.46      2.61      2.82      3.31      3.65      3.73
  7121.00      2.17      2.21      2.46      2.54      2.64      2.49      2.47      2.59      2.82      3.33      3.59      3.70
  7122.00      2.05      2.20      2.42      2.55      2.63      2.48      2.46      2.56      2.81      3.32      3.53      3.67
  7123.00      1.97      2.20      2.37      2.54      2.62      2.48      2.47      2.54      2.83      3.31      3.51      3.70
  7124.00      1.82      2.14      2.27      2.42      2.51      2.40      2.40      2.42      2.73      3.18      3.36      3.63
  7125.00      1.76      2.17      2.26      2.38      2.47      2.41      2.39      2.39      2.71      3.13      3.32      3.70
  7126.00      1.75      2.26      2.33      2.39      2.50      2.48      2.44      2.44      2.75      3.15      3.37      3.86
  7127.00      1.71      2.28      2.33      2.38      2.49      2.48      2.42      2.44      2.69      3.10      3.37      3.94
  7128.00      1.74      2.26      2.27      2.36      2.47      2.43      2.37      2.41      2.61      3.01      3.34      3.94
  7129.00      1.82      2.21      2.15      2.26      2.40      2.33      2.27      2.32      2.50      2.87      3.24      3.83
  7130.00      2.04      2.28      2.16      2.27      2.46      2.34      2.29      2.33      2.53      2.90      3.29      3.90
  7131.00      2.31      2.39      2.28      2.38      2.60      2.44      2.42      2.40      2.66      3.07      3.46      4.12
  7132.00      2.44      2.41      2.33      2.47      2.65      2.47      2.47      2.39      2.72      3.17      3.53      4.24
  7133.00      2.45      2.37      2.30      2.48      2.60      2.46      2.44      2.33      2.72      3.20      3.49      4.25
  7134.00      2.49      2.40      2.30      2.51      2.59      2.50      2.43      2.32      2.75      3.26      3.48      4.29
  7135.00      2.51      2.40      2.29      2.48      2.55      2.51      2.38      2.29      2.70      3.25      3.40      4.28
  7136.00      2.52      2.39      2.31      2.43      2.52      2.52      2.33      2.27      2.64      3.24      3.33      4.30
  7137.00      2.44      2.34      2.31      2.39      2.50      2.50      2.28      2.25      2.59      3.19      3.27      4.28
  7138.00      2.34      2.31      2.30      2.39      2.53      2.51      2.31      2.27      2.58      3.18      3.29      4.30
  7139.00      2.29      2.35      2.32      2.47      2.63      2.58      2.42      2.34      2.65      3.26      3.41      4.43
  7140.00      2.21      2.33      2.30      2.50      2.68      2.60      2.46      2.36      2.68      3.27      3.47      4.49
  7141.00      2.15      2.30      2.27      2.53      2.71      2.60      2.47      2.38      2.69      3.24      3.49      4.52
  7142.00      2.08      2.21      2.17      2.48      2.63      2.51      2.39      2.31      2.62      3.09      3.37      4.40
  7143.00      1.93      2.06      1.99      2.29      2.41      2.29      2.19      2.12      2.41      2.82      3.08      4.08
  7144.00      1.97      2.13      2.04      2.35      2.42      2.31      2.23      2.16      2.47      2.85      3.10      4.17
  7145.00      2.07      2.24      2.20      2.50      2.54      2.42      2.37      2.30      2.62      3.02      3.20      4.40
  7146.00      1.94      2.11      2.14      2.43      2.41      2.31      2.29      2.21      2.52      2.91      3.02      4.23
  7147.00      1.61      1.78      1.85      2.15      2.05      1.97      1.98      1.91      2.17      2.51      2.58      3.65
  7148.00      1.63      1.81      1.89      2.30      2.08      2.00      2.03      1.95      2.22      2.56      2.62      3.72
  7149.00      1.88      2.02      2.10      2.73      2.34      2.23      2.26      2.17      2.48      2.84      2.93      4.17
  7150.00      2.08      2.06      2.15      3.07      2.42      2.30      2.32      2.22      2.55      2.88      3.02      4.34
  7151.00      2.18      2.00      2.13      3.29      2.39      2.27      2.27      2.16      2.51      2.79      3.00      4.32
  7152.00      2.30      2.04      2.18      3.57      2.42      2.31      2.29      2.17      2.53      2.79      3.04      4.44
  7153.00      2.46      2.12      2.27      3.83      2.44      2.38      2.34      2.24      2.58      2.85      3.10      4.62
  7154.00      2.61      2.17      2.30      3.97      2.43      2.41      2.38      2.30      2.61      2.91      3.10      4.73
  7155.00      2.77      2.26      2.34      4.05      2.48      2.45      2.46      2.42      2.69      3.02      3.10      4.90
  7156.00      2.89      2.32      2.37      4.03      2.56      2.48      2.52      2.53      2.77      3.14      3.06      5.07
  7157.00      2.85      2.28      2.32      3.85      2.57      2.43      2.48      2.53      2.73      3.12      2.88      5.09
  7158.00      2.72      2.20      2.25      3.62      2.53      2.34      2.38      2.49      2.63      2.97      2.61      4.97
  7159.00      2.65      2.23      2.27      3.60      2.55      2.37      2.36      2.53      2.64      2.94      2.44      5.01
  7160.00      2.45      2.20      2.21      3.51      2.46      2.35      2.26      2.46      2.57      2.83      2.20      4.86
  7161.00      2.38      2.22      2.20      3.53      2.44      2.41      2.24      2.45      2.58      2.82      2.05      4.83
  7162.00      2.39      2.22      2.16      3.52      2.43      2.47      2.24      2.43      2.59      2.82      1.94      4.77
  7163.00      2.50      2.28      2.18      3.52      2.49      2.56      2.31      2.48      2.67      2.92      1.93      4.82
  7164.00      2.55      2.34      2.22      3.45      2.53      2.62      2.38      2.52      2.75      3.03      1.97      4.84
  7165.00      2.53      2.36      2.28      3.27      2.53      2.63      2.39      2.54      2.78      3.09      2.03      4.82
  7166.00      2.52      2.35      2.33      3.06      2.52      2.61      2.38      2.56      2.78      3.08      2.12      4.79
  7167.00      2.43      2.23      2.26      2.75      2.41      2.49      2.28      2.47      2.65      2.92      2.13      4.58
  7168.00      2.36      2.13      2.17      2.54      2.32      2.40      2.21      2.39      2.54      2.78      2.15      4.40
  7169.00      2.44      2.22      2.25      2.58      2.42      2.50      2.34      2.50      2.65      2.87      2.31      4.56
  7170.00      2.42      2.25      2.28      2.60      2.46      2.53      2.41      2.55      2.69      2.91      2.37      4.57
  7171.00      2.33      2.22      2.22      2.56      2.42      2.48      2.38      2.54      2.66      2.88      2.32      4.43
  7172.00      2.31      2.19      2.17      2.54      2.40      2.45      2.34      2.56      2.65      2.89      2.28      4.30
  7173.00      2.40      2.23      2.21      2.55      2.44      2.47      2.34      2.60      2.72      2.99      2.30      4.27
  7174.00      2.53      2.31      2.31      2.57      2.51      2.50      2.38      2.65      2.82      3.13      2.39      4.30
  7175.00      2.55      2.32      2.36      2.53      2.51      2.47      2.37      2.62      2.82      3.17      2.47      4.25
  7176.00      2.38      2.20      2.29      2.38      2.41      2.31      2.27      2.47      2.68      3.04      2.48      4.02
  7177.00      2.18      2.06      2.15      2.23      2.28      2.15      2.15      2.26      2.49      2.86      2.54      3.77
  7178.00      2.05      1.93      1.98      2.08      2.14      2.00      2.02      2.06      2.30      2.65      2.61      3.52
  7179.00      2.35      2.20      2.19      2.35      2.40      2.26      2.27      2.30      2.56      2.92      3.21      3.93
  7180.00      2.36      2.22      2.15      2.35      2.39      2.29      2.29      2.30      2.56      2.90      3.52      3.96
  7181.00      2.28      2.20      2.10      2.32      2.37      2.30      2.28      2.28      2.56      2.87      3.76      3.99
  7182.00      2.30      2.22      2.15      2.35      2.41      2.38      2.35      2.32      2.64      2.94      4.05      4.17
  7183.00      2.20      2.07      2.06      2.21      2.30      2.29      2.22      2.20      2.54      2.77      3.97      4.04
  7184.00      2.26      2.08      2.15      2.26      2.38      2.37      2.26      2.25      2.61      2.82      4.06      4.19
  7185.00      2.13      1.93      2.06      2.15      2.27      2.24      2.11      2.12      2.46      2.65      3.79      4.00
  7186.00      2.05      1.83      1.97      2.06      2.17      2.12      1.99      2.01      2.33      2.51      3.55      3.82
  7187.00      2.23      1.92      2.07      2.17      2.26      2.20      2.07      2.10      2.42      2.62      3.62      3.96
  7188.00      2.59      2.15      2.32      2.44      2.50      2.44      2.31      2.35      2.69      2.93      3.94      4.36
  7189.00      2.78      2.25      2.41      2.54      2.55      2.52      2.38      2.43      2.75      3.06      4.00      4.44
  7190.00      2.84      2.23      2.35      2.51      2.52      2.48      2.34      2.40      2.68      3.05      3.90      4.31
  7191.00      2.92      2.23      2.29      2.50      2.52      2.47      2.32      2.39      2.66      3.04      3.87      4.24
  7192.00      2.97      2.21      2.25      2.46      2.54      2.46      2.28      2.38      2.63      3.02      3.83      4.19
  7193.00      3.03      2.23      2.26      2.43      2.57      2.47      2.27      2.40      2.63      3.00      3.84      4.20
  7194.00      2.97      2.21      2.24      2.32      2.51      2.40      2.23      2.36      2.56      2.91      3.75      4.12
  7195.00      2.79      2.16      2.19      2.20      2.40      2.28      2.16      2.29      2.50      2.78      3.64      4.00
  7196.00      2.75      2.22      2.25      2.25      2.45      2.30      2.24      2.36      2.61      2.86      3.80      4.17
  7197.00      2.72      2.25      2.28      2.33      2.51      2.32      2.33      2.43      2.71      2.94      3.97      4.33
  7198.00      2.65      2.24      2.23      2.35      2.52      2.31      2.36      2.47      2.74      2.96      4.07      4.39
  7199.00      2.63      2.28      2.21      2.39      2.55      2.36      2.40      2.52      2.78      3.01      4.20      4.46
  7200.00      2.51      2.25      2.15      2.35      2.49      2.34      2.36      2.49      2.72      2.99      4.23      4.36
  7201.00      2.31      2.17      2.09      2.28      2.42      2.27      2.29      2.42      2.61      2.92      4.22      4.19
  7202.00      2.24      2.15      2.11      2.29      2.43      2.28      2.27      2.41      2.59      2.92      4.35      4.15
  7203.00      2.30      2.21      2.17      2.36      2.50      2.34      2.28      2.43      2.65      2.97      4.55      4.19
  7204.00      2.38      2.23      2.22      2.36      2.53      2.35      2.26      2.40      2.69      2.97      4.66      4.18
  7205.00      2.36      2.18      2.19      2.30      2.51      2.30      2.19      2.32      2.65      2.91      4.64      4.06
  7206.00      2.42      2.23      2.27      2.37      2.61      2.36      2.24      2.39      2.75      3.02      4.79      4.18
  7207.00      2.48      2.27      2.29      2.42      2.64      2.37      2.26      2.42      2.79      3.09      4.80      4.27
  7208.00      2.50      2.30      2.24      2.45      2.60      2.33      2.25      2.41      2.77      3.09      4.63      4.31
  7209.00      2.47      2.26      2.11      2.42      2.49      2.24      2.19      2.34      2.66      2.99      4.30      4.22
  7210.00      2.33      2.10      1.95      2.27      2.31      2.11      2.05      2.21      2.48      2.80      3.89      4.00
  7211.00      2.40      2.15      2.06      2.33      2.40      2.23      2.14      2.33      2.59      2.90      3.93      4.22
  7212.00      2.41      2.16      2.18      2.34      2.46      2.33      2.20      2.42      2.66      2.95      3.95      4.40
  7213.00      2.42      2.19      2.29      2.34      2.52      2.42      2.26      2.50      2.70      3.00      3.97      4.54
  7214.00      2.42      2.22      2.32      2.30      2.51      2.45      2.29      2.51      2.66      3.00      3.92      4.52
  7215.00      2.43      2.28      2.32      2.28      2.53      2.47      2.31      2.50      2.66      3.03      3.87      4.50
  7216.00      2.43      2.33      2.31      2.29      2.57      2.45      2.33      2.49      2.66      3.05      3.81      4.51
  7217.00      2.39      2.34      2.27      2.27      2.57      2.41      2.33      2.44      2.65      3.02      3.72      4.50
  7218.00      2.33      2.31      2.18      2.23      2.51      2.37      2.29      2.37      2.61      2.95      3.59      4.41
  7219.00      2.35      2.36      2.17      2.29      2.53      2.42      2.35      2.39      2.68      3.00      3.61      4.47
  7220.00      2.41      2.42      2.20      2.39      2.55      2.50      2.42      2.44      2.76      3.08      3.69      4.58
  7221.00      2.41      2.39      2.20      2.40      2.51      2.48      2.42      2.44      2.75      3.07      3.68      4.57
  7222.00      2.39      2.30      2.17      2.34      2.43      2.40      2.35      2.39      2.68      3.00      3.60      4.47
  7223.00      2.35      2.19      2.09      2.23      2.33      2.29      2.22      2.32      2.57      2.90      3.47      4.29
  7224.00      2.39      2.23      2.10      2.23      2.35      2.33      2.20      2.38      2.61      2.94      3.49      4.32
  7225.00      2.38      2.24      2.09      2.21      2.34      2.36      2.15      2.41      2.62      2.93      3.46      4.32
  7226.00      2.33      2.23      2.09      2.18      2.30      2.37      2.09      2.39      2.61      2.89      3.40      4.28
  7227.00      2.32      2.23      2.15      2.18      2.30      2.41      2.06      2.40      2.64      2.89      3.42      4.28
  7228.00      2.41      2.30      2.28      2.27      2.39      2.52      2.10      2.51      2.76      3.01      3.59      4.42
  7229.00      2.47      2.32      2.33      2.29      2.44      2.56      2.10      2.57      2.82      3.06      3.71      4.45
  7230.00      2.49      2.30      2.31      2.28      2.44      2.56      2.09      2.57      2.83      3.06      3.76      4.43
  7231.00      2.37      2.22      2.19      2.19      2.33      2.44      2.00      2.45      2.70      2.92      3.64      4.22
  7232.00      2.32      2.28      2.20      2.20      2.34      2.43      2.03      2.45      2.70      2.93      3.65      4.20
  7233.00      2.18      2.24      2.13      2.12      2.25      2.30      1.96      2.34      2.57      2.82      3.47      4.00
  7234.00      2.26      2.33      2.21      2.19      2.34      2.32      2.02      2.39      2.64      2.91      3.56      4.05
  7235.00      2.11      2.11      2.03      2.01      2.18      2.10      1.85      2.17      2.43      2.69      3.28      3.65
  7236.00      2.22      2.13      2.05      2.08      2.30      2.16      1.90      2.25      2.52      2.80      3.42      3.67
  7237.00      2.40      2.25      2.14      2.24      2.51      2.32      2.02      2.44      2.73      3.01      3.71      3.80
  7238.00      2.33      2.18      2.02      2.16      2.44      2.24      1.92      2.36      2.67      2.91      3.61      3.54
  7239.00      2.28      2.16      1.96      2.12      2.40      2.20      1.86      2.31      2.65      2.85      3.55      3.30
  7240.00      1.62      1.58      1.44      1.52      1.74      1.59      1.33      1.65      1.95      2.06      2.58      2.26
  7241.00      0.90      0.89      0.84      0.85      0.97      0.90      0.75      0.91      1.11      1.16      1.45      1.19
  7242.00      0.75      0.73      0.70      0.70      0.80      0.75      0.62      0.73      0.91      0.96      1.18      0.91
  7243.00      0.89      0.86      0.81      0.82      0.94      0.89      0.75      0.84      1.06      1.14      1.38      0.99
  7244.00      1.05      1.02      0.94      0.98      1.11      1.05      0.91      0.95      1.23      1.35      1.62      1.07
  7245.00      1.55      1.51      1.39      1.49      1.65      1.53      1.37      1.36      1.77      1.99      2.36      1.45
  7246.00      0.78      0.77      0.72      0.78      0.83      0.77      0.71      0.66      0.88      1.00      1.19      0.68
  7247.00      0.45      0.45      0.43      0.47      0.49      0.46      0.42      0.37      0.52      0.59      0.70      0.38
  7248.00      0.73      0.75      0.73      0.80      0.80      0.77      0.71      0.57      0.86      0.97      1.16      0.62
  7249.00      1.69      1.76      1.70      1.86      1.86      1.82      1.66      1.23      2.01      2.24      2.71      1.45
  7250.00      2.22      2.23      2.15      2.33      2.36      2.29      2.08      1.41      2.56      2.82      3.46      1.93
  7251.00      2.42      2.36      2.27      2.43      2.47      2.37      2.16      1.36      2.70      2.96      3.68      2.22
  7252.00      2.39      2.30      2.25      2.38      2.40      2.28      2.09      1.24      2.66      2.91      3.62      2.45
  7253.00      2.19      2.13      2.14      2.25      2.22      2.14      1.94      1.14      2.51      2.75      3.40      2.67
  7254.00      1.40      1.39      1.44      1.49      1.45      1.43      1.28      0.76      1.68      1.86      2.29      2.05
  7255.00      0.97      0.95      1.00      1.03      1.00      1.01      0.89      0.55      1.18      1.31      1.61      1.60
  7256.00      1.45      1.39      1.43      1.50      1.47      1.50      1.30      0.87      1.73      1.92      2.34      2.53
  7257.00      1.87      1.75      1.76      1.91      1.87      1.91      1.65      1.22      2.17      2.43      2.95      3.35
  7258.00      1.51      1.42      1.40      1.57      1.54      1.52      1.34      1.10      1.75      1.96      2.41      2.82
  7259.00      1.92      1.81      1.80      2.05      2.01      1.92      1.73      1.56      2.22      2.48      3.09      3.66
  7260.00      2.26      2.12      2.14      2.42      2.39      2.24      2.06      2.00      2.61      2.90      3.65      4.28
  7261.00      2.20      2.03      2.07      2.28      2.30      2.13      2.00      2.04      2.50      2.78      3.50      4.11
  7262.00      2.17      2.02      2.05      2.21      2.27      2.12      2.02      2.11      2.48      2.74      3.45      4.07
  7263.00      2.25      2.15      2.18      2.27      2.39      2.24      2.17      2.28      2.62      2.88      3.59      4.29
  7264.00      2.39      2.31      2.32      2.37      2.54      2.37      2.31      2.46      2.79      3.06      3.77      4.54
  7265.00      2.43      2.31      2.29      2.34      2.53      2.33      2.28      2.47      2.80      3.08      3.75      4.51
  7266.00      2.50      2.27      2.23      2.28      2.50      2.24      2.23      2.44      2.79      3.06      3.70      4.45
  7267.00      2.58      2.32      2.28      2.30      2.56      2.22      2.25      2.46      2.87      3.09      3.76      4.56
  7268.00      2.54      2.32      2.31      2.27      2.56      2.18      2.25      2.41      2.88      3.04      3.74      4.58
  7269.00      2.27      2.12      2.11      2.05      2.34      1.97      2.05      2.15      2.60      2.72      3.38      4.16
  7270.00      1.81      1.70      1.66      1.65      1.89      1.59      1.65      1.69      2.06      2.15      2.70      3.35
  7271.00      1.81      1.72      1.63      1.68      1.94      1.63      1.68      1.69      2.04      2.13      2.71      3.43
  7272.00      2.13      2.01      1.90      1.99      2.33      1.97      1.99      1.99      2.36      2.46      3.15      4.09
  7273.00      2.04      1.90      1.86      1.91      2.26      1.94      1.90      1.91      2.22      2.36      3.00      4.05
  7274.00      2.34      2.11      2.18      2.17      2.57      2.25      2.16      2.17      2.49      2.72      3.41      4.82
  7275.00      2.49      2.20      2.34      2.31      2.69      2.41      2.30      2.30      2.62      2.90      3.64      5.32
  7276.00      1.63      1.43      1.54      1.53      1.72      1.59      1.51      1.49      1.71      1.92      2.42      3.75
  7277.00      1.06      0.93      0.99      1.00      1.09      1.02      0.98      0.95      1.11      1.26      1.57      2.55
  7278.00      1.38      1.23      1.29      1.31      1.41      1.32      1.29      1.24      1.46      1.66      2.06      3.36
  7279.00      2.02      1.83      1.92      1.94      2.06      1.95      1.93      1.85      2.16      2.47      3.06      4.84
  7280.00      2.36      2.15      2.27      2.25      2.40      2.27      2.28      2.22      2.53      2.90      3.60      5.51
  7281.00      2.38      2.19      2.26      2.21      2.38      2.26      2.29      2.29      2.52      2.91      3.58      5.33
  7282.00      2.33      2.20      2.19      2.14      2.31      2.20      2.24      2.32      2.46      2.86      3.47      5.03
  7283.00      2.27      2.25      2.16      2.16      2.27      2.20      2.24      2.42      2.45      2.86      3.39      4.82
  7284.00      2.28      2.36      2.23      2.30      2.33      2.29      2.35      2.64      2.54      2.96      3.43      4.80
  7285.00      2.30      2.38      2.26      2.38      2.34      2.32      2.42      2.81      2.60      2.98      3.39      4.70
  7286.00      2.18      2.18      2.11      2.24      2.16      2.15      2.29      2.74      2.44      2.74      3.09      4.28
  7287.00      1.92      1.85      1.83      1.91      1.89      1.85      2.00      2.45      2.13      2.33      2.66      3.66
  7288.00      1.86      1.78      1.78      1.84      1.89      1.79      1.95      2.43      2.09      2.22      2.63      3.53
  7289.00      2.16      2.14      2.13      2.21      2.34      2.17      2.34      2.91      2.50      2.61      3.22      4.20
  7290.00      2.25      2.31      2.30      2.39      2.54      2.35      2.48      3.05      2.68      2.78      3.55      4.51
  7291.00      2.13      2.27      2.25      2.33      2.45      2.29      2.36      2.83      2.61      2.70      3.52      4.40
  7292.00      1.98      2.10      2.09      2.15      2.23      2.11      2.14      2.46      2.42      2.51      3.28      4.08
  7293.00      1.84      1.89      1.87      1.93      1.97      1.89      1.88      2.07      2.19      2.28      2.96      3.66
  7294.00      1.98      1.96      1.94      2.00      2.04      1.96      1.92      2.04      2.30      2.41      3.09      3.77
  7295.00      2.20      2.10      2.07      2.17      2.22      2.14      2.04      2.12      2.53      2.64      3.37      4.02
  7296.00      2.32      2.17      2.14      2.28      2.36      2.26      2.10      2.17      2.68      2.77      3.58      4.19
  7297.00      1.66      1.54      1.53      1.62      1.70      1.62      1.50      1.54      1.92      1.97      2.63      3.05
  7298.00      1.15      1.05      1.06      1.11      1.17      1.10      1.02      1.06      1.30      1.34      1.83      2.11
  7299.00      1.64      1.48      1.52      1.58      1.64      1.56      1.43      1.51      1.81      1.87      2.58      2.96
  7300.00      2.30      2.10      2.16      2.25      2.29      2.19      2.03      2.13      2.51      2.58      3.61      4.11
  7301.00      2.43      2.24      2.27      2.41      2.43      2.30      2.16      2.24      2.64      2.69      3.80      4.31
  7302.00      2.41      2.26      2.22      2.43      2.45      2.28      2.16      2.22      2.64      2.65      3.79      4.29
  7303.00      2.37      2.23      2.18      2.40      2.44      2.22      2.15      2.18      2.62      2.58      3.72      4.23
  7304.00      2.25      2.12      2.09      2.27      2.35      2.08      2.06      2.07      2.52      2.42      3.53      4.04
  7305.00      1.78      1.71      1.69      1.82      1.89      1.64      1.66      1.65      2.05      1.92      2.84      3.31
  7306.00      1.35      1.33      1.30      1.39      1.45      1.25      1.28      1.26      1.59      1.47      2.17      2.61
  7307.00      1.78      1.81      1.73      1.86      1.95      1.67      1.73      1.68      2.14      1.94      2.87      3.52
  7308.00      2.09      2.11      2.00      2.20      2.28      1.95      2.05      1.93      2.51      2.24      3.32      4.10
  7309.00      2.02      1.97      1.89      2.10      2.17      1.87      1.97      1.78      2.38      2.08      3.15      3.90
  7310.00      2.30      2.15      2.11      2.35      2.40      2.12      2.21      1.97      2.64      2.24      3.50      4.31
  7311.00      2.41      2.19      2.20      2.43      2.48      2.24      2.30      2.04      2.73      2.20      3.64      4.46
  7312.00      2.27      2.04      2.10      2.29      2.32      2.15      2.17      1.92      2.57      1.94      3.44      4.22
  7313.00      2.04      1.81      1.92      2.06      2.07      1.98      1.94      1.73      2.33      1.62      3.10      3.82
  7314.00      2.28      1.98      2.13      2.27      2.26      2.23      2.14      1.92      2.59      1.64      3.39      4.19
  7315.00      2.51      2.11      2.26      2.42      2.39      2.40      2.29      2.06      2.79      1.62      3.59      4.45
  7316.00      2.46      2.07      2.18      2.34      2.33      2.35      2.25      2.02      2.74      1.49      3.50      4.35
  7317.00      1.76      1.51      1.57      1.66      1.68      1.69      1.64      1.46      1.98      1.04      2.56      3.17
  7318.00      1.21      1.06      1.11      1.15      1.18      1.17      1.15      1.04      1.37      0.73      1.81      2.22
  7319.00      1.72      1.53      1.59      1.64      1.70      1.65      1.64      1.50      1.92      1.09      2.58      3.12
  7320.00      2.36      2.12      2.17      2.24      2.33      2.24      2.24      2.04      2.58      1.64      3.52      4.24
  7321.00      2.28      2.09      2.11      2.23      2.31      2.19      2.20      1.99      2.53      1.75      3.47      4.23
  7322.00      2.28      2.09      2.11      2.27      2.34      2.21      2.23      2.00      2.57      1.92      3.50      4.34
  7323.00      2.37      2.15      2.19      2.35      2.43      2.28      2.30      2.05      2.69      2.17      3.57      4.55
  7324.00      2.35      2.12      2.15      2.30      2.39      2.22      2.25      2.00      2.66      2.33      3.43      4.50
  7325.00      2.40      2.12      2.16      2.29      2.43      2.22      2.25      1.99      2.69      2.52      3.38      4.54
  7326.00      2.41      2.11      2.16      2.27      2.44      2.21      2.24      1.98      2.69      2.64      3.32      4.52
  7327.00      2.45      2.10      2.14      2.30      2.43      2.22      2.25      1.96      2.67      2.75      3.28      4.50
  7328.00      2.49      2.12      2.15      2.31      2.40      2.25      2.25      1.95      2.66      2.83      3.26      4.50
  7329.00      2.35      2.01      2.03      2.15      2.21      2.15      2.11      1.82      2.51      2.70      3.05      4.27
  7330.00      1.32      1.15      1.16      1.21      1.26      1.23      1.18      1.03      1.44      1.53      1.74      2.49
  7331.00      0.82      0.74      0.74      0.75      0.82      0.79      0.74      0.67      0.93      0.97      1.09      1.61
  7332.00      1.25      1.15      1.16      1.13      1.30      1.22      1.14      1.05      1.43      1.49      1.60      2.46
  7333.00      2.04      1.92      1.88      1.81      2.13      1.96      1.83      1.72      2.29      2.41      2.41      3.85
  7334.00      2.30      2.16      2.08      2.01      2.35      2.17      2.03      1.90      2.50      2.67      2.43      4.15
  7335.00      2.41      2.27      2.15      2.11      2.42      2.27      2.13      1.95      2.56      2.78      2.28      4.25
  7336.00      2.41      2.30      2.15      2.17      2.44      2.32      2.16      1.93      2.56      2.84      2.08      4.28
  7337.00      2.42      2.33      2.18      2.25      2.48      2.38      2.21      1.90      2.57      2.93      1.91      4.36
  7338.00      2.36      2.31      2.16      2.26      2.45      2.37      2.20      1.82      2.51      2.92      1.76      4.31
  7339.00      2.28      2.26      2.15      2.26      2.40      2.34      2.18      1.76      2.46      2.88      1.65      4.25
  7340.00      2.22      2.25      2.18      2.30      2.42      2.37      2.21      1.76      2.48      2.89      1.61      4.27
  7341.00      1.78      1.80      1.79      1.89      1.98      1.96      1.82      1.44      2.05      2.37      1.30      3.53
  7342.00      0.57      0.57      0.58      0.61      0.64      0.64      0.59      0.46      0.67      0.76      0.42      1.16
  7343.00      0.33      0.33      0.34      0.35      0.38      0.37      0.34      0.27      0.39      0.43      0.26      0.68
  7344.00      0.58      0.55      0.56      0.58      0.63      0.62      0.55      0.44      0.66      0.71      0.47      1.13
  7345.00      1.95      1.76      1.78      1.88      2.05      1.99      1.80      1.35      2.12      2.27      1.76      3.60
  7346.00      2.26      1.94      1.96      2.09      2.29      2.23      2.03      1.42      2.38      2.54      2.28      4.00
  7347.00      1.98      1.65      1.68      1.77      1.98      1.93      1.76      1.14      2.04      2.20      2.31      3.45
  7348.00      2.13      1.78      1.85      1.89      2.13      2.10      1.90      1.17      2.19      2.39      2.87      3.69
  7349.00      1.95      1.67      1.79      1.78      1.98      1.97      1.77      1.05      2.05      2.25      3.00      3.45
  7350.00      2.00      1.76      1.92      1.90      2.07      2.08      1.84      1.05      2.15      2.37      3.43      3.63
  7351.00      2.23      2.00      2.17      2.19      2.34      2.34      2.07      1.13      2.41      2.65      4.07      4.12
  7352.00      2.30      2.06      2.20      2.25      2.40      2.38      2.16      1.11      2.46      2.67      4.28      4.30
  7353.00      2.22      1.95      2.05      2.11      2.26      2.23      2.10      1.01      2.35      2.49      4.08      4.15
  7354.00      2.10      1.83      1.90      1.93      2.10      2.07      2.01      0.93      2.22      2.31      3.78      3.92
  7355.00      2.32      2.04      2.11      2.11      2.30      2.26      2.27      1.07      2.50      2.52      4.07      4.33
  7356.00      2.38      2.15      2.20      2.21      2.37      2.33      2.38      1.21      2.64      2.59      4.10      4.50
  7357.00      2.27      2.15      2.17      2.22      2.29      2.29      2.32      1.31      2.60      2.49      3.90      4.42
  7358.00      2.15      2.08      2.06      2.17      2.18      2.20      2.19      1.38      2.48      2.32      3.61      4.23
  7359.00      2.23      2.14      2.10      2.26      2.24      2.26      2.22      1.55      2.54      2.30      3.59      4.32
  7360.00      1.92      1.81      1.78      1.93      1.92      1.92      1.89      1.41      2.17      1.87      3.01      3.71
  7361.00      1.58      1.48      1.47      1.58      1.60      1.58      1.55      1.21      1.80      1.45      2.45      3.10
  7362.00      1.91      1.85      1.86      1.94      2.01      1.95      1.92      1.51      2.26      1.69      2.97      3.85
  7363.00      2.25      2.18      2.21      2.28      2.40      2.31      2.30      1.74      2.71      1.89      3.47      4.54
  7364.00      2.36      2.22      2.24      2.30      2.46      2.37      2.38      1.70      2.80      1.86      3.54      4.64
  7365.00      2.40      2.18      2.20      2.24      2.41      2.34      2.37      1.63      2.74      1.80      3.52      4.57
  7366.00      2.35      2.09      2.12      2.16      2.33      2.27      2.31      1.57      2.62      1.77      3.44      4.41
  7367.00      2.30      2.10      2.12      2.19      2.32      2.27      2.32      1.62      2.57      1.85      3.47      4.39
  7368.00      2.16      2.02      2.04      2.16      2.25      2.19      2.24      1.66      2.45      1.92      3.40      4.22
  7369.00      2.12      1.98      2.00      2.16      2.25      2.16      2.21      1.78      2.40      2.06      3.41      4.16
  7370.00      1.92      1.76      1.78      1.94      2.04      1.95      1.99      1.75      2.15      2.01      3.11      3.79
  7371.00      1.55      1.42      1.42      1.54      1.65      1.58      1.61      1.54      1.75      1.74      2.51      3.11
  7372.00      1.90      1.78      1.77      1.84      2.02      1.94      1.99      2.06      2.18      2.26      3.05      3.81
  7373.00      2.28      2.15      2.12      2.14      2.37      2.30      2.37      2.60      2.61      2.80      3.58      4.47
  7374.00      2.37      2.22      2.19      2.15      2.36      2.34      2.41      2.77      2.69      2.94      3.63      4.51
  7375.00      2.20      2.06      2.05      1.96      2.12      2.17      2.23      2.60      2.49      2.77      3.33      4.11
  7376.00      1.88      1.74      1.76      1.69      1.78      1.87      1.93      2.24      2.13      2.41      2.84      3.50
  7377.00      2.20      2.02      2.06      2.02      2.06      2.24      2.29      2.61      2.47      2.83      3.29      4.03
  7378.00      2.46      2.19      2.24      2.25      2.25      2.50      2.53      2.83      2.68      3.12      3.60      4.38
  7379.00      2.44      2.15      2.16      2.21      2.23      2.46      2.50      2.74      2.60      3.07      3.53      4.29
  7380.00      2.31      2.14      2.10      2.17      2.21      2.40      2.46      2.64      2.54      3.01      3.46      4.21
  7381.00      2.17      2.13      2.09      2.16      2.20      2.35      2.42      2.56      2.52      2.97      3.42      4.14
  7382.00      2.21      2.20      2.18      2.25      2.25      2.40      2.51      2.60      2.62      3.05      3.56      4.25
  7383.00      2.32      2.22      2.26      2.34      2.27      2.45      2.64      2.63      2.69      3.11      3.69      4.36
  7384.00      2.42      2.21      2.28      2.41      2.27      2.45      2.73      2.64      2.72      3.10      3.73      4.44
  7385.00      2.43      2.20      2.25      2.42      2.26      2.42      2.76      2.61      2.69      3.01      3.67      4.44
  7386.00      2.36      2.20      2.23      2.40      2.26      2.39      2.78      2.58      2.65      2.91      3.59      4.43
  7387.00      2.32      2.28      2.27      2.44      2.34      2.44      2.85      2.62      2.68      2.92      3.59      4.53
  7388.00      2.30      2.33      2.25      2.44      2.37      2.47      2.84      2.63      2.68      2.92      3.53      4.56
  7389.00      2.35      2.28      2.20      2.40      2.35      2.44      2.77      2.59      2.65      2.93      3.42      4.50
  7390.00      2.38      2.22      2.15      2.40      2.30      2.37      2.67      2.54      2.61      2.93      3.31      4.41
  7391.00      2.22      2.04      2.02      2.27      2.17      2.18      2.45      2.37      2.45      2.79      3.08      4.11
  7392.00      1.90      1.76      1.78      1.98      1.92      1.88      2.10      2.05      2.14      2.48      2.69      3.58
  7393.00      1.76      1.63      1.64      1.79      1.76      1.71      1.90      1.85      1.98      2.27      2.47      3.28
  7394.00      1.45      1.30      1.28      1.40      1.38      1.35      1.47      1.43      1.58      1.79      1.96      2.60
  7395.00      1.95      1.74      1.70      1.85      1.81      1.82      1.94      1.87      2.11      2.35      2.61      3.41
  7396.00      2.31      2.13      2.10      2.30      2.20      2.24      2.36      2.28      2.58      2.84      3.19      4.12
  7397.00      2.28      2.21      2.22      2.40      2.29      2.34      2.44      2.37      2.68      2.95      3.33      4.27
  7398.00      2.24      2.29      2.29      2.44      2.36      2.41      2.48      2.43      2.72      3.01      3.40      4.34
  7399.00      2.26      2.33      2.32      2.43      2.37      2.41      2.48      2.45      2.72      3.02      3.44      4.34
  7400.00      2.32      2.33      2.31      2.42      2.35      2.41      2.48      2.47      2.71      3.01      3.49      4.36
  7401.00      2.41      2.31      2.30      2.42      2.34      2.41      2.49      2.49      2.72      3.02      3.57      4.40
  7402.00      2.28      2.09      2.11      2.24      2.14      2.22      2.30      2.31      2.51      2.77      3.35      4.11
  7403.00      1.07      0.96      0.98      1.05      1.00      1.03      1.07      1.09      1.18      1.29      1.60      1.97
  7404.00      0.64      0.59      0.61      0.64      0.61      0.63      0.65      0.67      0.72      0.79      0.99      1.21
  7405.00      1.02      0.99      0.99      1.05      0.99      1.02      1.07      1.10      1.18      1.28      1.62      1.98
  7406.00      2.11      2.11      2.03      2.22      2.03      2.14      2.24      2.25      2.46      2.67      3.32      4.07
  7407.00      2.15      2.22      2.07      2.32      2.09      2.23      2.34      2.31      2.56      2.80      3.42      4.23
  7408.00      2.16      2.25      2.08      2.35      2.15      2.28      2.41      2.33      2.61      2.87      3.49      4.32
  7409.00      2.25      2.30      2.16      2.40      2.25      2.37      2.51      2.38      2.69      2.98      3.62      4.48
  7410.00      2.30      2.36      2.25      2.42      2.31      2.42      2.55      2.42      2.74      3.04      3.73      4.61
  7411.00      2.34      2.41      2.29      2.41      2.31      2.43      2.54      2.43      2.75      3.04      3.78      4.64
  7412.00      2.35      2.38      2.27      2.39      2.24      2.41      2.48      2.40      2.70      2.99      3.76      4.56
  7413.00      2.29      2.19      2.11      2.25      2.04      2.26      2.26      2.23      2.51      2.78      3.52      4.23
  7414.00      2.13      1.90      1.84      2.01      1.75      2.00      1.92      1.94      2.18      2.43      3.08      3.69
  7415.00      2.42      2.03      1.96      2.20      1.84      2.18      2.05      2.09      2.31      2.62      3.29      3.93
  7416.00      2.67      2.16      2.05      2.35      1.92      2.32      2.18      2.22      2.43      2.82      3.47      4.16
  7417.00      2.73      2.19      2.05      2.37      1.90      2.35      2.24      2.25      2.46      2.93      3.51      4.24
  7418.00      2.59      2.10      1.96      2.24      1.81      2.26      2.18      2.15      2.37      2.86      3.36      4.13
  7419.00      2.52      2.13      2.00      2.22      1.84      2.29      2.22      2.15      2.41      2.91      3.37      4.22
  7420.00      2.38      2.13      2.01      2.17      1.84      2.30      2.21      2.12      2.41      2.86      3.33      4.22
  7421.00      2.42      2.26      2.15      2.29      2.00      2.48      2.33      2.26      2.59      2.98      3.52      4.48
  7422.00      2.43      2.29      2.19      2.36      2.10      2.56      2.37      2.33      2.67      3.02      3.59      4.58
  7423.00      2.49      2.26      2.18      2.37      2.17      2.55      2.36      2.36      2.68      3.01      3.61      4.59
  7424.00      2.40      2.16      2.07      2.27      2.14      2.41      2.25      2.26      2.56      2.90      3.47      4.38
  7425.00      2.13      2.00      1.87      2.07      2.04      2.16      2.05      2.05      2.32      2.67      3.19      3.99
  7426.00      2.26      2.23      2.05      2.28      2.31      2.34      2.25      2.23      2.54      2.93      3.50      4.31
  7427.00      2.34      2.32      2.14      2.38      2.47      2.41      2.36      2.33      2.66      3.07      3.68      4.48
  7428.00      2.36      2.28      2.16      2.38      2.48      2.38      2.35      2.31      2.66      3.05      3.71      4.44
  7429.00      2.39      2.22      2.22      2.41      2.49      2.37      2.34      2.31      2.67      3.04      3.76      4.42
  7430.00      2.32      2.12      2.22      2.38      2.42      2.31      2.28      2.26      2.61      2.96      3.73      4.29
  7431.00      1.58      1.44      1.52      1.62      1.64      1.57      1.55      1.54      1.78      2.03      2.59      2.94
  7432.00      1.10      0.99      1.02      1.09      1.11      1.08      1.06      1.05      1.22      1.39      1.77      2.01
  7433.00      1.66      1.47      1.45      1.56      1.58      1.58      1.55      1.52      1.77      2.01      2.52      2.90
  7434.00      2.45      2.15      2.05      2.19      2.26      2.29      2.26      2.19      2.54      2.86      3.53      4.12
  7435.00      2.49      2.21      2.12      2.22      2.33      2.38      2.34      2.24      2.63      2.90      3.56      4.26
  7436.00      2.40      2.20      2.17      2.21      2.36      2.42      2.36      2.24      2.66      2.87      3.53      4.30
  7437.00      2.30      2.20      2.21      2.21      2.38      2.46      2.34      2.24      2.68      2.87      3.50      4.35
  7438.00      2.24      2.20      2.19      2.19      2.37      2.47      2.28      2.24      2.67      2.85      3.46      4.34
  7439.00      2.14      2.14      2.05      2.09      2.25      2.37      2.12      2.17      2.55      2.71      3.32      4.13
  7440.00      1.76      1.76      1.62      1.70      1.79      1.91      1.65      1.77      2.05      2.17      2.71      3.31
  7441.00      1.55      1.53      1.35      1.45      1.51      1.60      1.37      1.51      1.74      1.82      2.33      2.79
  7442.00      2.09      1.96      1.76      1.91      1.96      2.05      1.77      1.97      2.25      2.34      3.04      3.58
  7443.00      2.52      2.30      2.13      2.33      2.33      2.42      2.15      2.35      2.68      2.79      3.68      4.23
  7444.00      2.48      2.27      2.17      2.36      2.32      2.40      2.19      2.35      2.70      2.81      3.76      4.23
  7445.00      2.36      2.21      2.13      2.32      2.25      2.34      2.19      2.31      2.67      2.80      3.76      4.14
  7446.00      2.28      2.18      2.10      2.28      2.18      2.28      2.19      2.27      2.63      2.78      3.74      4.07
  7447.00      2.30      2.18      2.13      2.29      2.15      2.29      2.24      2.29      2.65      2.83      3.79      4.08
  7448.00      2.35      2.18      2.16      2.32      2.13      2.29      2.29      2.30      2.68      2.86      3.81      4.09
  7449.00      2.36      2.13      2.14      2.29      2.05      2.24      2.28      2.27      2.65      2.82      3.73      3.98
  7450.00      2.42      2.13      2.16      2.31      2.04      2.27      2.31      2.28      2.68      2.85      3.73      3.99
  7451.00      2.42      2.14      2.16      2.29      2.03      2.30      2.32      2.25      2.67      2.86      3.69      4.00
  7452.00      2.37      2.18      2.17      2.29      2.05      2.36      2.32      2.24      2.66      2.86      3.67      4.03
  7453.00      2.29      2.21      2.13      2.26      2.05      2.36      2.25      2.21      2.59      2.80      3.57      3.99
  7454.00      2.23      2.18      2.06      2.20      2.04      2.31      2.14      2.15      2.50      2.72      3.44      3.90
  7455.00      2.36      2.21      2.13      2.27      2.16      2.37      2.17      2.21      2.57      2.81      3.52      4.02
  7456.00      2.47      2.19      2.20      2.32      2.26      2.40      2.20      2.26      2.63      2.87      3.60      4.11
  7457.00      2.45      2.12      2.23      2.31      2.29      2.36      2.16      2.25      2.61      2.86      3.61      4.07
  7458.00      2.39      2.12      2.26      2.31      2.31      2.33      2.14      2.25      2.61      2.86      3.63      4.01
  7459.00      2.33      2.12      2.25      2.30      2.30      2.30      2.12      2.24      2.59      2.84      3.62      3.92
  7460.00      2.34      2.14      2.23      2.29      2.30      2.30      2.11      2.23      2.59      2.83      3.64      3.86
  7461.00      2.40      2.17      2.21      2.28      2.32      2.33      2.13      2.23      2.61      2.83      3.68      3.84
  7462.00      2.44      2.21      2.19      2.27      2.36      2.35      2.17      2.22      2.64      2.84      3.71      3.88
  7463.00      2.39      2.18      2.13      2.23      2.34      2.33      2.16      2.18      2.61      2.80      3.65      3.87
  7464.00      2.34      2.12      2.06      2.20      2.30      2.29      2.14      2.13      2.56      2.72      3.55      3.83
  7465.00      2.27      2.03      2.00      2.17      2.24      2.24      2.09      2.08      2.48      2.63      3.42      3.77
  7466.00      2.08      1.83      1.84      1.97      2.03      2.04      1.89      1.91      2.23      2.38      3.07      3.45
  7467.00      1.82      1.61      1.63      1.71      1.76      1.79      1.65      1.69      1.92      2.08      2.65      3.01
  7468.00      2.09      1.87      1.89      1.98      2.04      2.09      1.93      1.97      2.19      2.42      3.01      3.44
  7469.00      2.15      1.97      1.98      2.08      2.16      2.19      2.05      2.07      2.28      2.57      3.14      3.55
  7470.00      2.19      2.07      2.08      2.18      2.29      2.30      2.18      2.16      2.39      2.74      3.33      3.67
  7471.00      2.18      2.07      2.11      2.19      2.34      2.35      2.24      2.17      2.42      2.80      3.42      3.68
  7472.00      1.97      1.82      1.94      1.98      2.16      2.16      2.06      1.98      2.21      2.57      3.18      3.35
  7473.00      1.79      1.60      1.73      1.78      1.95      1.96      1.87      1.81      2.01      2.31      2.91      3.03
  7474.00      1.97      1.73      1.84      1.90      2.10      2.12      2.03      1.99      2.19      2.47      3.17      3.26
  7475.00      1.91      1.67      1.74      1.76      1.97      2.01      1.94      1.91      2.10      2.34      3.02      3.11
  7476.00      1.59      1.38      1.43      1.39      1.60      1.62      1.58      1.55      1.70      1.89      2.45      2.54
  7477.00      2.01      1.76      1.83      1.71      2.02      2.04      1.99      1.94      2.13      2.37      3.05      3.19
  7478.00      2.30      2.09      2.14      2.00      2.38      2.39      2.36      2.26      2.48      2.79      3.54      3.71
  7479.00      2.20      2.13      2.08      2.01      2.36      2.36      2.35      2.24      2.45      2.78      3.51      3.65
  7480.00      1.58      1.60      1.45      1.47      1.71      1.70      1.69      1.64      1.79      2.05      2.58      2.63
  7481.00      1.12      1.14      1.00      1.03      1.18      1.17      1.16      1.16      1.25      1.44      1.80      1.78
  7482.00      1.55      1.53      1.36      1.37      1.55      1.54      1.52      1.55      1.67      1.90      2.37      2.26
  7483.00      2.21      2.12      1.92      1.90      2.13      2.15      2.08      2.14      2.34      2.60      3.24      2.93
  7484.00      2.33      2.18      2.03      1.99      2.19      2.24      2.14      2.21      2.47      2.66      3.35      2.84
  7485.00      2.21      2.03      1.91      1.92      2.07      2.14      2.03      2.09      2.38      2.52      3.20      2.52
  7486.00      2.20      2.06      1.92      1.98      2.12      2.16      2.06      2.11      2.45      2.56      3.28      2.39
  7487.00      2.23      2.17      2.00      2.10      2.24      2.22      2.13      2.19      2.57      2.67      3.43      2.35
  7488.00      2.15      2.20      2.02      2.12      2.24      2.21      2.11      2.16      2.56      2.66      3.42      2.24
  7489.00      2.13      2.21      2.02      2.09      2.19      2.18      2.09      2.13      2.51      2.63      3.34      2.16
  7490.00      2.12      2.10      1.96      2.01      2.06      2.11      2.01      2.05      2.38      2.53      3.16      2.09
  7491.00      2.29      2.12      2.06      2.10      2.11      2.22      2.10      2.16      2.44      2.62      3.23      2.22
  7492.00      2.34      2.10      2.10      2.13      2.13      2.27      2.15      2.23      2.46      2.63      3.25      2.36
  7493.00      2.31      2.07      2.11      2.12      2.15      2.25      2.18      2.26      2.45      2.60      3.24      2.48
  7494.00      2.30      2.07      2.11      2.12      2.21      2.24      2.21      2.26      2.44      2.59      3.26      2.57
  7495.00      2.18      1.95      1.95      2.00      2.11      2.11      2.12      2.09      2.28      2.42      3.08      2.47
  7496.00      1.91      1.72      1.72      1.78      1.90      1.89      1.95      1.83      2.02      2.16      2.78      2.23
  7497.00      2.03      1.88      1.92      1.96      2.10      2.09      2.25      2.02      2.23      2.41      3.10      2.46
  7498.00      2.11      1.99      2.07      2.05      2.21      2.20      2.48      2.14      2.37      2.58      3.29      2.61
  7499.00      2.16      2.00      2.08      2.00      2.18      2.15      2.53      2.11      2.33      2.58      3.21      2.58
  7500.00      2.19      2.01      2.08      1.95      2.18      2.10      2.57      2.09      2.28      2.56      3.12      2.58
  7501.00      2.17      2.02      2.04      1.93      2.16      2.05      2.58      2.06      2.24      2.54      3.05      2.60
  7502.00      2.09      1.95      1.94      1.87      2.05      1.97      2.47      1.98      2.16      2.44      2.91      2.61
  7503.00      2.14      1.95      1.97      1.94      2.05      2.01      2.47      2.03      2.21      2.49      2.96      2.84
  7504.00      2.15      1.88      1.96      1.96      2.03      2.02      2.40      2.05      2.22      2.50      2.99      3.13
  7505.00      2.08      1.74      1.88      1.88      1.95      1.96      2.22      1.98      2.12      2.42      2.92      3.31
  7506.00      2.10      1.74      1.90      1.88      1.98      1.99      2.12      2.00      2.11      2.43      2.98      3.64
  7507.00      2.16      1.82      1.94      1.91      2.05      2.05      2.04      2.05      2.11      2.48      3.05      4.01
  7508.00      2.18      1.88      1.93      1.90      2.05      2.08      1.93      2.05      2.07      2.49      3.03      4.24
  7509.00      2.14      1.87      1.88      1.86      1.99      2.05      1.80      2.00      1.99      2.44      2.93      4.31
  7510.00      2.10      1.85      1.82      1.82      1.94      2.01      1.69      1.95      1.92      2.39      2.82      4.27
  7511.00      2.08      1.87      1.76      1.80      1.94      1.99      1.64      1.92      1.90      2.35      2.77      4.18
  7512.00      2.10      1.89      1.77      1.81      1.99      2.00      1.62      1.92      1.91      2.37      2.80      4.13
  7513.00      2.14      1.89      1.80      1.83      2.03      2.04      1.63      1.94      1.95      2.40      2.86      4.10
  7514.00      2.11      1.84      1.76      1.80      1.98      2.02      1.56      1.91      1.92      2.35      2.87      3.95
  7515.00      2.08      1.81      1.72      1.78      1.92      1.98      1.49      1.89      1.90      2.29      2.89      3.81
  7516.00      2.05      1.82      1.66      1.77      1.87      1.92      1.40      1.86      1.87      2.24      2.88      3.69
  7517.00      2.02      1.84      1.61      1.75      1.83      1.87      1.33      1.84      1.86      2.21      2.86      3.61
  7518.00      1.98      1.81      1.58      1.72      1.80      1.81      1.26      1.82      1.84      2.17      2.81      3.54
  7519.00      1.89      1.73      1.50      1.66      1.73      1.73      1.18      1.75      1.77      2.09      2.69      3.40
  7520.00      2.03      1.85      1.62      1.82      1.86      1.89      1.30      1.90      1.91      2.26      2.87      3.66
  7521.00      2.16      1.95      1.77      1.97      1.97      2.04      1.47      2.03      2.04      2.42      3.03      3.90
  7522.00      2.19      1.96      1.86      2.03      2.01      2.07      1.61      2.06      2.08      2.47      3.04      3.98
  7523.00      2.16      1.90      1.89      2.00      2.01      2.04      1.73      2.03      2.07      2.45      3.00      3.99
  7524.00      1.80      1.57      1.58      1.63      1.69      1.69      1.54      1.68      1.73      2.05      2.50      3.41
  7525.00      0.78      0.67      0.67      0.69      0.73      0.72      0.69      0.72      0.74      0.88      1.08      1.53
  7526.00      0.51      0.44      0.43      0.45      0.48      0.47      0.47      0.47      0.49      0.58      0.70      1.03
  7527.00      0.77      0.64      0.63      0.67      0.72      0.71      0.72      0.72      0.73      0.86      1.05      1.59
  7528.00      1.72      1.42      1.43      1.53      1.63      1.58      1.63      1.62      1.62      1.94      2.34      3.61
  7529.00      2.30      1.91      1.96      2.06      2.25      2.12      2.18      2.16      2.18      2.60      3.12      4.92
  7530.00      2.28      1.95      1.97      2.05      2.32      2.13      2.14      2.13      2.20      2.61      3.12      5.06
  7531.00      2.30      2.03      2.00      2.05      2.43      2.16      2.13      2.12      2.26      2.66      3.16      5.22
  7532.00      1.69      1.53      1.46      1.50      1.86      1.57      1.53      1.53      1.69      1.99      2.37      3.98
  7533.00      1.25      1.14      1.08      1.10      1.42      1.15      1.11      1.12      1.27      1.49      1.77      2.99
  7534.00      1.68      1.54      1.46      1.50      1.94      1.56      1.48      1.52      1.73      2.00      2.39      3.97
  7535.00      2.31      2.08      2.01      2.10      2.66      2.15      2.02      2.13      2.40      2.71      3.26      5.24
  7536.00      2.36      2.11      2.03      2.21      2.69      2.22      2.08      2.22      2.49      2.75      3.32      5.15
  7537.00      2.38      2.13      2.03      2.27      2.63      2.28      2.11      2.26      2.51      2.75      3.31      4.96
  7538.00      2.38      2.16      2.02      2.27      2.54      2.32      2.14      2.28      2.50      2.75      3.31      4.80
  7539.00      2.41      2.21      2.05      2.25      2.49      2.36      2.18      2.31      2.52      2.78      3.34      4.73
  7540.00      2.41      2.22      2.09      2.20      2.43      2.38      2.19      2.31      2.50      2.79      3.35      4.63
  7541.00      2.33      2.11      2.07      2.08      2.29      2.30      2.12      2.22      2.39      2.70      3.24      4.40
  7542.00      2.23      2.01      2.01      1.99      2.16      2.19      2.03      2.14      2.29      2.60      3.13      4.16
  7543.00      2.30      2.08      2.07      2.08      2.18      2.22      2.10      2.21      2.36      2.69      3.24      4.21
  7544.00      2.36      2.16      2.10      2.15      2.21      2.25      2.16      2.29      2.43      2.75      3.35      4.24
  7545.00      2.39      2.20      2.09      2.19      2.21      2.27      2.21      2.33      2.47      2.77      3.40      4.23
  7546.00      2.45      2.26      2.12      2.25      2.24      2.34      2.27      2.37      2.52      2.82      3.47      4.25
  7547.00      2.48      2.31      2.14      2.26      2.23      2.38      2.29      2.37      2.56      2.83      3.49      4.25
  7548.00      2.41      2.30      2.06      2.17      2.15      2.31      2.21      2.30      2.51      2.72      3.38      4.12
  7549.00      2.36      2.27      2.00      2.09      2.09      2.23      2.15      2.25      2.50      2.63      3.32      4.03
  7550.00      2.43      2.31      2.06      2.12      2.13      2.24      2.19      2.31      2.60      2.68      3.42      4.15
  7551.00      2.46      2.30      2.09      2.12      2.14      2.21      2.20      2.34      2.62      2.70      3.45      4.18
  7552.00      2.44      2.25      2.10      2.12      2.10      2.18      2.17      2.33      2.56      2.68      3.42      4.12
  7553.00      2.49      2.26      2.16      2.20      2.11      2.23      2.21      2.37      2.57      2.72      3.46      4.15
  7554.00      2.47      2.22      2.12      2.21      2.09      2.22      2.21      2.32      2.50      2.70      3.39      4.09
  7555.00      2.39      2.17      2.04      2.14      2.05      2.15      2.16      2.23      2.37      2.64      3.26      3.97
  7556.00      2.48      2.30      2.11      2.23      2.16      2.23      2.27      2.29      2.41      2.77      3.35      4.14
  7557.00      2.55      2.43      2.17      2.30      2.26      2.29      2.35      2.32      2.47      2.88      3.44      4.34
  7558.00      2.54      2.48      2.18      2.28      2.29      2.30      2.35      2.29      2.47      2.90      3.45      4.41
  7559.00      2.49      2.48      2.14      2.23      2.27      2.29      2.30      2.23      2.40      2.84      3.40      4.38
  7560.00      2.45      2.48      2.10      2.20      2.25      2.29      2.26      2.19      2.35      2.80      3.35      4.35
  7561.00      2.42      2.51      2.06      2.16      2.22      2.29      2.24      2.18      2.31      2.75      3.31      4.28
  7562.00      2.36      2.53      2.00      2.11      2.16      2.24      2.19      2.14      2.25      2.67      3.23      4.13
  7563.00      2.45      2.70      2.05      2.21      2.22      2.32      2.26      2.22      2.33      2.78      3.36      4.26
  7564.00      2.50      2.81      2.06      2.27      2.29      2.36      2.30      2.27      2.38      2.87      3.45      4.35
  7565.00      2.50      2.82      2.05      2.27      2.33      2.36      2.28      2.26      2.38      2.89      3.45      4.36
  7566.00      2.51      2.84      2.06      2.28      2.36      2.39      2.27      2.27      2.39      2.90      3.46      4.41
  7567.00      2.51      2.85      2.06      2.27      2.38      2.41      2.28      2.30      2.39      2.91      3.48      4.46
  7568.00      2.47      2.75      2.02      2.21      2.35      2.37      2.22      2.29      2.35      2.84      3.41      4.39
  7569.00      2.20      2.40      1.79      1.96      2.11      2.09      1.97      2.06      2.10      2.51      3.04      3.92
  7570.00      1.93      2.07      1.56      1.71      1.88      1.81      1.72      1.80      1.85      2.18      2.66      3.41
  7571.00      2.21      2.35      1.82      1.97      2.22      2.06      1.97      2.05      2.13      2.48      3.05      3.84
  7572.00      2.20      2.32      1.84      1.97      2.25      2.05      1.99      2.02      2.14      2.49      3.07      3.80
  7573.00      1.20      1.24      0.99      1.07      1.22      1.12      1.09      1.09      1.17      1.35      1.68      2.07
  7574.00      0.81      0.82      0.66      0.73      0.81      0.76      0.74      0.73      0.80      0.90      1.14      1.40
  7575.00      1.19      1.19      0.96      1.07      1.15      1.13      1.08      1.08      1.17      1.31      1.67      2.03
  7576.00      2.07      2.04      1.68      1.90      1.94      2.00      1.87      1.90      2.05      2.27      2.90      3.48
  7577.00      2.36      2.25      1.96      2.17      2.17      2.30      2.10      2.19      2.36      2.59      3.30      3.94
  7578.00      2.43      2.24      2.05      2.21      2.20      2.36      2.14      2.27      2.46      2.68      3.39      4.06
  7579.00      2.43      2.21      2.06      2.21      2.17      2.33      2.13      2.28      2.48      2.71      3.39      4.10
  7580.00      2.43      2.15      2.04      2.20      2.15      2.29      2.13      2.28      2.48      2.72      3.39      4.16
  7581.00      2.44      2.11      2.03      2.21      2.15      2.29      2.18      2.30      2.49      2.76      3.41      4.23
  7582.00      2.42      2.03      1.99      2.18      2.13      2.27      2.22      2.27      2.46      2.73      3.39      4.22
  7583.00      2.43      1.98      1.99      2.17      2.13      2.29      2.28      2.26      2.43      2.74      3.40      4.24
  7584.00      2.43      1.99      2.01      2.17      2.13      2.31      2.31      2.23      2.39      2.73      3.39      4.24
  7585.00      2.44      2.04      2.04      2.20      2.13      2.35      2.33      2.22      2.38      2.73      3.38      4.25
  7586.00      2.36      2.01      1.99      2.16      2.07      2.30      2.25      2.14      2.30      2.66      3.27      4.13
  7587.00      1.74      1.48      1.47      1.60      1.54      1.71      1.65      1.57      1.69      1.98      2.43      3.09
  7588.00      1.34      1.12      1.12      1.23      1.20      1.33      1.26      1.20      1.30      1.54      1.87      2.40
  7589.00      1.76      1.47      1.45      1.63      1.62      1.75      1.65      1.58      1.71      2.05      2.47      3.18
  7590.00      2.39      2.05      1.95      2.23      2.22      2.35      2.23      2.14      2.34      2.79      3.33      4.28
  7591.00      2.45      2.18      1.99      2.28      2.27      2.39      2.28      2.19      2.41      2.88      3.40      4.39
  7592.00      2.36      2.16      1.94      2.16      2.18      2.29      2.20      2.10      2.35      2.79      3.26      4.24
  7593.00      2.26      2.07      1.87      2.03      2.07      2.18      2.11      2.00      2.26      2.66      3.10      4.04
  7594.00      1.86      1.69      1.55      1.65      1.70      1.78      1.74      1.66      1.87      2.18      2.54      3.32
  7595.00      1.74      1.56      1.45      1.53      1.60      1.66      1.61      1.56      1.73      2.02      2.36      3.09
  7596.00      1.97      1.74      1.66      1.70      1.83      1.89      1.81      1.79      1.95      2.27      2.68      3.49
  7597.00      2.11      1.83      1.79      1.78      1.97      2.02      1.89      1.93      2.06      2.42      2.87      3.72
  7598.00      1.95      1.68      1.69      1.63      1.83      1.89      1.73      1.80      1.90      2.25      2.69      3.46
  7599.00      1.42      1.20      1.23      1.18      1.32      1.38      1.24      1.31      1.37      1.64      1.97      2.52
  7600.00      1.17      0.97      1.01      1.01      1.07      1.13      1.02      1.10      1.13      1.38      1.65      2.09
  7601.00      1.68      1.39      1.44      1.51      1.52      1.60      1.48      1.58      1.63      2.00      2.37      2.97
  7602.00      1.72      1.43      1.46      1.55      1.55      1.62      1.53      1.61      1.68      2.07      2.44      3.03
  7603.00      1.70      1.43      1.43      1.51      1.54      1.59      1.52      1.57      1.66      2.05      2.40      2.96
  7604.00      1.67      1.43      1.41      1.46      1.51      1.58      1.51      1.52      1.65      2.00      2.35      2.89
  7605.00      1.61      1.39      1.37      1.40      1.45      1.55      1.47      1.45      1.61      1.91      2.26      2.80
  7606.00      1.54      1.31      1.30      1.34      1.38      1.49      1.42      1.37      1.55      1.79      2.14      2.68
  7607.00      1.18      1.00      0.99      1.04      1.06      1.14      1.09      1.04      1.19      1.35      1.65      2.06
  7608.00      0.91      0.76      0.76      0.82      0.84      0.88      0.85      0.81      0.93      1.03      1.28      1.60
  7609.00      1.33      1.09      1.10      1.21      1.23      1.27      1.23      1.18      1.38      1.48      1.87      2.33
  7610.00      1.63      1.33      1.35      1.46      1.50      1.55      1.49      1.43      1.69      1.80      2.28      2.85
  7611.00      1.36      1.10      1.14      1.21      1.25      1.29      1.25      1.20      1.42      1.51      1.94      2.41
  7612.00      0.88      0.70      0.73      0.78      0.80      0.83      0.80      0.77      0.91      0.98      1.26      1.55
  7613.00      1.20      0.94      1.00      1.08      1.09      1.12      1.09      1.05      1.23      1.36      1.71      2.08
  7614.00      1.56      1.20      1.31      1.42      1.43      1.46      1.43      1.38      1.60      1.78      2.21      2.66
  7615.00      1.18      0.87      0.99      1.08      1.08      1.10      1.08      1.05      1.19      1.35      1.66      1.97
  7616.00      1.50      1.03      1.28      1.39      1.39      1.39      1.38      1.35      1.50      1.73      2.08      2.42
  7617.00      2.24      1.49      1.94      2.07      2.09      2.08      2.05      2.03      2.24      2.59      3.05      3.53
  7618.00      2.25      1.47      1.96      2.07      2.13      2.09      2.04      2.06      2.27      2.61      3.04      3.56
  7619.00      1.48      0.96      1.28      1.35      1.41      1.37      1.31      1.35      1.50      1.72      2.00      2.40
  7620.00      0.94      0.61      0.81      0.85      0.90      0.87      0.82      0.86      0.95      1.09      1.28      1.56
  7621.00      0.88      0.57      0.75      0.80      0.84      0.82      0.75      0.81      0.87      1.01      1.20      1.50
  7622.00      1.60      1.06      1.37      1.46      1.57      1.50      1.38      1.49      1.57      1.84      2.19      2.78
  7623.00      1.76      1.19      1.49      1.61      1.77      1.65      1.54      1.64      1.69      2.02      2.41      3.08
  7624.00      1.65      1.19      1.39      1.50      1.73      1.55      1.46      1.51      1.53      1.91      2.29      2.92
  7625.00      1.89      1.44      1.60      1.72      2.07      1.79      1.68      1.70      1.69      2.19      2.64      3.33
  7626.00      1.92      1.51      1.63      1.76      2.19      1.83      1.72      1.70      1.68      2.23      2.68      3.38
  7627.00      1.28      1.04      1.09      1.18      1.58      1.23      1.15      1.12      1.08      1.50      1.80      2.28
  7628.00      1.51      1.29      1.31      1.40      2.15      1.46      1.37      1.29      1.20      1.80      2.13      2.74
  7629.00      2.03      1.74      1.76      1.87      3.02      1.95      1.83      1.71      1.53      2.44      2.87      3.69
  7630.00      1.66      1.42      1.43      1.52      2.54      1.58      1.48      1.38      1.19      2.00      2.35      3.04
  7631.00      0.93      0.81      0.80      0.85      1.45      0.89      0.82      0.77      0.62      1.14      1.32      1.73
  7632.00      1.22      1.07      1.04      1.09      1.88      1.17      1.05      1.01      0.68      1.50      1.71      2.27
  7633.00      2.18      1.93      1.89      1.95      3.25      2.10      1.88      1.83      1.17      2.66      3.01      3.99
  7634.00      2.21      1.97      1.94      1.98      3.21      2.14      1.90      1.86      1.15      2.68      3.02      4.03
  7635.00      1.67      1.50      1.47      1.50      2.37      1.62      1.45      1.40      0.86      1.99      2.25      3.05
  7636.00      1.79      1.63      1.56      1.62      2.48      1.74      1.58      1.50      0.94      2.10      2.37      3.23
  7637.00      2.42      2.20      2.07      2.17      3.34      2.33      2.17      2.01      1.34      2.78      3.16      4.28
  7638.00      2.71      2.45      2.30      2.41      3.76      2.58      2.46      2.24      1.60      3.08      3.54      4.74
  7639.00      2.46      2.21      2.09      2.17      3.42      2.33      2.25      2.00      1.58      2.77      3.24      4.29
  7640.00      2.11      1.89      1.82      1.86      2.91      2.01      1.92      1.69      1.50      2.36      2.81      3.68
  7641.00      2.13      1.89      1.87      1.89      2.84      2.06      1.92      1.69      1.69      2.38      2.86      3.70
  7642.00      2.66      2.35      2.34      2.35      3.36      2.60      2.40      2.10      2.28      2.97      3.59      4.57
  7643.00      2.60      2.33      2.27      2.28      3.14      2.55      2.35      2.05      2.35      2.90      3.52      4.48
  7644.00      1.89      1.74      1.61      1.64      2.14      1.84      1.71      1.48      1.78      2.10      2.55      3.29
  7645.00      1.85      1.75      1.56      1.62      1.95      1.79      1.68      1.47      1.81      2.05      2.46      3.21
  7646.00      2.21      2.08      1.88      1.97      2.24      2.12      2.00      1.79      2.20      2.44      2.90      3.79
  7647.00      2.42      2.25      2.08      2.17      2.40      2.31      2.17      2.00      2.44      2.66      3.14      4.11
  7648.00      2.20      2.02      1.91      1.97      2.17      2.11      1.96      1.85      2.23      2.41      2.84      3.72
  7649.00      1.47      1.33      1.27      1.29      1.45      1.41      1.31      1.25      1.48      1.62      1.87      2.50
  7650.00      1.65      1.47      1.43      1.42      1.64      1.58      1.51      1.44      1.64      1.86      2.05      2.82
  7651.00      2.48      2.20      2.13      2.12      2.45      2.39      2.30      2.16      2.44      2.81      3.02      4.21
  7652.00      2.66      2.35      2.25      2.25      2.59      2.57      2.49      2.30      2.59      3.03      3.19      4.53
  7653.00      2.22      1.94      1.85      1.87      2.12      2.15      2.08      1.89      2.14      2.54      2.64      3.82
  7654.00      1.71      1.48      1.43      1.45      1.61      1.68      1.62      1.45      1.65      1.96      2.02      2.97
  7655.00      1.98      1.72      1.66      1.71      1.84      1.97      1.88      1.67      1.90      2.26      2.30      3.39
  7656.00      2.60      2.30      2.18      2.28      2.42      2.59      2.46      2.18      2.49      2.98      2.98      4.35
  7657.00      2.69      2.43      2.25      2.38      2.51      2.67      2.53      2.23      2.57      3.09      3.01      4.43
  7658.00      2.48      2.29      2.07      2.20      2.32      2.44      2.30      2.05      2.35      2.87      2.69      4.03
  7659.00      2.39      2.23      2.01      2.11      2.23      2.32      2.18      1.97      2.24      2.79      2.47      3.82
  7660.00      2.50      2.32      2.09      2.19      2.31      2.39      2.24      2.06      2.31      2.95      2.42      3.92
  7661.00      2.65      2.37      2.20      2.32      2.42      2.50      2.33      2.19      2.43      3.13      2.38      4.08
  7662.00      2.68      2.31      2.21      2.36      2.42      2.52      2.34      2.23      2.46      3.14      2.22      4.08
  7663.00      2.50      2.10      2.06      2.24      2.26      2.34      2.17      2.10      2.33      2.90      1.92      3.78
  7664.00      2.18      1.82      1.81      1.98      1.98      2.04      1.90      1.86      2.08      2.51      1.58      3.26
  7665.00      1.94      1.62      1.62      1.77      1.77      1.82      1.69      1.68      1.91      2.21      1.34      2.81
  7666.00      2.11      1.77      1.75      1.91      1.95      2.00      1.85      1.88      2.19      2.39      1.45      2.87
  7667.00      2.80      2.37      2.29      2.48      2.60      2.68      2.47      2.52      3.03      3.14      1.98      3.51
  7668.00      2.97      2.56      2.41      2.61      2.77      2.86      2.63      2.68      3.35      3.34      2.23      3.45
  7669.00      2.73      2.41      2.21      2.39      2.55      2.63      2.42      2.45      3.23      3.10      2.22      2.90
  7670.00      2.64      2.36      2.14      2.31      2.47      2.52      2.33      2.34      3.25      3.02      2.33      2.55
  7671.00      2.65      2.36      2.15      2.33      2.48      2.50      2.32      2.35      3.36      3.05      2.53      2.36
  7672.00      2.67      2.37      2.19      2.34      2.48      2.49      2.34      2.37      3.42      3.09      2.77      2.24
  7673.00      2.69      2.38      2.24      2.34      2.44      2.49      2.36      2.42      3.41      3.12      3.02      2.16
  7674.00      2.52      2.25      2.14      2.16      2.25      2.32      2.23      2.30      3.13      2.94      3.03      1.98
  7675.00      2.38      2.11      2.04      2.01      2.10      2.18      2.12      2.19      2.82      2.77      2.98      1.86
  7676.00      2.54      2.20      2.20      2.15      2.24      2.31      2.26      2.35      2.84      2.94      3.28      2.02
  7677.00      2.69      2.29      2.36      2.32      2.38      2.44      2.38      2.48      2.82      3.10      3.53      2.26
  7678.00      2.73      2.34      2.44      2.40      2.43      2.47      2.38      2.50      2.71      3.14      3.60      2.53
  7679.00      2.77      2.44      2.50      2.46      2.48      2.51      2.40      2.54      2.65      3.20      3.62      2.92
  7680.00      2.74      2.48      2.47      2.42      2.46      2.50      2.38      2.51      2.56      3.19      3.55      3.34
  7681.00      2.70      2.47      2.39      2.37      2.43      2.47      2.37      2.48      2.50      3.17      3.51      3.80
  7682.00      2.70      2.46      2.38      2.37      2.46      2.49      2.40      2.49      2.51      3.18      3.55      4.33
  7683.00      2.61      2.36      2.31      2.27      2.40      2.40      2.34      2.42      2.43      3.05      3.47      4.63
  7684.00      2.51      2.25      2.24      2.17      2.31      2.30      2.25      2.33      2.35      2.90      3.36      4.84
  7685.00      2.54      2.31      2.27      2.19      2.32      2.33      2.26      2.37      2.36      2.89      3.44      5.16
  7686.00      2.44      2.28      2.17      2.13      2.22      2.26      2.14      2.28      2.25      2.76      3.36      5.14
  7687.00      2.35      2.25      2.06      2.09      2.13      2.19      2.04      2.20      2.15      2.65      3.27      5.01
  7688.00      2.20      2.17      1.91      1.98      2.01      2.07      1.90      2.07      2.00      2.49      3.08      4.69
  7689.00      1.94      1.95      1.66      1.76      1.80      1.85      1.68      1.84      1.75      2.21      2.71      4.08
  7690.00      1.86      1.90      1.57      1.68      1.74      1.79      1.62      1.79      1.66      2.14      2.58      3.82
  7691.00      2.18      2.27      1.84      1.96      2.03      2.11      1.91      2.15      1.94      2.53      3.00      4.33
  7692.00      2.34      2.46      1.99      2.07      2.14      2.28      2.03      2.34      2.06      2.71      3.16      4.49
  7693.00      2.01      2.11      1.73      1.75      1.79      1.95      1.71      2.02      1.73      2.31      2.68      3.76
  7694.00      1.78      1.85      1.54      1.52      1.55      1.70      1.48      1.78      1.50      2.02      2.34      3.25
  7695.00      2.07      2.12      1.78      1.76      1.78      1.97      1.69      2.05      1.74      2.34      2.72      3.69
  7696.00      2.41      2.43      2.04      2.07      2.06      2.29      1.96      2.34      2.01      2.71      3.15      4.18
  7697.00      2.29      2.30      1.92      2.00      1.95      2.18      1.88      2.18      1.91      2.58      3.01      3.92
  7698.00      2.15      2.14      1.79      1.89      1.83      2.06      1.79      2.01      1.79      2.44      2.84      3.65
  7699.00      2.20      2.14      1.82      1.95      1.88      2.10      1.87      2.02      1.84      2.51      2.93      3.73
  7700.00      2.15      2.02      1.76      1.91      1.86      2.02      1.88      1.92      1.80      2.46      2.86      3.67
  7701.00      1.75      1.59      1.42      1.56      1.53      1.62      1.55      1.53      1.47      1.99      2.31      3.03
  7702.00      1.67      1.50      1.37      1.50      1.48      1.54      1.50      1.44      1.40      1.88      2.17      2.92
  7703.00      2.10      1.86      1.75      1.88      1.87      1.95      1.90      1.81      1.79      2.34      2.70      3.70
  7704.00      2.58      2.22      2.17      2.29      2.29      2.39      2.34      2.21      2.23      2.83      3.28      4.56
  7705.00      2.57      2.15      2.19      2.24      2.24      2.38      2.31      2.20      2.21      2.79      3.23      4.58
  7706.00      2.52      2.09      2.16      2.19      2.18      2.32      2.25      2.17      2.16      2.73      3.15      4.51
  7707.00      2.64      2.20      2.24      2.31      2.26      2.39      2.33      2.28      2.24      2.85      3.24      4.68
  7708.00      2.73      2.31      2.30      2.42      2.34      2.43      2.39      2.37      2.30      2.96      3.27      4.81
  7709.00      2.76      2.36      2.32      2.47      2.37      2.46      2.39      2.40      2.31      3.01      3.20      4.83
  7710.00      2.72      2.36      2.31      2.43      2.35      2.44      2.35      2.38      2.26      2.99      3.04      4.75
  7711.00      2.64      2.30      2.27      2.32      2.27      2.38      2.28      2.31      2.17      2.91      2.79      4.58
  7712.00      2.52      2.17      2.18      2.17      2.17      2.31      2.18      2.21      2.05      2.79      2.51      4.35
  7713.00      2.22      1.84      1.92      1.87      1.91      2.07      1.92      1.95      1.78      2.46      2.07      3.84
  7714.00      1.46      1.14      1.26      1.21      1.25      1.37      1.26      1.29      1.15      1.62      1.29      2.55
  7715.00      1.12      0.83      0.97      0.93      0.96      1.05      0.96      1.00      0.87      1.24      0.95      1.96
  7716.00      1.22      0.87      1.06      1.02      1.04      1.14      1.04      1.10      0.95      1.34      1.03      2.14
  7717.00      0.90      0.61      0.77      0.76      0.77      0.84      0.77      0.81      0.71      0.98      0.77      1.60
  7718.00      0.56      0.37      0.47      0.48      0.47      0.52      0.48      0.50      0.45      0.61      0.50      1.01
  7719.00      0.46      0.29      0.39      0.40      0.39      0.43      0.40      0.41      0.38      0.50      0.45      0.84
  7720.00      0.64      0.40      0.54      0.56      0.55      0.61      0.56      0.57      0.53      0.70      0.68      1.17
  7721.00      1.38      0.86      1.16      1.21      1.17      1.32      1.21      1.23      1.14      1.52      1.58      2.47
  7722.00      2.46      1.59      2.07      2.13      2.09      2.37      2.15      2.21      1.99      2.73      3.00      4.26
  7723.00      2.68      1.87      2.27      2.27      2.27      2.60      2.33      2.42      2.10      3.03      3.44      4.53
  7724.00      2.63      2.01      2.23      2.17      2.21      2.59      2.29      2.39      2.01      3.01      3.53      4.36
  7725.00      2.03      1.67      1.73      1.65      1.69      2.04      1.77      1.84      1.51      2.34      2.83      3.32
  7726.00      1.57      1.36      1.34      1.28      1.30      1.61      1.37      1.43      1.16      1.81      2.25      2.54
  7727.00      1.44      1.26      1.22      1.20      1.20      1.49      1.25      1.30      1.05      1.65      2.09      2.30
  7728.00      1.26      1.10      1.06      1.07      1.08      1.31      1.09      1.13      0.92      1.44      1.84      2.01
  7729.00      1.65      1.46      1.39      1.43      1.46      1.71      1.43      1.49      1.21      1.90      2.42      2.65
  7730.00      2.41      2.18      2.06      2.12      2.21      2.45      2.09      2.18      1.76      2.79      3.53      3.86
  7731.00      2.57      2.33      2.23      2.25      2.39      2.54      2.21      2.32      1.81      3.00      3.77      4.13
  7732.00      2.65      2.35      2.32      2.30      2.46      2.57      2.25      2.38      1.77      3.11      3.90      4.27
  7733.00      2.63      2.24      2.31      2.26      2.42      2.52      2.20      2.36      1.65      3.08      3.89      4.27
  7734.00      2.49      2.02      2.15      2.09      2.27      2.35      2.04      2.22      1.47      2.88      3.67      4.05
  7735.00      2.24      1.75      1.91      1.86      2.05      2.09      1.81      1.99      1.26      2.56      3.29      3.69
  7736.00      1.84      1.40      1.53      1.51      1.69      1.70      1.46      1.61      0.99      2.07      2.66      3.08
  7737.00      1.58      1.20      1.29      1.31      1.46      1.45      1.25      1.37      0.80      1.76      2.24      2.69
  7738.00      1.58      1.21      1.27      1.31      1.45      1.43      1.25      1.34      0.76      1.75      2.20      2.72
  7739.00      2.06      1.60      1.66      1.72      1.88      1.85      1.66      1.75      0.96      2.29      2.82      3.56
  7740.00      2.50      1.94      2.03      2.08      2.28      2.23      2.05      2.13      1.14      2.82      3.41      4.32
  7741.00      2.38      1.82      1.94      1.97      2.19      2.10      1.97      2.04      1.07      2.71      3.27      4.13
  7742.00      2.30      1.72      1.89      1.92      2.15      2.05      1.94      2.00      1.06      2.66      3.21      4.01
  7743.00      2.31      1.68      1.91      1.97      2.19      2.11      1.98      2.02      1.15      2.69      3.27      4.02
  7744.00      2.49      1.82      2.08      2.18      2.37      2.34      2.18      2.20      1.37      2.92      3.57      4.34
  7745.00      2.68      2.04      2.24      2.38      2.52      2.57      2.36      2.38      1.62      3.12      3.84      4.67
  7746.00      2.71      2.20      2.27      2.40      2.50      2.61      2.40      2.42      1.79      3.12      3.88      4.77
  7747.00      2.73      2.36      2.33      2.41      2.47      2.61      2.42      2.46      1.94      3.11      3.90      4.84
  7748.00      2.75      2.49      2.37      2.42      2.46      2.60      2.42      2.49      2.05      3.11      3.90      4.88
  7749.00      2.78      2.62      2.41      2.46      2.46      2.59      2.42      2.51      2.10      3.14      3.93      4.93
  7750.00      2.70      2.65      2.32      2.40      2.37      2.50      2.32      2.43      2.01      3.08      3.82      4.79
  7751.00      2.02      2.05      1.71      1.79      1.75      1.87      1.72      1.79      1.43      2.33      2.87      3.62
  7752.00      0.92      0.95      0.78      0.81      0.79      0.86      0.78      0.81      0.62      1.07      1.32      1.67
  7753.00      0.64      0.66      0.54      0.55      0.55      0.60      0.54      0.56      0.43      0.75      0.92      1.16
  7754.00      0.89      0.91      0.76      0.74      0.77      0.84      0.75      0.79      0.60      1.04      1.26      1.61
  7755.00      1.89      1.88      1.60      1.53      1.65      1.76      1.58      1.68      1.32      2.18      2.62      3.34
  7756.00      2.63      2.53      2.24      2.13      2.34      2.45      2.20      2.36      1.97      3.01      3.59      4.58
  7757.00      2.66      2.45      2.28      2.19      2.37      2.47      2.22      2.37      2.15      3.02      3.62      4.63
  7758.00      2.12      1.92      1.83      1.78      1.88      1.98      1.76      1.86      1.86      2.40      2.91      3.74
  7759.00      1.72      1.57      1.48      1.46      1.52      1.62      1.44      1.51      1.66      1.95      2.41      3.06
  7760.00      1.81      1.68      1.54      1.53      1.60      1.72      1.53      1.60      1.89      2.05      2.57      3.21
  7761.00      1.03      0.95      0.87      0.85      0.91      0.98      0.87      0.93      1.14      1.17      1.48      1.84
  7762.00      0.73      0.67      0.62      0.60      0.65      0.69      0.62      0.68      0.85      0.83      1.06      1.31
  7763.00      1.04      0.94      0.90      0.86      0.93      0.99      0.89      0.99      1.24      1.20      1.50      1.87
  7764.00      2.21      2.01      1.92      1.88      1.99      2.10      1.90      2.14      2.64      2.57      3.13      3.94
  7765.00      2.74      2.53      2.36      2.39      2.45      2.63      2.38      2.68      3.25      3.21      3.84      4.88
  7766.00      2.75      2.52      2.31      2.40      2.40      2.62      2.41      2.66      3.22      3.22      3.80      4.93
  7767.00      2.76      2.49      2.28      2.41      2.38      2.62      2.45      2.64      3.20      3.24      3.81      5.00
  7768.00      2.74      2.42      2.25      2.39      2.37      2.58      2.46      2.60      3.15      3.20      3.80      5.01
  7769.00      2.72      2.38      2.27      2.39      2.39      2.55      2.46      2.57      3.09      3.17      3.84      5.00
  7770.00      2.69      2.38      2.30      2.40      2.42      2.48      2.44      2.52      3.01      3.12      3.87      4.91
  7771.00      2.62      2.38      2.28      2.37      2.41      2.39      2.38      2.45      2.90      3.02      3.84      4.72
  7772.00      2.64      2.46      2.33      2.42      2.44      2.40      2.42      2.48      2.90      3.03      3.92      4.68
  7773.00      2.07      1.92      1.83      1.88      1.89      1.86      1.90      1.95      2.26      2.37      3.08      3.65
  7774.00      1.64      1.49      1.47      1.47      1.49      1.47      1.52      1.57      1.79      1.89      2.44      2.89
  7775.00      1.87      1.66      1.67      1.63      1.70      1.69      1.73      1.80      2.04      2.15      2.74      3.25
  7776.00      2.04      1.82      1.83      1.75      1.87      1.85      1.89      1.97      2.22      2.37      2.97      3.54
  7777.00      2.34      2.14      2.07      2.01      2.16      2.13      2.16      2.26      2.53      2.73      3.38      4.05
  7778.00      2.69      2.49      2.35      2.33      2.49      2.47      2.48      2.61      2.89      3.16      3.89      4.68
  7779.00      2.76      2.50      2.40      2.41      2.55      2.55      2.56      2.67      2.95      3.25      4.01      4.84
  7780.00      2.73      2.42      2.39      2.40      2.51      2.53      2.55      2.65      2.90      3.21      3.99      4.84
  7781.00      2.68      2.36      2.36      2.37      2.46      2.49      2.51      2.62      2.83      3.13      3.91      4.80
  7782.00      2.61      2.30      2.30      2.33      2.39      2.44      2.44      2.57      2.72      3.02      3.79      4.73
  7783.00      2.53      2.23      2.24      2.27      2.30      2.39      2.37      2.50      2.60      2.91      3.66      4.64
  7784.00      2.62      2.32      2.31      2.34      2.38      2.48      2.44      2.59      2.66      2.99      3.77      4.83
  7785.00      2.64      2.38      2.32      2.34      2.40      2.47      2.45      2.64      2.67      2.99      3.80      4.89
  7786.00      2.43      2.26      2.13      2.16      2.23      2.22      2.24      2.45      2.45      2.72      3.50      4.52
  7787.00      2.33      2.26      2.05      2.10      2.16      2.09      2.14      2.37      2.36      2.59      3.35      4.35
  7788.00      2.32      2.32      2.08      2.11      2.17      2.06      2.10      2.37      2.35      2.57      3.30      4.30
  7789.00      2.38      2.48      2.18      2.17      2.25      2.16      2.15      2.45      2.44      2.65      3.36      4.40
  7790.00      2.51      2.69      2.33      2.25      2.36      2.34      2.27      2.60      2.58      2.82      3.50      4.59
  7791.00      2.41      2.66      2.22      2.12      2.25      2.30      2.19      2.51      2.48      2.75      3.35      4.37
  7792.00      2.12      2.40      1.91      1.88      1.96      2.05      1.93      2.23      2.19      2.46      2.97      3.83
  7793.00      1.95      2.22      1.71      1.76      1.79      1.88      1.76      2.09      2.03      2.27      2.73      3.50
  7794.00      2.08      2.34      1.80      1.91      1.91      2.00      1.87      2.28      2.17      2.43      2.90      3.72
  7795.00      1.34      1.46      1.16      1.23      1.24      1.28      1.19      1.50      1.39      1.56      1.86      2.42
  7796.00      0.96      1.01      0.85      0.88      0.90      0.92      0.85      1.10      1.00      1.12      1.33      1.77
  7797.00      1.28      1.30      1.14      1.17      1.20      1.23      1.13      1.48      1.31      1.48      1.75      2.36
  7798.00      2.18      2.15      1.94      1.99      2.04      2.08      1.94      2.50      2.22      2.51      2.94      3.99
  7799.00      2.56      2.49      2.27      2.34      2.39      2.44      2.28      2.89      2.59      2.95      3.44      4.69
  7800.00      2.52      2.38      2.22      2.32      2.34      2.40      2.25      2.79      2.54      2.91      3.41      4.65
  7801.00      2.61      2.37      2.31      2.40      2.42      2.50      2.33      2.84      2.62      3.01      3.56      4.82
  7802.00      2.68      2.36      2.38      2.44      2.48      2.58      2.39      2.85      2.67      3.08      3.67      4.92
  7803.00      2.76      2.44      2.47      2.49      2.55      2.69      2.47      2.90      2.73      3.18      3.79      5.03
  7804.00      2.81      2.54      2.50      2.51      2.56      2.74      2.53      2.92      2.77      3.23      3.88      5.05
  7805.00      2.72      2.51      2.41      2.43      2.45      2.66      2.47      2.81      2.68      3.13      3.79      4.85
  7806.00      2.65      2.44      2.35      2.38      2.37      2.59      2.40      2.71      2.61      3.05      3.70      4.68
  7807.00      2.75      2.52      2.45      2.49      2.44      2.68      2.48      2.80      2.71      3.19      3.82      4.78
  7808.00      2.76      2.55      2.47      2.51      2.46      2.67      2.50      2.80      2.71      3.23      3.83      4.76
  7809.00      2.52      2.35      2.27      2.29      2.27      2.42      2.30      2.55      2.47      2.98      3.51      4.37
  7810.00      2.20      2.08      1.98      2.00      2.00      2.11      2.03      2.22      2.15      2.62      3.08      3.88
  7811.00      2.16      2.05      1.92      1.97      1.96      2.07      2.02      2.17      2.12      2.58      3.03      3.86
  7812.00      2.45      2.29      2.14      2.25      2.22      2.35      2.33      2.46      2.42      2.92      3.44      4.40
  7813.00      2.65      2.43      2.28      2.46      2.39      2.55      2.54      2.65      2.64      3.16      3.73      4.79
  7814.00      2.68      2.41      2.29      2.48      2.39      2.56      2.57      2.66      2.67      3.18      3.77      4.87
  7815.00      2.66      2.39      2.28      2.44      2.38      2.52      2.54      2.64      2.65      3.14      3.75      4.87
  7816.00      2.42      2.18      2.07      2.19      2.16      2.27      2.30      2.40      2.40      2.84      3.41      4.46
  7817.00      2.04      1.84      1.74      1.81      1.81      1.89      1.92      2.04      2.01      2.39      2.88      3.78
  7818.00      2.00      1.78      1.69      1.76      1.74      1.84      1.87      2.01      1.96      2.33      2.80      3.69
  7819.00      2.31      2.06      1.96      2.05      1.99      2.13      2.15      2.36      2.26      2.70      3.22      4.24
  7820.00      2.37      2.10      2.02      2.13      2.00      2.19      2.20      2.46      2.30      2.77      3.27      4.33
  7821.00      2.12      1.87      1.82      1.93      1.75      1.98      1.97      2.21      2.06      2.50      2.92      3.87
  7822.00      2.03      1.80      1.77      1.85      1.68      1.92      1.90      2.10      1.97      2.41      2.80      3.68
  7823.00      1.42      1.26      1.25      1.27      1.18      1.34      1.32      1.44      1.37      1.69      1.97      2.57
  7824.00      1.10      1.00      0.97      0.97      0.93      1.04      1.02      1.10      1.07      1.31      1.55      1.99
  7825.00      1.51      1.39      1.33      1.32      1.29      1.42      1.37      1.46      1.46      1.78      2.14      2.71
  7826.00      2.37      2.19      2.10      2.10      2.08      2.23      2.13      2.25      2.28      2.77      3.37      4.23
  7827.00      2.41      2.22      2.15      2.14      2.15      2.26      2.14      2.27      2.31      2.80      3.45      4.32
  7828.00      2.44      2.23      2.21      2.16      2.21      2.29      2.16      2.31      2.34      2.83      3.49      4.38
  7829.00      2.60      2.38      2.39      2.30      2.39      2.47      2.33      2.49      2.52      3.02      3.69      4.65
  7830.00      2.37      2.16      2.18      2.07      2.18      2.27      2.15      2.29      2.32      2.76      3.34      4.21
  7831.00      2.06      1.89      1.89      1.79      1.88      1.98      1.87      2.01      2.05      2.40      2.90      3.63
  7832.00      2.30      2.15      2.09      2.00      2.10      2.22      2.11      2.28      2.33      2.69      3.25      4.00
  7833.00      2.61      2.45      2.33      2.28      2.38      2.52      2.41      2.59      2.66      3.06      3.69      4.48
  7834.00      2.73      2.53      2.38      2.41      2.48      2.61      2.53      2.69      2.77      3.20      3.87      4.67
  7835.00      2.71      2.45      2.33      2.43      2.46      2.54      2.51      2.66      2.72      3.20      3.88      4.68
  7836.00      2.53      2.24      2.15      2.27      2.26      2.32      2.32      2.46      2.50      2.99      3.63      4.41
  7837.00      2.43      2.17      2.08      2.18      2.14      2.19      2.22      2.35      2.39      2.87      3.50      4.28
  7838.00      2.61      2.36      2.25      2.32      2.28      2.32      2.36      2.53      2.57      3.07      3.73      4.61
  7839.00      2.73      2.50      2.35      2.41      2.40      2.41      2.46      2.65      2.68      3.18      3.86      4.78
  7840.00      2.66      2.45      2.30      2.35      2.38      2.37      2.39      2.58      2.61      3.08      3.71      4.60
  7841.00      2.54      2.35      2.23      2.26      2.30      2.30      2.29      2.46      2.50      2.91      3.51      4.34
  7842.00      2.52      2.33      2.26      2.25      2.30      2.30      2.29      2.42      2.48      2.86      3.47      4.27
  7843.00      2.54      2.32      2.33      2.27      2.31      2.32      2.33      2.43      2.49      2.87      3.51      4.29
  7844.00      2.61      2.34      2.43      2.30      2.33      2.36      2.41      2.48      2.53      2.92      3.60      4.40
  7845.00      2.69      2.42      2.51      2.35      2.38      2.40      2.50      2.57      2.61      3.01      3.72      4.56
  7846.00      2.69      2.43      2.48      2.35      2.38      2.39      2.50      2.58      2.61      3.00      3.73      4.62
  7847.00      2.62      2.37      2.38      2.29      2.35      2.35      2.42      2.54      2.54      2.94      3.65      4.57
  7848.00      2.57      2.32      2.31      2.25      2.36      2.33      2.36      2.51      2.49      2.91      3.56      4.50
  7849.00      2.63      2.37      2.36      2.30      2.46      2.41      2.43      2.59      2.56      3.01      3.60      4.57
  7850.00      2.44      2.19      2.20      2.11      2.31      2.25      2.28      2.39      2.39      2.81      3.33      4.21
  7851.00      1.64      1.44      1.48      1.40      1.54      1.50      1.54      1.58      1.61      1.89      2.23      2.82
  7852.00      1.25      1.07      1.14      1.06      1.16      1.14      1.18      1.18      1.23      1.44      1.70      2.14
  7853.00      1.56      1.32      1.42      1.33      1.43      1.43      1.47      1.43      1.52      1.78      2.12      2.66
  7854.00      1.84      1.60      1.69      1.57      1.67      1.71      1.74      1.66      1.79      2.10      2.51      3.16
  7855.00      1.48      1.34      1.34      1.27      1.31      1.38      1.40      1.31      1.42      1.68      2.03      2.59
  7856.00      1.23      1.14      1.10      1.07      1.08      1.14      1.18      1.09      1.17      1.40      1.70      2.20
  7857.00      1.64      1.50      1.45      1.45      1.44      1.51      1.61      1.46      1.57      1.89      2.28      2.99
  7858.00      2.34      2.08      2.05      2.09      2.08      2.15      2.33      2.11      2.25      2.72      3.25      4.25
  7859.00      1.81      1.57      1.57      1.61      1.64      1.66      1.81      1.65      1.76      2.13      2.54      3.34
  7860.00      1.42      1.23      1.23      1.25      1.30      1.31      1.40      1.31      1.40      1.69      2.00      2.63
  7861.00      1.66      1.47      1.44      1.45      1.52      1.54      1.61      1.54      1.65      1.99      2.34      3.05
  7862.00      1.13      1.01      0.99      0.99      1.03      1.04      1.08      1.07      1.13      1.36      1.60      2.07
  7863.00      0.81      0.73      0.72      0.72      0.73      0.74      0.77      0.78      0.80      0.98      1.16      1.48
  7864.00      1.15      1.03      1.02      1.02      1.00      1.03      1.07      1.11      1.12      1.37      1.63      2.07
  7865.00      2.23      2.00      1.97      1.99      1.92      2.00      2.06      2.17      2.17      2.63      3.14      3.94
  7866.00      2.65      2.40      2.33      2.37      2.26      2.37      2.43      2.57      2.59      3.09      3.71      4.62
  7867.00      2.70      2.46      2.38      2.43      2.30      2.42      2.46      2.58      2.68      3.12      3.79      4.68
  7868.00      2.34      2.11      2.08      2.10      2.01      2.07      2.13      2.20      2.35      2.70      3.29      4.04
  7869.00      1.28      1.15      1.15      1.13      1.11      1.11      1.17      1.18      1.30      1.47      1.81      2.23
  7870.00      0.92      0.84      0.83      0.80      0.81      0.80      0.84      0.84      0.94      1.06      1.31      1.61
  7871.00      1.18      1.11      1.04      1.01      1.04      1.04      1.08      1.06      1.20      1.34      1.67      2.04
  7872.00      0.81      0.79      0.70      0.69      0.72      0.72      0.75      0.73      0.82      0.92      1.15      1.41
  7873.00      0.57      0.55      0.48      0.50      0.51      0.51      0.53      0.51      0.57      0.64      0.80      0.99
  7874.00      0.82      0.79      0.69      0.74      0.75      0.73      0.79      0.73      0.84      0.92      1.15      1.45
  7875.00      1.97      1.89      1.63      1.81      1.81      1.72      1.91      1.77      2.02      2.19      2.74      3.48
  7876.00      2.72      2.61      2.22      2.50      2.55      2.32      2.67      2.46      2.78      3.00      3.76      4.75
  7877.00      2.72      2.60      2.21      2.48      2.58      2.27      2.69      2.49      2.76      3.01      3.77      4.74
  7878.00      2.69      2.57      2.19      2.43      2.58      2.21      2.66      2.48      2.72      3.00      3.75      4.68
  7879.00      2.16      2.05      1.76      1.93      2.06      1.73      2.11      2.00      2.16      2.41      3.04      3.75
  7880.00      1.01      0.96      0.83      0.90      0.96      0.79      0.97      0.94      1.00      1.13      1.44      1.77
  7881.00      0.71      0.67      0.58      0.63      0.66      0.54      0.66      0.66      0.70      0.78      1.01      1.24
  7882.00      0.98      0.93      0.82      0.89      0.92      0.75      0.91      0.92      0.97      1.07      1.41      1.72
  7883.00      1.28      1.21      1.07      1.15      1.21      0.99      1.16      1.20      1.25      1.35      1.83      2.23
  7884.00      1.03      0.97      0.87      0.92      0.98      0.81      0.92      0.97      1.01      1.07      1.46      1.81
  7885.00      1.39      1.31      1.17      1.24      1.33      1.13      1.24      1.34      1.39      1.43      1.96      2.47
  7886.00      2.21      2.06      1.85      1.97      2.11      1.85      1.96      2.15      2.25      2.26      3.10      3.91
  7887.00      2.17      2.01      1.80      1.93      2.04      1.85      1.92      2.12      2.22      2.21      3.04      3.86
  7888.00      2.12      1.99      1.77      1.91      2.00      1.88      1.89      2.08      2.19      2.18      3.00      3.80
  7889.00      2.07      1.93      1.72      1.86      1.97      1.90      1.86      2.03      2.12      2.13      2.94      3.69
  7890.00      1.69      1.54      1.39      1.51      1.63      1.61      1.56      1.68      1.71      1.75      2.45      3.04
  7891.00      0.97      0.86      0.79      0.85      0.93      0.94      0.91      0.97      0.97      1.01      1.42      1.75
  7892.00      0.72      0.63      0.59      0.63      0.68      0.70      0.68      0.73      0.71      0.75      1.06      1.31
  7893.00      1.04      0.93      0.86      0.92      0.98      1.02      0.99      1.06      1.03      1.10      1.53      1.89
  7894.00      2.10      1.92      1.74      1.85      1.97      2.04      1.98      2.15      2.06      2.22      3.03      3.77
  7895.00      2.40      2.21      2.00      2.11      2.25      2.33      2.25      2.45      2.36      2.55      3.42      4.28
  7896.00      2.31      2.08      1.95      2.01      2.16      2.22      2.14      2.31      2.27      2.45      3.27      4.10
  7897.00      2.50      2.18      2.18      2.16      2.34      2.36      2.30      2.45      2.47      2.66      3.51      4.38
  7898.00      2.64      2.25      2.37      2.29      2.48      2.46      2.43      2.56      2.63      2.82      3.70      4.59
  7899.00      2.50      2.10      2.28      2.19      2.36      2.32      2.30      2.39      2.50      2.69      3.52      4.32
  7900.00      2.32      1.98      2.13      2.05      2.22      2.16      2.14      2.19      2.33      2.50      3.29      4.00
  7901.00      2.36      2.08      2.16      2.12      2.28      2.23      2.19      2.22      2.38      2.55      3.37      4.08
  7902.00      2.61      2.37      2.39      2.39      2.52      2.49      2.43      2.45      2.65      2.80      3.75      4.52
  7903.00      2.74      2.53      2.50      2.50      2.62      2.62      2.56      2.55      2.76      2.90      3.92      4.75
  7904.00      2.54      2.35      2.30      2.30      2.39      2.42      2.38      2.35      2.55      2.67      3.62      4.42
  7905.00      2.30      2.13      2.04      2.07      2.14      2.18      2.17      2.14      2.31      2.43      3.28      4.02
  7906.00      2.50      2.33      2.18      2.22      2.32      2.36      2.38      2.35      2.50      2.66      3.55      4.36
  7907.00      2.60      2.43      2.22      2.29      2.42      2.44      2.49      2.45      2.58      2.80      3.65      4.53
  7908.00      2.28      2.15      1.94      2.03      2.16      2.12      2.19      2.16      2.26      2.51      3.18      4.01
  7909.00      2.13      2.00      1.80      1.92      2.05      1.94      2.03      2.03      2.12      2.37      2.95      3.75
  7910.00      2.44      2.27      2.05      2.22      2.38      2.19      2.33      2.37      2.43      2.74      3.36      4.27
  7911.00      2.52      2.33      2.09      2.31      2.45      2.21      2.42      2.49      2.52      2.85      3.46      4.41
  7912.00      2.10      1.93      1.71      1.91      2.01      1.80      2.02      2.13      2.10      2.41      2.88      3.70
  7913.00      1.89      1.72      1.53      1.72      1.78      1.59      1.82      1.98      1.90      2.18      2.59      3.33
  7914.00      1.39      1.24      1.13      1.26      1.29      1.15      1.34      1.51      1.41      1.61      1.93      2.46
  7915.00      0.53      0.46      0.43      0.47      0.49      0.43      0.51      0.59      0.54      0.61      0.74      0.94
  7916.00      0.36      0.31      0.29      0.32      0.33      0.29      0.35      0.41      0.37      0.41      0.51      0.64
  7917.00      0.53      0.46      0.43      0.46      0.49      0.42      0.51      0.62      0.54      0.60      0.76      0.95
  7918.00      1.47      1.30      1.21      1.28      1.36      1.20      1.42      1.75      1.50      1.66      2.12      2.63
  7919.00      2.56      2.31      2.13      2.24      2.38      2.13      2.46      3.03      2.60      2.87      3.66      4.50
  7920.00      2.53      2.32      2.12      2.24      2.36      2.17      2.41      2.95      2.57      2.86      3.62      4.46
  7921.00      2.09      1.91      1.77      1.86      1.95      1.83      1.96      2.36      2.11      2.38      2.98      3.71
  7922.00      1.36      1.23      1.16      1.21      1.27      1.22      1.26      1.48      1.37      1.56      1.94      2.44
  7923.00      1.07      0.97      0.93      0.95      0.99      0.97      0.99      1.10      1.09      1.22      1.53      1.92
  7924.00      1.48      1.38      1.30      1.32      1.38      1.36      1.37      1.43      1.51      1.69      2.13      2.64
  7925.00      2.46      2.34      2.17      2.23      2.32      2.29      2.29      2.26      2.49      2.83      3.54      4.33
  7926.00      2.73      2.59      2.39      2.50      2.58      2.55      2.52      2.39      2.73      3.18      3.93      4.78
  7927.00      2.72      2.54      2.36      2.52      2.56      2.55      2.49      2.30      2.70      3.23      3.92      4.78
  7928.00      2.73      2.51      2.37      2.54      2.52      2.57      2.48      2.26      2.67      3.25      3.91      4.78
  7929.00      2.75      2.53      2.38      2.54      2.49      2.61      2.50      2.24      2.66      3.25      3.91      4.80
  7930.00      2.76      2.54      2.37      2.51      2.44      2.62      2.53      2.22      2.65      3.22      3.88      4.78
  7931.00      2.38      2.16      2.02      2.14      2.08      2.25      2.20      1.88      2.31      2.74      3.33      4.14
  7932.00      1.28      1.15      1.08      1.15      1.11      1.21      1.20      0.98      1.27      1.46      1.81      2.27
  7933.00      0.89      0.79      0.75      0.80      0.77      0.84      0.83      0.66      0.89      0.99      1.26      1.59
  7934.00      1.10      0.99      0.92      0.98      0.95      1.03      1.02      0.78      1.10      1.20      1.54      1.96
  7935.00      1.85      1.69      1.54      1.65      1.62      1.75      1.71      1.26      1.87      2.02      2.55      3.28
  7936.00      2.30      2.13      1.91      2.02      2.04      2.20      2.14      1.54      2.33      2.51      3.14      4.03
  7937.00      2.24      2.09      1.85      1.96      2.01      2.15      2.09      1.49      2.27      2.43      3.06      3.90
  7938.00      2.51      2.36      2.08      2.21      2.27      2.43      2.33      1.72      2.54      2.70      3.43      4.32
  7939.00      2.72      2.57      2.30      2.43      2.49      2.65      2.50      1.97      2.77      2.91      3.72      4.62
  7940.00      2.68      2.52      2.31      2.42      2.46      2.61      2.43      2.09      2.75      2.87      3.69      4.54
  7941.00      2.71      2.50      2.37      2.45      2.48      2.63      2.43      2.29      2.81      2.89      3.77      4.60
  7942.00      2.73      2.45      2.40      2.45      2.47      2.63      2.42      2.45      2.84      2.90      3.81      4.64
  7943.00      2.61      2.34      2.29      2.34      2.35      2.53      2.32      2.45      2.71      2.78      3.66      4.49
  7944.00      2.42      2.20      2.10      2.15      2.18      2.36      2.16      2.34      2.49      2.58      3.39      4.22
  7945.00      2.41      2.25      2.06      2.12      2.19      2.36      2.16      2.37      2.48      2.57      3.37      4.23
  7946.00      2.58      2.45      2.19      2.24      2.36      2.53      2.33      2.55      2.65      2.74      3.59      4.53
  7947.00      2.74      2.59      2.34      2.35      2.50      2.67      2.48      2.70      2.82      2.91      3.81      4.81
  7948.00      2.79      2.62      2.43      2.40      2.55      2.70      2.55      2.73      2.88      2.98      3.91      4.92
  7949.00      2.76      2.56      2.43      2.41      2.51      2.63      2.55      2.67      2.86      2.96      3.90      4.87
  7950.00      2.64      2.41      2.32      2.34      2.41      2.48      2.45      2.50      2.74      2.85      3.77      4.64
  7951.00      2.52      2.24      2.18      2.25      2.30      2.34      2.36      2.34      2.60      2.73      3.64      4.41
  7952.00      2.63      2.26      2.25      2.34      2.41      2.42      2.47      2.40      2.69      2.87      3.83      4.58
  7953.00      2.74      2.32      2.35      2.42      2.51      2.51      2.58      2.48      2.78      3.00      4.00      4.77
  7954.00      2.74      2.31      2.37      2.39      2.51      2.52      2.59      2.47      2.75      3.01      4.00      4.77
  7955.00      2.73      2.32      2.41      2.37      2.51      2.54      2.59      2.47      2.71      3.01      3.96      4.76
  7956.00      2.76      2.42      2.47      2.39      2.55      2.59      2.64      2.52      2.70      3.07      3.97      4.83
  7957.00      2.74      2.50      2.44      2.37      2.53      2.56      2.61      2.53      2.67      3.09      3.93      4.86
  7958.00      2.74      2.59      2.41      2.38      2.52      2.53      2.58      2.55      2.68      3.11      3.91      4.90
  7959.00      2.73      2.64      2.36      2.41      2.48      2.48      2.54      2.55      2.68      3.10      3.89      4.85
  7960.00      2.70      2.60      2.29      2.43      2.43      2.43      2.48      2.52      2.67      3.07      3.86      4.75
  7961.00      2.69      2.55      2.29      2.46      2.43      2.43      2.46      2.52      2.65      3.04      3.87      4.69
  7962.00      2.67      2.47      2.31      2.44      2.43      2.47      2.47      2.52      2.63      2.98      3.89      4.63
  7963.00      2.69      2.44      2.35      2.42      2.47      2.54      2.52      2.56      2.64      2.96      3.96      4.61
  7964.00      2.64      2.38      2.32      2.31      2.43      2.52      2.48      2.52      2.59      2.87      3.93      4.46
  7965.00      1.72      1.57      1.51      1.48      1.58      1.64      1.61      1.65      1.70      1.87      2.60      2.92
  7966.00      0.69      0.64      0.60      0.59      0.63      0.65      0.64      0.66      0.69      0.75      1.04      1.18
  7967.00      0.47      0.44      0.42      0.41      0.43      0.44      0.44      0.45      0.48      0.51      0.70      0.82
  7968.00      0.68      0.65      0.62      0.61      0.62      0.64      0.63      0.65      0.70      0.74      1.01      1.19
  7969.00      1.70      1.59      1.54      1.53      1.53      1.62      1.57      1.61      1.73      1.86      2.44      2.95
  7970.00      2.21      2.02      1.99      1.99      1.98      2.12      2.03      2.09      2.23      2.43      3.11      3.83
  7971.00      2.46      2.23      2.16      2.18      2.19      2.33      2.25      2.32      2.46      2.72      3.41      4.27
  7972.00      2.63      2.40      2.26      2.30      2.32      2.46      2.40      2.47      2.61      2.93      3.63      4.58
  7973.00      2.53      2.33      2.16      2.20      2.20      2.34      2.32      2.39      2.51      2.84      3.50      4.43
  7974.00      2.50      2.31      2.17      2.19      2.14      2.32      2.32      2.40      2.50      2.81      3.48      4.40
  7975.00      2.60      2.36      2.33      2.28      2.18      2.43      2.40      2.52      2.62      2.91      3.64      4.58
  7976.00      2.72      2.42      2.50      2.39      2.26      2.57      2.49      2.66      2.77      3.02      3.84      4.80
  7977.00      2.68      2.39      2.48      2.34      2.24      2.53      2.45      2.64      2.74      2.95      3.81      4.73
  7978.00      2.10      1.92      1.94      1.83      1.77      1.97      1.92      2.07      2.16      2.30      3.03      3.74
  7979.00      1.47      1.38      1.35      1.28      1.24      1.37      1.35      1.45      1.52      1.61      2.14      2.63
  7980.00      1.22      1.15      1.13      1.08      1.03      1.15      1.14      1.21      1.26      1.34      1.79      2.17
  7981.00      0.78      0.72      0.73      0.69      0.65      0.74      0.74      0.77      0.80      0.85      1.15      1.37
  7982.00      0.56      0.50      0.52      0.50      0.47      0.54      0.54      0.56      0.57      0.62      0.83      0.97
  7983.00      0.82      0.73      0.75      0.73      0.69      0.79      0.78      0.80      0.83      0.91      1.20      1.39
  7984.00      1.94      1.75      1.77      1.75      1.66      1.88      1.88      1.91      1.95      2.17      2.82      3.25
  7985.00      2.70      2.45      2.45      2.44      2.35      2.58      2.63      2.64      2.70      3.04      3.89      4.45
  7986.00      2.76      2.52      2.51      2.50      2.44      2.62      2.68      2.69      2.76      3.15      3.98      4.58
  7987.00      2.75      2.53      2.51      2.50      2.47      2.61      2.64      2.68      2.75      3.16      3.98      4.61
  7988.00      2.63      2.46      2.39      2.40      2.38      2.50      2.50      2.55      2.62      3.03      3.82      4.46
  7989.00      2.52      2.40      2.30      2.33      2.30      2.40      2.40      2.44      2.51      2.94      3.69      4.33
  7990.00      2.55      2.43      2.35      2.41      2.34      2.42      2.45      2.46      2.54      3.00      3.76      4.41
  7991.00      2.49      2.36      2.32      2.38      2.28      2.36      2.41      2.40      2.46      2.94      3.70      4.30
  7992.00      2.31      2.21      2.15      2.21      2.10      2.20      2.23      2.23      2.27      2.72      3.48      3.96
  7993.00      2.39      2.32      2.20      2.27      2.17      2.29      2.28      2.33      2.35      2.80      3.63      4.04
  7994.00      2.22      2.17      2.02      2.09      2.02      2.16      2.08      2.18      2.20      2.59      3.42      3.73
  7995.00      1.82      1.73      1.65      1.69      1.67      1.79      1.67      1.80      1.82      2.12      2.84      3.05
  7996.00      1.65      1.50      1.51      1.50      1.51      1.62      1.50      1.62      1.66      1.89      2.57      2.74
  7997.00      2.03      1.82      1.89      1.83      1.84      1.99      1.86      1.97      2.07      2.31      3.13      3.31
  7998.00      2.52      2.30      2.35      2.27      2.24      2.47      2.32      2.41      2.58      2.86      3.81      4.01
  7999.00      2.60      2.45      2.40      2.36      2.27      2.57      2.40      2.46      2.68      2.97      3.87      4.06
  8000.00      2.42      2.33      2.18      2.23      2.09      2.46      2.23      2.27      2.50      2.77      3.55      3.73
  8001.00      2.27      2.17      1.99      2.11      1.97      2.40      2.09      2.14      2.36      2.60      3.29      3.47
  8002.00      2.42      2.25      2.08      2.25      2.12      2.64      2.23      2.32      2.50      2.74      3.45      3.65
  8003.00      2.39      2.15      2.06      2.21      2.12      2.70      2.22      2.34      2.44      2.66      3.37      3.57
  8004.00      2.24      2.02      1.96      2.06      2.01      2.59      2.12      2.24      2.26      2.44      3.16      3.32
  8005.00      2.42      2.25      2.15      2.24      2.18      2.83      2.32      2.46      2.41      2.55      3.40      3.50
  8006.00      2.55      2.42      2.29      2.35      2.29      2.98      2.47      2.61      2.51      2.60      3.58      3.57
  8007.00      2.55      2.40      2.28      2.33      2.27      2.94      2.47      2.61      2.49      2.52      3.57      3.41
  8008.00      2.52      2.33      2.25      2.27      2.22      2.82      2.43      2.57      2.44      2.41      3.52      3.17
  8009.00      2.58      2.42      2.31      2.32      2.27      2.79      2.48      2.62      2.50      2.40      3.59      3.03
  8010.00      2.65      2.58      2.39      2.43      2.34      2.78      2.55      2.68      2.57      2.35      3.69      2.90
  8011.00      2.69      2.68      2.46      2.51      2.38      2.74      2.61      2.70      2.60      2.22      3.72      2.72
  8012.00      2.59      2.54      2.44      2.42      2.29      2.59      2.53      2.60      2.50      1.97      3.59      2.46
  8013.00      2.38      2.23      2.28      2.18      2.10      2.34      2.32      2.38      2.29      1.65      3.31      2.14
  8014.00      2.31      2.07      2.22      2.04      2.03      2.24      2.24      2.30      2.22      1.47      3.25      2.03
  8015.00      1.89      1.67      1.78      1.63      1.67      1.81      1.82      1.89      1.84      1.12      2.71      1.67
  8016.00      1.49      1.33      1.36      1.29      1.32      1.41      1.41      1.48      1.46      0.85      2.16      1.38
  8017.00      1.67      1.53      1.50      1.46      1.49      1.57      1.58      1.65      1.65      0.95      2.43      1.67
  8018.00      2.20      2.08      1.95      1.96      1.97      2.04      2.08      2.15      2.19      1.29      3.19      2.38
  8019.00      2.58      2.47      2.28      2.32      2.32      2.38      2.47      2.49      2.59      1.60      3.72      3.01
  8020.00      2.62      2.49      2.30      2.33      2.37      2.40      2.53      2.49      2.64      1.74      3.79      3.29
  8021.00      2.48      2.32      2.16      2.18      2.27      2.26      2.42      2.32      2.52      1.80      3.60      3.38
  8022.00      2.38      2.18      2.07      2.10      2.21      2.15      2.34      2.22      2.43      1.90      3.48      3.50
  8023.00      2.53      2.30      2.19      2.25      2.38      2.27      2.49      2.36      2.59      2.22      3.70      3.92
  8024.00      2.61      2.35      2.27      2.37      2.49      2.33      2.56      2.47      2.68      2.48      3.87      4.21
  8025.00      2.34      2.09      2.07      2.16      2.20      2.06      2.26      2.23      2.37      2.37      3.51      3.89
  8026.00      1.62      1.45      1.46      1.50      1.49      1.42      1.54      1.55      1.61      1.71      2.45      2.77
  8027.00      0.74      0.66      0.68      0.69      0.67      0.65      0.70      0.71      0.72      0.81      1.12      1.28
  8028.00      0.51      0.46      0.47      0.48      0.46      0.46      0.49      0.50      0.49      0.58      0.77      0.88
  8029.00      0.75      0.68      0.67      0.70      0.68      0.68      0.71      0.74      0.70      0.85      1.11      1.27
  8030.00      1.70      1.57      1.48      1.57      1.54      1.58      1.64      1.68      1.58      1.95      2.47      2.87
  8031.00      1.92      1.85      1.65      1.75      1.74      1.81      1.86      1.89      1.75      2.19      2.76      3.26
  8032.00      2.12      2.16      1.83      1.94      1.92      2.01      2.08      2.07      1.91      2.40      3.04      3.63
  8033.00      2.11      2.27      1.85      1.95      1.90      2.01      2.10      2.06      1.90      2.36      3.04      3.64
  8034.00      1.84      2.05      1.63      1.71      1.65      1.75      1.85      1.78      1.65      2.04      2.67      3.22
  8035.00      2.17      2.44      1.94      2.04      1.94      2.05      2.19      2.10      1.97      2.38      3.15      3.82
  8036.00      2.47      2.74      2.22      2.34      2.21      2.32      2.47      2.38      2.26      2.68      3.60      4.38
  8037.00      2.51      2.72      2.26      2.38      2.28      2.39      2.49      2.43      2.30      2.72      3.68      4.47
  8038.00      2.63      2.73      2.35      2.48      2.44      2.54      2.59      2.56      2.39      2.85      3.87      4.67
  8039.00      2.68      2.68      2.36      2.51      2.53      2.61      2.62      2.61      2.42      2.90      3.94      4.73
  8040.00      2.69      2.62      2.35      2.51      2.56      2.64      2.61      2.62      2.41      2.90      3.95      4.72
  8041.00      2.67      2.60      2.35      2.49      2.51      2.62      2.57      2.58      2.36      2.86      3.91      4.63
  8042.00      2.48      2.46      2.21      2.31      2.29      2.46      2.39      2.36      2.17      2.63      3.63      4.26
  8043.00      2.28      2.25      2.03      2.12      2.05      2.29      2.20      2.12      1.97      2.38      3.33      3.85
  8044.00      2.41      2.31      2.15      2.22      2.15      2.49      2.34      2.20      2.07      2.50      3.52      4.04
  8045.00      2.64      2.45      2.33      2.42      2.37      2.77      2.58      2.41      2.25      2.74      3.86      4.39
  8046.00      2.74      2.53      2.37      2.50      2.50      2.88      2.69      2.53      2.34      2.89      4.04      4.56
  8047.00      2.75      2.57      2.30      2.47      2.53      2.85      2.67      2.56      2.38      2.96      4.08      4.59
  8048.00      2.68      2.52      2.20      2.40      2.48      2.71      2.57      2.51      2.36      2.98      3.99      4.51
  8049.00      2.64      2.47      2.16      2.36      2.45      2.59      2.50      2.49      2.37      3.04      3.89      4.46
  8050.00      2.66      2.47      2.22      2.38      2.46      2.55      2.51      2.53      2.44      3.20      3.88      4.50
  8051.00      2.41      2.26      2.05      2.15      2.21      2.26      2.29      2.30      2.25      3.04      3.48      4.06
  8052.00      2.13      2.06      1.84      1.88      1.92      1.97      2.05      2.03      2.01      2.81      3.04      3.55
  8053.00      1.81      1.80      1.59      1.57      1.61      1.66      1.76      1.71      1.72      2.51      2.59      3.01
  8054.00      1.49      1.50      1.33      1.27      1.31      1.35      1.44      1.39      1.41      2.13      2.14      2.46
  8055.00      1.88      1.85      1.73      1.60      1.67      1.70      1.82      1.74      1.78      2.75      2.73      3.07
  8056.00      2.59      2.45      2.44      2.20      2.33      2.35      2.49      2.37      2.43      3.77      3.76      4.15
  8057.00      2.72      2.49      2.59      2.32      2.49      2.47      2.61      2.47      2.53      3.90      3.97      4.30
  8058.00      2.69      2.44      2.56      2.33      2.49      2.43      2.57      2.44      2.49      3.73      3.93      4.17
  8059.00      2.68      2.45      2.53      2.40      2.48      2.42      2.55      2.45      2.47      3.55      3.90      4.06
  8060.00      2.70      2.52      2.52      2.49      2.51      2.44      2.56      2.50      2.47      3.38      3.89      3.94
  8061.00      2.74      2.65      2.51      2.57      2.55      2.50      2.59      2.58      2.50      3.24      3.90      3.83
  8062.00      2.52      2.53      2.32      2.35      2.34      2.35      2.38      2.41      2.30      2.84      3.60      3.35
  8063.00      1.69      1.71      1.57      1.54      1.57      1.60      1.58      1.62      1.54      1.84      2.43      2.12
  8064.00      1.28      1.26      1.21      1.13      1.18      1.22      1.19      1.23      1.17      1.36      1.85      1.51
  8065.00      1.59      1.51      1.53      1.39      1.46      1.53      1.48      1.51      1.46      1.67      2.31      1.80
  8066.00      2.23      2.08      2.15      1.98      2.07      2.14      2.09      2.13      2.08      2.36      3.26      2.47
  8067.00      2.56      2.36      2.41      2.32      2.39      2.44      2.40      2.45      2.42      2.72      3.72      2.84
  8068.00      2.64      2.45      2.43      2.42      2.48      2.51      2.49      2.55      2.54      2.82      3.82      3.01
  8069.00      2.60      2.45      2.35      2.39      2.44      2.47      2.47      2.52      2.55      2.77      3.73      3.12
  8070.00      2.55      2.47      2.30      2.34      2.40      2.44      2.43      2.48      2.55      2.70      3.62      3.28
  8071.00      2.62      2.58      2.37      2.40      2.46      2.53      2.49      2.54      2.63      2.75      3.68      3.63
  8072.00      2.70      2.65      2.44      2.48      2.52      2.63      2.56      2.59      2.70      2.81      3.75      4.01
  8073.00      2.73      2.64      2.44      2.51      2.53      2.65      2.61      2.60      2.72      2.83      3.77      4.33
  8074.00      2.71      2.57      2.39      2.46      2.51      2.61      2.61      2.60      2.68      2.79      3.75      4.53
  8075.00      2.70      2.56      2.38      2.42      2.50      2.56      2.62      2.62      2.67      2.77      3.75      4.70
  8076.00      2.55      2.47      2.27      2.27      2.36      2.39      2.48      2.52      2.53      2.60      3.58      4.60
  8077.00      2.36      2.35      2.14      2.10      2.19      2.21      2.30      2.37      2.38      2.37      3.34      4.38
  8078.00      2.55      2.56      2.35      2.29      2.38      2.40      2.46      2.58      2.60      2.50      3.61      4.77
  8079.00      2.52      2.50      2.35      2.32      2.37      2.38      2.42      2.57      2.60      2.44      3.59      4.76
  8080.00      2.34      2.27      2.15      2.20      2.21      2.20      2.24      2.39      2.43      2.25      3.35      4.46
  8081.00      2.54      2.46      2.26      2.43      2.43      2.38      2.44      2.60      2.63      2.45      3.63      4.84
  8082.00      2.68      2.62      2.30      2.56      2.57      2.51      2.60      2.73      2.76      2.57      3.81      5.10
  8083.00      2.67      2.66      2.26      2.52      2.53      2.54      2.61      2.69      2.74      2.56      3.78      5.11
  8084.00      2.61      2.62      2.24      2.44      2.47      2.52      2.57      2.60      2.69      2.52      3.70      5.04
  8085.00      2.58      2.58      2.27      2.40      2.44      2.49      2.55      2.52      2.66      2.51      3.65      4.98
  8086.00      2.39      2.38      2.15      2.21      2.26      2.30      2.34      2.30      2.47      2.32      3.37      4.61
  8087.00      2.04      2.01      1.85      1.87      1.91      1.94      1.97      1.93      2.11      1.98      2.87      3.91
  8088.00      2.01      2.00      1.85      1.83      1.87      1.90      1.92      1.89      2.09      1.98      2.84      3.78
  8089.00      2.40      2.42      2.26      2.19      2.23      2.27      2.31      2.27      2.52      2.40      3.44      4.41
  8090.00      2.67      2.69      2.51      2.45      2.49      2.54      2.60      2.52      2.80      2.67      3.87      4.79
  8091.00      2.69      2.66      2.50      2.50      2.54      2.56      2.65      2.55      2.82      2.67      3.96      4.77
  8092.00      2.69      2.59      2.49      2.53      2.58      2.58      2.68      2.56      2.84      2.66      4.01      4.78
  8093.00      2.71      2.54      2.51      2.55      2.60      2.63      2.70      2.59      2.87      2.65      4.04      4.86
  8094.00      2.57      2.37      2.42      2.39      2.47      2.52      2.55      2.46      2.76      2.49      3.83      4.68
  8095.00      1.69      1.55      1.63      1.56      1.63      1.67      1.66      1.62      1.85      1.63      2.54      3.18
  8096.00      1.26      1.16      1.22      1.16      1.22      1.25      1.22      1.20      1.40      1.20      1.89      2.40
  8097.00      1.61      1.51      1.57      1.49      1.56      1.61      1.57      1.53      1.81      1.53      2.42      3.08
  8098.00      2.41      2.32      2.33      2.24      2.30      2.44      2.36      2.28      2.72      2.27      3.62      4.54
  8099.00      2.64      2.61      2.53      2.47      2.48      2.72      2.58      2.51      2.96      2.45      4.00      4.92
  8100.00      2.59      2.58      2.46      2.41      2.39      2.74      2.52      2.47      2.87      2.37      3.95      4.79
  8101.00      2.52      2.48      2.37      2.34      2.31      2.78      2.47      2.43      2.76      2.31      3.85      4.67
  8102.00      2.51      2.38      2.32      2.31      2.27      2.91      2.47      2.42      2.69      2.30      3.78      4.64
  8103.00      2.38      2.21      2.18      2.17      2.11      2.96      2.36      2.29      2.51      2.22      3.55      4.42
  8104.00      1.46      1.36      1.33      1.31      1.27      1.99      1.47      1.39      1.52      1.39      2.17      2.76
  8105.00      1.07      1.02      0.96      0.95      0.92      1.57      1.09      1.00      1.09      1.03      1.57      2.03
  8106.00      1.44      1.42      1.27      1.28      1.26      2.25      1.47      1.35      1.43      1.40      2.09      2.69
  8107.00      2.26      2.27      1.96      2.00      2.04      3.62      2.30      2.12      2.21      2.17      3.25      4.11
  8108.00      2.56      2.59      2.23      2.28      2.37      4.15      2.60      2.44      2.50      2.43      3.71      4.60
  8109.00      2.67      2.67      2.36      2.36      2.48      4.27      2.67      2.57      2.58      2.46      3.91      4.73
  8110.00      2.57      2.52      2.34      2.26      2.36      4.01      2.53      2.49      2.48      2.30      3.82      4.56
  8111.00      2.46      2.34      2.30      2.17      2.22      3.71      2.40      2.39      2.38      2.16      3.70      4.41
  8112.00      2.56      2.38      2.43      2.29      2.30      3.74      2.47      2.46      2.49      2.21      3.87      4.64
  8113.00      2.60      2.43      2.47      2.36      2.36      3.73      2.51      2.47      2.54      2.24      3.94      4.78
  8114.00      2.60      2.51      2.45      2.35      2.39      3.72      2.51      2.44      2.54      2.24      3.92      4.82
  8115.00      2.66      2.66      2.46      2.36      2.47      3.82      2.56      2.49      2.61      2.29      3.96      4.93
  8116.00      2.68      2.73      2.47      2.36      2.51      3.87      2.58      2.52      2.64      2.30      3.95      4.95
  8117.00      2.66      2.69      2.46      2.34      2.48      3.82      2.58      2.52      2.62      2.23      3.89      4.88
  8118.00      2.65      2.64      2.47      2.37      2.44      3.73      2.60      2.51      2.62      2.13      3.87      4.81
  8119.00      2.66      2.67      2.50      2.42      2.44      3.61      2.63      2.51      2.65      2.02      3.92      4.79
  8120.00      2.69      2.71      2.55      2.46      2.49      3.49      2.67      2.51      2.71      1.94      4.02      4.84
  8121.00      2.69      2.64      2.53      2.46      2.51      3.29      2.65      2.46      2.74      1.83      4.03      4.86
  8122.00      2.63      2.48      2.46      2.38      2.48      3.02      2.56      2.35      2.70      1.72      3.94      4.81
  8123.00      2.63      2.45      2.47      2.35      2.51      2.86      2.53      2.32      2.71      1.65      3.93      4.90
  8124.00      2.62      2.52      2.49      2.33      2.51      2.76      2.50      2.32      2.69      1.57      3.92      4.97
  8125.00      2.65      2.61      2.54      2.36      2.54      2.74      2.52      2.37      2.71      1.51      3.94      5.09
  8126.00      2.68      2.65      2.57      2.40      2.54      2.75      2.53      2.44      2.72      1.47      3.95      5.16
  8127.00      2.66      2.64      2.57      2.41      2.52      2.74      2.49      2.47      2.70      1.42      3.90      5.09
  8128.00      2.60      2.60      2.57      2.38      2.47      2.69      2.43      2.48      2.65      1.38      3.81      4.93
  8129.00      2.48      2.49      2.50      2.27      2.35      2.56      2.31      2.40      2.54      1.34      3.64      4.68
  8130.00      2.37      2.39      2.40      2.15      2.24      2.42      2.21      2.32      2.45      1.37      3.48      4.46
  8131.00      2.47      2.51      2.48      2.22      2.34      2.48      2.31      2.44      2.56      1.57      3.63      4.65
  8132.00      2.51      2.55      2.48      2.22      2.37      2.46      2.35      2.47      2.60      1.74      3.71      4.74
  8133.00      2.33      2.39      2.28      2.05      2.20      2.26      2.20      2.29      2.42      1.76      3.50      4.46
  8134.00      2.26      2.33      2.19      2.00      2.14      2.19      2.14      2.20      2.34      1.83      3.43      4.33
  8135.00      2.29      2.36      2.20      2.05      2.17      2.23      2.16      2.20      2.37      1.97      3.48      4.36
  8136.00      2.49      2.58      2.41      2.25      2.37      2.45      2.35      2.38      2.58      2.20      3.80      4.71
  8137.00      2.49      2.59      2.45      2.24      2.36      2.44      2.35      2.35      2.57      2.19      3.79      4.67
  8138.00      2.42      2.54      2.44      2.19      2.30      2.37      2.30      2.28      2.49      2.07      3.68      4.55
  8139.00      2.34      2.46      2.42      2.14      2.22      2.26      2.24      2.21      2.40      1.92      3.55      4.40
  8140.00      2.36      2.49      2.48      2.19      2.20      2.26      2.28      2.22      2.41      1.87      3.55      4.42
  8141.00      2.16      2.29      2.31      2.03      1.99      2.05      2.12      2.04      2.20      1.69      3.25      4.05
  8142.00      2.10      2.23      2.30      1.97      1.93      1.99      2.08      1.99      2.13      1.68      3.15      3.91
  8143.00      2.28      2.42      2.56      2.13      2.10      2.18      2.27      2.16      2.29      1.90      3.40      4.19
  8144.00      2.46      2.61      2.84      2.28      2.29      2.37      2.47      2.32      2.45      2.19      3.66      4.47
  8145.00      2.57      2.71      3.03      2.36      2.40      2.49      2.57      2.42      2.52      2.46      3.82      4.64
  8146.00      2.61      2.75      3.11      2.38      2.42      2.54      2.59      2.47      2.53      2.71      3.90      4.71
  8147.00      2.57      2.70      3.09      2.35      2.35      2.52      2.53      2.45      2.48      2.90      3.87      4.65
  8148.00      2.34      2.46      2.82      2.14      2.12      2.30      2.29      2.25      2.28      2.85      3.57      4.25
  8149.00      2.03      2.13      2.45      1.86      1.84      2.00      1.99      1.95      2.00      2.63      3.12      3.69
  8150.00      2.02      2.11      2.40      1.83      1.84      1.99      1.99      1.93      2.01      2.73      3.10      3.63
  8151.00      2.38      2.49      2.77      2.13      2.17      2.33      2.35      2.28      2.38      3.29      3.62      4.21
  8152.00      2.61      2.73      3.00      2.33      2.37      2.53      2.57      2.50      2.63      3.64      3.95      4.58
  8153.00      2.60      2.71      2.96      2.31      2.33      2.46      2.52      2.48      2.63      3.60      3.88      4.53
  8154.00      2.57      2.68      2.90      2.32      2.32      2.40      2.48      2.47      2.62      3.54      3.82      4.51
  8155.00      2.64      2.75      2.92      2.41      2.41      2.45      2.54      2.55      2.71      3.59      3.89      4.65
  8156.00      2.68      2.79      2.92      2.44      2.48      2.49      2.57      2.57      2.76      3.61      3.91      4.75
  8157.00      2.57      2.67      2.76      2.32      2.40      2.40      2.47      2.46      2.64      3.42      3.71      4.57
  8158.00      2.36      2.45      2.51      2.14      2.18      2.22      2.26      2.26      2.41      3.10      3.39      4.22
  8159.00      2.55      2.64      2.66      2.32      2.31      2.41      2.44      2.44      2.58      3.30      3.65      4.58
  8160.00      2.65      2.74      2.68      2.44      2.37      2.51      2.50      2.52      2.66      3.41      3.82      4.79
  8161.00      2.54      2.62      2.49      2.36      2.25      2.40      2.35      2.38      2.55      3.24      3.69      4.59
  8162.00      2.37      2.44      2.28      2.21      2.09      2.26      2.18      2.19      2.40      3.01      3.50      4.28
  8163.00      2.47      2.54      2.33      2.31      2.17      2.39      2.28      2.25      2.52      3.13      3.69      4.45
  8164.00      2.55      2.61      2.34      2.38      2.24      2.47      2.36      2.28      2.60      3.22      3.83      4.59
  8165.00      2.58      2.64      2.31      2.41      2.30      2.48      2.42      2.28      2.62      3.26      3.88      4.66
  8166.00      2.61      2.67      2.27      2.42      2.36      2.49      2.49      2.28      2.62      3.27      3.91      4.72
  8167.00      2.64      2.70      2.29      2.43      2.43      2.52      2.56      2.31      2.64      3.30      3.95      4.78
  8168.00      2.60      2.66      2.29      2.37      2.41      2.48      2.54      2.27      2.59      3.23      3.87      4.72
  8169.00      2.41      2.47      2.16      2.19      2.23      2.33      2.35      2.13      2.44      2.99      3.58      4.39
  8170.00      2.20      2.26      1.99      2.00      2.02      2.16      2.15      1.97      2.30      2.70      3.28      4.01
  8171.00      2.53      2.61      2.28      2.33      2.31      2.49      2.48      2.30      2.72      3.07      3.77      4.59
  8172.00      2.67      2.76      2.38      2.48      2.44      2.60      2.63      2.47      2.93      3.20      3.97      4.83
  8173.00      2.60      2.70      2.32      2.42      2.41      2.48      2.57      2.44      2.88      3.08      3.87      4.70
  8174.00      2.59      2.69      2.38      2.40      2.44      2.42      2.57      2.47      2.87      3.05      3.85      4.66
  8175.00      2.60      2.70      2.46      2.39      2.48      2.38      2.58      2.50      2.84      3.05      3.86      4.63
  8176.00      2.41      2.51      2.34      2.20      2.31      2.19      2.41      2.34      2.61      2.84      3.58      4.28
  8177.00      2.05      2.14      2.00      1.87      1.95      1.85      2.07      1.99      2.21      2.42      3.05      3.64
  8178.00      2.13      2.23      2.06      1.96      1.98      1.92      2.18      2.06      2.28      2.53      3.18      3.78
  8179.00      2.32      2.44      2.22      2.17      2.13      2.09      2.41      2.22      2.46      2.77      3.48      4.14
  8180.00      2.56      2.69      2.41      2.41      2.34      2.30      2.71      2.42      2.70      3.05      3.87      4.60
  8181.00      2.61      2.74      2.42      2.45      2.38      2.36      2.80      2.44      2.77      3.11      3.97      4.73
  8182.00      2.55      2.69      2.34      2.36      2.34      2.35      2.77      2.38      2.73      3.06      3.91      4.68
  8183.00      2.63      2.78      2.37      2.39      2.42      2.45      2.85      2.45      2.84      3.18      4.03      4.84
  8184.00      2.71      2.87      2.41      2.44      2.48      2.55      2.90      2.52      2.96      3.29      4.16      4.98
  8185.00      2.66      2.82      2.34      2.43      2.40      2.50      2.79      2.46      2.91      3.21      4.07      4.85
  8186.00      2.58      2.73      2.26      2.40      2.29      2.40      2.64      2.37      2.83      3.09      3.94      4.68
  8187.00      2.60      2.75      2.29      2.44      2.29      2.37      2.60      2.37      2.84      3.08      3.94      4.69
  8188.00      2.61      2.76      2.34      2.46      2.32      2.37      2.59      2.38      2.86      3.09      3.94      4.73
  8189.00      2.56      2.70      2.32      2.38      2.32      2.31      2.51      2.32      2.80      3.00      3.85      4.65
  8190.00      2.36      2.49      2.15      2.15      2.18      2.13      2.29      2.15      2.60      2.76      3.55      4.33
  8191.00      2.18      2.30      1.97      1.97      2.02      1.97      2.09      2.00      2.42      2.53      3.28      4.03
  8192.00      2.27      2.40      2.04      2.07      2.09      2.06      2.17      2.10      2.54      2.63      3.42      4.21
  8193.00      2.34      2.47      2.07      2.15      2.14      2.12      2.21      2.18      2.61      2.68      3.52      4.32
  8194.00      2.58      2.72      2.25      2.40      2.36      2.34      2.41      2.41      2.88      2.94      3.91      4.74
  8195.00      2.64      2.78      2.29      2.47      2.41      2.40      2.44      2.47      2.98      3.01      4.02      4.82
  8196.00      2.24      2.36      1.93      2.09      2.02      2.03      2.05      2.10      2.56      2.56      3.43      4.06
  8197.00      1.79      1.88      1.52      1.65      1.60      1.62      1.64      1.69      2.06      2.05      2.73      3.22
  8198.00      1.75      1.84      1.47      1.60      1.58      1.59      1.63      1.67      2.02      2.00      2.66      3.14
  8199.00      2.14      2.25      1.76      1.93      1.97      1.94      2.06      2.07      2.49      2.43      3.21      3.81
  8200.00      2.61      2.75      2.09      2.36      2.45      2.37      2.58      2.56      3.05      2.96      3.89      4.61
  8201.00      2.73      2.87      2.11      2.47      2.59      2.47      2.73      2.69      3.19      3.09      4.05      4.82
  8202.00      2.70      2.84      2.00      2.44      2.57      2.44      2.69      2.67      3.19      3.08      4.02      4.80
  8203.00      2.69      2.82      1.89      2.43      2.54      2.43      2.65      2.66      3.23      3.08      4.00      4.79
  8204.00      2.67      2.81      1.83      2.41      2.50      2.41      2.60      2.66      3.28      3.08      3.99      4.77
  8205.00      2.61      2.74      1.80      2.36      2.41      2.35      2.52      2.62      3.28      3.02      3.91      4.64
  8206.00      2.56      2.69      1.78      2.32      2.32      2.29      2.45      2.58      3.27      2.95      3.85      4.50
  8207.00      2.49      2.62      1.74      2.25      2.23      2.22      2.40      2.51      3.22      2.86      3.76      4.35
  8208.00      2.56      2.69      1.79      2.30      2.28      2.26      2.48      2.58      3.33      2.92      3.88      4.45
  8209.00      2.57      2.70      1.82      2.29      2.31      2.26      2.50      2.58      3.30      2.92      3.90      4.46
  8210.00      2.52      2.66      1.86      2.25      2.30      2.26      2.46      2.53      3.19      2.86      3.84      4.40
  8211.00      2.60      2.74      2.03      2.34      2.41      2.39      2.53      2.62      3.22      2.94      3.94      4.54
  8212.00      2.63      2.77      2.16      2.39      2.45      2.49      2.55      2.66      3.19      2.97      3.95      4.61
  8213.00      2.63      2.78      2.25      2.40      2.46      2.56      2.55      2.68      3.15      2.97      3.92      4.66
  8214.00      2.66      2.81      2.34      2.39      2.50      2.63      2.58      2.71      3.14      3.00      3.93      4.73
  8215.00      2.60      2.75      2.34      2.31      2.47      2.58      2.55      2.66      3.05      2.94      3.82      4.66
  8216.00      2.50      2.64      2.26      2.20      2.37      2.44      2.46      2.54      2.90      2.81      3.64      4.49
  8217.00      2.55      2.70      2.33      2.24      2.40      2.48      2.52      2.58      2.95      2.86      3.69      4.60
  8218.00      2.55      2.70      2.35      2.25      2.37      2.49      2.53      2.57      2.94      2.85      3.68      4.62
  8219.00      2.62      2.78      2.44      2.32      2.41      2.57      2.60      2.63      3.01      2.93      3.78      4.76
  8220.00      2.67      2.83      2.49      2.38      2.45      2.63      2.65      2.66      3.05      2.99      3.86      4.86
  8221.00      2.66      2.83      2.51      2.42      2.47      2.63      2.65      2.63      3.05      3.02      3.88      4.85
  8222.00      2.65      2.82      2.54      2.46      2.50      2.61      2.65      2.62      3.03      3.06      3.90      4.83
  8223.00      2.61      2.78      2.52      2.45      2.48      2.55      2.60      2.59      2.98      3.06      3.87      4.75
  8224.00      2.43      2.59      2.35      2.30      2.30      2.37      2.41      2.42      2.76      2.88      3.62      4.44
  8225.00      2.38      2.53      2.28      2.27      2.22      2.35      2.34      2.37      2.69      2.83      3.55      4.36
  8226.00      2.18      2.32      2.08      2.11      2.00      2.18      2.13      2.16      2.45      2.58      3.24      4.01
  8227.00      1.88      2.01      1.79      1.85      1.70      1.91      1.82      1.86      2.12      2.21      2.80      3.46
  8228.00      1.99      2.12      1.89      1.97      1.77      2.03      1.90      1.95      2.26      2.30      2.95      3.66
  8229.00      2.41      2.58      2.27      2.37      2.15      2.44      2.29      2.36      2.76      2.78      3.57      4.43
  8230.00      2.60      2.78      2.45      2.52      2.34      2.58      2.46      2.54      3.00      3.00      3.85      4.75
  8231.00      2.61      2.79      2.51      2.53      2.38      2.54      2.46      2.55      3.06      3.00      3.89      4.73
  8232.00      2.59      2.77      2.58      2.52      2.39      2.49      2.45      2.54      3.07      2.97      3.90      4.68
  8233.00      2.49      2.67      2.53      2.44      2.32      2.38      2.37      2.44      2.95      2.87      3.79      4.50
  8234.00      2.38      2.55      2.42      2.34      2.24      2.26      2.27      2.33      2.79      2.75      3.67      4.33
  8235.00      2.47      2.65      2.47      2.41      2.33      2.32      2.37      2.42      2.85      2.84      3.84      4.50
  8236.00      2.58      2.77      2.55      2.50      2.43      2.41      2.49      2.53      2.92      2.94      4.03      4.72
  8237.00      2.60      2.80      2.54      2.50      2.42      2.42      2.53      2.57      2.88      2.97      4.08      4.79
  8238.00      2.58      2.77      2.49      2.45      2.34      2.40      2.51      2.57      2.80      2.95      4.03      4.77
  8239.00      2.58      2.77      2.47      2.42      2.28      2.42      2.51      2.56      2.78      2.94      3.99      4.78
  8240.00      2.54      2.72      2.42      2.36      2.22      2.41      2.49      2.52      2.74      2.89      3.89      4.72
  8241.00      2.56      2.75      2.43      2.38      2.26      2.45      2.53      2.54      2.79      2.92      3.89      4.77
  8242.00      2.55      2.73      2.39      2.41      2.30      2.45      2.52      2.54      2.81      2.92      3.85      4.72
  8243.00      2.43      2.61      2.26      2.32      2.24      2.32      2.38      2.44      2.72      2.80      3.67      4.48
  8244.00      2.36      2.53      2.20      2.25      2.21      2.24      2.26      2.39      2.66      2.73      3.55      4.34
  8245.00      2.45      2.63      2.34      2.31      2.32      2.34      2.30      2.52      2.77      2.84      3.67      4.51
  8246.00      2.50      2.68      2.45      2.33      2.36      2.40      2.33      2.61      2.82      2.87      3.72      4.62
  8247.00      2.54      2.72      2.53      2.35      2.38      2.45      2.40      2.66      2.84      2.89      3.76      4.70
  8248.00      2.59      2.77      2.62      2.38      2.41      2.51      2.51      2.72      2.87      2.93      3.82      4.84
  8249.00      2.62      2.80      2.64      2.39      2.39      2.53      2.60      2.73      2.89      2.95      3.82      4.94
  8250.00      2.61      2.79      2.57      2.37      2.35      2.51      2.64      2.72      2.88      2.94      3.79      4.99
  8251.00      2.63      2.81      2.49      2.37      2.34      2.48      2.66      2.72      2.90      2.97      3.81      5.02
  8252.00      2.56      2.73      2.35      2.32      2.28      2.38      2.58      2.64      2.83      2.93      3.72      4.86
  8253.00      2.50      2.66      2.26      2.29      2.24      2.30      2.51      2.55      2.75      2.90      3.65      4.71
  8254.00      2.56      2.74      2.33      2.38      2.31      2.39      2.58      2.61      2.82      3.01      3.76      4.79
  8255.00      2.62      2.80      2.39      2.46      2.36      2.49      2.64      2.67      2.86      3.08      3.84      4.86
  8256.00      2.59      2.76      2.35      2.45      2.31      2.51      2.59      2.64      2.80      3.01      3.75      4.77
  8257.00      2.55      2.71      2.34      2.40      2.26      2.51      2.54      2.61      2.75      2.93      3.64      4.70
  8258.00      2.54      2.70      2.39      2.37      2.28      2.51      2.53      2.59      2.75      2.91      3.56      4.71
  8259.00      2.62      2.79      2.51      2.43      2.40      2.57      2.61      2.64      2.86      3.01      3.59      4.86
  8260.00      2.65      2.82      2.57      2.47      2.49      2.58      2.65      2.64      2.92      3.08      3.59      4.96
  8261.00      2.63      2.80      2.55      2.48      2.50      2.57      2.65      2.58      2.93      3.10      3.53      4.95
  8262.00      2.62      2.79      2.52      2.50      2.50      2.57      2.66      2.55      2.93      3.13      3.51      4.94
  8263.00      2.61      2.78      2.51      2.51      2.48      2.58      2.66      2.54      2.92      3.14      3.52      4.91
  8264.00      2.61      2.77      2.53      2.51      2.46      2.58      2.66      2.56      2.88      3.14      3.53      4.89
  8265.00      2.63      2.79      2.55      2.53      2.49      2.60      2.68      2.61      2.85      3.15      3.57      4.91
  8266.00      2.68      2.84      2.55      2.58      2.54      2.64      2.72      2.67      2.83      3.19      3.64      4.96
  8267.00      2.64      2.80      2.45      2.55      2.51      2.59      2.66      2.64      2.73      3.15      3.60      4.85
  8268.00      2.61      2.76      2.40      2.51      2.48      2.55      2.61      2.63      2.65      3.13      3.58      4.74
  8269.00      2.59      2.74      2.42      2.47      2.44      2.52      2.58      2.62      2.62      3.12      3.58      4.69
  8270.00      2.56      2.71      2.47      2.42      2.35      2.48      2.55      2.58      2.60      3.09      3.56      4.64
  8271.00      2.37      2.51      2.34      2.23      2.12      2.30      2.37      2.38      2.43      2.85      3.31      4.31
  8272.00      2.27      2.41      2.25      2.13      1.99      2.21      2.27      2.27      2.34      2.71      3.18      4.12
  8273.00      2.46      2.60      2.42      2.30      2.13      2.41      2.45      2.43      2.56      2.90      3.44      4.43
  8274.00      2.56      2.71      2.51      2.40      2.25      2.54      2.54      2.51      2.70      3.00      3.60      4.65
  8275.00      2.61      2.76      2.54      2.45      2.35      2.61      2.56      2.55      2.78      3.04      3.68      4.79
  8276.00      2.60      2.75      2.55      2.45      2.37      2.61      2.52      2.54      2.80      3.01      3.68      4.82
  8277.00      2.52      2.67      2.53      2.39      2.30      2.52      2.43      2.47      2.76      2.92      3.58      4.73
  8278.00      2.45      2.60      2.53      2.33      2.19      2.43      2.35      2.42      2.70      2.85      3.46      4.63
  8279.00      2.23      2.37      2.36      2.12      1.97      2.20      2.14      2.22      2.47      2.63      3.13      4.24
  8280.00      1.58      1.68      1.72      1.49      1.39      1.54      1.52      1.59      1.75      1.89      2.21      3.04
  8281.00      1.11      1.17      1.22      1.03      0.99      1.08      1.07      1.11      1.21      1.34      1.55      2.13
  8282.00      1.02      1.08      1.14      0.96      0.93      1.00      0.99      1.02      1.09      1.24      1.43      1.95
  8283.00      0.63      0.67      0.71      0.60      0.58      0.62      0.62      0.63      0.66      0.77      0.90      1.21
  8284.00      0.48      0.51      0.54      0.46      0.44      0.48      0.47      0.48      0.50      0.58      0.69      0.93
  8285.00      0.67      0.71      0.76      0.64      0.61      0.66      0.65      0.66      0.69      0.79      0.98      1.30
  8286.00      1.45      1.54      1.63      1.39      1.34      1.44      1.41      1.46      1.49      1.71      2.15      2.82
  8287.00      2.21      2.35      2.44      2.10      2.06      2.18      2.15      2.25      2.26      2.57      3.27      4.23
  8288.00      1.87      1.99      2.05      1.75      1.77      1.84      1.82      1.92      1.91      2.17      2.81      3.59
  8289.00      1.34      1.43      1.46      1.23      1.29      1.32      1.31      1.38      1.38      1.56      2.06      2.59
  8290.00      0.63      0.67      0.68      0.56      0.61      0.61      0.62      0.64      0.64      0.73      0.97      1.21
  8291.00      0.43      0.46      0.46      0.39      0.42      0.42      0.43      0.45      0.45      0.51      0.67      0.83
  8292.00      0.63      0.67      0.64      0.56      0.60      0.60      0.62      0.65      0.65      0.74      0.96      1.19
  8293.00      1.26      1.35      1.26      1.12      1.18      1.20      1.26      1.33      1.33      1.49      1.92      2.39
  8294.00      1.87      1.99      1.83      1.68      1.71      1.76      1.86      2.00      1.97      2.21      2.80      3.49
  8295.00      2.49      2.66      2.41      2.26      2.27      2.34      2.45      2.70      2.63      2.95      3.69      4.55
  8296.00      2.61      2.78      2.47      2.39      2.39      2.46      2.51      2.81      2.76      3.10      3.86      4.71
  8297.00      2.60      2.77      2.40      2.39      2.39      2.47      2.45      2.76      2.77      3.10      3.86      4.67
  8298.00      2.59      2.76      2.33      2.39      2.40      2.48      2.40      2.71      2.78      3.08      3.86      4.65
  8299.00      1.92      2.05      1.71      1.77      1.78      1.84      1.75      1.99      2.08      2.28      2.90      3.50
  8300.00      0.82      0.88      0.74      0.76      0.77      0.78      0.74      0.84      0.90      0.98      1.25      1.53
  8301.00      0.57      0.61      0.52      0.53      0.53      0.54      0.51      0.57      0.63      0.67      0.87      1.06
  8302.00      0.82      0.88      0.76      0.78      0.78      0.77      0.76      0.82      0.92      0.97      1.26      1.55
  8303.00      1.89      2.01      1.77      1.79      1.77      1.76      1.76      1.87      2.10      2.21      2.90      3.53
  8304.00      2.15      2.29      2.03      2.02      2.00      2.02      2.01      2.12      2.39      2.51      3.34      4.00
  8305.00      1.87      2.00      1.75      1.74      1.75      1.75      1.74      1.84      2.10      2.20      2.95      3.48
  8306.00      2.24      2.39      2.04      2.09      2.13      2.07      2.05      2.21      2.54      2.64      3.52      4.14
  8307.00      2.54      2.71      2.20      2.38      2.44      2.32      2.31      2.52      2.89      3.00      3.93      4.66
  8308.00      2.62      2.79      2.16      2.46      2.52      2.36      2.39      2.60      3.00      3.09      4.00      4.79
  8309.00      2.69      2.86      2.13      2.51      2.55      2.37      2.48      2.69      3.11      3.19      4.04      4.94
  8310.00      2.66      2.83      2.04      2.48      2.48      2.31      2.48      2.70      3.08      3.18      3.93      4.93
  8311.00      1.91      2.03      1.40      1.79      1.76      1.65      1.79      1.96      2.19      2.30      2.79      3.62
  8312.00      0.76      0.81      0.54      0.72      0.71      0.66      0.72      0.79      0.86      0.93      1.11      1.49
  8313.00      0.55      0.58      0.38      0.51      0.52      0.48      0.51      0.57      0.60      0.66      0.79      1.07
  8314.00      0.82      0.87      0.55      0.76      0.79      0.73      0.76      0.87      0.89      0.99      1.18      1.61
  8315.00      1.95      2.07      1.31      1.80      1.89      1.78      1.83      2.07      2.10      2.34      2.78      3.79
  8316.00      2.56      2.72      1.80      2.39      2.48      2.39      2.44      2.72      2.73      3.06      3.62      4.91
  8317.00      2.57      2.73      1.93      2.43      2.47      2.43      2.46      2.70      2.73      3.06      3.62      4.89
  8318.00      2.48      2.62      2.02      2.36      2.37      2.36      2.36      2.56      2.62      2.94      3.48      4.68
  8319.00      2.16      2.29      1.91      2.04      2.07      2.07      2.03      2.18      2.27      2.58      3.03      4.08
  8320.00      1.79      1.89      1.66      1.65      1.71      1.71      1.67      1.77      1.87      2.15      2.51      3.39
  8321.00      1.87      1.98      1.77      1.69      1.79      1.78      1.74      1.82      1.97      2.24      2.62      3.54
  8322.00      2.21      2.34      2.10      1.97      2.10      2.10      2.08      2.14      2.35      2.62      3.10      4.18
  8323.00      2.54      2.68      2.42      2.26      2.38      2.40      2.40      2.43      2.69      2.97      3.54      4.79
  8324.00      2.62      2.76      2.53      2.36      2.44      2.47      2.48      2.50      2.79      3.03      3.65      4.98
  8325.00      2.58      2.72      2.53      2.39      2.40      2.42      2.42      2.46      2.77      2.95      3.60      4.98
  8326.00      2.66      2.81      2.61      2.52      2.49      2.47      2.47      2.55      2.90      3.02      3.72      5.18
  8327.00      2.72      2.88      2.59      2.60      2.56      2.49      2.49      2.64      3.02      3.10      3.82      5.30
  8328.00      2.73      2.88      2.50      2.63      2.59      2.48      2.49      2.69      3.10      3.15      3.85      5.31
  8329.00      2.80      2.96      2.46      2.72      2.66      2.56      2.56      2.82      3.27      3.28      3.97      5.38
  8330.00      2.80      2.95      2.37      2.73      2.65      2.59      2.55      2.85      3.37      3.30      3.99      5.29
  8331.00      2.72      2.87      2.25      2.65      2.58      2.55      2.45      2.78      3.37      3.23      3.90      5.05
  8332.00      2.63      2.78      2.18      2.55      2.52      2.49      2.35      2.69      3.37      3.14      3.79      4.82
  8333.00      2.64      2.80      2.20      2.52      2.54      2.50      2.36      2.68      3.47      3.16      3.81      4.78
  8334.00      2.66      2.81      2.24      2.51      2.57      2.48      2.41      2.67      3.55      3.17      3.85      4.78
  8335.00      2.66      2.81      2.24      2.52      2.57      2.45      2.44      2.65      3.58      3.18      3.90      4.78
  8336.00      2.66      2.82      2.23      2.53      2.55      2.44      2.46      2.64      3.56      3.20      3.94      4.80
  8337.00      2.66      2.81      2.19      2.54      2.51      2.46      2.44      2.63      3.49      3.23      3.96      4.82
  8338.00      2.57      2.72      2.07      2.47      2.39      2.43      2.32      2.56      3.29      3.15      3.84      4.69
  8339.00      2.17      2.30      1.71      2.08      2.00      2.10      1.91      2.17      2.68      2.68      3.26      4.03
  8340.00      1.88      2.00      1.50      1.79      1.74      1.84      1.62      1.88      2.21      2.32      2.82      3.55
  8341.00      1.93      2.05      1.61      1.83      1.80      1.89      1.63      1.94      2.15      2.36      2.86      3.66
  8342.00      2.31      2.45      2.05      2.19      2.19      2.25      1.92      2.33      2.43      2.81      3.36      4.36
  8343.00      2.54      2.70      2.38      2.42      2.42      2.45      2.08      2.57      2.55      3.09      3.65      4.78
  8344.00      2.01      2.14      1.96      1.94      1.90      1.92      1.60      2.04      1.95      2.46      2.89      3.83
  8345.00      1.00      1.06      1.01      0.98      0.92      0.94      0.78      1.02      0.94      1.23      1.44      1.93
  8346.00      0.36      0.39      0.38      0.36      0.33      0.34      0.29      0.38      0.34      0.45      0.52      0.70
  8347.00      0.25      0.26      0.27      0.25      0.23      0.22      0.20      0.25      0.23      0.30      0.35      0.47
  8348.00      0.36      0.39      0.41      0.36      0.33      0.33      0.30      0.38      0.33      0.45      0.53      0.70
  8349.00      1.10      1.17      1.24      1.06      1.02      1.01      0.92      1.14      0.98      1.35      1.60      2.11
  8350.00      2.38      2.54      2.66      2.26      2.21      2.25      2.05      2.48      2.07      2.89      3.46      4.47
  8351.00      1.81      1.94      1.99      1.70      1.66      1.73      1.59      1.89      1.51      2.19      2.67      3.45
  8352.00      1.43      1.53      1.53      1.35      1.30      1.37      1.29      1.49      1.15      1.71      2.12      2.75
  8353.00      1.49      1.59      1.53      1.42      1.35      1.42      1.40      1.56      1.16      1.76      2.22      2.88
  8354.00      0.74      0.79      0.73      0.71      0.67      0.69      0.72      0.77      0.56      0.86      1.10      1.45
  8355.00      0.51      0.54      0.50      0.49      0.46      0.47      0.50      0.53      0.38      0.59      0.75      1.01
  8356.00      0.72      0.77      0.72      0.69      0.66      0.65      0.72      0.76      0.56      0.84      1.06      1.45
  8357.00      1.72      1.85      1.74      1.64      1.59      1.54      1.73      1.82      1.44      2.02      2.50      3.45
  8358.00      2.47      2.66      2.50      2.38      2.33      2.21      2.49      2.62      2.24      2.92      3.55      4.93
  8359.00      2.61      2.81      2.61      2.52      2.46      2.34      2.62      2.75      2.54      3.08      3.73      5.19
  8360.00      2.64      2.85      2.62      2.57      2.48      2.40      2.63      2.75      2.74      3.11      3.78      5.24
  8361.00      2.53      2.74      2.52      2.47      2.36      2.34      2.51      2.60      2.74      2.98      3.64      5.00
  8362.00      2.11      2.29      2.12      2.05      1.95      1.97      2.06      2.15      2.36      2.49      3.07      4.16
  8363.00      1.70      1.84      1.71      1.64      1.57      1.58      1.63      1.72      1.93      2.03      2.49      3.32
  8364.00      1.64      1.79      1.64      1.59      1.54      1.54      1.59      1.68      1.89      1.99      2.43      3.18
  8365.00      1.75      1.91      1.70      1.71      1.65      1.66      1.70      1.79      2.01      2.14      2.61      3.33
  8366.00      1.45      1.58      1.39      1.42      1.36      1.40      1.43      1.48      1.66      1.79      2.19      2.74
  8367.00      1.13      1.23      1.08      1.11      1.05      1.10      1.12      1.14      1.28      1.40      1.73      2.13
  8368.00      1.49      1.63      1.45      1.47      1.37      1.48      1.49      1.49      1.66      1.83      2.28      2.79
  8369.00      2.24      2.46      2.26      2.20      2.07      2.26      2.24      2.26      2.45      2.72      3.43      4.16
  8370.00      2.56      2.81      2.63      2.48      2.38      2.61      2.55      2.60      2.76      3.08      3.96      4.73
  8371.00      2.61      2.87      2.68      2.48      2.43      2.68      2.59      2.68      2.78      3.13      4.07      4.81
  8372.00      2.60      2.86      2.61      2.46      2.42      2.67      2.57      2.71      2.75      3.13      4.06      4.79
  8373.00      2.60      2.86      2.55      2.46      2.41      2.64      2.55      2.73      2.75      3.14      4.03      4.77
  8374.00      2.54      2.81      2.51      2.42      2.34      2.57      2.47      2.67      2.71      3.11      3.94      4.68
  8375.00      2.47      2.73      2.49      2.34      2.26      2.51      2.36      2.56      2.65      3.05      3.81      4.54
  8376.00      2.50      2.76      2.57      2.37      2.29      2.58      2.34      2.60      2.71      3.10      3.82      4.59
  8377.00      2.57      2.85      2.62      2.44      2.37      2.67      2.37      2.70      2.82      3.21      3.90      4.74
  8378.00      2.60      2.88      2.58      2.46      2.40      2.69      2.36      2.73      2.86      3.25      3.91      4.83
  8379.00      2.59      2.87      2.54      2.47      2.41      2.67      2.31      2.71      2.86      3.24      3.92      4.88
  8380.00      2.51      2.79      2.47      2.42      2.38      2.57      2.21      2.61      2.79      3.14      3.83      4.80
  8381.00      2.17      2.42      2.14      2.12      2.08      2.22      1.89      2.23      2.43      2.71      3.33      4.22
  8382.00      1.58      1.76      1.56      1.56      1.52      1.64      1.37      1.60      1.78      1.96      2.44      3.11
  8383.00      1.33      1.48      1.32      1.31      1.28      1.39      1.15      1.33      1.51      1.63      2.04      2.63
  8384.00      1.31      1.47      1.33      1.30      1.25      1.37      1.16      1.32      1.51      1.61      2.00      2.60
  8385.00      1.16      1.30      1.21      1.15      1.10      1.20      1.04      1.17      1.33      1.42      1.72      2.31
  8386.00      1.56      1.75      1.70      1.56      1.49      1.61      1.44      1.58      1.79      1.91      2.25      3.11
  8387.00      2.40      2.68      2.70      2.43      2.31      2.47      2.27      2.45      2.74      2.91      3.32      4.72
  8388.00      2.54      2.83      2.94      2.61      2.46      2.60      2.45      2.61      2.87      3.07      3.40      5.00
  8389.00      2.52      2.81      3.01      2.60      2.44      2.57      2.47      2.60      2.84      3.04      3.28      5.02
  8390.00      2.58      2.88      3.16      2.66      2.50      2.63      2.56      2.68      2.89      3.09      3.27      5.17
  8391.00      2.63      2.93      3.29      2.69      2.55      2.68      2.63      2.76      2.93      3.13      3.21      5.27
  8392.00      2.59      2.88      3.28      2.61      2.52      2.65      2.59      2.73      2.88      3.07      2.97      5.14
  8393.00      2.32      2.59      2.95      2.29      2.25      2.40      2.33      2.46      2.61      2.77      2.47      4.59
  8394.00      2.09      2.32      2.60      2.01      1.99      2.18      2.11      2.22      2.37      2.51      2.04      4.10
  8395.00      2.34      2.59      2.80      2.22      2.19      2.45      2.37      2.48      2.67      2.82      2.10      4.52
  8396.00      2.56      2.84      2.95      2.43      2.38      2.68      2.61      2.73      2.94      3.11      2.14      4.90
  8397.00      2.49      2.76      2.78      2.37      2.32      2.58      2.53      2.67      2.88      3.05      1.97      4.76
  8398.00      2.40      2.66      2.63      2.29      2.28      2.45      2.44      2.58      2.77      2.96      1.85      4.60
  8399.00      2.45      2.71      2.65      2.34      2.39      2.47      2.49      2.63      2.83      3.04      1.91      4.71
  8400.00      2.34      2.59      2.46      2.23      2.32      2.35      2.37      2.49      2.70      2.91      1.87      4.53
  8401.00      2.13      2.35      2.14      2.05      2.11      2.14      2.16      2.23      2.46      2.66      1.78      4.17
  8402.00      2.14      2.36      2.08      2.10      2.09      2.17      2.17      2.20      2.47      2.65      1.90      4.20
  8403.00      2.33      2.57      2.26      2.35      2.26      2.41      2.38      2.39      2.68      2.86      2.27      4.57
  8404.00      2.53      2.78      2.51      2.59      2.44      2.65      2.59      2.60      2.89      3.06      2.71      4.96
  8405.00      2.62      2.89      2.66      2.70      2.53      2.77      2.71      2.74      2.98      3.14      3.06      5.13
  8406.00      2.65      2.91      2.70      2.70      2.56      2.76      2.75      2.78      2.98      3.13      3.33      5.15
  8407.00      2.64      2.90      2.67      2.66      2.57      2.72      2.74      2.78      2.96      3.09      3.52      5.12
  8408.00      2.63      2.89      2.66      2.62      2.56      2.67      2.72      2.76      2.95      3.05      3.67      5.08
  8409.00      2.55      2.80      2.60      2.52      2.47      2.56      2.62      2.67      2.84      2.95      3.68      4.93
  8410.00      2.49      2.72      2.56      2.44      2.39      2.48      2.55      2.58      2.75      2.88      3.66      4.82
  8411.00      2.50      2.74      2.61      2.47      2.38      2.50      2.58      2.58      2.76      2.89      3.73      4.87
  8412.00      2.57      2.81      2.67      2.55      2.44      2.57      2.66      2.63      2.83      2.96      3.86      5.02
  8413.00      2.59      2.83      2.65      2.59      2.47      2.59      2.69      2.64      2.87      2.97      3.91      5.09
  8414.00      2.56      2.80      2.57      2.57      2.47      2.56      2.66      2.59      2.86      2.94      3.84      5.03
  8415.00      2.59      2.82      2.54      2.60      2.49      2.59      2.66      2.61      2.91      2.98      3.84      5.03
  8416.00      2.57      2.80      2.51      2.56      2.44      2.57      2.61      2.61      2.90      2.98      3.77      4.94
  8417.00      2.42      2.64      2.39      2.39      2.29      2.43      2.43      2.47      2.72      2.84      3.52      4.61
  8418.00      2.28      2.48      2.24      2.21      2.14      2.27      2.25      2.31      2.52      2.69      3.29      4.30
  8419.00      2.42      2.63      2.37      2.32      2.28      2.43      2.37      2.43      2.64      2.88      3.47      4.54
  8420.00      2.57      2.79      2.50      2.45      2.41      2.60      2.49      2.58      2.76      3.06      3.67      4.82
  8421.00      2.63      2.85      2.54      2.49      2.45      2.66      2.54      2.63      2.81      3.14      3.75      4.96
  8422.00      2.60      2.82      2.50      2.46      2.41      2.62      2.52      2.61      2.78      3.13      3.70      4.94
  8423.00      2.55      2.77      2.46      2.43      2.35      2.55      2.51      2.59      2.77      3.10      3.63      4.89
  8424.00      2.56      2.77      2.47      2.45      2.34      2.51      2.53      2.63      2.84      3.12      3.60      4.91
  8425.00      2.46      2.67      2.40      2.38      2.27      2.36      2.42      2.56      2.79      3.00      3.43      4.73
  8426.00      2.33      2.52      2.31      2.25      2.17      2.19      2.26      2.43      2.68      2.81      3.20      4.43
  8427.00      2.30      2.49      2.31      2.21      2.17      2.15      2.20      2.42      2.68      2.73      3.15      4.34
  8428.00      2.40      2.59      2.41      2.29      2.29      2.24      2.27      2.53      2.80      2.79      3.28      4.49
  8429.00      2.24      2.42      2.24      2.14      2.17      2.09      2.12      2.36      2.61      2.56      3.11      4.20
  8430.00      2.04      2.20      2.02      1.96      1.97      1.90      1.95      2.13      2.35      2.29      2.89      3.84
  8431.00      1.93      2.08      1.90      1.88      1.85      1.81      1.89      1.99      2.22      2.14      2.81      3.67
  8432.00      1.52      1.64      1.50      1.49      1.44      1.44      1.52      1.56      1.74      1.67      2.30      2.93
  8433.00      1.43      1.54      1.41      1.38      1.33      1.36      1.43      1.46      1.63      1.54      2.24      2.75
  8434.00      1.92      2.07      1.92      1.82      1.78      1.85      1.91      1.98      2.19      2.05      3.13      3.66
  8435.00      2.55      2.73      2.58      2.37      2.38      2.48      2.52      2.64      2.88      2.71      4.29      4.76
  8436.00      2.52      2.71      2.55      2.31      2.39      2.47      2.48      2.62      2.85      2.69      4.44      4.68
  8437.00      2.43      2.60      2.40      2.19      2.33      2.37      2.39      2.49      2.74      2.61      4.44      4.46
  8438.00      2.64      2.82      2.54      2.35      2.55      2.55      2.62      2.66      2.97      2.85      4.91      4.77
  8439.00      2.84      3.03      2.70      2.50      2.73      2.72      2.81      2.80      3.17      3.06      5.32      5.05
  8440.00      2.83      3.03      2.72      2.49      2.72      2.71      2.78      2.76      3.13      3.04      5.30      5.02
  8441.00      2.76      2.94      2.68      2.43      2.65      2.65      2.67      2.69      3.00      2.94      5.06      4.89
  8442.00      2.75      2.94      2.70      2.44      2.64      2.66      2.64      2.70      2.94      2.91      4.88      4.90
  8443.00      2.75      2.93      2.70      2.44      2.61      2.67      2.63      2.71      2.90      2.87      4.64      4.93
  8444.00      2.77      2.95      2.74      2.47      2.59      2.68      2.67      2.73      2.91      2.85      4.44      4.99
  8445.00      2.76      2.94      2.73      2.48      2.54      2.66      2.68      2.71      2.90      2.81      4.18      4.98
  8446.00      2.75      2.92      2.70      2.50      2.53      2.65      2.67      2.70      2.91      2.78      3.97      4.98
  8447.00      2.71      2.89      2.62      2.49      2.51      2.62      2.62      2.68      2.90      2.73      3.79      4.94
  8448.00      2.38      2.54      2.28      2.17      2.22      2.31      2.29      2.38      2.57      2.40      3.27      4.38
  8449.00      2.10      2.24      2.02      1.89      1.96      2.04      2.02      2.13      2.29      2.13      2.87      3.87
  8450.00      2.38      2.53      2.30      2.14      2.23      2.31      2.32      2.44      2.61      2.45      3.25      4.33
  8451.00      2.68      2.85      2.59      2.42      2.51      2.60      2.65      2.77      2.97      2.81      3.67      4.83
  8452.00      2.73      2.90      2.63      2.46      2.57      2.65      2.72      2.82      3.04      2.91      3.75      4.90
  8453.00      2.62      2.79      2.53      2.34      2.49      2.56      2.61      2.70      2.92      2.85      3.60      4.70
  8454.00      2.38      2.53      2.28      2.10      2.28      2.32      2.34      2.44      2.64      2.63      3.25      4.27
  8455.00      2.17      2.31      2.05      1.92      2.11      2.11      2.11      2.23      2.40      2.43      2.95      3.92
  8456.00      2.36      2.51      2.17      2.09      2.31      2.28      2.28      2.44      2.59      2.65      3.18      4.28
  8457.00      2.63      2.79      2.38      2.34      2.57      2.51      2.53      2.74      2.87      2.94      3.51      4.80
  8458.00      2.67      2.84      2.48      2.39      2.59      2.55      2.58      2.79      2.91      2.96      3.54      4.96
  8459.00      2.60      2.77      2.52      2.34      2.49      2.50      2.52      2.71      2.84      2.87      3.44      4.92
  8460.00      2.63      2.80      2.61      2.40      2.51      2.55      2.54      2.72      2.88      2.89      3.46      5.01
  8461.00      2.69      2.86      2.67      2.53      2.56      2.62      2.59      2.75      2.96      2.93      3.50      5.12
  8462.00      2.63      2.80      2.54      2.54      2.52      2.57      2.54      2.67      2.90      2.85      3.37      5.01
  8463.00      2.42      2.58      2.27      2.38      2.31      2.36      2.36      2.45      2.67      2.61      3.04      4.61
  8464.00      2.34      2.49      2.17      2.32      2.21      2.28      2.31      2.39      2.56      2.51      2.90      4.45
  8465.00      2.45      2.60      2.30      2.43      2.28      2.38      2.43      2.52      2.64      2.62      3.02      4.66
  8466.00      1.83      1.95      1.75      1.80      1.69      1.76      1.82      1.90      1.94      1.96      2.26      3.56
  8467.00      0.76      0.80      0.73      0.74      0.70      0.72      0.75      0.79      0.79      0.81      0.93      1.50
  8468.00      0.52      0.55      0.50      0.51      0.49      0.49      0.51      0.55      0.53      0.56      0.64      1.04
  8469.00      0.76      0.81      0.73      0.73      0.72      0.71      0.75      0.80      0.79      0.83      0.94      1.52
  8470.00      1.90      2.02      1.82      1.81      1.81      1.77      1.93      1.99      2.00      2.10      2.37      3.73
  8471.00      2.76      2.93      2.68      2.58      2.63      2.54      2.89      2.86      2.91      3.08      3.42      5.23
  8472.00      2.78      2.95      2.72      2.56      2.64      2.52      3.01      2.84      2.95      3.16      3.46      5.19
  8473.00      2.75      2.92      2.66      2.53      2.60      2.44      3.08      2.80      2.94      3.18      3.45      5.07
  8474.00      2.72      2.88      2.62      2.49      2.55      2.38      3.14      2.77      2.92      3.18      3.46      4.98
  8475.00      2.57      2.73      2.50      2.34      2.39      2.25      3.03      2.63      2.78      3.02      3.29      4.71
  8476.00      1.98      2.10      1.98      1.77      1.81      1.74      2.36      2.04      2.14      2.32      2.53      3.69
  8477.00      1.59      1.69      1.65      1.41      1.44      1.41      1.90      1.66      1.71      1.85      2.02      3.02
  8478.00      1.99      2.12      2.10      1.76      1.81      1.77      2.35      2.10      2.12      2.31      2.51      3.81
  8479.00      2.64      2.81      2.76      2.34      2.44      2.35      3.02      2.82      2.78      3.05      3.30      5.04
  8480.00      2.74      2.92      2.84      2.44      2.59      2.44      3.04      2.96      2.85      3.19      3.40      5.27
  8481.00      2.74      2.92      2.84      2.44      2.60      2.42      2.94      2.98      2.82      3.23      3.38      5.30
  8482.00      2.71      2.89      2.82      2.43      2.58      2.42      2.85      2.95      2.79      3.25      3.34      5.27
  8483.00      2.71      2.89      2.81      2.45      2.56      2.45      2.79      2.92      2.81      3.28      3.31      5.23
  8484.00      2.72      2.90      2.81      2.47      2.54      2.48      2.75      2.90      2.86      3.30      3.27      5.19
  8485.00      2.73      2.91      2.82      2.49      2.53      2.53      2.73      2.90      2.91      3.30      3.24      5.16
  8486.00      2.71      2.90      2.81      2.50      2.51      2.55      2.69      2.87      2.93      3.28      3.20      5.10
  8487.00      2.71      2.89      2.81      2.52      2.50      2.57      2.65      2.84      2.96      3.26      3.19      5.09
  8488.00      2.68      2.87      2.78      2.54      2.48      2.56      2.61      2.81      2.95      3.23      3.19      5.10
  8489.00      2.65      2.84      2.75      2.55      2.47      2.55      2.56      2.78      2.90      3.20      3.21      5.10
  8490.00      2.70      2.89      2.81      2.63      2.57      2.60      2.58      2.84      2.93      3.27      3.32      5.21
  8491.00      2.76      2.96      2.86      2.69      2.69      2.65      2.63      2.92      3.00      3.36      3.45      5.33
  8492.00      2.72      2.92      2.78      2.63      2.68      2.60      2.58      2.90      2.97      3.33      3.41      5.24
  8493.00      2.63      2.82      2.67      2.52      2.58      2.52      2.48      2.82      2.90      3.24      3.29      5.08
  8494.00      2.43      2.61      2.48      2.33      2.34      2.34      2.28      2.58      2.69      3.00      2.99      4.71
  8495.00      1.56      1.68      1.61      1.49      1.47      1.50      1.45      1.64      1.74      1.94      1.89      3.06
  8496.00      1.16      1.25      1.18      1.10      1.07      1.11      1.07      1.20      1.28      1.45      1.36      2.27
  8497.00      1.55      1.67      1.54      1.46      1.44      1.47      1.41      1.60      1.70      1.94      1.78      3.01
  8498.00      2.39      2.57      2.32      2.24      2.27      2.23      2.18      2.48      2.60      3.01      2.70      4.56
  8499.00      2.52      2.72      2.44      2.36      2.45      2.33      2.33      2.65      2.76      3.22      2.84      4.81
  8500.00      2.67      2.88      2.62      2.51      2.61      2.44      2.51      2.85      2.96      3.47      3.00      5.07
  8501.00      2.71      2.92      2.72      2.55      2.64      2.49      2.58      2.90      3.05      3.57      3.05      5.16
  8502.00      2.51      2.71      2.55      2.33      2.41      2.33      2.42      2.67      2.87      3.34      2.83      4.84
  8503.00      2.32      2.51      2.33      2.14      2.20      2.18      2.27      2.46      2.68      3.11      2.58      4.55
  8504.00      2.18      2.36      2.13      2.01      2.04      2.07      2.16      2.30      2.54      2.91      2.36      4.33
  8505.00      1.50      1.63      1.43      1.39      1.41      1.44      1.50      1.58      1.76      2.00      1.55      3.05
  8506.00      0.68      0.74      0.63      0.64      0.64      0.65      0.68      0.72      0.81      0.90      0.67      1.40
  8507.00      0.48      0.52      0.44      0.45      0.45      0.45      0.47      0.50      0.56      0.61      0.44      0.98
  8508.00      0.70      0.76      0.67      0.68      0.66      0.65      0.69      0.73      0.82      0.89      0.61      1.43
  8509.00      1.78      1.94      1.75      1.75      1.67      1.66      1.76      1.85      2.05      2.22      1.51      3.57
  8510.00      2.53      2.75      2.55      2.49      2.37      2.37      2.53      2.62      2.85      3.07      2.07      4.96
  8511.00      2.47      2.68      2.53      2.40      2.32      2.32      2.50      2.54      2.73      2.93      1.92      4.82
  8512.00      2.53      2.74      2.59      2.42      2.39      2.37      2.58      2.59      2.75      2.96      1.88      4.90
  8513.00      2.58      2.79      2.63      2.44      2.46      2.41      2.65      2.64      2.78      2.99      1.85      4.97
  8514.00      2.57      2.79      2.64      2.43      2.47      2.41      2.65      2.64      2.77      2.97      1.80      4.96
  8515.00      2.55      2.77      2.64      2.45      2.46      2.39      2.64      2.62      2.75      2.93      1.77      4.93
  8516.00      2.61      2.83      2.72      2.55      2.52      2.46      2.74      2.69      2.81      3.00      1.84      5.06
  8517.00      2.68      2.90      2.79      2.63      2.59      2.53      2.88      2.78      2.89      3.09      2.01      5.21
  8518.00      2.64      2.87      2.74      2.59      2.55      2.52      2.90      2.75      2.86      3.06      2.16      5.19
  8519.00      2.64      2.86      2.71      2.55      2.53      2.52      2.91      2.74      2.86      3.06      2.34      5.20
  8520.00      2.64      2.86      2.70      2.51      2.54      2.51      2.88      2.73      2.88      3.07      2.54      5.21
  8521.00      2.59      2.81      2.63      2.47      2.51      2.48      2.77      2.68      2.83      3.02      2.68      5.11
  8522.00      2.26      2.45      2.27      2.17      2.23      2.18      2.35      2.35      2.46      2.65      2.49      4.47
  8523.00      1.96      2.13      1.94      1.92      1.97      1.92      1.99      2.06      2.13      2.31      2.25      3.88
  8524.00      2.19      2.37      2.13      2.18      2.22      2.18      2.17      2.31      2.36      2.58      2.52      4.27
  8525.00      2.46      2.67      2.37      2.45      2.49      2.48      2.41      2.60      2.66      2.92      2.79      4.74
  8526.00      2.56      2.78      2.48      2.52      2.58      2.58      2.48      2.70      2.79      3.07      2.80      4.89
  8527.00      2.69      2.91      2.64      2.60      2.67      2.66      2.57      2.82      2.94      3.24      2.82      5.06
  8528.00      2.73      2.96      2.73      2.60      2.67      2.66      2.60      2.84      2.99      3.32      2.79      5.08
  8529.00      2.91      3.16      2.96      2.75      2.82      2.80      2.77      3.02      3.19      3.55      2.98      5.37
  8530.00      3.01      3.26      3.06      2.86      2.87      2.88      2.85      3.13      3.27      3.65      3.15      5.52
  8531.00      3.06      3.31      3.09      2.95      2.91      2.95      2.90      3.22      3.29      3.70      3.35      5.64
  8532.00      2.97      3.22      2.99      2.89      2.84      2.87      2.81      3.14      3.16      3.58      3.46      5.55
  8533.00      2.83      3.06      2.89      2.77      2.74      2.74      2.66      3.01      3.01      3.40      3.54      5.37
  8534.00      2.83      3.07      2.96      2.77      2.78      2.73      2.67      3.02      3.05      3.41      3.83      5.44
  8535.00      2.83      3.07      2.99      2.76      2.78      2.71      2.69      3.00      3.07      3.42      4.13      5.47
  8536.00      2.80      3.04      2.93      2.77      2.75      2.67      2.71      2.94      3.07      3.41      4.38      5.44
  8537.00      2.77      3.00      2.85      2.78      2.70      2.64      2.73      2.88      3.06      3.39      4.59      5.36
  8538.00      2.68      2.91      2.74      2.71      2.62      2.56      2.68      2.78      2.97      3.29      4.65      5.19
  8539.00      2.30      2.50      2.35      2.30      2.25      2.20      2.31      2.40      2.52      2.83      4.11      4.47
  8540.00      1.26      1.36      1.28      1.22      1.22      1.22      1.25      1.33      1.36      1.55      2.30      2.48
  8541.00      0.90      0.98      0.91      0.86      0.87      0.90      0.90      0.97      0.97      1.12      1.66      1.80
  8542.00      1.31      1.42      1.30      1.23      1.24      1.32      1.29      1.41      1.40      1.61      2.37      2.60
  8543.00      2.75      2.99      2.74      2.61      2.62      2.78      2.71      2.96      2.94      3.36      4.82      5.29
  8544.00      3.41      3.70      3.43      3.32      3.31      3.40      3.36      3.65      3.66      4.14      5.83      6.41
  8545.00      3.54      3.83      3.61      3.53      3.50      3.45      3.52      3.76      3.81      4.27      5.97      6.62
  8546.00      3.50      3.80      3.60      3.57      3.48      3.35      3.52      3.70      3.77      4.22      5.85      6.57
  8547.00      3.38      3.67      3.49      3.47      3.32      3.23      3.42      3.58      3.60      4.06      5.60      6.36
  8548.00      3.22      3.50      3.35      3.29      3.06      3.09      3.24      3.41      3.37      3.87      5.30      6.08
  8549.00      3.19      3.46      3.35      3.24      2.94      3.10      3.18      3.37      3.27      3.81      5.21      6.03
  8550.00      2.44      2.65      2.57      2.48      2.24      2.38      2.39      2.57      2.45      2.91      4.02      4.73
  8551.00      1.94      2.11      2.03      1.98      1.79      1.90      1.88      2.04      1.94      2.29      3.20      3.84
  8552.00      2.40      2.61      2.46      2.46      2.26      2.37      2.32      2.56      2.43      2.80      3.94      4.75
  8553.00      3.03      3.30      3.04      3.07      2.90      3.00      2.95      3.26      3.10      3.48      4.92      5.93
  8554.00      3.21      3.49      3.21      3.22      3.06      3.15      3.14      3.48      3.34      3.66      5.17      6.26
  8555.00      3.28      3.57      3.32      3.27      3.09      3.18      3.20      3.59      3.49      3.75      5.25      6.40
  8556.00      3.31      3.59      3.43      3.29      3.09      3.16      3.20      3.64      3.59      3.82      5.26      6.44
  8557.00      3.30      3.58      3.49      3.29      3.11      3.12      3.19      3.64      3.63      3.86      5.23      6.41
  8558.00      3.39      3.68      3.58      3.37      3.23      3.20      3.31      3.73      3.76      3.99      5.34      6.55
  8559.00      3.43      3.73      3.60      3.41      3.33      3.27      3.40      3.74      3.83      4.06      5.37      6.60
  8560.00      3.28      3.57      3.41      3.27      3.22      3.17      3.26      3.53      3.67      3.90      5.10      6.30
  8561.00      3.24      3.52      3.32      3.27      3.21      3.17      3.22      3.44      3.60      3.88      4.98      6.21
  8562.00      3.19      3.47      3.22      3.24      3.17      3.14      3.15      3.36      3.51      3.84      4.84      6.11
  8563.00      3.24      3.52      3.18      3.29      3.23      3.19      3.18      3.39      3.54      3.92      4.88      6.19
  8564.00      3.39      3.69      3.24      3.41      3.39      3.35      3.31      3.54      3.68      4.11      5.08      6.44
  8565.00      3.43      3.73      3.24      3.40      3.41      3.39      3.35      3.58      3.69      4.15      5.14      6.51
  8566.00      3.39      3.69      3.20      3.35      3.33      3.34      3.33      3.54      3.63      4.08      5.10      6.49
  8567.00      3.37      3.67      3.21      3.36      3.29      3.32      3.31      3.52      3.60      4.01      5.09      6.50
  8568.00      3.38      3.68      3.31      3.42      3.31      3.33      3.33      3.56      3.61      3.99      5.13      6.52
  8569.00      3.32      3.61      3.36      3.37      3.28      3.25      3.31      3.52      3.54      3.92      5.05      6.39
  8570.00      3.27      3.56      3.43      3.29      3.26      3.19      3.30      3.50      3.49      3.89      4.98      6.27
  8571.00      3.33      3.63      3.58      3.30      3.36      3.28      3.40      3.58      3.56      3.99      5.08      6.34
  8572.00      3.34      3.64      3.59      3.22      3.38      3.30      3.42      3.56      3.57      4.01      5.12      6.32
  8573.00      3.34      3.64      3.55      3.15      3.37      3.31      3.44      3.52      3.56      4.00      5.16      6.31
  8574.00      3.46      3.77      3.61      3.25      3.47      3.44      3.59      3.61      3.69      4.11      5.34      6.51
  8575.00      3.29      3.58      3.34      3.10      3.28      3.26      3.45      3.40      3.53      3.87      5.05      6.23
  8576.00      2.87      3.13      2.89      2.74      2.86      2.83      3.09      2.95      3.11      3.38      4.40      5.51
  8577.00      2.87      3.12      2.89      2.78      2.84      2.80      3.18      2.92      3.11      3.41      4.37      5.50
  8578.00      2.81      3.06      2.87      2.74      2.78      2.73      3.24      2.85      3.05      3.42      4.26      5.41
  8579.00      2.86      3.11      2.99      2.78      2.83      2.77      3.47      2.88      3.10      3.56      4.30      5.51
  8580.00      2.67      2.91      2.81      2.58      2.62      2.59      3.49      2.68      2.90      3.41      4.02      5.19
  8581.00      2.88      3.14      3.02      2.79      2.81      2.80      4.05      2.89      3.11      3.73      4.29      5.58
  8582.00      3.27      3.55      3.39      3.19      3.19      3.18      4.87      3.28      3.52      4.24      4.81      6.26
  8583.00      3.36      3.65      3.40      3.32      3.24      3.28      5.25      3.38      3.63      4.34      4.91      6.42
  8584.00      3.38      3.68      3.38      3.42      3.22      3.31      5.46      3.42      3.66      4.31      4.91      6.44
  8585.00      3.33      3.63      3.35      3.45      3.17      3.29      5.44      3.38      3.60      4.21      4.84      6.31
  8586.00      3.31      3.61      3.36      3.47      3.16      3.30      5.36      3.37      3.57      4.16      4.81      6.23
  8587.00      3.34      3.64      3.40      3.46      3.18      3.34      5.27      3.40      3.60      4.18      4.86      6.23
  8588.00      3.33      3.63      3.36      3.37      3.16      3.30      5.09      3.38      3.58      4.14      4.84      6.16
  8589.00      3.25      3.54      3.21      3.21      3.05      3.19      4.82      3.30      3.48      4.02      4.71      5.98
  8590.00      2.91      3.17      2.83      2.82      2.68      2.84      4.25      2.96      3.09      3.63      4.22      5.37
  8591.00      2.67      2.91      2.63      2.57      2.43      2.61      3.90      2.74      2.81      3.37      3.88      4.94
  8592.00      3.03      3.30      3.07      2.90      2.75      2.96      4.41      3.13      3.13      3.83      4.38      5.52
  8593.00      3.20      3.48      3.30      3.03      2.89      3.10      4.67      3.35      3.25      4.07      4.65      5.80
  8594.00      3.15      3.43      3.25      2.97      2.84      3.04      4.61      3.33      3.16      4.03      4.61      5.75
  8595.00      3.20      3.49      3.24      3.02      2.93      3.08      4.63      3.41      3.17      4.09      4.70      5.87
  8596.00      3.27      3.56      3.22      3.07      3.07      3.17      4.60      3.49      3.22      4.17      4.79      6.03
  8597.00      3.13      3.41      3.07      2.95      3.03      3.08      4.25      3.36      3.08      4.01      4.58      5.84
  8598.00      2.15      2.35      2.12      2.04      2.12      2.13      2.80      2.29      2.12      2.78      3.17      4.12
  8599.00      1.60      1.74      1.58      1.54      1.58      1.58      1.96      1.69      1.59      2.08      2.35      3.09
  8600.00      1.96      2.14      1.94      1.94      1.91      1.95      2.27      2.05      1.98      2.56      2.87      3.75
  8601.00      2.86      3.12      2.84      2.87      2.73      2.86      3.15      3.00      2.93      3.74      4.13      5.35
  8602.00      3.22      3.51      3.24      3.19      3.02      3.24      3.44      3.38      3.33      4.20      4.61      5.95
  8603.00      3.17      3.46      3.25      3.05      2.96      3.19      3.34      3.35      3.34      4.14      4.54      5.86
  8604.00      3.06      3.34      3.17      2.87      2.89      3.04      3.21      3.23      3.28      4.01      4.38      5.68
  8605.00      3.07      3.36      3.18      2.88      2.95      3.00      3.24      3.23      3.33      4.08      4.40      5.74
  8606.00      3.25      3.55      3.35      3.08      3.14      3.13      3.44      3.38      3.55      4.35      4.64      6.09
  8607.00      3.27      3.57      3.40      3.13      3.17      3.12      3.45      3.37      3.57      4.40      4.66      6.19
  8608.00      3.26      3.56      3.46      3.14      3.16      3.08      3.41      3.35      3.55      4.40      4.63      6.23
  8609.00      3.29      3.59      3.49      3.20      3.18      3.06      3.39      3.39      3.55      4.47      4.65      6.33
  8610.00      3.32      3.63      3.42      3.25      3.21      3.03      3.36      3.42      3.56      4.53      4.68      6.43
  8611.00      3.25      3.55      3.22      3.18      3.14      2.92      3.23      3.34      3.45      4.45      4.59      6.32
  8612.00      2.93      3.21      2.86      2.85      2.81      2.65      2.91      3.01      3.09      4.06      4.19      5.76
  8613.00      2.66      2.92      2.63      2.56      2.52      2.46      2.65      2.71      2.81      3.77      3.87      5.24
  8614.00      2.96      3.24      3.01      2.82      2.79      2.81      2.96      2.96      3.12      4.26      4.35      5.72
  8615.00      3.02      3.31      3.14      2.88      2.83      2.92      3.04      2.99      3.17      4.43      4.50      5.77
  8616.00      2.35      2.58      2.46      2.26      2.21      2.27      2.36      2.32      2.46      3.54      3.56      4.55
  8617.00      1.59      1.75      1.63      1.53      1.51      1.51      1.58      1.57      1.65      2.45      2.43      3.11
  8618.00      1.42      1.56      1.42      1.37      1.39      1.33      1.40      1.42      1.47      2.21      2.16      2.78
  8619.00      1.95      2.14      1.91      1.88      1.94      1.82      1.90      1.98      2.01      3.00      2.90      3.76
  8620.00      2.42      2.65      2.39      2.31      2.43      2.27      2.34      2.50      2.48      3.64      3.54      4.59
  8621.00      2.05      2.25      2.09      1.91      2.05      1.95      1.99      2.14      2.12      3.04      3.01      3.92
  8622.00      2.10      2.31      2.18      1.89      2.07      2.02      2.05      2.20      2.19      3.05      3.08      3.99
  8623.00      2.14      2.35      2.19      1.90      2.09      2.07      2.10      2.24      2.25      3.06      3.13      4.04
  8624.00      1.79      1.97      1.80      1.59      1.73      1.73      1.77      1.88      1.89      2.53      2.62      3.37
  8625.00      1.67      1.84      1.70      1.51      1.62      1.61      1.67      1.76      1.77      2.34      2.46      3.14
  8626.00      1.16      1.27      1.22      1.07      1.12      1.10      1.16      1.22      1.23      1.61      1.71      2.19
  8627.00      0.85      0.93      0.92      0.79      0.81      0.81      0.85      0.90      0.90      1.17      1.25      1.61
  8628.00      1.19      1.31      1.29      1.13      1.14      1.14      1.20      1.27      1.28      1.64      1.74      2.27
  8629.00      1.96      2.16      2.04      1.90      1.88      1.91      1.98      2.10      2.13      2.67      2.84      3.70
  8630.00      1.73      1.90      1.72      1.72      1.67      1.70      1.74      1.86      1.90      2.35      2.51      3.28
  8631.00      1.46      1.60      1.40      1.48      1.42      1.44      1.45      1.57      1.61      1.98      2.12      2.75
  8632.00      1.13      1.25      1.09      1.17      1.12      1.13      1.11      1.24      1.27      1.54      1.65      2.12
  8633.00      1.00      1.09      0.98      1.03      0.97      0.98      0.96      1.10      1.12      1.35      1.45      1.83
  8634.00      0.81      0.88      0.82      0.83      0.78      0.79      0.76      0.91      0.91      1.09      1.18      1.45
  8635.00      1.12      1.23      1.16      1.14      1.09      1.10      1.06      1.29      1.26      1.51      1.64      1.98
  8636.00      2.11      2.30      2.20      2.12      2.04      2.07      2.00      2.45      2.38      2.80      3.08      3.64
  8637.00      2.12      2.32      2.20      2.10      2.06      2.08      2.02      2.48      2.42      2.81      3.11      3.64
  8638.00      1.16      1.27      1.19      1.15      1.14      1.14      1.12      1.36      1.34      1.55      1.72      2.03
  8639.00      0.85      0.93      0.85      0.86      0.84      0.83      0.82      0.98      0.98      1.14      1.25      1.50
  8640.00      1.20      1.31      1.19      1.22      1.17      1.17      1.15      1.34      1.37      1.60      1.74      2.10
  8641.00      2.01      2.19      1.98      2.09      1.96      1.96      1.94      2.20      2.29      2.70      2.89      3.51
  8642.00      1.45      1.57      1.41      1.50      1.40      1.41      1.41      1.56      1.64      1.98      2.07      2.55
  8643.00      1.07      1.17      1.05      1.09      1.03      1.05      1.06      1.14      1.23      1.49      1.54      1.91
  8644.00      1.31      1.43      1.29      1.30      1.24      1.29      1.30      1.38      1.51      1.83      1.89      2.34
  8645.00      1.96      2.13      1.93      1.91      1.83      1.93      1.93      2.05      2.26      2.72      2.85      3.50
  8646.00      2.32      2.52      2.30      2.25      2.17      2.28      2.27      2.40      2.68      3.16      3.41      4.13
  8647.00      2.32      2.51      2.31      2.25      2.16      2.28      2.26      2.38      2.67      3.11      3.44      4.13
  8648.00      1.92      2.08      1.96      1.87      1.79      1.88      1.87      1.96      2.22      2.53      2.87      3.46
  8649.00      1.60      1.73      1.71      1.55      1.49      1.54      1.57      1.61      1.84      2.06      2.38      2.90
  8650.00      1.61      1.74      1.81      1.53      1.48      1.53      1.60      1.60      1.83      2.03      2.36      2.92
  8651.00      0.87      0.94      1.03      0.81      0.79      0.82      0.87      0.85      0.99      1.09      1.27      1.60
  8652.00      0.60      0.65      0.73      0.56      0.55      0.57      0.60      0.59      0.68      0.76      0.88      1.11
  8653.00      0.80      0.86      0.99      0.76      0.75      0.77      0.79      0.80      0.90      1.02      1.18      1.49
  8654.00      1.40      1.51      1.71      1.36      1.32      1.34      1.35      1.43      1.55      1.80      2.09      2.56
  8655.00      1.76      1.90      2.11      1.74      1.66      1.69      1.67      1.85      1.95      2.29      2.66      3.19
  8656.00      1.40      1.51      1.62      1.40      1.31      1.33      1.31      1.50      1.57      1.85      2.15      2.54
  8657.00      0.96      1.04      1.07      0.95      0.89      0.90      0.89      1.04      1.08      1.28      1.49      1.75
  8658.00      0.88      0.95      0.95      0.84      0.81      0.82      0.81      0.94      0.99      1.17      1.35      1.60
  8659.00      1.25      1.34      1.32      1.15      1.17      1.17      1.14      1.32      1.39      1.64      1.90      2.27
  8660.00      1.82      1.95      1.96      1.65      1.73      1.72      1.67      1.91      2.02      2.37      2.76      3.34
  8661.00      1.66      1.78      1.81      1.50      1.59      1.56      1.52      1.72      1.82      2.15      2.53      3.10
  8662.00      0.73      0.78      0.79      0.67      0.70      0.68      0.67      0.75      0.80      0.95      1.13      1.40
  8663.00      0.50      0.54      0.52      0.47      0.48      0.46      0.47      0.52      0.55      0.65      0.78      0.97
  8664.00      0.74      0.79      0.75      0.71      0.69      0.68      0.70      0.77      0.81      0.96      1.14      1.44
  8665.00      1.82      1.95      1.84      1.77      1.70      1.72      1.75      1.91      1.99      2.35      2.78      3.54
  8666.00      1.81      1.95      1.86      1.80      1.69      1.74      1.75      1.91      1.99      2.34      2.75      3.57
  8667.00      0.76      0.82      0.79      0.77      0.71      0.73      0.73      0.80      0.84      0.98      1.15      1.52
  8668.00      0.52      0.56      0.54      0.52      0.49      0.50      0.49      0.54      0.57      0.67      0.79      1.04
  8669.00      0.76      0.81      0.77      0.75      0.72      0.71      0.70      0.78      0.83      0.96      1.13      1.50
  8670.00      1.67      1.80      1.71      1.65      1.61      1.54      1.55      1.74      1.84      2.12      2.48      3.27
  8671.00      1.66      1.79      1.75      1.65      1.60      1.53      1.55      1.75      1.85      2.12      2.47      3.23
  8672.00      0.88      0.95      0.95      0.88      0.84      0.80      0.82      0.93      0.98      1.13      1.31      1.72
  8673.00      0.64      0.70      0.72      0.66      0.61      0.58      0.60      0.68      0.72      0.84      0.97      1.26
  8674.00      0.94      1.01      1.03      0.98      0.87      0.85      0.87      1.00      1.04      1.23      1.43      1.83
  8675.00      1.73      1.87      1.85      1.81      1.60      1.59      1.62      1.84      1.93      2.28      2.67      3.38
  8676.00      0.97      1.05      1.00      1.01      0.90      0.90      0.91      1.03      1.09      1.28      1.52      1.92
  8677.00      0.68      0.74      0.68      0.70      0.64      0.64      0.63      0.72      0.77      0.89      1.07      1.35
  8678.00      0.96      1.04      0.96      0.99      0.91      0.92      0.90      1.03      1.10      1.24      1.50      1.91
  8679.00      1.96      2.12      1.97      2.00      1.86      1.89      1.84      2.10      2.27      2.45      2.99      3.85
  8680.00      2.45      2.65      2.51      2.46      2.33      2.35      2.30      2.61      2.86      2.98      3.67      4.79
  8681.00      2.46      2.66      2.61      2.44      2.35      2.35      2.32      2.60      2.89      2.94      3.65      4.88
  8682.00      2.14      2.32      2.35      2.11      2.07      2.03      2.01      2.25      2.53      2.55      3.18      4.36
  8683.00      1.12      1.21      1.25      1.10      1.10      1.06      1.04      1.17      1.32      1.34      1.67      2.34
  8684.00      0.79      0.86      0.88      0.77      0.79      0.76      0.74      0.82      0.93      0.95      1.19      1.65
  8685.00      1.12      1.21      1.19      1.06      1.11      1.10      1.04      1.14      1.31      1.35      1.67      2.29
  8686.00      2.10      2.28      2.16      1.96      2.07      2.09      1.96      2.13      2.43      2.55      3.12      4.17
  8687.00      2.16      2.34      2.19      2.02      2.11      2.16      2.02      2.18      2.49      2.66      3.23      4.23
  8688.00      1.91      2.07      1.93      1.80      1.84      1.88      1.78      1.92      2.19      2.38      2.88      3.69
  8689.00      2.04      2.22      2.08      1.99      1.96      1.98      1.89      2.06      2.33      2.57      3.09      3.86
  8690.00      2.08      2.26      2.16      2.08      2.00      2.00      1.92      2.11      2.38      2.65      3.16      3.91
  8691.00      2.31      2.50      2.45      2.35      2.22      2.20      2.10      2.35      2.65      2.97      3.51      4.30
  8692.00      2.40      2.60      2.58      2.46      2.32      2.28      2.18      2.44      2.75      3.11      3.65      4.46
  8693.00      2.04      2.21      2.19      2.08      1.97      1.94      1.88      2.09      2.33      2.65      3.11      3.80
  8694.00      1.73      1.88      1.82      1.75      1.65      1.65      1.64      1.79      1.96      2.25      2.64      3.23
  8695.00      2.02      2.19      2.09      2.01      1.90      1.93      1.97      2.09      2.25      2.59      3.06      3.73
  8696.00      2.22      2.42      2.29      2.21      2.08      2.11      2.23      2.30      2.45      2.81      3.36      4.09
  8697.00      2.11      2.29      2.21      2.11      1.99      1.97      2.15      2.19      2.30      2.63      3.18      3.88
  8698.00      1.98      2.15      2.13      1.99      1.88      1.82      2.02      2.07      2.16      2.44      2.97      3.63
  8699.00      1.82      1.98      2.00      1.85      1.75      1.67      1.85      1.92      2.01      2.23      2.74      3.35
  8700.00      1.95      2.12      2.12      1.99      1.87      1.81      1.96      2.05      2.18      2.37      2.94      3.58
  8701.00      2.18      2.36      2.32      2.20      2.07      2.06      2.18      2.26      2.44      2.63      3.28      3.98
  8702.00      1.89      2.05      1.99      1.90      1.80      1.82      1.90      1.93      2.13      2.28      2.87      3.47
  8703.00      1.62      1.77      1.71      1.64      1.55      1.57      1.64      1.62      1.84      1.96      2.48      3.00
  8704.00      1.89      2.05      2.02      1.93      1.83      1.82      1.92      1.87      2.15      2.28      2.89      3.48
  8705.00      2.26      2.45      2.45      2.32      2.21      2.16      2.29      2.26      2.56      2.74      3.45      4.14
  8706.00      2.35      2.55      2.55      2.43      2.32      2.24      2.36      2.41      2.65      2.87      3.61      4.32
  8707.00      2.10      2.28      2.26      2.17      2.06      1.99      2.09      2.21      2.36      2.59      3.25      3.89
  8708.00      1.83      1.99      1.97      1.93      1.80      1.73      1.83      1.96      2.05      2.28      2.86      3.44
  8709.00      2.01      2.18      2.15      2.16      1.98      1.88      2.03      2.16      2.23      2.50      3.12      3.78
  8710.00      2.26      2.45      2.43      2.47      2.22      2.13      2.33      2.43      2.49      2.82      3.50      4.25
  8711.00      2.41      2.62      2.63      2.63      2.34      2.30      2.51      2.59      2.65      3.01      3.71      4.53
  8712.00      2.35      2.55      2.56      2.53      2.26      2.28      2.45      2.51      2.58      2.95      3.60      4.42
  8713.00      2.19      2.38      2.37      2.33      2.10      2.16      2.26      2.35      2.42      2.78      3.35      4.17
  8714.00      2.24      2.44      2.37      2.36      2.14      2.22      2.28      2.40      2.50      2.87      3.43      4.30
  8715.00      2.40      2.60      2.46      2.49      2.30      2.37      2.39      2.56      2.70      3.09      3.67      4.62
  8716.00      2.46      2.67      2.47      2.54      2.39      2.42      2.41      2.61      2.78      3.20      3.79      4.76
  8717.00      2.43      2.63      2.41      2.52      2.38      2.36      2.36      2.57      2.75      3.18      3.73      4.71
  8718.00      2.39      2.59      2.37      2.52      2.34      2.29      2.31      2.53      2.71      3.13      3.65      4.64
  8719.00      2.31      2.51      2.31      2.49      2.26      2.18      2.22      2.45      2.61      3.04      3.50      4.48
  8720.00      2.31      2.51      2.36      2.55      2.25      2.15      2.20      2.48      2.60      3.06      3.47      4.44
  8721.00      2.32      2.52      2.43      2.61      2.23      2.16      2.20      2.51      2.62      3.10      3.44      4.39
  8722.00      2.37      2.57      2.54      2.71      2.27      2.22      2.24      2.57      2.70      3.19      3.47      4.43
  8723.00      2.35      2.55      2.54      2.73      2.26      2.23      2.23      2.55      2.70      3.18      3.43      4.38
  8724.00      2.32      2.51      2.47      2.74      2.27      2.22      2.22      2.51      2.68      3.16      3.41      4.30
  8725.00      2.33      2.53      2.42      2.84      2.32      2.26      2.26      2.53      2.70      3.21      3.49      4.32
  8726.00      2.39      2.59      2.40      2.98      2.38      2.31      2.33      2.57      2.76      3.26      3.61      4.40
  8727.00      2.29      2.48      2.29      2.91      2.25      2.23      2.23      2.45      2.65      3.07      3.49      4.24
  8728.00      2.04      2.21      2.08      2.63      1.97      2.00      1.98      2.17      2.38      2.70      3.14      3.82
  8729.00      1.88      2.04      1.97      2.44      1.79      1.85      1.82      2.00      2.23      2.46      2.90      3.55
  8730.00      2.15      2.33      2.32      2.79      2.05      2.11      2.09      2.29      2.59      2.78      3.32      4.08
  8731.00      2.43      2.63      2.66      3.15      2.35      2.36      2.37      2.59      2.96      3.09      3.73      4.60
  8732.00      2.45      2.65      2.68      3.14      2.41      2.35      2.41      2.61      2.99      3.09      3.76      4.66
  8733.00      2.45      2.65      2.65      3.08      2.44      2.33      2.42      2.60      2.97      3.09      3.79      4.68
  8734.00      2.49      2.69      2.63      3.08      2.47      2.37      2.46      2.62      2.97      3.13      3.88      4.73
  8735.00      2.43      2.63      2.50      2.99      2.38      2.34      2.39      2.54      2.87      3.04      3.83      4.60
  8736.00      2.35      2.53      2.36      2.86      2.26      2.29      2.27      2.43      2.74      2.92      3.72      4.41
  8737.00      2.36      2.54      2.38      2.82      2.26      2.31      2.24      2.42      2.71      2.94      3.72      4.39
  8738.00      2.42      2.61      2.51      2.85      2.33      2.37      2.28      2.48      2.75      3.04      3.79      4.48
  8739.00      2.23      2.41      2.41      2.60      2.17      2.15      2.10      2.28      2.52      2.82      3.49      4.13
  8740.00      2.01      2.17      2.22      2.32      1.97      1.91      1.92      2.06      2.26      2.56      3.16      3.74
  8741.00      2.17      2.34      2.39      2.47      2.14      2.02      2.12      2.24      2.42      2.78      3.40      4.03
  8742.00      2.00      2.15      2.17      2.23      1.98      1.83      2.00      2.09      2.23      2.59      3.14      3.74
  8743.00      1.75      1.88      1.89      1.88      1.72      1.59      1.76      1.83      1.96      2.30      2.76      3.30
  8744.00      2.05      2.21      2.24      2.16      2.00      1.89      2.06      2.16      2.31      2.75      3.25      3.88
  8745.00      2.38      2.56      2.58      2.47      2.29      2.21      2.37      2.49      2.68      3.26      3.75      4.50
  8746.00      2.43      2.61      2.55      2.48      2.32      2.28      2.41      2.54      2.75      3.44      3.81      4.64
  8747.00      2.43      2.62      2.46      2.42      2.32      2.32      2.42      2.54      2.79      3.55      3.79      4.68
  8748.00      2.46      2.64      2.48      2.39      2.35      2.37      2.47      2.56      2.86      3.68      3.80      4.74
  8749.00      2.46      2.64      2.57      2.33      2.35      2.39      2.48      2.56      2.90      3.78      3.77      4.76
  8750.00      2.41      2.59      2.57      2.25      2.31      2.34      2.44      2.53      2.88      3.79      3.66      4.71
  8751.00      2.42      2.60      2.59      2.28      2.31      2.34      2.44      2.56      2.92      3.86      3.63      4.78
  8752.00      2.41      2.58      2.59      2.32      2.31      2.29      2.42      2.57      2.92      3.86      3.58      4.77
  8753.00      2.34      2.50      2.52      2.28      2.24      2.17      2.35      2.50      2.84      3.71      3.47      4.62
  8754.00      2.38      2.55      2.58      2.33      2.28      2.16      2.38      2.55      2.87      3.71      3.54      4.68
  8755.00      2.44      2.61      2.66      2.37      2.33      2.19      2.44      2.60      2.91      3.69      3.65      4.78
  8756.00      2.47      2.64      2.70      2.37      2.34      2.23      2.46      2.60      2.90      3.60      3.72      4.81
  8757.00      2.47      2.64      2.71      2.38      2.33      2.27      2.44      2.54      2.84      3.43      3.71      4.74
  8758.00      2.41      2.58      2.66      2.40      2.28      2.28      2.39      2.44      2.73      3.19      3.62      4.59
  8759.00      1.91      2.05      2.12      1.97      1.83      1.84      1.91      1.90      2.14      2.41      2.88      3.68
  8760.00      0.88      0.95      0.98      0.93      0.85      0.85      0.89      0.86      0.98      1.07      1.34      1.73
  8761.00      0.61      0.66      0.69      0.64      0.59      0.59      0.63      0.60      0.68      0.71      0.94      1.21
  8762.00      0.81      0.87      0.92      0.85      0.77      0.79      0.84      0.79      0.89      0.92      1.25      1.60
  8763.00      0.66      0.70      0.74      0.68      0.61      0.63      0.68      0.65      0.72      0.73      1.03      1.29
  8764.00      0.47      0.50      0.53      0.48      0.43      0.44      0.48      0.47      0.52      0.52      0.74      0.92
  8765.00      0.68      0.73      0.78      0.69      0.63      0.63      0.69      0.69      0.76      0.75      1.08      1.32
  8766.00      1.44      1.54      1.65      1.43      1.34      1.32      1.46      1.45      1.62      1.55      2.25      2.71
  8767.00      1.76      1.89      2.02      1.73      1.64      1.60      1.77      1.75      2.02      1.84      2.71      3.20
  8768.00      0.91      0.97      1.04      0.87      0.85      0.82      0.91      0.89      1.06      0.92      1.39      1.61
  8769.00      0.60      0.64      0.69      0.57      0.57      0.55      0.60      0.58      0.70      0.59      0.91      1.03
  8770.00      0.71      0.76      0.81      0.67      0.68      0.65      0.72      0.70      0.83      0.67      1.08      1.18
  8771.00      1.24      1.33      1.42      1.18      1.22      1.15      1.27      1.24      1.46      1.14      1.90      2.03
  8772.00      2.00      2.14      2.28      1.91      1.98      1.83      2.04      2.02      2.31      1.80      3.04      3.13
  8773.00      1.95      2.09      2.23      1.90      1.95      1.78      2.00      1.99      2.25      1.78      3.01      2.91
  8774.00      2.22      2.37      2.52      2.18      2.25      2.04      2.26      2.26      2.52      2.10      3.42      3.08
  8775.00      2.50      2.68      2.84      2.47      2.58      2.34      2.54      2.54      2.83      2.51      3.86      3.22
  8776.00      2.44      2.61      2.77      2.40      2.54      2.34      2.47      2.47      2.77      2.63      3.79      2.90
  8777.00      2.31      2.47      2.62      2.26      2.39      2.25      2.33      2.36      2.63      2.67      3.60      2.54
  8778.00      1.82      1.95      2.06      1.75      1.86      1.79      1.83      1.88      2.09      2.24      2.85      1.88
  8779.00      1.32      1.42      1.50      1.25      1.34      1.29      1.32      1.37      1.52      1.70      2.08      1.31
  8780.00      0.74      0.80      0.84      0.70      0.75      0.72      0.74      0.77      0.86      0.98      1.17      0.73
  8781.00      0.53      0.57      0.60      0.49      0.54      0.51      0.52      0.54      0.61      0.71      0.82      0.52
  8782.00      0.77      0.83      0.87      0.71      0.79      0.75      0.75      0.79      0.90      1.05      1.19      0.79
  8783.00      1.88      2.01      2.11      1.73      1.93      1.84      1.82      1.90      2.19      2.54      2.84      2.01
  8784.00      2.59      2.78      2.91      2.36      2.65      2.54      2.52      2.64      3.03      3.46      3.88      2.95
  8785.00      2.50      2.68      2.81      2.23      2.53      2.46      2.46      2.57      2.95      3.32      3.75      3.11
  8786.00      2.34      2.51      2.62      2.01      2.34      2.27      2.32      2.41      2.78      3.06      3.50      3.18
  8787.00      2.21      2.37      2.47      1.84      2.19      2.08      2.19      2.27      2.62      2.84      3.31      3.27
  8788.00      2.19      2.35      2.45      1.74      2.15      2.01      2.17      2.23      2.59      2.77      3.28      3.50
  8789.00      2.28      2.45      2.55      1.74      2.22      2.06      2.25      2.29      2.70      2.84      3.40      3.86
  8790.00      2.25      2.41      2.51      1.67      2.18      2.01      2.21      2.24      2.68      2.78      3.33      3.99
  8791.00      2.31      2.48      2.58      1.73      2.27      2.09      2.25      2.30      2.77      2.85      3.41      4.23
  8792.00      2.24      2.40      2.49      1.69      2.23      2.07      2.18      2.22      2.68      2.75      3.29      4.19
  8793.00      1.89      2.03      2.11      1.43      1.90      1.78      1.85      1.88      2.28      2.35      2.81      3.63
  8794.00      1.76      1.89      1.96      1.33      1.75      1.66      1.71      1.73      2.13      2.21      2.64      3.43
  8795.00      2.12      2.28      2.36      1.62      2.08      1.98      2.03      2.06      2.56      2.68      3.19      4.13
  8796.00      2.47      2.65      2.74      1.94      2.41      2.27      2.35      2.41      2.98      3.13      3.73      4.76
  8797.00      2.45      2.63      2.73      2.03      2.37      2.24      2.29      2.42      2.96      3.12      3.73      4.68
  8798.00      2.47      2.66      2.76      2.15      2.38      2.28      2.26      2.48      2.98      3.15      3.79      4.67
  8799.00      2.52      2.70      2.81      2.28      2.41      2.37      2.27      2.54      3.01      3.22      3.87      4.70
  8800.00      2.43      2.61      2.72      2.28      2.31      2.33      2.20      2.43      2.88      3.12      3.76      4.51
  8801.00      2.37      2.55      2.66      2.28      2.24      2.29      2.17      2.34      2.77      3.07      3.68      4.39
  8802.00      2.40      2.58      2.70      2.35      2.28      2.32      2.23      2.32      2.77      3.13      3.72      4.43
  8803.00      2.36      2.54      2.66      2.33      2.27      2.27      2.23      2.23      2.72      3.10      3.63      4.35
  8804.00      2.23      2.39      2.52      2.21      2.17      2.14      2.13      2.07      2.58      2.93      3.39      4.11
  8805.00      2.32      2.49      2.63      2.32      2.28      2.26      2.26      2.12      2.70      3.05      3.50      4.28
  8806.00      2.47      2.66      2.81      2.49      2.45      2.44      2.44      2.23      2.87      3.23      3.68      4.52
  8807.00      2.53      2.71      2.87      2.55      2.51      2.52      2.52      2.23      2.90      3.29      3.72      4.58
  8808.00      2.50      2.68      2.84      2.53      2.46      2.52      2.51      2.16      2.84      3.23      3.64      4.47
  8809.00      2.48      2.66      2.83      2.55      2.42      2.51      2.50      2.14      2.81      3.19      3.60      4.39
  8810.00      2.46      2.64      2.82      2.57      2.40      2.47      2.47      2.15      2.80      3.16      3.58      4.34
  8811.00      2.38      2.55      2.73      2.48      2.33      2.33      2.37      2.11      2.73      3.04      3.47      4.20
  8812.00      1.96      2.10      2.25      2.04      1.95      1.88      1.95      1.76      2.27      2.52      2.86      3.53
  8813.00      1.67      1.79      1.92      1.72      1.68      1.58      1.66      1.53      1.96      2.17      2.43      3.08
  8814.00      1.98      2.12      2.28      2.03      1.99      1.87      1.96      1.85      2.33      2.60      2.87      3.72
  8815.00      2.35      2.52      2.70      2.41      2.37      2.24      2.31      2.26      2.74      3.10      3.40      4.51
  8816.00      2.39      2.57      2.76      2.45      2.42      2.31      2.33      2.37      2.78      3.19      3.49      4.76
  8817.00      2.43      2.60      2.79      2.46      2.46      2.35      2.33      2.49      2.82      3.24      3.57      5.01
  8818.00      2.41      2.59      2.78      2.45      2.46      2.35      2.30      2.56      2.82      3.23      3.58      5.19
  8819.00      2.38      2.55      2.74      2.47      2.42      2.33      2.29      2.57      2.78      3.18      3.56      5.34
  8820.00      2.39      2.56      2.75      2.56      2.41      2.36      2.33      2.61      2.79      3.19      3.59      5.56
  8821.00      2.37      2.55      2.73      2.60      2.37      2.36      2.35      2.61      2.75      3.18      3.59      5.71
  8822.00      2.31      2.48      2.66      2.54      2.30      2.28      2.31      2.54      2.65      3.11      3.52      5.68
  8823.00      2.16      2.32      2.49      2.34      2.13      2.11      2.16      2.36      2.44      2.91      3.32      5.38
  8824.00      1.85      1.99      2.13      1.98      1.82      1.81      1.83      2.01      2.07      2.48      2.87      4.61
  8825.00      1.68      1.80      1.93      1.77      1.66      1.67      1.63      1.81      1.88      2.24      2.63      4.10
  8826.00      1.60      1.72      1.85      1.67      1.59      1.61      1.54      1.70      1.80      2.12      2.51      3.78
  8827.00      0.81      0.87      0.93      0.83      0.80      0.81      0.78      0.84      0.91      1.07      1.26      1.83
  8828.00      0.56      0.60      0.64      0.57      0.55      0.56      0.55      0.58      0.63      0.74      0.86      1.20
  8829.00      0.76      0.82      0.88      0.78      0.77      0.75      0.77      0.80      0.87      1.01      1.16      1.56
  8830.00      1.30      1.40      1.50      1.33      1.31      1.26      1.34      1.37      1.49      1.71      1.93      2.52
  8831.00      1.79      1.92      2.06      1.80      1.80      1.75      1.85      1.90      2.06      2.32      2.59      3.32
  8832.00      1.81      1.94      2.08      1.80      1.81      1.80      1.87      1.94      2.10      2.35      2.58      3.29
  8833.00      1.39      1.49      1.60      1.39      1.38      1.41      1.42      1.49      1.62      1.81      1.97      2.52
  8834.00      1.32      1.42      1.52      1.36      1.32      1.36      1.34      1.42      1.56      1.74      1.85      2.41
  8835.00      1.49      1.60      1.71      1.57      1.51      1.52      1.49      1.59      1.76      1.97      2.06      2.72
  8836.00      1.48      1.59      1.70      1.59      1.52      1.50      1.47      1.57      1.76      1.98      2.03      2.72
  8837.00      1.08      1.16      1.24      1.18      1.11      1.09      1.06      1.14      1.29      1.45      1.49      2.00
  8838.00      0.46      0.50      0.53      0.51      0.48      0.47      0.45      0.49      0.56      0.62      0.64      0.86
  8839.00      0.32      0.34      0.36      0.34      0.32      0.32      0.30      0.33      0.38      0.42      0.44      0.58
  8840.00      0.46      0.49      0.53      0.47      0.46      0.46      0.44      0.47      0.56      0.59      0.65      0.83
  8841.00      1.21      1.31      1.40      1.21      1.19      1.23      1.20      1.21      1.46      1.55      1.70      2.18
  8842.00      2.20      2.37      2.53      2.15      2.13      2.22      2.22      2.17      2.62      2.78      3.04      3.87
  8843.00      2.35      2.53      2.70      2.30      2.25      2.35      2.39      2.28      2.77      2.98      3.24      4.11
  8844.00      2.44      2.62      2.80      2.40      2.32      2.41      2.47      2.33      2.83      3.12      3.32      4.23
  8845.00      2.42      2.60      2.78      2.38      2.30      2.39      2.43      2.28      2.79      3.16      3.26      4.17
  8846.00      2.35      2.53      2.70      2.32      2.24      2.32      2.32      2.18      2.72      3.14      3.13      4.02
  8847.00      1.87      2.02      2.15      1.87      1.79      1.86      1.80      1.72      2.19      2.56      2.48      3.16
  8848.00      1.51      1.63      1.74      1.54      1.46      1.51      1.43      1.38      1.80      2.10      1.99      2.51
  8849.00      1.85      1.99      2.13      1.92      1.80      1.86      1.74      1.70      2.20      2.57      2.42      3.04
  8850.00      1.90      2.05      2.19      1.99      1.86      1.90      1.78      1.77      2.25      2.64      2.48      3.11
  8851.00      0.88      0.95      1.02      0.92      0.86      0.88      0.83      0.83      1.05      1.22      1.16      1.46
  8852.00      0.61      0.66      0.70      0.63      0.60      0.61      0.58      0.59      0.72      0.84      0.81      1.01
  8853.00      0.87      0.94      1.01      0.91      0.86      0.88      0.84      0.87      1.03      1.20      1.19      1.44
  8854.00      1.88      2.03      2.17      1.97      1.89      1.92      1.84      1.91      2.20      2.56      2.59      3.09
  8855.00      2.35      2.53      2.71      2.47      2.39      2.41      2.30      2.43      2.72      3.19      3.28      3.85
  8856.00      2.38      2.57      2.74      2.48      2.42      2.43      2.33      2.50      2.74      3.22      3.38      3.89
  8857.00      2.34      2.53      2.70      2.39      2.37      2.38      2.33      2.48      2.69      3.17      3.38      3.85
  8858.00      2.28      2.46      2.62      2.27      2.28      2.28      2.29      2.41      2.61      3.07      3.31      3.78
  8859.00      2.30      2.48      2.65      2.30      2.29      2.27      2.34      2.44      2.66      3.11      3.34      3.87
  8860.00      2.35      2.54      2.71      2.41      2.35      2.30      2.42      2.51      2.74      3.18      3.40      3.97
  8861.00      2.32      2.51      2.68      2.45      2.34      2.27      2.43      2.50      2.69      3.12      3.33      3.91
  8862.00      2.24      2.42      2.59      2.41      2.26      2.21      2.37      2.43      2.58      2.99      3.20      3.76
  8863.00      1.84      1.99      2.12      1.98      1.84      1.84      1.95      1.99      2.11      2.41      2.62      3.08
  8864.00      1.46      1.58      1.69      1.56      1.46      1.47      1.55      1.58      1.67      1.89      2.07      2.44
  8865.00      1.52      1.64      1.75      1.61      1.53      1.53      1.60      1.64      1.74      1.94      2.14      2.52
  8866.00      1.74      1.88      2.01      1.83      1.77      1.73      1.81      1.87      2.01      2.20      2.44      2.86
  8867.00      2.05      2.22      2.37      2.18      2.09      2.01      2.13      2.21      2.40      2.60      2.86      3.34
  8868.00      1.36      1.47      1.57      1.47      1.37      1.32      1.43      1.47      1.62      1.74      1.89      2.21
  8869.00      0.49      0.53      0.56      0.54      0.49      0.47      0.52      0.53      0.58      0.63      0.68      0.79
  8870.00      0.33      0.36      0.38      0.38      0.33      0.32      0.35      0.36      0.40      0.43      0.46      0.53
  8871.00      0.49      0.53      0.56      0.57      0.49      0.48      0.52      0.53      0.59      0.64      0.69      0.77
  8872.00      1.38      1.49      1.59      1.64      1.41      1.35      1.45      1.52      1.68      1.83      1.95      2.15
  8873.00      2.34      2.53      2.70      2.83      2.40      2.28      2.45      2.60      2.82      3.11      3.32      3.62
  8874.00      2.36      2.55      2.73      2.89      2.40      2.28      2.48      2.63      2.83      3.16      3.39      3.69
  8875.00      2.41      2.60      2.78      2.97      2.40      2.32      2.55      2.67      2.85      3.23      3.51      3.81
  8876.00      2.41      2.61      2.78      2.98      2.35      2.32      2.58      2.66      2.84      3.23      3.58      3.88
  8877.00      2.38      2.57      2.74      2.93      2.29      2.29      2.54      2.61      2.81      3.17      3.59      3.87
  8878.00      2.32      2.51      2.68      2.84      2.24      2.25      2.47      2.57      2.77      3.09      3.53      3.81
  8879.00      2.41      2.61      2.78      2.90      2.36      2.36      2.55      2.70      2.89      3.19      3.66      3.93
  8880.00      2.47      2.67      2.85      2.94      2.48      2.45      2.60      2.77      2.96      3.25      3.72      3.96
  8881.00      2.45      2.65      2.82      2.90      2.50      2.43      2.56      2.74      2.90      3.21      3.66      3.84
  8882.00      2.37      2.57      2.73      2.81      2.45      2.35      2.48      2.65      2.77      3.12      3.54      3.63
  8883.00      2.39      2.58      2.75      2.78      2.48      2.34      2.49      2.64      2.73      3.15      3.57      3.57
  8884.00      2.39      2.58      2.75      2.70      2.50      2.32      2.49      2.60      2.69      3.16      3.59      3.52
  8885.00      2.36      2.55      2.71      2.59      2.48      2.29      2.46      2.54      2.66      3.13      3.60      3.45
  8886.00      1.70      1.84      1.96      1.82      1.79      1.66      1.78      1.81      1.93      2.27      2.64      2.49
  8887.00      0.73      0.79      0.84      0.77      0.76      0.71      0.77      0.76      0.83      0.97      1.15      1.07
  8888.00      0.50      0.54      0.58      0.53      0.52      0.49      0.54      0.52      0.58      0.66      0.80      0.74
  8889.00      0.73      0.79      0.84      0.74      0.74      0.71      0.78      0.76      0.83      0.94      1.15      1.07
  8890.00      1.55      1.68      1.78      1.54      1.58      1.50      1.66      1.63      1.77      1.96      2.42      2.22
  8891.00      1.76      1.91      2.02      1.72      1.80      1.69      1.88      1.88      2.01      2.20      2.74      2.43
  8892.00      2.05      2.22      2.35      2.01      2.11      1.97      2.16      2.20      2.36      2.55      3.18      2.69
  8893.00      2.33      2.52      2.67      2.32      2.41      2.25      2.43      2.49      2.72      2.93      3.61      2.89
  8894.00      2.35      2.54      2.69      2.37      2.44      2.27      2.43      2.48      2.78      2.98      3.64      2.76
  8895.00      2.40      2.59      2.75      2.44      2.49      2.32      2.49      2.51      2.87      3.06      3.73      2.71
  8896.00      2.40      2.59      2.75      2.47      2.47      2.31      2.51      2.48      2.88      3.07      3.74      2.62
  8897.00      2.09      2.25      2.40      2.17      2.15      1.99      2.23      2.15      2.52      2.70      3.29      2.19
  8898.00      1.67      1.80      1.91      1.73      1.71      1.57      1.81      1.73      2.00      2.18      2.65      1.67
  8899.00      1.59      1.72      1.83      1.61      1.63      1.50      1.74      1.69      1.91      2.08      2.53      1.53
  8900.00      1.99      2.15      2.28      1.94      2.07      1.88      2.17      2.16      2.38      2.60      3.16      1.85
  8901.00      2.44      2.63      2.79      2.26      2.60      2.31      2.63      2.67      2.94      3.15      3.85      2.22
  8902.00      2.50      2.69      2.86      2.22      2.70      2.38      2.65      2.74      3.02      3.19      3.96      2.25
  8903.00      2.45      2.63      2.80      2.10      2.67      2.36      2.57      2.67      2.97      3.09      3.93      2.23
  8904.00      2.29      2.46      2.62      1.91      2.48      2.23      2.39      2.47      2.77      2.86      3.73      2.21
  8905.00      1.85      1.99      2.11      1.48      1.96      1.82      1.92      1.99      2.23      2.29      3.08      1.93
  8906.00      1.51      1.62      1.73      1.18      1.56      1.49      1.58      1.64      1.81      1.87      2.56      1.72
  8907.00      1.63      1.75      1.86      1.25      1.66      1.60      1.70      1.78      1.93      2.03      2.78      2.00
  8908.00      1.95      2.09      2.22      1.46      1.98      1.90      2.03      2.12      2.29      2.45      3.32      2.57
  8909.00      2.21      2.36      2.52      1.65      2.27      2.14      2.30      2.38      2.61      2.81      3.72      3.10
  8910.00      1.91      2.04      2.18      1.47      1.98      1.86      2.00      2.03      2.28      2.47      3.21      2.82
  8911.00      1.58      1.69      1.80      1.29      1.65      1.54      1.65      1.66      1.90      2.06      2.62      2.37
  8912.00      1.94      2.07      2.22      1.73      2.03      1.91      2.03      2.04      2.36      2.55      3.15      2.89
  8913.00      2.47      2.64      2.82      2.39      2.57      2.45      2.58      2.61      3.02      3.23      3.92      3.57
  8914.00      2.43      2.59      2.78      2.48      2.51      2.40      2.55      2.60      2.99      3.15      3.81      3.38
  8915.00      2.36      2.51      2.70      2.47      2.44      2.33      2.49      2.53      2.89      3.05      3.62      3.17
  8916.00      2.31      2.46      2.65      2.44      2.40      2.30      2.46      2.47      2.81      3.00      3.48      3.07
  8917.00      2.28      2.43      2.61      2.41      2.37      2.27      2.42      2.41      2.73      2.97      3.38      3.04
  8918.00      2.27      2.42      2.61      2.42      2.37      2.25      2.40      2.41      2.70      2.98      3.35      3.12
  8919.00      2.15      2.28      2.46      2.32      2.23      2.09      2.24      2.30      2.54      2.83      3.15      3.10
  8920.00      0.91      0.97      1.04      0.99      0.94      0.87      0.93      0.98      1.08      1.20      1.34      1.41
  8921.00      0.29      0.31      0.34      0.32      0.30      0.28      0.29      0.32      0.35      0.39      0.43      0.49
  8922.00      0.20      0.21      0.23      0.21      0.20      0.19      0.19      0.22      0.24      0.26      0.29      0.36
  8923.00      0.29      0.31      0.34      0.29      0.31      0.29      0.29      0.32      0.36      0.38      0.44      0.58
  8924.00      0.89      0.95      1.03      0.86      0.94      0.89      0.88      0.96      1.10      1.16      1.32      1.87
  8925.00      2.07      2.21      2.39      1.94      2.19      2.12      2.04      2.22      2.57      2.73      3.06      4.50
  8926.00      2.27      2.42      2.62      2.09      2.39      2.33      2.24      2.42      2.84      3.03      3.36      5.11
  8927.00      2.27      2.41      2.62      2.08      2.37      2.31      2.26      2.42      2.86      3.07      3.36      5.23
  8928.00      2.19      2.33      2.53      2.02      2.25      2.20      2.20      2.34      2.76      2.99      3.26      5.11
  8929.00      1.98      2.11      2.29      1.84      1.99      1.98      2.00      2.11      2.48      2.72      2.95      4.65
  8930.00      2.04      2.17      2.36      1.91      2.04      2.04      2.09      2.18      2.54      2.82      3.06      4.76
  8931.00      2.11      2.25      2.44      1.97      2.11      2.12      2.18      2.25      2.61      2.92      3.19      4.88
  8932.00      2.04      2.17      2.36      1.88      2.04      2.05      2.12      2.17      2.50      2.82      3.11      4.68
  8933.00      2.17      2.31      2.51      1.96      2.17      2.19      2.25      2.33      2.64      2.98      3.33      4.90
  8934.00      2.23      2.38      2.58      1.97      2.23      2.26      2.30      2.43      2.70      3.03      3.45      4.97
  8935.00      2.32      2.47      2.69      2.03      2.32      2.33      2.38      2.55      2.81      3.11      3.60      5.10
  8936.00      2.24      2.39      2.60      2.00      2.23      2.24      2.29      2.47      2.71      2.95      3.48      4.89
  8937.00      2.05      2.19      2.38      1.92      2.05      2.03      2.10      2.26      2.49      2.66      3.18      4.46
  8938.00      2.02      2.15      2.34      2.01      2.02      2.00      2.07      2.22      2.46      2.59      3.11      4.36
  8939.00      2.10      2.24      2.44      2.20      2.13      2.10      2.17      2.30      2.58      2.68      3.23      4.51
  8940.00      2.16      2.30      2.51      2.34      2.22      2.18      2.24      2.39      2.66      2.74      3.31      4.61
  8941.00      2.11      2.24      2.45      2.37      2.18      2.12      2.18      2.39      2.58      2.68      3.25      4.51
  8942.00      2.05      2.19      2.39      2.40      2.13      2.04      2.12      2.41      2.48      2.62      3.19      4.40
  8943.00      2.15      2.29      2.50      2.61      2.23      2.13      2.22      2.60      2.57      2.75      3.35      4.58
  8944.00      1.41      1.51      1.65      1.75      1.47      1.39      1.46      1.77      1.68      1.82      2.22      3.04
  8945.00      0.54      0.57      0.62      0.67      0.56      0.53      0.56      0.69      0.64      0.69      0.85      1.16
  8946.00      0.36      0.38      0.42      0.45      0.38      0.35      0.37      0.47      0.43      0.47      0.57      0.78
  8947.00      0.52      0.56      0.61      0.65      0.56      0.51      0.55      0.69      0.64      0.68      0.83      1.13
  8948.00      1.42      1.51      1.65      1.71      1.53      1.38      1.48      1.87      1.75      1.84      2.23      2.99
  8949.00      2.16      2.30      2.51      2.53      2.33      2.10      2.25      2.81      2.64      2.78      3.37      4.44
  8950.00      2.06      2.20      2.40      2.31      2.21      1.98      2.16      2.61      2.50      2.64      3.22      4.20
  8951.00      2.11      2.25      2.45      2.30      2.24      2.04      2.21      2.59      2.55      2.70      3.28      4.24
  8952.00      2.18      2.32      2.53      2.37      2.28      2.13      2.28      2.59      2.62      2.80      3.37      4.33
  8953.00      2.01      2.14      2.34      2.23      2.05      1.98      2.09      2.33      2.42      2.61      3.11      4.00
  8954.00      1.67      1.79      1.95      1.88      1.68      1.67      1.73      1.91      2.01      2.18      2.59      3.35
  8955.00      1.57      1.68      1.83      1.76      1.56      1.59      1.61      1.76      1.88      2.06      2.43      3.16
  8956.00      1.98      2.11      2.30      2.19      1.97      2.03      2.03      2.19      2.35      2.58      3.04      3.96
  8957.00      2.21      2.37      2.58      2.42      2.22      2.26      2.29      2.42      2.62      2.86      3.37      4.44
  8958.00      2.07      2.21      2.41      2.27      2.09      2.11      2.16      2.24      2.45      2.64      3.13      4.19
  8959.00      1.57      1.68      1.83      1.74      1.58      1.58      1.65      1.69      1.86      2.00      2.36      3.23
  8960.00      0.87      0.93      1.01      0.96      0.87      0.86      0.91      0.92      1.02      1.11      1.29      1.79
  8961.00      0.65      0.70      0.76      0.72      0.67      0.64      0.69      0.69      0.77      0.85      0.96      1.36
  8962.00      0.93      1.00      1.09      1.01      0.97      0.92      0.97      0.97      1.10      1.21      1.37      1.95
  8963.00      1.88      2.01      2.19      1.99      2.00      1.89      1.96      1.95      2.21      2.46      2.77      3.89
  8964.00      2.34      2.51      2.73      2.47      2.54      2.39      2.44      2.43      2.76      3.08      3.48      4.78
  8965.00      2.36      2.52      2.74      2.49      2.57      2.42      2.43      2.43      2.79      3.10      3.54      4.77
  8966.00      2.24      2.40      2.61      2.42      2.44      2.31      2.29      2.29      2.67      2.92      3.39      4.52
  8967.00      2.33      2.49      2.71      2.58      2.51      2.39      2.36      2.37      2.77      2.99      3.53      4.66
  8968.00      2.45      2.62      2.85      2.75      2.61      2.51      2.47      2.48      2.90      3.11      3.72      4.86
  8969.00      2.38      2.55      2.77      2.66      2.51      2.45      2.37      2.38      2.82      3.01      3.65      4.71
  8970.00      2.14      2.29      2.49      2.34      2.24      2.19      2.10      2.13      2.55      2.72      3.31      4.24
  8971.00      1.84      1.98      2.15      1.97      1.93      1.86      1.77      1.85      2.21      2.36      2.87      3.65
  8972.00      1.97      2.11      2.29      2.10      2.08      1.96      1.86      2.01      2.38      2.53      3.06      3.87
  8973.00      1.93      2.07      2.25      2.10      2.05      1.90      1.81      1.99      2.34      2.48      3.00      3.77
  8974.00      1.75      1.88      2.04      1.95      1.88      1.72      1.65      1.83      2.13      2.24      2.72      3.43
  8975.00      1.98      2.12      2.30      2.19      2.13      1.95      1.88      2.10      2.39      2.49      3.02      3.84
  8976.00      2.23      2.40      2.60      2.42      2.40      2.23      2.14      2.40      2.69      2.75      3.38      4.32
  8977.00      2.20      2.36      2.56      2.34      2.35      2.21      2.11      2.38      2.63      2.65      3.34      4.26
  8978.00      2.07      2.22      2.41      2.19      2.19      2.08      1.98      2.24      2.47      2.47      3.17      4.02
  8979.00      2.19      2.35      2.55      2.33      2.29      2.20      2.09      2.37      2.62      2.62      3.37      4.24
  8980.00      2.07      2.22      2.42      2.21      2.14      2.09      1.96      2.23      2.50      2.50      3.20      4.00
  8981.00      1.82      1.96      2.13      1.94      1.87      1.85      1.74      1.95      2.23      2.24      2.82      3.53
  8982.00      1.72      1.85      2.01      1.84      1.75      1.76      1.66      1.85      2.11      2.15      2.65      3.34
  8983.00      1.99      2.13      2.32      2.17      2.02      2.06      1.94      2.16      2.44      2.54      3.02      3.86
  8984.00      2.07      2.23      2.42      2.34      2.12      2.18      2.05      2.29      2.54      2.71      3.13      4.05
  8985.00      1.92      2.07      2.25      2.25      1.97      2.02      1.93      2.14      2.33      2.54      2.92      3.78
  8986.00      2.07      2.23      2.42      2.49      2.15      2.17      2.10      2.31      2.48      2.75      3.20      4.07
  8987.00      1.99      2.14      2.33      2.47      2.08      2.06      2.03      2.23      2.38      2.66      3.15      3.91
  8988.00      1.65      1.78      1.93      2.11      1.72      1.69      1.69      1.86      1.98      2.22      2.69      3.25
  8989.00      1.33      1.44      1.57      1.76      1.38      1.36      1.37      1.52      1.63      1.78      2.23      2.63
  8990.00      0.63      0.69      0.75      0.86      0.66      0.65      0.65      0.74      0.79      0.84      1.08      1.26
  8991.00      0.40      0.43      0.47      0.55      0.41      0.41      0.41      0.48      0.50      0.53      0.68      0.79
  8992.00      0.54      0.59      0.64      0.75      0.57      0.55      0.55      0.65      0.68      0.71      0.92      1.07
  8993.00      1.53      1.65      1.80      2.09      1.63      1.55      1.56      1.84      1.90      1.98      2.54      2.96
  8994.00      1.59      1.72      1.87      2.12      1.70      1.59      1.63      1.88      1.97      2.05      2.62      3.08
  8995.00      1.30      1.41      1.53      1.67      1.37      1.29      1.33      1.50      1.60      1.67      2.14      2.52
  8996.00      1.65      1.79      1.95      2.05      1.71      1.64      1.69      1.85      2.02      2.12      2.69      3.19
  8997.00      2.23      2.41      2.62      2.69      2.27      2.25      2.25      2.44      2.71      2.85      3.58      4.24
  8998.00      2.35      2.54      2.76      2.80      2.36      2.41      2.33      2.53      2.87      3.01      3.76      4.45
  8999.00      2.28      2.47      2.68      2.68      2.26      2.35      2.23      2.43      2.78      2.92      3.66      4.31
  9000.00      2.12      2.30      2.50      2.42      2.08      2.18      2.06      2.23      2.58      2.72      3.44      4.00
  9001.00      2.09      2.27      2.47      2.30      2.02      2.14      2.04      2.19      2.55      2.68      3.43      3.94
  9002.00      1.49      1.62      1.76      1.58      1.42      1.51      1.46      1.55      1.83      1.91      2.48      2.84
  9003.00      0.57      0.62      0.67      0.60      0.54      0.57      0.56      0.59      0.70      0.73      0.96      1.10
  9004.00      0.35      0.39      0.42      0.38      0.34      0.36      0.36      0.37      0.45      0.46      0.60      0.70
  9005.00      0.58      0.63      0.69      0.64      0.56      0.58      0.59      0.60      0.74      0.76      0.98      1.15
  9006.00      1.56      1.70      1.85      1.75      1.52      1.53      1.58      1.61      1.99      2.05      2.62      3.12
  9007.00      2.21      2.40      2.61      2.46      2.16      2.15      2.23      2.28      2.82      2.88      3.67      4.39
  9008.00      2.26      2.46      2.67      2.50      2.23      2.21      2.26      2.33      2.87      2.94      3.75      4.50
  9009.00      2.33      2.53      2.75      2.59      2.33      2.32      2.31      2.42      2.94      3.03      3.88      4.61
  9010.00      2.40      2.61      2.84      2.69      2.42      2.43      2.38      2.53      3.00      3.11      4.03      4.71
  9011.00      2.30      2.51      2.72      2.61      2.31      2.35      2.28      2.47      2.84      2.98      3.89      4.47
  9012.00      2.13      2.33      2.53      2.45      2.12      2.17      2.12      2.33      2.61      2.78      3.61      4.12
  9013.00      2.25      2.46      2.67      2.58      2.23      2.28      2.24      2.48      2.73      2.95      3.81      4.34
  9014.00      2.34      2.55      2.77      2.64      2.32      2.35      2.33      2.58      2.83      3.06      3.98      4.50
  9015.00      2.35      2.57      2.79      2.61      2.34      2.34      2.34      2.57      2.84      3.06      4.05      4.51
  9016.00      2.30      2.51      2.72      2.50      2.27      2.27      2.29      2.50      2.77      2.98      3.99      4.39
  9017.00      2.18      2.39      2.59      2.36      2.14      2.16      2.18      2.36      2.63      2.83      3.81      4.19
  9018.00      2.27      2.48      2.68      2.47      2.20      2.23      2.28      2.45      2.73      2.93      3.97      4.36
  9019.00      2.39      2.61      2.83      2.61      2.33      2.36      2.42      2.59      2.91      3.07      4.21      4.58
  9020.00      2.37      2.59      2.81      2.58      2.32      2.37      2.41      2.59      2.91      3.02      4.20      4.51
  9021.00      2.35      2.57      2.78      2.54      2.30      2.40      2.38      2.59      2.91      2.96      4.17      4.45
  9022.00      2.30      2.52      2.73      2.48      2.27      2.40      2.34      2.55      2.86      2.86      4.11      4.37
  9023.00      2.10      2.30      2.49      2.25      2.08      2.20      2.16      2.32      2.60      2.57      3.83      4.02
  9024.00      2.09      2.28      2.47      2.23      2.09      2.17      2.17      2.28      2.56      2.52      3.88      3.99
  9025.00      2.20      2.41      2.61      2.36      2.27      2.26      2.32      2.38      2.67      2.64      4.15      4.19
  9026.00      2.07      2.26      2.45      2.23      2.20      2.07      2.22      2.21      2.48      2.46      3.97      3.93
  9027.00      2.24      2.45      2.66      2.45      2.42      2.21      2.42      2.38      2.67      2.66      4.36      4.27
  9028.00      2.36      2.58      2.80      2.62      2.58      2.34      2.53      2.52      2.81      2.82      4.64      4.52
  9029.00      2.14      2.34      2.54      2.41      2.35      2.16      2.25      2.30      2.54      2.59      4.24      4.15
  9030.00      1.72      1.88      2.04      1.93      1.88      1.76      1.78      1.84      2.03      2.11      3.39      3.37
  9031.00      1.54      1.69      1.83      1.72      1.68      1.60      1.58      1.64      1.81      1.92      3.00      3.01
  9032.00      1.91      2.08      2.26      2.11      2.08      1.97      1.95      2.02      2.23      2.39      3.61      3.67
  9033.00      2.23      2.43      2.64      2.46      2.41      2.28      2.29      2.37      2.60      2.84      4.11      4.23
  9034.00      2.17      2.37      2.57      2.39      2.31      2.19      2.24      2.34      2.53      2.80      3.95      4.10
  9035.00      2.24      2.45      2.66      2.48      2.34      2.23      2.32      2.45      2.63      2.94      4.03      4.22
  9036.00      2.40      2.61      2.84      2.67      2.46      2.37      2.47      2.62      2.82      3.16      4.25      4.49
  9037.00      2.44      2.66      2.89      2.76      2.48      2.42      2.50      2.66      2.88      3.22      4.29      4.59
  9038.00      2.46      2.68      2.91      2.80      2.49      2.45      2.51      2.66      2.91      3.24      4.29      4.68
  9039.00      2.27      2.48      2.69      2.57      2.30      2.27      2.32      2.45      2.69      2.99      3.97      4.41
  9040.00      1.94      2.12      2.31      2.14      1.95      1.93      1.98      2.08      2.30      2.54      3.40      3.83
  9041.00      1.85      2.02      2.20      1.99      1.84      1.83      1.89      1.98      2.20      2.40      3.23      3.67
  9042.00      2.14      2.33      2.53      2.29      2.10      2.11      2.22      2.30      2.54      2.73      3.70      4.19
  9043.00      2.33      2.53      2.75      2.52      2.27      2.31      2.46      2.50      2.78      2.95      4.00      4.48
  9044.00      2.34      2.55      2.77      2.57      2.28      2.34      2.52      2.53      2.82      2.97      4.02      4.47
  9045.00      2.08      2.27      2.47      2.30      2.03      2.10      2.26      2.28      2.54      2.65      3.59      4.00
  9046.00      1.75      1.91      2.08      1.94      1.71      1.77      1.88      1.95      2.17      2.22      3.03      3.41
  9047.00      2.02      2.20      2.39      2.25      1.97      2.05      2.12      2.26      2.51      2.54      3.45      3.95
  9048.00      2.29      2.49      2.71      2.56      2.25      2.33      2.36      2.58      2.85      2.86      3.88      4.52
  9049.00      2.44      2.66      2.89      2.72      2.42      2.49      2.48      2.77      3.05      3.04      4.12      4.85
  9050.00      2.23      2.43      2.64      2.45      2.22      2.27      2.27      2.54      2.80      2.77      3.78      4.48
  9051.00      1.23      1.34      1.46      1.33      1.23      1.25      1.26      1.42      1.54      1.53      2.13      2.53
  9052.00      0.83      0.90      0.98      0.90      0.83      0.84      0.86      0.97      1.03      1.04      1.45      1.70
  9053.00      1.03      1.12      1.23      1.13      1.05      1.05      1.08      1.25      1.28      1.30      1.82      2.11
  9054.00      2.01      2.18      2.38      2.21      2.08      2.08      2.11      2.51      2.46      2.54      3.54      4.02
  9055.00      2.29      2.47      2.70      2.50      2.40      2.40      2.41      2.97      2.81      2.90      4.06      4.56
  9056.00      2.26      2.44      2.67      2.47      2.40      2.41      2.39      3.12      2.79      2.88      4.02      4.54
  9057.00      2.23      2.41      2.64      2.43      2.37      2.40      2.34      3.31      2.76      2.85      3.94      4.50
  9058.00      2.08      2.24      2.46      2.25      2.19      2.23      2.16      3.31      2.56      2.66      3.63      4.21
  9059.00      1.94      2.09      2.29      2.06      2.02      2.06      1.99      3.29      2.36      2.50      3.34      3.91
  9060.00      2.01      2.16      2.37      2.08      2.09      2.11      2.03      3.57      2.42      2.61      3.38      4.00
  9061.00      2.11      2.27      2.49      2.16      2.20      2.19      2.12      3.86      2.53      2.76      3.47      4.17
  9062.00      2.10      2.26      2.48      2.19      2.18      2.15      2.13      3.88      2.53      2.78      3.40      4.13
  9063.00      2.20      2.36      2.60      2.39      2.27      2.23      2.25      4.01      2.64      2.94      3.54      4.29
  9064.00      2.21      2.36      2.60      2.47      2.26      2.22      2.29      3.91      2.65      2.96      3.56      4.27
  9065.00      2.33      2.49      2.74      2.62      2.36      2.35      2.45      3.99      2.79      3.13      3.78      4.49
  9066.00      2.10      2.24      2.48      2.32      2.12      2.15      2.21      3.51      2.50      2.83      3.46      4.09
  9067.00      1.75      1.87      2.07      1.88      1.78      1.82      1.85      2.89      2.06      2.39      2.94      3.47
  9068.00      1.52      1.62      1.80      1.60      1.55      1.59      1.61      2.49      1.77      2.09      2.59      3.06
  9069.00      1.60      1.71      1.89      1.69      1.61      1.67      1.69      2.62      1.85      2.21      2.73      3.25
  9070.00      1.46      1.55      1.72      1.56      1.45      1.51      1.53      2.41      1.69      2.02      2.49      3.00
  9071.00      1.09      1.15      1.29      1.18      1.08      1.12      1.14      1.81      1.27      1.51      1.86      2.27
  9072.00      1.08      1.14      1.28      1.18      1.08      1.12      1.14      1.78      1.27      1.50      1.83      2.23
  9073.00      1.41      1.49      1.66      1.54      1.43      1.46      1.47      2.27      1.69      1.93      2.36      2.86
  9074.00      1.85      1.95      2.18      2.00      1.91      1.90      1.93      2.88      2.24      2.53      3.06      3.69
  9075.00      2.18      2.30      2.57      2.37      2.28      2.22      2.30      3.26      2.67      2.99      3.60      4.29
  9076.00      2.19      2.31      2.59      2.41      2.32      2.21      2.32      3.11      2.69      3.02      3.62      4.28
  9077.00      2.12      2.24      2.50      2.35      2.26      2.15      2.25      2.85      2.60      2.94      3.51      4.14
  9078.00      2.11      2.22      2.49      2.32      2.23      2.17      2.25      2.69      2.59      2.93      3.49      4.11
  9079.00      1.99      2.09      2.34      2.17      2.07      2.08      2.12      2.42      2.44      2.76      3.28      3.86
  9080.00      1.97      2.07      2.32      2.16      2.03      2.07      2.09      2.34      2.43      2.73      3.23      3.83
  9081.00      2.00      2.10      2.36      2.24      2.04      2.09      2.11      2.34      2.48      2.77      3.27      3.92
  9082.00      2.00      2.09      2.36      2.31      2.05      2.02      2.10      2.33      2.49      2.75      3.25      3.95
  9083.00      2.23      2.33      2.63      2.65      2.32      2.19      2.33      2.61      2.78      3.05      3.61      4.40
  9084.00      2.31      2.41      2.71      2.75      2.44      2.24      2.41      2.71      2.88      3.14      3.74      4.56
  9085.00      2.15      2.25      2.53      2.53      2.29      2.11      2.25      2.52      2.71      2.91      3.52      4.28
  9086.00      1.81      1.89      2.13      2.11      1.92      1.79      1.89      2.11      2.30      2.44      2.99      3.63
  9087.00      1.34      1.40      1.58      1.57      1.40      1.35      1.40      1.54      1.73      1.80      2.25      2.72
  9088.00      1.33      1.39      1.57      1.55      1.37      1.35      1.40      1.50      1.75      1.79      2.26      2.71
  9089.00      1.50      1.58      1.77      1.75      1.55      1.51      1.59      1.67      2.01      2.03      2.54      3.04
  9090.00      1.90      1.99      2.24      2.22      1.98      1.88      2.03      2.09      2.58      2.57      3.17      3.80
  9091.00      2.27      2.38      2.67      2.63      2.39      2.24      2.44      2.49      3.09      3.05      3.70      4.48
  9092.00      2.23      2.33      2.62      2.58      2.39      2.22      2.40      2.46      3.04      2.98      3.56      4.40
  9093.00      1.92      2.02      2.26      2.25      2.08      1.94      2.06      2.14      2.61      2.57      3.03      3.82
  9094.00      1.13      1.19      1.33      1.32      1.21      1.16      1.20      1.26      1.51      1.51      1.76      2.27
  9095.00      0.80      0.84      0.94      0.92      0.84      0.83      0.84      0.88      1.04      1.06      1.23      1.61
  9096.00      1.05      1.10      1.24      1.22      1.09      1.10      1.11      1.15      1.34      1.39      1.61      2.12
  9097.00      1.79      1.89      2.11      2.08      1.83      1.89      1.89      1.95      2.25      2.36      2.74      3.58
  9098.00      2.28      2.40      2.68      2.63      2.33      2.41      2.40      2.47      2.83      3.00      3.49      4.52
  9099.00      2.23      2.35      2.62      2.54      2.31      2.36      2.34      2.39      2.74      2.93      3.44      4.43
  9100.00      2.11      2.22      2.48      2.39      2.21      2.23      2.20      2.27      2.57      2.78      3.28      4.21
  9101.00      2.22      2.34      2.61      2.54      2.35      2.32      2.32      2.40      2.69      2.92      3.49      4.45
  9102.00      2.24      2.36      2.63      2.57      2.38      2.31      2.36      2.43      2.69      2.94      3.56      4.52
  9103.00      1.98      2.10      2.33      2.25      2.10      2.05      2.12      2.17      2.37      2.61      3.20      4.06
  9104.00      1.00      1.06      1.18      1.11      1.06      1.05      1.08      1.10      1.19      1.34      1.66      2.10
  9105.00      0.68      0.72      0.80      0.74      0.73      0.72      0.74      0.76      0.80      0.92      1.14      1.43
  9106.00      0.89      0.94      1.04      0.95      0.96      0.94      0.96      0.98      1.03      1.19      1.49      1.85
  9107.00      1.60      1.70      1.88      1.74      1.75      1.72      1.74      1.78      1.85      2.14      2.68      3.28
  9108.00      2.16      2.29      2.54      2.40      2.36      2.32      2.36      2.42      2.51      2.88      3.57      4.35
  9109.00      2.31      2.45      2.71      2.61      2.47      2.47      2.52      2.58      2.73      3.08      3.77      4.62
  9110.00      2.31      2.46      2.71      2.60      2.42      2.46      2.50      2.57      2.80      3.10      3.73      4.62
  9111.00      2.29      2.44      2.69      2.51      2.36      2.43      2.43      2.52      2.84      3.09      3.65      4.61
  9112.00      2.35      2.50      2.75      2.51      2.40      2.49      2.45      2.53      2.95      3.20      3.69      4.74
  9113.00      2.35      2.50      2.76      2.45      2.44      2.48      2.43      2.49      2.95      3.25      3.67      4.75
  9114.00      2.31      2.46      2.71      2.37      2.46      2.44      2.37      2.43      2.88      3.24      3.58      4.65
  9115.00      2.28      2.43      2.67      2.37      2.48      2.41      2.31      2.39      2.81      3.21      3.51      4.54
  9116.00      2.19      2.34      2.57      2.34      2.42      2.30      2.18      2.31      2.68      3.09      3.38      4.34
  9117.00      1.97      2.11      2.31      2.15      2.19      2.06      1.93      2.09      2.39      2.78      3.04      3.88
  9118.00      1.65      1.77      1.94      1.85      1.83      1.72      1.61      1.76      2.00      2.32      2.55      3.23
  9119.00      1.59      1.70      1.87      1.81      1.75      1.64      1.57      1.70      1.93      2.22      2.47      3.08
  9120.00      1.87      2.00      2.19      2.13      2.06      1.90      1.89      2.00      2.28      2.60      2.92      3.62
  9121.00      2.02      2.16      2.37      2.29      2.25      2.04      2.09      2.16      2.47      2.79      3.18      3.96
  9122.00      2.00      2.14      2.34      2.27      2.23      2.03      2.09      2.16      2.46      2.75      3.17      3.98
  9123.00      1.92      2.06      2.25      2.20      2.12      1.95      2.00      2.10      2.35      2.63      3.06      3.87
  9124.00      1.67      1.79      1.96      1.93      1.82      1.70      1.72      1.84      2.04      2.30      2.68      3.41
  9125.00      1.40      1.51      1.65      1.62      1.52      1.42      1.43      1.54      1.71      1.94      2.26      2.89
  9126.00      1.42      1.52      1.66      1.64      1.53      1.41      1.43      1.54      1.73      1.97      2.29      2.92
  9127.00      1.65      1.77      1.93      1.89      1.78      1.62      1.68      1.78      2.02      2.28      2.67      3.38
  9128.00      1.83      1.97      2.15      2.09      1.98      1.79      1.89      1.98      2.26      2.51      2.99      3.74
  9129.00      1.92      2.06      2.25      2.18      2.06      1.86      2.00      2.08      2.38      2.59      3.15      3.91
  9130.00      1.99      2.15      2.33      2.25      2.15      1.93      2.10      2.19      2.48      2.65      3.30      4.08
  9131.00      2.12      2.29      2.49      2.37      2.31      2.05      2.24      2.37      2.64      2.79      3.54      4.37
  9132.00      2.20      2.38      2.58      2.42      2.42      2.15      2.31      2.47      2.74      2.88      3.70      4.57
  9133.00      2.33      2.52      2.73      2.52      2.58      2.33      2.42      2.60      2.89      3.04      3.91      4.84
  9134.00      2.29      2.47      2.67      2.46      2.52      2.35      2.36      2.51      2.83      3.01      3.84      4.74
  9135.00      2.10      2.27      2.45      2.26      2.29      2.21      2.18      2.26      2.61      2.79      3.54      4.33
  9136.00      1.82      1.97      2.13      1.99      1.96      1.94      1.91      1.92      2.26      2.44      3.10      3.74
  9137.00      1.88      2.03      2.20      2.10      2.01      1.98      2.00      1.95      2.33      2.53      3.23      3.87
  9138.00      1.95      2.11      2.28      2.21      2.10      2.02      2.09      2.00      2.40      2.65      3.38      4.03
  9139.00      1.81      1.96      2.12      2.06      1.99      1.83      1.95      1.84      2.22      2.47      3.17      3.77
  9140.00      1.95      2.11      2.28      2.20      2.15      1.95      2.10      1.98      2.37      2.65      3.43      4.04
  9141.00      2.14      2.32      2.50      2.40      2.35      2.14      2.30      2.18      2.57      2.90      3.76      4.43
  9142.00      2.20      2.39      2.57      2.48      2.39      2.24      2.35      2.25      2.62      2.97      3.83      4.58
  9143.00      2.25      2.45      2.63      2.60      2.39      2.32      2.40      2.31      2.66      3.02      3.84      4.67
  9144.00      2.24      2.43      2.61      2.64      2.31      2.32      2.39      2.32      2.64      2.98      3.76      4.61
  9145.00      2.20      2.39      2.57      2.60      2.24      2.28      2.35      2.32      2.58      2.91      3.66      4.50
  9146.00      2.18      2.37      2.55      2.54      2.22      2.26      2.32      2.32      2.56      2.87      3.59      4.43
  9147.00      2.11      2.30      2.47      2.42      2.17      2.18      2.25      2.26      2.49      2.78      3.44      4.27
  9148.00      2.06      2.25      2.41      2.35      2.16      2.13      2.20      2.20      2.44      2.73      3.35      4.13
  9149.00      2.06      2.24      2.40      2.35      2.18      2.13      2.19      2.18      2.44      2.74      3.33      4.08
  9150.00      1.96      2.14      2.29      2.24      2.09      2.02      2.08      2.04      2.34      2.63      3.17      3.86
  9151.00      1.99      2.17      2.32      2.25      2.11      2.02      2.12      2.05      2.38      2.69      3.19      3.90
  9152.00      1.90      2.07      2.22      2.12      2.01      1.92      2.03      1.95      2.29      2.59      3.04      3.74
  9153.00      1.48      1.61      1.73      1.65      1.57      1.48      1.58      1.52      1.79      2.03      2.39      2.96
  9154.00      1.23      1.34      1.44      1.37      1.31      1.23      1.31      1.26      1.49      1.68      2.01      2.49
  9155.00      1.26      1.38      1.48      1.43      1.36      1.27      1.35      1.30      1.54      1.72      2.07      2.56
  9156.00      1.41      1.53      1.65      1.61      1.55      1.45      1.50      1.45      1.73      1.91      2.31      2.83
  9157.00      1.49      1.62      1.74      1.72      1.68      1.57      1.58      1.54      1.84      2.03      2.46      2.98
  9158.00      1.81      1.98      2.12      2.10      2.08      1.95      1.89      1.87      2.23      2.49      3.01      3.60
  9159.00      1.96      2.14      2.30      2.30      2.25      2.12      2.03      2.03      2.38      2.71      3.30      3.90
  9160.00      1.89      2.06      2.21      2.23      2.13      2.03      1.96      1.96      2.26      2.64      3.23      3.79
  9161.00      1.62      1.77      1.90      1.92      1.78      1.72      1.69      1.68      1.90      2.27      2.85      3.32
  9162.00      1.24      1.35      1.45      1.44      1.33      1.29      1.29      1.28      1.43      1.73      2.25      2.58
  9163.00      0.99      1.08      1.17      1.13      1.05      1.03      1.04      1.03      1.16      1.39      1.86      2.09
  9164.00      0.97      1.06      1.14      1.08      1.02      1.00      1.01      1.00      1.16      1.37      1.87      2.03
  9165.00      1.37      1.50      1.61      1.53      1.44      1.42      1.42      1.42      1.69      1.96      2.71      2.84
  9166.00      1.93      2.11      2.26      2.18      2.01      1.99      1.98      1.99      2.41      2.78      3.86      3.90
  9167.00      1.96      2.13      2.29      2.26      2.03      2.01      1.99      2.02      2.46      2.85      3.98      3.92
  9168.00      1.95      2.12      2.28      2.30      2.02      2.00      1.99      2.01      2.45      2.86      4.00      3.88
  9169.00      2.03      2.21      2.38      2.41      2.10      2.10      2.09      2.09      2.54      2.98      4.17      4.04
  9170.00      1.97      2.15      2.31      2.32      2.03      2.06      2.03      2.03      2.47      2.86      4.02      3.95
  9171.00      1.99      2.18      2.34      2.33      2.08      2.11      2.04      2.05      2.50      2.86      3.99      4.02
  9172.00      1.96      2.14      2.30      2.27      2.09      2.08      1.99      2.01      2.46      2.79      3.82      3.99
  9173.00      1.83      2.00      2.15      2.10      1.99      1.93      1.85      1.86      2.29      2.58      3.45      3.75
  9174.00      1.78      1.94      2.09      1.99      1.97      1.86      1.82      1.79      2.22      2.47      3.19      3.65
  9175.00      1.97      2.15      2.32      2.14      2.17      2.06      2.05      1.99      2.45      2.70      3.34      4.04
  9176.00      2.02      2.21      2.38      2.15      2.18      2.11      2.13      2.07      2.51      2.75      3.28      4.16
  9177.00      1.91      2.08      2.24      2.02      2.00      2.00      2.01      2.00      2.37      2.58      2.97      3.93
  9178.00      2.16      2.36      2.54      2.27      2.22      2.28      2.24      2.33      2.69      2.90      3.23      4.42
  9179.00      2.29      2.50      2.69      2.45      2.37      2.42      2.34      2.53      2.87      3.07      3.34      4.65
  9180.00      2.24      2.44      2.63      2.46      2.34      2.36      2.26      2.52      2.83      3.02      3.21      4.52
  9181.00      2.33      2.54      2.73      2.64      2.45      2.44      2.33      2.63      2.94      3.14      3.29      4.63
  9182.00      2.20      2.40      2.59      2.59      2.34      2.29      2.19      2.47      2.79      2.98      3.10      4.37
  9183.00      2.27      2.47      2.67      2.74      2.43      2.35      2.25      2.52      2.88      3.08      3.16      4.48
  9184.00      2.24      2.43      2.63      2.71      2.41      2.29      2.22      2.48      2.83      3.06      3.05      4.40
  9185.00      1.99      2.17      2.34      2.40      2.15      2.01      1.99      2.21      2.52      2.77      2.64      3.93
  9186.00      2.10      2.28      2.47      2.49      2.25      2.11      2.12      2.34      2.63      2.96      2.69      4.14
  9187.00      2.18      2.37      2.56      2.52      2.31      2.19      2.23      2.44      2.72      3.11      2.71      4.29
  9188.00      2.22      2.41      2.61      2.52      2.32      2.22      2.31      2.49      2.76      3.20      2.67      4.35
  9189.00      2.39      2.59      2.81      2.70      2.50      2.40      2.51      2.67      2.97      3.47      2.80      4.65
  9190.00      2.42      2.63      2.85      2.76      2.56      2.43      2.53      2.68      3.01      3.53      2.82      4.68
  9191.00      2.32      2.51      2.73      2.69      2.47      2.31      2.41      2.56      2.89      3.38      2.74      4.48
  9192.00      2.11      2.28      2.48      2.50      2.25      2.09      2.18      2.34      2.63      3.06      2.59      4.10
  9193.00      2.14      2.32      2.53      2.55      2.29      2.15      2.21      2.41      2.66      3.07      2.79      4.19
  9194.00      2.19      2.37      2.58      2.60      2.33      2.23      2.27      2.50      2.70      3.08      3.05      4.30
  9195.00      2.09      2.26      2.47      2.46      2.19      2.14      2.20      2.41      2.56      2.89      3.10      4.13
  9196.00      2.04      2.20      2.40      2.34      2.08      2.08      2.18      2.36      2.47      2.77      3.21      4.06
  9197.00      2.20      2.37      2.59      2.48      2.17      2.21      2.38      2.51      2.64      2.95      3.59      4.40
  9198.00      2.25      2.43      2.65      2.56      2.20      2.24      2.44      2.53      2.70      2.99      3.77      4.54
  9199.00      2.21      2.38      2.60      2.53      2.17      2.19      2.37      2.44      2.65      2.92      3.76      4.48
  9200.00      2.23      2.40      2.63      2.57      2.23      2.25      2.36      2.43      2.69      2.94      3.84      4.54
  9201.00      2.21      2.38      2.61      2.54      2.26      2.26      2.31      2.39      2.68      2.90      3.81      4.51
  9202.00      2.22      2.39      2.62      2.51      2.30      2.30      2.30      2.39      2.72      2.92      3.82      4.53
  9203.00      2.21      2.38      2.62      2.45      2.32      2.29      2.29      2.36      2.73      2.93      3.78      4.49
  9204.00      2.12      2.28      2.50      2.34      2.26      2.19      2.19      2.24      2.62      2.85      3.58      4.26
  9205.00      2.04      2.19      2.42      2.31      2.22      2.09      2.12      2.15      2.52      2.80      3.41      4.07
  9206.00      2.01      2.16      2.38      2.33      2.24      2.03      2.09      2.10      2.47      2.80      3.30      3.97
  9207.00      2.11      2.26      2.49      2.49      2.39      2.12      2.19      2.21      2.58      2.97      3.40      4.12
  9208.00      2.16      2.31      2.55      2.53      2.46      2.17      2.21      2.27      2.63      3.04      3.43      4.16
  9209.00      2.17      2.32      2.56      2.49      2.47      2.19      2.19      2.31      2.64      3.05      3.43      4.16
  9210.00      2.16      2.32      2.56      2.42      2.46      2.21      2.16      2.33      2.65      3.03      3.42      4.15
  9211.00      2.15      2.30      2.54      2.39      2.42      2.21      2.15      2.32      2.65      2.98      3.40      4.13
  9212.00      2.02      2.16      2.39      2.27      2.24      2.10      2.05      2.19      2.52      2.79      3.23      3.90
  9213.00      1.88      2.01      2.22      2.12      2.05      1.95      1.95      2.02      2.36      2.58      3.03      3.62
  9214.00      1.99      2.12      2.36      2.25      2.19      2.05      2.09      2.14      2.50      2.72      3.23      3.81
  9215.00      2.14      2.29      2.54      2.42      2.39      2.18      2.26      2.31      2.69      2.93      3.49      4.09
  9216.00      2.08      2.22      2.46      2.36      2.35      2.09      2.18      2.25      2.60      2.85      3.39      3.98
  9217.00      1.85      1.98      2.19      2.14      2.13      1.84      1.93      2.02      2.28      2.56      3.04      3.59
  9218.00      1.55      1.66      1.84      1.83      1.79      1.55      1.61      1.70      1.88      2.15      2.57      3.05
  9219.00      1.30      1.39      1.55      1.54      1.48      1.31      1.35      1.42      1.55      1.81      2.17      2.60
  9220.00      1.63      1.75      1.94      1.92      1.81      1.66      1.68      1.78      1.91      2.28      2.73      3.26
  9221.00      2.07      2.22      2.46      2.43      2.25      2.12      2.12      2.24      2.39      2.89      3.46      4.12
  9222.00      2.01      2.15      2.38      2.38      2.15      2.05      2.05      2.13      2.30      2.81      3.38      4.01
  9223.00      1.86      1.99      2.21      2.26      1.99      1.91      1.92      1.95      2.14      2.63      3.15      3.75
  9224.00      1.65      1.77      1.96      2.01      1.78      1.70      1.73      1.72      1.92      2.35      2.80      3.36
  9225.00      1.20      1.29      1.43      1.41      1.30      1.26      1.28      1.26      1.42      1.73      2.05      2.49
  9226.00      0.89      0.96      1.07      1.01      0.95      0.95      0.96      0.96      1.07      1.29      1.52      1.87
  9227.00      0.75      0.80      0.89      0.82      0.78      0.79      0.81      0.82      0.89      1.07      1.26      1.57
  9228.00      0.77      0.83      0.92      0.86      0.81      0.82      0.84      0.86      0.92      1.12      1.31      1.62
  9229.00      1.13      1.21      1.35      1.29      1.19      1.20      1.21      1.27      1.32      1.63      1.89      2.33
  9230.00      1.67      1.79      1.99      1.97      1.77      1.75      1.77      1.86      1.93      2.41      2.77      3.34
  9231.00      1.72      1.84      2.05      2.05      1.86      1.78      1.80      1.90      1.99      2.49      2.84      3.37
  9232.00      1.71      1.84      2.05      2.03      1.88      1.77      1.76      1.89      2.01      2.49      2.85      3.31
  9233.00      1.89      2.03      2.25      2.18      2.09      1.95      1.92      2.09      2.23      2.74      3.16      3.58
  9234.00      1.98      2.13      2.37      2.22      2.18      2.06      2.01      2.21      2.37      2.88      3.35      3.72
  9235.00      1.88      2.02      2.24      2.09      2.02      1.96      1.92      2.10      2.25      2.73      3.21      3.49
  9236.00      1.82      1.95      2.17      2.07      1.88      1.90      1.88      2.04      2.18      2.65      3.12      3.34
  9237.00      1.91      2.05      2.28      2.23      1.92      1.97      2.00      2.14      2.28      2.78      3.29      3.47
  9238.00      1.90      2.05      2.28      2.25      1.91      1.94      2.01      2.13      2.27      2.77      3.28      3.44
  9239.00      1.87      2.01      2.23      2.18      1.90      1.89      1.98      2.08      2.25      2.70      3.21      3.38
  9240.00      1.91      2.06      2.29      2.19      1.99      1.94      2.04      2.13      2.33      2.74      3.30      3.49
  9241.00      1.96      2.11      2.34      2.26      2.08      2.00      2.10      2.17      2.40      2.76      3.38      3.60
  9242.00      1.88      2.03      2.25      2.25      2.02      1.94      2.03      2.08      2.30      2.62      3.26      3.48
  9243.00      1.81      1.94      2.16      2.23      1.96      1.87      1.95      1.99      2.19      2.51      3.12      3.32
  9244.00      1.85      2.00      2.22      2.30      2.05      1.91      1.99      2.04      2.23      2.59      3.19      3.40
  9245.00      1.88      2.03      2.26      2.27      2.11      1.93      1.99      2.08      2.25      2.64      3.22      3.43
  9246.00      1.93      2.08      2.31      2.22      2.14      1.98      2.01      2.14      2.31      2.70      3.27      3.48
  9247.00      1.99      2.14      2.39      2.21      2.19      2.06      2.07      2.24      2.40      2.77      3.35      3.55
  9248.00      1.98      2.13      2.38      2.17      2.17      2.07      2.06      2.25      2.41      2.73      3.34      3.49
  9249.00      1.65      1.78      1.98      1.83      1.80      1.74      1.74      1.89      2.01      2.26      2.79      2.90
  9250.00      1.30      1.40      1.56      1.47      1.44      1.38      1.38      1.48      1.57      1.78      2.19      2.28
  9251.00      1.29      1.39      1.56      1.51      1.47      1.37      1.39      1.47      1.54      1.79      2.17      2.26
  9252.00      1.37      1.48      1.65      1.64      1.58      1.46      1.47      1.55      1.62      1.92      2.30      2.39
  9253.00      1.44      1.56      1.74      1.73      1.67      1.54      1.53      1.62      1.69      2.04      2.42      2.51
  9254.00      1.45      1.57      1.75      1.73      1.68      1.55      1.51      1.62      1.71      2.07      2.45      2.56
  9255.00      1.70      1.84      2.05      1.99      1.96      1.80      1.74      1.90      2.00      2.42      2.88      3.03
  9256.00      1.92      2.07      2.31      2.20      2.19      2.01      1.94      2.15      2.24      2.70      3.26      3.46
  9257.00      1.90      2.05      2.29      2.16      2.15      1.97      1.90      2.15      2.19      2.65      3.25      3.48
  9258.00      2.04      2.20      2.46      2.31      2.28      2.11      2.05      2.32      2.33      2.86      3.48      3.79
  9259.00      2.06      2.23      2.49      2.31      2.28      2.14      2.10      2.35      2.37      2.91      3.49      3.89
  9260.00      2.09      2.26      2.52      2.33      2.29      2.18      2.15      2.38      2.43      2.95      3.49      3.99
  9261.00      2.11      2.28      2.54      2.37      2.30      2.23      2.19      2.39      2.48      2.96      3.47      4.04
  9262.00      2.10      2.26      2.53      2.36      2.27      2.23      2.20      2.37      2.49      2.92      3.41      4.01
  9263.00      2.06      2.22      2.48      2.32      2.20      2.18      2.18      2.32      2.43      2.84      3.33      3.92
  9264.00      1.62      1.75      1.96      1.84      1.70      1.71      1.72      1.82      1.89      2.21      2.65      3.09
  9265.00      1.30      1.40      1.57      1.49      1.34      1.37      1.38      1.46      1.49      1.76      2.15      2.48
  9266.00      1.59      1.71      1.92      1.87      1.63      1.65      1.68      1.78      1.78      2.14      2.67      3.00
  9267.00      2.06      2.23      2.49      2.55      2.15      2.14      2.14      2.29      2.27      2.77      3.52      3.84
  9268.00      2.13      2.30      2.57      2.76      2.27      2.22      2.16      2.33      2.30      2.87      3.69      3.94
  9269.00      2.05      2.21      2.47      2.78      2.25      2.17      2.04      2.23      2.18      2.77      3.61      3.77
  9270.00      2.03      2.19      2.45      2.84      2.28      2.19      2.00      2.20      2.13      2.77      3.60      3.73
  9271.00      2.07      2.24      2.50      2.92      2.35      2.25      2.05      2.24      2.13      2.84      3.68      3.80
  9272.00      2.06      2.22      2.48      2.88      2.33      2.21      2.07      2.22      2.08      2.83      3.64      3.76
  9273.00      2.02      2.18      2.44      2.79      2.27      2.15      2.09      2.21      2.06      2.81      3.56      3.71
  9274.00      2.10      2.26      2.53      2.79      2.32      2.18      2.21      2.31      2.16      2.92      3.66      3.85
  9275.00      2.14      2.31      2.58      2.75      2.35      2.21      2.27      2.36      2.24      3.01      3.72      3.95
  9276.00      2.15      2.32      2.59      2.68      2.36      2.23      2.29      2.37      2.29      3.04      3.73      4.01
  9277.00      2.13      2.30      2.57      2.60      2.36      2.25      2.27      2.34      2.31      3.03      3.70      4.02
  9278.00      2.03      2.19      2.45      2.47      2.25      2.17      2.15      2.22      2.24      2.89      3.51      3.87
  9279.00      1.93      2.08      2.33      2.40      2.17      2.09      2.03      2.09      2.18      2.75      3.34      3.75
  9280.00      1.97      2.13      2.39      2.46      2.23      2.13      2.04      2.14      2.30      2.82      3.41      3.91
  9281.00      2.11      2.28      2.55      2.58      2.36      2.25      2.14      2.29      2.54      3.04      3.65      4.22
  9282.00      2.20      2.37      2.65      2.60      2.44      2.30      2.20      2.38      2.73      3.17      3.79      4.38
  9283.00      2.11      2.28      2.55      2.45      2.35      2.20      2.11      2.26      2.67      3.04      3.62      4.20
  9284.00      1.98      2.15      2.40      2.30      2.23      2.07      1.99      2.11      2.55      2.84      3.38      3.94
  9285.00      1.87      2.02      2.26      2.20      2.13      1.97      1.90      1.96      2.41      2.65      3.14      3.69
  9286.00      1.96      2.13      2.37      2.33      2.24      2.09      2.00      2.02      2.53      2.74      3.24      3.86
  9287.00      2.04      2.21      2.47      2.41      2.33      2.19      2.07      2.06      2.62      2.83      3.33      4.02
  9288.00      2.00      2.16      2.41      2.34      2.30      2.15      2.01      2.00      2.55      2.77      3.23      3.97
  9289.00      1.87      2.03      2.26      2.19      2.20      2.01      1.87      1.88      2.38      2.62      3.04      3.78
  9290.00      1.69      1.83      2.05      2.01      2.03      1.80      1.70      1.72      2.13      2.40      2.77      3.48
  9291.00      1.52      1.65      1.84      1.86      1.84      1.60      1.55      1.56      1.89      2.18      2.52      3.16
  9292.00      1.80      1.95      2.17      2.26      2.16      1.86      1.88      1.87      2.20      2.56      2.99      3.72
  9293.00      2.09      2.27      2.53      2.65      2.48      2.16      2.23      2.22      2.55      2.97      3.48      4.28
  9294.00      1.97      2.14      2.38      2.47      2.31      2.04      2.12      2.12      2.42      2.79      3.31      4.02
  9295.00      1.24      1.35      1.50      1.50      1.44      1.29      1.34      1.35      1.55      1.77      2.13      2.58
  9296.00      0.96      1.04      1.16      1.11      1.10      0.99      1.02      1.06      1.21      1.36      1.66      2.00
  9297.00      1.01      1.10      1.22      1.15      1.15      1.05      1.07      1.12      1.28      1.42      1.76      2.10
  9298.00      1.36      1.48      1.64      1.54      1.56      1.41      1.45      1.52      1.72      1.90      2.36      2.81
  9299.00      1.90      2.06      2.28      2.18      2.20      1.97      2.03      2.12      2.38      2.62      3.26      3.88
  9300.00      1.91      2.08      2.30      2.22      2.26      1.99      2.05      2.12      2.39      2.63      3.27      3.92
  9301.00      1.73      1.88      2.08      2.09      2.09      1.81      1.86      1.91      2.16      2.38      2.95      3.57
  9302.00      1.92      2.09      2.31      2.41      2.38      1.99      2.07      2.12      2.38      2.67      3.25      3.96
  9303.00      2.13      2.32      2.56      2.71      2.67      2.19      2.26      2.35      2.62      2.97      3.58      4.39
  9304.00      1.97      2.15      2.36      2.49      2.51      2.02      2.03      2.16      2.40      2.73      3.32      4.08
  9305.00      1.92      2.10      2.31      2.36      2.49      1.98      1.93      2.09      2.31      2.65      3.25      4.00
  9306.00      1.95      2.12      2.34      2.31      2.57      2.02      1.93      2.09      2.31      2.68      3.30      4.06
  9307.00      1.71      1.86      2.05      1.99      2.31      1.79      1.68      1.82      2.00      2.35      2.91      3.60
  9308.00      0.59      0.65      0.71      0.68      0.83      0.62      0.59      0.63      0.68      0.82      1.03      1.29
  9309.00      0.25      0.27      0.30      0.29      0.36      0.26      0.25      0.27      0.28      0.35      0.43      0.56
  9310.00      0.21      0.23      0.25      0.24      0.30      0.21      0.22      0.23      0.23      0.30      0.36      0.47
  9311.00      0.33      0.36      0.39      0.39      0.47      0.33      0.34      0.36      0.36      0.47      0.56      0.75
  9312.00      0.63      0.69      0.76      0.77      0.91      0.63      0.65      0.70      0.68      0.91      1.06      1.45
  9313.00      0.86      0.94      1.03      1.06      1.25      0.87      0.87      0.95      0.93      1.25      1.42      1.98
  9314.00      0.87      0.95      1.04      1.07      1.25      0.88      0.87      0.95      0.94      1.27      1.41      1.99
  9315.00      0.28      0.30      0.33      0.33      0.39      0.28      0.28      0.30      0.30      0.41      0.45      0.63
  9316.00      0.13      0.14      0.15      0.15      0.18      0.13      0.13      0.14      0.14      0.19      0.21      0.29
  9317.00      0.20      0.22      0.24      0.24      0.28      0.21      0.21      0.22      0.23      0.30      0.34      0.45
  9318.00      0.83      0.90      0.99      0.98      1.13      0.87      0.87      0.89      0.95      1.20      1.37      1.78
  9319.00      0.99      1.08      1.18      1.22      1.33      1.06      1.05      1.10      1.17      1.42      1.65      2.10
  9320.00      1.12      1.22      1.33      1.40      1.47      1.20      1.18      1.26      1.34      1.59      1.87      2.31
  9321.00      1.59      1.73      1.89      1.98      2.07      1.72      1.67      1.81      1.93      2.27      2.66      3.21
  9322.00      1.85      2.02      2.20      2.28      2.38      2.03      1.95      2.13      2.28      2.65      3.10      3.65
  9323.00      1.24      1.35      1.47      1.50      1.58      1.37      1.31      1.41      1.53      1.79      2.08      2.44
  9324.00      0.43      0.47      0.51      0.52      0.55      0.49      0.46      0.49      0.54      0.63      0.73      0.86
  9325.00      0.25      0.27      0.29      0.30      0.30      0.28      0.27      0.28      0.31      0.36      0.42      0.49
  9326.00      0.35      0.38      0.42      0.43      0.42      0.39      0.39      0.39      0.44      0.50      0.59      0.69
  9327.00      0.69      0.75      0.82      0.86      0.80      0.76      0.76      0.75      0.87      0.96      1.13      1.35
  9328.00      1.51      1.65      1.79      1.88      1.74      1.66      1.67      1.64      1.92      2.06      2.44      2.94
  9329.00      2.12      2.31      2.51      2.61      2.39      2.34      2.29      2.27      2.68      2.87      3.36      4.09
  9330.00      2.12      2.31      2.51      2.61      2.35      2.36      2.24      2.27      2.69      2.89      3.36      4.10
  9331.00      1.94      2.11      2.30      2.37      2.10      2.17      2.02      2.08      2.46      2.66      3.09      3.78
  9332.00      1.29      1.40      1.53      1.58      1.35      1.44      1.33      1.40      1.64      1.78      2.09      2.55
  9333.00      0.84      0.91      1.00      1.04      0.87      0.93      0.87      0.93      1.07      1.16      1.38      1.68
  9334.00      0.88      0.96      1.05      1.10      0.91      0.97      0.92      0.99      1.12      1.21      1.47      1.76
  9335.00      1.31      1.43      1.56      1.63      1.38      1.43      1.38      1.47      1.67      1.80      2.20      2.60
  9336.00      1.65      1.79      1.96      2.01      1.77      1.78      1.75      1.84      2.10      2.27      2.77      3.25
  9337.00      2.01      2.19      2.38      2.38      2.19      2.15      2.15      2.21      2.57      2.79      3.37      3.96
  9338.00      2.08      2.26      2.46      2.41      2.25      2.20      2.23      2.24      2.66      2.92      3.47      4.13
  9339.00      1.54      1.67      1.83      1.76      1.64      1.62      1.66      1.63      2.00      2.20      2.58      3.13
  9340.00      1.29      1.40      1.53      1.46      1.37      1.36      1.40      1.35      1.69      1.87      2.17      2.67
  9341.00      1.46      1.59      1.74      1.66      1.56      1.57      1.57      1.52      1.92      2.13      2.46      3.02
  9342.00      1.53      1.67      1.82      1.76      1.68      1.66      1.63      1.59      2.00      2.22      2.58      3.15
  9343.00      1.10      1.20      1.31      1.29      1.25      1.21      1.18      1.16      1.43      1.60      1.87      2.27
  9344.00      0.92      1.01      1.10      1.12      1.07      0.99      1.01      0.99      1.20      1.33      1.58      1.89
  9345.00      1.40      1.53      1.67      1.74      1.63      1.49      1.55      1.52      1.82      2.01      2.37      2.83
  9346.00      1.78      1.93      2.12      2.21      2.06      1.88      1.97      1.93      2.32      2.57      2.97      3.57
  9347.00      2.19      2.38      2.60      2.68      2.51      2.30      2.41      2.37      2.87      3.18      3.61      4.38
  9348.00      2.30      2.50      2.74      2.75      2.61      2.41      2.49      2.50      3.02      3.35      3.79      4.64
  9349.00      1.89      2.05      2.25      2.19      2.12      1.96      2.01      2.07      2.48      2.75      3.15      3.87
  9350.00      1.29      1.41      1.54      1.48      1.43      1.33      1.37      1.43      1.69      1.89      2.20      2.69
  9351.00      0.92      1.00      1.10      1.06      1.00      0.94      0.99      1.03      1.19      1.33      1.59      1.93
  9352.00      0.79      0.86      0.95      0.93      0.86      0.81      0.87      0.89      1.02      1.14      1.39      1.67
  9353.00      0.65      0.71      0.78      0.79      0.70      0.67      0.73      0.75      0.83      0.94      1.16      1.38
  9354.00      0.85      0.93      1.02      1.06      0.89      0.89      0.95      0.99      1.06      1.21      1.51      1.77
  9355.00      1.50      1.64      1.79      1.89      1.57      1.60      1.68      1.76      1.85      2.15      2.66      3.09
  9356.00      1.83      2.00      2.19      2.30      1.93      1.97      2.03      2.16      2.25      2.64      3.25      3.76
  9357.00      1.59      1.74      1.90      1.98      1.69      1.72      1.76      1.87      1.96      2.31      2.83      3.28
  9358.00      1.28      1.40      1.53      1.55      1.38      1.38      1.42      1.49      1.59      1.88      2.28      2.64
  9359.00      1.54      1.68      1.84      1.80      1.69      1.64      1.71      1.78      1.94      2.28      2.70      3.14
  9360.00      2.05      2.23      2.45      2.35      2.25      2.17      2.28      2.37      2.58      3.03      3.53      4.13
  9361.00      2.11      2.30      2.53      2.44      2.31      2.24      2.35      2.48      2.65      3.11      3.59      4.25
  9362.00      1.86      2.03      2.22      2.20      2.01      1.98      2.05      2.20      2.31      2.72      3.12      3.76
  9363.00      1.33      1.45      1.59      1.63      1.42      1.44      1.45      1.57      1.64      1.93      2.22      2.71
  9364.00      0.89      0.98      1.07      1.13      0.95      0.98      0.97      1.05      1.09      1.29      1.49      1.83
  9365.00      0.77      0.85      0.93      0.98      0.81      0.85      0.84      0.91      0.94      1.12      1.29      1.57
  9366.00      1.12      1.22      1.34      1.39      1.16      1.22      1.21      1.30      1.36      1.61      1.85      2.22
  9367.00      1.10      1.20      1.32      1.37      1.14      1.21      1.19      1.28      1.37      1.59      1.82      2.17
  9368.00      0.98      1.08      1.18      1.23      1.01      1.09      1.07      1.16      1.25      1.44      1.64      1.93
  9369.00      1.05      1.15      1.26      1.32      1.07      1.16      1.15      1.25      1.35      1.54      1.74      2.05
  9370.00      1.16      1.27      1.39      1.44      1.17      1.28      1.27      1.38      1.50      1.71      1.92      2.25
  9371.00      1.10      1.21      1.33      1.32      1.08      1.21      1.21      1.31      1.42      1.65      1.84      2.17
  9372.00      1.33      1.46      1.60      1.54      1.26      1.45      1.47      1.57      1.70      2.01      2.23      2.66
  9373.00      1.75      1.91      2.10      2.04      1.60      1.89      1.94      2.05      2.22      2.65      2.92      3.48
  9374.00      1.76      1.93      2.12      2.12      1.55      1.89      1.96      2.05      2.23      2.69      2.94      3.53
  9375.00      1.00      1.10      1.21      1.23      0.84      1.07      1.12      1.16      1.29      1.54      1.69      2.05
  9376.00      0.46      0.50      0.55      0.56      0.37      0.49      0.51      0.53      0.59      0.70      0.77      0.95
  9377.00      0.27      0.30      0.33      0.34      0.23      0.29      0.31      0.32      0.36      0.42      0.46      0.57
  9378.00      0.32      0.35      0.38      0.39      0.26      0.34      0.35      0.37      0.40      0.48      0.53      0.66
  9379.00      0.53      0.58      0.64      0.66      0.44      0.57      0.58      0.61      0.67      0.79      0.90      1.11
  9380.00      0.69      0.76      0.84      0.87      0.58      0.75      0.75      0.81      0.86      1.03      1.18      1.45
  9381.00      0.84      0.92      1.02      1.06      0.71      0.92      0.91      1.00      1.05      1.24      1.43      1.75
  9382.00      1.29      1.41      1.55      1.63      1.11      1.41      1.37      1.54      1.61      1.88      2.17      2.62
  9383.00      1.64      1.80      1.98      2.08      1.47      1.80      1.77      1.97      2.07      2.40      2.75      3.31
  9384.00      1.66      1.82      2.01      2.11      1.57      1.81      1.81      1.99      2.11      2.44      2.76      3.34
  9385.00      1.40      1.53      1.69      1.78      1.37      1.51      1.55      1.66      1.77      2.07      2.30      2.83
  9386.00      1.15      1.25      1.38      1.47      1.15      1.24      1.27      1.35      1.44      1.71      1.88      2.33
  9387.00      0.87      0.96      1.06      1.13      0.91      0.96      0.96      1.01      1.10      1.31      1.45      1.80
  9388.00      0.69      0.75      0.83      0.89      0.74      0.76      0.74      0.79      0.87      1.02      1.16      1.43
  9389.00      0.63      0.69      0.77      0.82      0.69      0.71      0.68      0.73      0.81      0.93      1.08      1.32
  9390.00      0.90      0.98      1.09      1.17      0.98      1.00      0.96      1.04      1.17      1.31      1.54      1.86
  9391.00      1.49      1.63      1.80      1.95      1.64      1.66      1.60      1.76      1.95      2.15      2.55      3.02
  9392.00      1.70      1.86      2.05      2.23      1.89      1.86      1.83      2.04      2.22      2.44      2.90      3.39
  9393.00      1.83      2.00      2.20      2.40      2.04      1.97      1.97      2.22      2.35      2.64      3.07      3.63
  9394.00      1.80      1.97      2.17      2.37      2.01      1.91      1.93      2.18      2.29      2.63      2.98      3.62
  9395.00      1.69      1.84      2.04      2.22      1.89      1.76      1.80      2.03      2.13      2.49      2.77      3.48
  9396.00      1.48      1.62      1.79      1.95      1.69      1.53      1.57      1.76      1.87      2.21      2.44      3.16
  9397.00      1.34      1.46      1.62      1.76      1.54      1.38      1.41      1.57      1.69      1.98      2.21      2.93
  9398.00      1.33      1.46      1.61      1.75      1.54      1.37      1.41      1.55      1.68      1.96      2.21      2.94
  9399.00      0.89      0.98      1.08      1.17      1.03      0.92      0.94      1.04      1.13      1.31      1.49      2.01
  9400.00      0.86      0.94      1.04      1.13      0.99      0.90      0.91      1.00      1.09      1.26      1.44      1.94
  9401.00      1.34      1.46      1.61      1.75      1.52      1.40      1.43      1.55      1.68      1.95      2.22      2.96
  9402.00      1.62      1.77      1.95      2.12      1.84      1.71      1.75      1.88      2.04      2.35      2.65      3.53
  9403.00      1.08      1.18      1.31      1.41      1.23      1.15      1.18      1.26      1.38      1.57      1.75      2.37
  9404.00      0.51      0.56      0.61      0.66      0.57      0.54      0.55      0.59      0.66      0.74      0.81      1.12
  9405.00      0.36      0.40      0.44      0.47      0.41      0.39      0.39      0.42      0.47      0.52      0.57      0.80
  9406.00      0.48      0.53      0.58      0.63      0.54      0.52      0.52      0.57      0.63      0.70      0.75      1.05
  9407.00      1.01      1.10      1.22      1.31      1.16      1.09      1.07      1.18      1.32      1.44      1.58      2.17
  9408.00      1.48      1.62      1.78      1.92      1.76      1.63      1.58      1.73      1.93      2.10      2.32      3.15
  9409.00      1.32      1.44      1.59      1.71      1.59      1.46      1.41      1.54      1.71      1.87      2.10      2.83
  9410.00      1.36      1.48      1.63      1.75      1.64      1.49      1.46      1.60      1.76      1.92      2.21      2.93
  9411.00      1.59      1.74      1.91      2.05      1.91      1.74      1.72      1.89      2.10      2.25      2.64      3.46
  9412.00      1.77      1.93      2.12      2.28      2.10      1.92      1.90      2.10      2.40      2.51      2.98      3.85
  9413.00      1.82      1.99      2.18      2.34      2.13      1.96      1.93      2.15      2.53      2.59      3.08      3.95
  9414.00      1.60      1.75      1.92      2.06      1.85      1.74      1.69      1.87      2.30      2.30      2.74      3.50
  9415.00      1.63      1.78      1.95      2.09      1.86      1.78      1.72      1.87      2.42      2.34      2.81      3.56
  9416.00      1.74      1.90      2.09      2.23      1.98      1.90      1.84      1.96      2.65      2.50      3.00      3.80
  9417.00      1.62      1.77      1.94      2.07      1.84      1.76      1.71      1.80      2.50      2.32      2.78      3.54
  9418.00      1.37      1.50      1.64      1.75      1.55      1.49      1.45      1.51      2.13      1.97      2.34      3.03
  9419.00      1.38      1.51      1.65      1.76      1.54      1.51      1.45      1.51      2.14      1.99      2.34      3.07
  9420.00      1.51      1.65      1.81      1.93      1.67      1.67      1.58      1.66      2.32      2.20      2.55      3.38
  9421.00      0.95      1.04      1.14      1.21      1.04      1.05      0.98      1.04      1.43      1.40      1.60      2.16
  9422.00      0.62      0.68      0.75      0.79      0.69      0.68      0.64      0.68      0.91      0.92      1.04      1.43
  9423.00      0.91      1.00      1.09      1.16      1.04      0.99      0.94      1.01      1.29      1.35      1.52      2.08
  9424.00      1.36      1.49      1.62      1.73      1.58      1.47      1.41      1.52      1.88      1.99      2.25      3.09
  9425.00      1.27      1.39      1.52      1.62      1.51      1.39      1.32      1.43      1.72      1.86      2.12      2.94
  9426.00      1.13      1.23      1.35      1.44      1.35      1.24      1.17      1.27      1.50      1.64      1.87      2.62
  9427.00      0.72      0.79      0.86      0.93      0.87      0.80      0.76      0.82      0.95      1.04      1.20      1.68
  9428.00      0.83      0.91      0.99      1.07      0.98      0.92      0.90      0.97      1.07      1.21      1.39      1.95
  9429.00      1.44      1.57      1.71      1.85      1.64      1.57      1.55      1.66      1.83      2.10      2.37      3.34
  9430.00      1.73      1.89      2.06      2.22      1.93      1.85      1.87      1.99      2.19      2.53      2.84      4.01
  9431.00      1.82      1.99      2.16      2.34      1.97      1.91      1.96      2.08      2.28      2.67      2.98      4.21
  9432.00      1.85      2.02      2.20      2.39      1.99      1.93      1.97      2.10      2.31      2.73      3.05      4.32
  9433.00      1.91      2.09      2.27      2.47      2.06      2.00      2.03      2.17      2.36      2.81      3.17      4.52
  9434.00      1.84      2.02      2.19      2.39      2.00      1.96      1.97      2.10      2.26      2.69      3.09      4.47
  9435.00      1.72      1.89      2.05      2.24      1.87      1.87      1.85      1.98      2.11      2.50      2.90      4.27
  9436.00      1.53      1.68      1.82      1.99      1.66      1.69      1.65      1.76      1.87      2.21      2.58      3.88
  9437.00      1.26      1.38      1.50      1.64      1.38      1.41      1.36      1.45      1.53      1.82      2.12      3.23
  9438.00      0.89      0.98      1.06      1.17      1.00      1.00      0.97      1.03      1.08      1.30      1.51      2.34
  9439.00      0.99      1.09      1.18      1.30      1.14      1.13      1.08      1.14      1.19      1.47      1.67      2.63
  9440.00      0.62      0.68      0.74      0.82      0.72      0.71      0.68      0.71      0.75      0.93      1.05      1.67
  9441.00      0.15      0.16      0.18      0.20      0.17      0.17      0.16      0.17      0.18      0.23      0.26      0.40
  9442.00      0.16      0.17      0.19      0.21      0.18      0.18      0.17      0.18      0.18      0.24      0.27      0.40
  9443.00      0.28      0.31      0.34      0.37      0.32      0.32      0.31      0.33      0.34      0.43      0.49      0.72
  9444.00      0.79      0.86      0.94      1.04      0.91      0.88      0.83      0.91      0.95      1.18      1.33      1.95
  9445.00      0.85      0.93      1.02      1.12      0.99      0.94      0.89      0.99      1.03      1.26      1.44      2.08
  9446.00      0.89      0.98      1.06      1.18      1.03      0.99      0.93      1.03      1.10      1.32      1.51      2.14
  9447.00      1.46      1.61      1.75      1.93      1.65      1.63      1.55      1.70      1.83      2.16      2.45      3.43
  9448.00      1.60      1.76      1.91      2.11      1.77      1.79      1.73      1.87      2.02      2.36      2.67      3.72
  9449.00      1.37      1.50      1.63      1.80      1.50      1.54      1.51      1.60      1.74      2.02      2.27      3.18
  9450.00      0.92      1.01      1.10      1.22      1.02      1.04      1.03      1.07      1.18      1.36      1.52      2.16
  9451.00      0.73      0.80      0.87      0.97      0.83      0.82      0.82      0.84      0.94      1.09      1.20      1.72
  9452.00      0.96      1.05      1.15      1.26      1.12      1.07      1.07      1.09      1.23      1.43      1.54      2.23
  9453.00      1.24      1.36      1.48      1.63      1.47      1.38      1.37      1.41      1.57      1.85      1.96      2.85
  9454.00      1.18      1.29      1.40      1.55      1.40      1.31      1.29      1.35      1.48      1.77      1.83      2.69
  9455.00      1.23      1.35      1.47      1.62      1.45      1.37      1.35      1.42      1.56      1.86      1.90      2.80
  9456.00      1.13      1.24      1.35      1.49      1.33      1.28      1.24      1.32      1.46      1.73      1.74      2.58
  9457.00      1.12      1.23      1.34      1.47      1.30      1.29      1.23      1.30      1.46      1.73      1.72      2.55
  9458.00      1.07      1.18      1.28      1.41      1.25      1.26      1.19      1.25      1.41      1.66      1.66      2.45
  9459.00      0.75      0.83      0.90      0.99      0.89      0.89      0.84      0.88      0.99      1.16      1.17      1.72
  9460.00      0.15      0.17      0.18      0.20      0.18      0.18      0.17      0.18      0.20      0.23      0.24      0.35
  9461.00      0.14      0.15      0.16      0.18      0.17      0.16      0.15      0.16      0.18      0.20      0.22      0.31
  9462.00      0.34      0.37      0.41      0.45      0.44      0.38      0.37      0.39      0.46      0.51      0.55      0.78
  9463.00      1.05      1.16      1.26      1.38      1.38      1.17      1.14      1.20      1.45      1.55      1.73      2.41
  9464.00      1.73      1.90      2.07      2.27      2.29      1.91      1.88      1.97      2.42      2.52      2.86      3.89
  9465.00      1.68      1.85      2.01      2.21      2.25      1.86      1.84      1.90      2.37      2.44      2.82      3.83
  9466.00      1.58      1.74      1.89      2.08      2.14      1.77      1.75      1.78      2.24      2.30      2.69      3.68
  9467.00      1.57      1.73      1.88      2.07      2.15      1.78      1.74      1.75      2.20      2.29      2.68      3.68
  9468.00      1.46      1.61      1.75      1.92      2.00      1.67      1.60      1.61      2.00      2.13      2.50      3.43
  9469.00      1.40      1.54      1.68      1.84      1.91      1.60      1.52      1.51      1.87      2.04      2.38      3.26
  9470.00      1.54      1.70      1.84      2.02      2.07      1.74      1.67      1.64      2.01      2.27      2.60      3.52
  9471.00      1.65      1.81      1.97      2.16      2.18      1.85      1.78      1.73      2.10      2.44      2.76      3.70
  9472.00      1.70      1.87      2.03      2.23      2.23      1.91      1.84      1.78      2.14      2.54      2.82      3.74
  9473.00      1.53      1.68      1.82      2.00      2.00      1.72      1.64      1.61      1.90      2.29      2.51      3.30
  9474.00      1.41      1.55      1.68      1.85      1.84      1.59      1.51      1.49      1.74      2.11      2.31      3.01
  9475.00      1.34      1.47      1.60      1.76      1.72      1.52      1.43      1.43      1.64      1.98      2.20      2.85
  9476.00      1.44      1.58      1.72      1.89      1.80      1.63      1.52      1.54      1.76      2.10      2.36      3.07
  9477.00      1.38      1.52      1.65      1.81      1.67      1.55      1.45      1.47      1.68      2.00      2.25      2.98
  9478.00      0.79      0.87      0.95      1.04      0.95      0.89      0.84      0.84      0.97      1.15      1.30      1.76
  9479.00      0.47      0.52      0.56      0.62      0.56      0.53      0.51      0.49      0.58      0.68      0.77      1.06
  9480.00      0.41      0.45      0.49      0.54      0.48      0.46      0.44      0.43      0.50      0.59      0.67      0.93
  9481.00      0.61      0.67      0.73      0.81      0.70      0.70      0.67      0.66      0.75      0.88      0.99      1.40
  9482.00      0.89      0.99      1.07      1.18      1.00      1.03      1.00      0.97      1.09      1.27      1.44      2.03
  9483.00      1.41      1.55      1.69      1.86      1.54      1.62      1.59      1.56      1.73      1.99      2.28      3.14
  9484.00      1.63      1.80      1.95      2.15      1.76      1.87      1.83      1.82      2.02      2.30      2.65      3.60
  9485.00      1.48      1.63      1.77      1.95      1.60      1.68      1.65      1.67      1.86      2.09      2.42      3.26
  9486.00      1.30      1.43      1.55      1.71      1.43      1.45      1.43      1.47      1.66      1.84      2.14      2.85
  9487.00      1.42      1.57      1.70      1.87      1.59      1.56      1.55      1.62      1.85      2.02      2.35      3.12
  9488.00      1.66      1.84      1.99      2.19      1.86      1.81      1.80      1.91      2.16      2.37      2.75      3.63
  9489.00      1.65      1.82      1.97      2.17      1.87      1.79      1.79      1.89      2.13      2.36      2.73      3.60
  9490.00      1.62      1.78      1.94      2.13      1.86      1.76      1.78      1.84      2.08      2.32      2.69      3.54
  9491.00      1.55      1.71      1.86      2.04      1.78      1.69      1.73      1.76      1.98      2.22      2.60      3.39
  9492.00      1.11      1.22      1.32      1.46      1.25      1.20      1.24      1.25      1.41      1.59      1.88      2.44
  9493.00      0.72      0.79      0.86      0.95      0.80      0.78      0.81      0.82      0.92      1.04      1.24      1.60
  9494.00      0.75      0.83      0.90      0.99      0.78      0.81      0.85      0.86      0.97      1.09      1.31      1.65
  9495.00      1.32      1.46      1.58      1.75      1.30      1.43      1.49      1.51      1.71      1.92      2.31      2.85
  9496.00      1.59      1.76      1.90      2.10      1.53      1.73      1.79      1.81      2.07      2.31      2.77      3.41
  9497.00      1.59      1.75      1.90      2.10      1.49      1.75      1.79      1.79      2.07      2.34      2.77      3.41
  9498.00      1.55      1.72      1.86      2.05      1.41      1.73      1.74      1.72      2.02      2.32      2.72      3.37
  9499.00      1.58      1.75      1.89      2.09      1.39      1.78      1.75      1.72      2.03      2.37      2.78      3.45
  9500.00      1.41      1.56      1.69      1.86      1.22      1.60      1.54      1.53      1.80      2.12      2.49      3.09
  9501.00      0.94      1.04      1.13      1.26      0.80      1.07      1.03      1.03      1.19      1.43      1.69      2.10
  9502.00      1.18      1.30      1.41      1.56      0.97      1.34      1.28      1.30      1.47      1.79      2.12      2.62
  9503.00      1.44      1.59      1.72      1.90      1.19      1.63      1.56      1.60      1.81      2.18      2.57      3.17
  9504.00      1.15      1.27      1.38      1.52      0.98      1.31      1.26      1.29      1.46      1.74      2.07      2.53
  9505.00      0.89      0.98      1.07      1.18      0.80      1.02      0.98      1.00      1.13      1.34      1.60      1.94
  9506.00      0.98      1.09      1.18      1.30      0.96      1.15      1.09      1.11      1.24      1.47      1.77      2.10
  9507.00      1.31      1.45      1.57      1.73      1.39      1.54      1.45      1.48      1.64      1.96      2.34      2.72
  9508.00      1.49      1.65      1.79      1.98      1.67      1.76      1.65      1.67      1.87      2.24      2.68      3.03
  9509.00      1.54      1.70      1.85      2.03      1.78      1.81      1.71      1.71      1.95      2.31      2.77      3.10
  9510.00      1.56      1.73      1.87      2.06      1.82      1.82      1.75      1.72      2.00      2.34      2.81      3.15
  9511.00      1.50      1.66      1.80      1.98      1.76      1.73      1.71      1.66      1.94      2.24      2.71      3.05
  9512.00      1.43      1.59      1.72      1.89      1.68      1.62      1.65      1.59      1.85      2.12      2.60      2.94
  9513.00      1.15      1.27      1.38      1.52      1.37      1.27      1.33      1.28      1.48      1.69      2.09      2.40
  9514.00      0.91      1.01      1.10      1.21      1.10      1.00      1.06      1.01      1.17      1.34      1.66      1.93
  9515.00      0.99      1.09      1.19      1.31      1.20      1.07      1.13      1.10      1.26      1.45      1.78      2.11
  9516.00      1.12      1.24      1.35      1.48      1.35      1.22      1.27      1.24      1.42      1.64      2.01      2.39
  9517.00      0.97      1.07      1.17      1.28      1.13      1.06      1.09      1.08      1.23      1.42      1.72      2.09
  9518.00      1.20      1.33      1.44      1.58      1.32      1.32      1.34      1.34      1.52      1.75      2.10      2.61
  9519.00      1.39      1.53      1.67      1.83      1.48      1.53      1.56      1.56      1.77      2.01      2.42      3.04
  9520.00      1.00      1.10      1.20      1.32      1.03      1.09      1.13      1.13      1.28      1.44      1.75      2.23
  9521.00      0.38      0.42      0.46      0.50      0.39      0.42      0.43      0.43      0.49      0.54      0.67      0.86
  9522.00      0.20      0.22      0.24      0.26      0.20      0.22      0.22      0.22      0.26      0.28      0.35      0.44
  9523.00      0.37      0.41      0.45      0.49      0.38      0.43      0.41      0.42      0.50      0.53      0.66      0.83
  9524.00      0.96      1.07      1.16      1.27      0.99      1.13      1.05      1.10      1.29      1.36      1.71      2.10
  9525.00      1.20      1.33      1.45      1.59      1.25      1.43      1.32      1.39      1.61      1.71      2.11      2.56
  9526.00      1.29      1.43      1.56      1.70      1.34      1.54      1.43      1.52      1.74      1.86      2.25      2.72
  9527.00      1.32      1.46      1.59      1.74      1.35      1.56      1.48      1.57      1.79      1.93      2.28      2.76
  9528.00      1.23      1.36      1.48      1.62      1.24      1.44      1.39      1.48      1.69      1.82      2.12      2.56
  9529.00      1.29      1.43      1.55      1.70      1.27      1.49      1.46      1.55      1.82      1.92      2.22      2.67
  9530.00      1.52      1.68      1.83      2.00      1.47      1.75      1.71      1.80      2.21      2.27      2.61      3.12
  9531.00      1.38      1.53      1.67      1.82      1.34      1.58      1.55      1.61      2.08      2.07      2.38      2.84
  9532.00      0.99      1.10      1.20      1.30      0.99      1.14      1.11      1.14      1.57      1.49      1.72      2.06
  9533.00      0.91      1.01      1.10      1.20      0.95      1.05      1.01      1.04      1.54      1.37      1.58      1.90
  9534.00      1.21      1.34      1.46      1.59      1.34      1.41      1.34      1.38      2.18      1.83      2.09      2.52
  9535.00      1.38      1.53      1.67      1.82      1.60      1.62      1.52      1.59      2.62      2.09      2.38      2.87
  9536.00      1.06      1.18      1.28      1.40      1.28      1.25      1.15      1.23      2.16      1.61      1.84      2.24
  9537.00      1.26      1.40      1.52      1.66      1.58      1.48      1.35      1.46      2.71      1.92      2.18      2.68
  9538.00      1.48      1.64      1.79      1.95      1.92      1.73      1.60      1.71      3.23      2.26      2.58      3.15
  9539.00      1.30      1.44      1.57      1.71      1.74      1.51      1.42      1.49      2.87      2.00      2.28      2.78
  9540.00      1.01      1.12      1.22      1.33      1.39      1.16      1.13      1.15      2.24      1.57      1.79      2.18
  9541.00      1.09      1.21      1.32      1.43      1.51      1.24      1.22      1.24      2.33      1.71      1.91      2.35
  9542.00      1.46      1.62      1.76      1.92      2.02      1.64      1.64      1.66      3.00      2.32      2.55      3.14
  9543.00      1.37      1.52      1.66      1.80      1.89      1.54      1.54      1.57      2.76      2.20      2.40      2.96
  9544.00      0.99      1.10      1.21      1.31      1.35      1.11      1.10      1.16      1.96      1.63      1.76      2.18
  9545.00      1.30      1.44      1.58      1.71      1.72      1.46      1.42      1.55      2.51      2.17      2.31      2.88
  9546.00      1.56      1.72      1.88      2.04      1.99      1.75      1.70      1.87      2.99      2.59      2.78      3.44
  9547.00      1.74      1.93      2.10      2.29      2.14      1.97      1.90      2.12      3.36      2.88      3.15      3.86
  9548.00      1.73      1.91      2.09      2.27      2.09      1.97      1.87      2.10      3.36      2.83      3.17      3.85
  9549.00      1.58      1.75      1.91      2.08      1.91      1.81      1.71      1.89      3.08      2.55      2.92      3.54
  9550.00      1.51      1.67      1.83      1.99      1.86      1.72      1.65      1.77      2.92      2.39      2.79      3.40
  9551.00      1.60      1.77      1.94      2.10      1.99      1.81      1.78      1.84      3.01      2.47      2.94      3.61
  9552.00      1.59      1.76      1.92      2.09      1.98      1.80      1.80      1.81      2.90      2.43      2.91      3.62
  9553.00      0.85      0.94      1.03      1.12      1.05      0.96      0.98      0.97      1.52      1.30      1.58      2.00
  9554.00      0.27      0.30      0.33      0.36      0.33      0.31      0.32      0.32      0.46      0.42      0.51      0.65
  9555.00      0.21      0.23      0.25      0.27      0.25      0.24      0.24      0.24      0.33      0.31      0.38      0.50
  9556.00      0.27      0.30      0.32      0.35      0.33      0.31      0.30      0.31      0.41      0.40      0.49      0.64
  9557.00      0.73      0.81      0.88      0.96      0.90      0.84      0.80      0.86      1.05      1.08      1.32      1.73
  9558.00      1.43      1.58      1.73      1.89      1.76      1.63      1.55      1.70      2.01      2.09      2.56      3.29
  9559.00      1.59      1.77      1.93      2.11      1.93      1.79      1.74      1.89      2.22      2.31      2.86      3.60
  9560.00      1.74      1.93      2.11      2.30      2.07      1.92      1.93      2.05      2.41      2.49      3.13      3.87
  9561.00      1.59      1.77      1.94      2.11      1.87      1.74      1.80      1.87      2.22      2.27      2.89      3.53
  9562.00      1.07      1.18      1.30      1.41      1.25      1.15      1.22      1.23      1.50      1.52      1.94      2.37
  9563.00      0.72      0.80      0.87      0.95      0.84      0.77      0.82      0.82      1.01      1.02      1.30      1.59
  9564.00      0.71      0.79      0.86      0.94      0.85      0.75      0.81      0.81      1.00      1.02      1.27      1.56
  9565.00      0.94      1.04      1.15      1.25      1.17      0.99      1.05      1.07      1.29      1.39      1.65      2.05
  9566.00      1.28      1.42      1.56      1.71      1.61      1.35      1.42      1.48      1.73      1.94      2.22      2.77
  9567.00      1.36      1.51      1.65      1.81      1.69      1.44      1.49      1.58      1.81      2.08      2.34      2.92
  9568.00      0.86      0.95      1.05      1.15      1.05      0.91      0.94      1.01      1.13      1.34      1.49      1.87
  9569.00      0.30      0.34      0.37      0.40      0.36      0.32      0.33      0.36      0.40      0.47      0.53      0.67
  9570.00      0.23      0.26      0.28      0.31      0.27      0.25      0.26      0.28      0.31      0.36      0.42      0.52
  9571.00      0.35      0.39      0.43      0.47      0.42      0.38      0.39      0.42      0.47      0.54      0.63      0.78
  9572.00      0.87      0.97      1.06      1.16      1.08      0.96      0.96      1.04      1.17      1.32      1.56      1.93
  9573.00      1.34      1.49      1.63      1.79      1.66      1.48      1.46      1.59      1.78      1.99      2.40      2.94
  9574.00      1.28      1.42      1.56      1.71      1.56      1.41      1.40      1.52      1.70      1.91      2.31      2.85
  9575.00      1.07      1.19      1.31      1.44      1.28      1.17      1.18      1.27      1.42      1.61      1.94      2.43
  9576.00      1.22      1.35      1.48      1.63      1.43      1.32      1.34      1.45      1.59      1.83      2.19      2.78
  9577.00      1.36      1.51      1.66      1.82      1.61      1.48      1.52      1.61      1.76      2.05      2.43      3.15
  9578.00      1.43      1.59      1.74      1.91      1.69      1.55      1.60      1.69      1.83      2.16      2.53      3.39
  9579.00      1.33      1.47      1.61      1.78      1.57      1.44      1.49      1.57      1.70      2.00      2.34      3.21
  9580.00      1.00      1.11      1.21      1.34      1.18      1.08      1.13      1.19      1.29      1.50      1.76      2.49
  9581.00      0.98      1.09      1.20      1.32      1.18      1.05      1.11      1.18      1.28      1.47      1.72      2.56
  9582.00      1.36      1.50      1.64      1.82      1.66      1.45      1.53      1.63      1.78      2.02      2.35      3.57
  9583.00      1.66      1.84      2.01      2.22      2.09      1.77      1.86      1.99      2.18      2.47      2.87      4.41
  9584.00      1.74      1.93      2.11      2.33      2.26      1.87      1.96      2.09      2.30      2.62      3.03      4.70
  9585.00      1.61      1.79      1.95      2.16      2.15      1.74      1.82      1.93      2.14      2.45      2.83      4.40
  9586.00      1.46      1.62      1.77      1.96      2.01      1.58      1.66      1.74      1.95      2.23      2.59      4.00
  9587.00      1.40      1.55      1.69      1.87      1.97      1.51      1.61      1.65      1.87      2.13      2.50      3.78
  9588.00      1.29      1.43      1.57      1.74      1.87      1.41      1.51      1.53      1.73      1.98      2.33      3.46
  9589.00      1.15      1.27      1.39      1.54      1.70      1.29      1.36      1.36      1.53      1.75      2.07      2.98
  9590.00      1.27      1.40      1.53      1.70      1.91      1.47      1.51      1.50      1.67      1.93      2.27      3.14
  9591.00      1.32      1.47      1.60      1.77      2.02      1.56      1.57      1.57      1.72      2.02      2.36      3.17
  9592.00      1.34      1.48      1.62      1.80      2.04      1.60      1.58      1.59      1.71      2.05      2.39      3.05
  9593.00      1.44      1.59      1.74      1.93      2.15      1.73      1.67      1.71      1.82      2.20      2.57      3.12
  9594.00      1.37      1.52      1.66      1.84      2.00      1.64      1.58      1.64      1.72      2.09      2.47      2.87
  9595.00      1.32      1.46      1.59      1.77      1.86      1.58      1.50      1.59      1.66      2.00      2.41      2.66
  9596.00      1.44      1.59      1.73      1.93      1.96      1.72      1.61      1.75      1.81      2.17      2.64      2.82
  9597.00      1.55      1.71      1.86      2.07      2.06      1.84      1.72      1.89      1.96      2.31      2.83      2.97
  9598.00      1.37      1.52      1.65      1.83      1.81      1.61      1.53      1.66      1.74      2.03      2.51      2.60
  9599.00      1.34      1.48      1.61      1.79      1.74      1.55      1.51      1.61      1.71      1.96      2.45      2.52
  9600.00      1.57      1.74      1.88      2.10      1.98      1.78      1.79      1.87      2.00      2.27      2.87      2.92
  9601.00      1.62      1.79      1.94      2.16      1.97      1.81      1.86      1.93      2.07      2.33      2.98      2.96
  9602.00      1.58      1.75      1.89      2.11      1.86      1.75      1.82      1.89      2.03      2.27      2.95      2.83
  9603.00      1.50      1.66      1.80      2.01      1.76      1.66      1.73      1.79      1.96      2.16      2.86      2.63
  9604.00      1.40      1.55      1.68      1.87      1.65      1.55      1.60      1.66      1.84      2.02      2.69      2.38
  9605.00      1.23      1.36      1.47      1.64      1.49      1.35      1.40      1.45      1.61      1.78      2.37      2.02
  9606.00      1.32      1.46      1.58      1.77      1.64      1.43      1.52      1.56      1.72      1.92      2.54      2.10
  9607.00      1.50      1.66      1.80      2.01      1.86      1.61      1.73      1.78      1.95      2.19      2.85      2.34
  9608.00      1.42      1.57      1.70      1.90      1.74      1.52      1.62      1.70      1.83      2.08      2.67      2.21
  9609.00      0.91      1.01      1.10      1.22      1.12      0.97      1.03      1.11      1.19      1.36      1.72      1.46
  9610.00      0.62      0.69      0.74      0.83      0.77      0.66      0.69      0.76      0.81      0.93      1.16      1.04
  9611.00      0.92      1.02      1.10      1.23      1.15      0.98      1.03      1.12      1.23      1.37      1.69      1.65
  9612.00      1.42      1.57      1.70      1.89      1.79      1.52      1.61      1.73      1.90      2.10      2.55      2.66
  9613.00      1.58      1.75      1.89      2.11      2.02      1.70      1.83      1.94      2.12      2.35      2.82      3.12
  9614.00      1.49      1.65      1.78      1.99      1.89      1.61      1.74      1.84      1.98      2.24      2.64      3.09
  9615.00      1.33      1.48      1.60      1.78      1.66      1.45      1.54      1.65      1.73      2.01      2.35      2.90
  9616.00      1.55      1.72      1.85      2.07      1.89      1.69      1.74      1.89      1.97      2.33      2.72      3.45
  9617.00      1.39      1.54      1.66      1.85      1.67      1.52      1.52      1.67      1.75      2.07      2.46      3.15
  9618.00      1.11      1.24      1.34      1.49      1.33      1.23      1.20      1.32      1.38      1.64      1.99      2.58
  9619.00      1.30      1.45      1.56      1.74      1.57      1.46      1.41      1.53      1.60      1.87      2.33      3.01
  9620.00      1.24      1.38      1.49      1.67      1.50      1.41      1.36      1.45      1.52      1.77      2.23      2.87
  9621.00      1.05      1.17      1.26      1.41      1.27      1.21      1.17      1.21      1.28      1.51      1.91      2.43
  9622.00      0.69      0.77      0.83      0.92      0.83      0.80      0.78      0.78      0.85      1.02      1.28      1.60
  9623.00      0.37      0.42      0.45      0.50      0.45      0.44      0.42      0.42      0.46      0.57      0.70      0.86
  9624.00      0.29      0.33      0.35      0.39      0.35      0.34      0.33      0.32      0.36      0.45      0.56      0.66
  9625.00      0.40      0.44      0.48      0.54      0.47      0.46      0.44      0.44      0.50      0.62      0.77      0.89
  9626.00      0.83      0.92      0.99      1.11      0.98      0.94      0.91      0.92      1.04      1.29      1.60      1.79
  9627.00      1.30      1.45      1.56      1.75      1.54      1.49      1.44      1.50      1.66      2.01      2.51      2.77
  9628.00      1.33      1.48      1.60      1.78      1.58      1.52      1.49      1.56      1.71      2.05      2.57      2.81
  9629.00      1.04      1.15      1.24      1.39      1.25      1.17      1.18      1.23      1.33      1.60      2.01      2.21
  9630.00      0.84      0.93      1.00      1.12      1.03      0.94      0.96      0.98      1.07      1.30      1.61      1.80
  9631.00      1.07      1.19      1.29      1.44      1.33      1.20      1.25      1.24      1.35      1.66      2.03      2.31
  9632.00      1.35      1.50      1.62      1.82      1.68      1.50      1.58      1.55      1.68      2.08      2.51      2.92
  9633.00      1.31      1.45      1.57      1.76      1.62      1.46      1.53      1.50      1.62      2.01      2.39      2.85
  9634.00      1.20      1.33      1.44      1.62      1.48      1.34      1.41      1.38      1.48      1.84      2.16      2.64
  9635.00      1.25      1.38      1.50      1.68      1.53      1.38      1.47      1.45      1.54      1.91      2.22      2.74
  9636.00      1.26      1.40      1.52      1.70      1.54      1.39      1.47      1.49      1.56      1.93      2.22      2.77
  9637.00      1.30      1.44      1.56      1.75      1.58      1.42      1.49      1.54      1.61      1.98      2.26      2.85
  9638.00      1.44      1.60      1.73      1.94      1.77      1.57      1.65      1.72      1.79      2.22      2.50      3.17
  9639.00      1.55      1.72      1.86      2.09      1.93      1.70      1.79      1.85      1.92      2.41      2.68      3.42
  9640.00      1.53      1.70      1.84      2.07      1.93      1.70      1.78      1.81      1.90      2.39      2.65      3.40
  9641.00      1.44      1.60      1.73      1.95      1.81      1.63      1.69      1.69      1.79      2.25      2.51      3.24
  9642.00      1.44      1.59      1.72      1.94      1.78      1.64      1.70      1.68      1.78      2.24      2.53      3.23
  9643.00      1.44      1.59      1.72      1.94      1.73      1.66      1.71      1.69      1.78      2.24      2.57      3.23
  9644.00      1.38      1.53      1.65      1.86      1.63      1.61      1.64      1.64      1.71      2.14      2.51      3.09
  9645.00      1.25      1.39      1.51      1.69      1.49      1.46      1.49      1.51      1.56      1.94      2.32      2.81
  9646.00      1.35      1.50      1.63      1.83      1.63      1.55      1.60      1.65      1.68      2.08      2.51      3.01
  9647.00      1.48      1.65      1.78      2.00      1.80      1.68      1.75      1.81      1.84      2.27      2.75      3.28
  9648.00      1.56      1.73      1.87      2.11      1.91      1.75      1.83      1.90      1.92      2.38      2.87      3.42
  9649.00      1.56      1.73      1.87      2.11      1.91      1.75      1.83      1.89      1.92      2.38      2.86      3.41
  9650.00      1.52      1.69      1.83      2.06      1.88      1.72      1.78      1.84      1.88      2.33      2.77      3.32
  9651.00      1.41      1.57      1.70      1.91      1.75      1.62      1.65      1.70      1.74      2.16      2.55      3.09
  9652.00      1.28      1.42      1.54      1.73      1.58      1.49      1.49      1.54      1.58      1.96      2.31      2.83
  9653.00      1.21      1.34      1.45      1.64      1.47      1.41      1.40      1.46      1.49      1.84      2.18      2.71
  9654.00      1.13      1.26      1.36      1.53      1.36      1.31      1.31      1.36      1.39      1.71      2.05      2.57
  9655.00      1.04      1.15      1.25      1.40      1.24      1.18      1.19      1.25      1.27      1.56      1.89      2.38
  9656.00      0.88      0.98      1.07      1.20      1.07      1.00      1.01      1.07      1.08      1.32      1.62      2.05
  9657.00      0.99      1.10      1.19      1.34      1.20      1.12      1.11      1.19      1.20      1.47      1.82      2.30
  9658.00      1.08      1.20      1.30      1.47      1.31      1.23      1.21      1.30      1.30      1.60      1.98      2.50
  9659.00      1.08      1.20      1.30      1.46      1.30      1.24      1.22      1.30      1.32      1.60      1.98      2.49
  9660.00      0.95      1.05      1.14      1.29      1.15      1.11      1.07      1.15      1.19      1.41      1.76      2.20
  9661.00      0.74      0.82      0.89      1.00      0.89      0.88      0.83      0.90      0.96      1.11      1.38      1.73
  9662.00      0.65      0.72      0.78      0.88      0.78      0.77      0.73      0.79      0.86      0.98      1.22      1.52
  9663.00      0.70      0.78      0.84      0.95      0.82      0.81      0.77      0.85      0.95      1.07      1.32      1.64
  9664.00      0.73      0.81      0.88      0.99      0.83      0.84      0.79      0.88      0.99      1.12      1.39      1.70
  9665.00      0.65      0.72      0.78      0.88      0.73      0.73      0.70      0.78      0.88      0.99      1.24      1.50
  9666.00      0.73      0.81      0.89      0.99      0.84      0.82      0.79      0.88      0.98      1.12      1.39      1.69
  9667.00      1.00      1.11      1.21      1.36      1.19      1.13      1.07      1.18      1.33      1.51      1.89      2.28
  9668.00      1.24      1.37      1.49      1.68      1.53      1.41      1.32      1.45      1.64      1.86      2.33      2.78
  9669.00      1.05      1.16      1.26      1.42      1.31      1.21      1.13      1.22      1.40      1.58      1.99      2.37
  9670.00      0.47      0.52      0.57      0.64      0.58      0.54      0.52      0.55      0.63      0.71      0.90      1.07
  9671.00      0.36      0.40      0.43      0.48      0.43      0.42      0.41      0.42      0.48      0.55      0.69      0.81
  9672.00      0.54      0.60      0.65      0.73      0.63      0.63      0.63      0.64      0.73      0.83      1.04      1.22
  9673.00      1.06      1.18      1.28      1.44      1.23      1.23      1.26      1.26      1.42      1.64      2.04      2.37
  9674.00      1.30      1.44      1.57      1.76      1.52      1.52      1.53      1.52      1.72      2.00      2.48      2.88
  9675.00      1.21      1.34      1.46      1.64      1.44      1.44      1.41      1.40      1.60      1.87      2.32      2.71
  9676.00      0.78      0.87      0.95      1.06      0.94      0.94      0.89      0.90      1.04      1.22      1.51      1.78
  9677.00      0.58      0.64      0.70      0.78      0.70      0.70      0.65      0.67      0.79      0.89      1.12      1.34
  9678.00      0.77      0.85      0.93      1.04      0.93      0.91      0.85      0.89      1.06      1.17      1.48      1.78
  9679.00      1.18      1.31      1.43      1.60      1.42      1.37      1.32      1.38      1.64      1.76      2.26      2.70
  9680.00      1.16      1.29      1.41      1.58      1.40      1.33      1.32      1.35      1.62      1.70      2.20      2.63
  9681.00      1.09      1.21      1.32      1.47      1.32      1.22      1.24      1.25      1.49      1.56      2.02      2.43
  9682.00      0.99      1.09      1.20      1.34      1.21      1.11      1.13      1.12      1.34      1.40      1.82      2.18
  9683.00      0.74      0.82      0.90      1.00      0.90      0.85      0.85      0.85      0.99      1.05      1.37      1.63
  9684.00      0.38      0.43      0.47      0.52      0.46      0.45      0.44      0.44      0.50      0.54      0.71      0.85
  9685.00      0.27      0.30      0.33      0.37      0.33      0.33      0.31      0.32      0.36      0.39      0.51      0.61
  9686.00      0.40      0.44      0.48      0.54      0.48      0.48      0.45      0.47      0.51      0.57      0.74      0.88
  9687.00      0.92      1.02      1.12      1.25      1.16      1.13      1.06      1.09      1.19      1.35      1.71      2.07
  9688.00      1.20      1.33      1.46      1.62      1.56      1.45      1.37      1.40      1.53      1.75      2.18      2.72
  9689.00      1.23      1.37      1.50      1.67      1.63      1.49      1.40      1.42      1.56      1.79      2.22      2.85
  9690.00      1.24      1.38      1.51      1.68      1.63      1.51      1.39      1.41      1.56      1.78      2.24      2.91
  9691.00      1.06      1.17      1.29      1.43      1.37      1.30      1.18      1.20      1.33      1.50      1.92      2.52
  9692.00      0.56      0.63      0.69      0.76      0.73      0.69      0.63      0.63      0.71      0.80      1.04      1.36
  9693.00      0.42      0.47      0.52      0.58      0.55      0.52      0.47      0.47      0.54      0.61      0.79      1.03
  9694.00      0.61      0.67      0.74      0.82      0.78      0.73      0.69      0.68      0.78      0.88      1.14      1.45
  9695.00      1.05      1.16      1.28      1.42      1.36      1.25      1.21      1.18      1.36      1.53      1.97      2.48
  9696.00      1.10      1.22      1.34      1.49      1.42      1.30      1.30      1.25      1.43      1.61      2.06      2.58
  9697.00      1.27      1.41      1.55      1.72      1.64      1.51      1.52      1.47      1.65      1.87      2.35      2.96
  9698.00      1.37      1.52      1.67      1.85      1.76      1.63      1.64      1.60      1.76      2.01      2.51      3.16
  9699.00      1.21      1.35      1.48      1.64      1.57      1.44      1.44      1.44      1.56      1.78      2.25      2.82
  9700.00      0.65      0.72      0.79      0.87      0.84      0.76      0.76      0.77      0.83      0.95      1.21      1.52
  9701.00      0.24      0.26      0.29      0.32      0.31      0.28      0.28      0.28      0.31      0.35      0.45      0.56
  9702.00      0.17      0.19      0.20      0.23      0.22      0.20      0.19      0.20      0.22      0.25      0.31      0.39
  9703.00      0.25      0.28      0.31      0.34      0.32      0.30      0.29      0.29      0.33      0.38      0.47      0.59
  9704.00      0.71      0.79      0.87      0.96      0.92      0.87      0.82      0.83      0.94      1.07      1.31      1.67
  9705.00      1.34      1.49      1.64      1.81      1.70      1.63      1.54      1.58      1.76      2.00      2.41      3.07
  9706.00      1.33      1.47      1.62      1.79      1.67      1.59      1.51      1.58      1.72      1.95      2.35      3.01
  9707.00      1.26      1.40      1.54      1.70      1.58      1.49      1.43      1.53      1.61      1.85      2.23      2.82
  9708.00      1.26      1.40      1.55      1.71      1.60      1.48      1.45      1.55      1.59      1.85      2.23      2.79
  9709.00      1.30      1.44      1.59      1.76      1.66      1.54      1.50      1.60      1.62      1.92      2.30      2.83
  9710.00      1.37      1.52      1.68      1.86      1.73      1.66      1.61      1.67      1.72      2.04      2.44      2.95
  9711.00      1.40      1.55      1.72      1.89      1.72      1.71      1.65      1.68      1.77      2.09      2.50      3.01
  9712.00      1.36      1.51      1.67      1.84      1.63      1.65      1.59      1.61      1.76      2.02      2.44      2.94
  9713.00      1.08      1.20      1.33      1.46      1.29      1.30      1.25      1.27      1.43      1.59      1.96      2.38
  9714.00      0.87      0.96      1.07      1.17      1.04      1.02      1.00      1.01      1.17      1.26      1.59      1.93
  9715.00      0.98      1.08      1.20      1.32      1.20      1.12      1.13      1.14      1.31      1.41      1.80      2.18
  9716.00      1.26      1.40      1.55      1.70      1.57      1.42      1.46      1.48      1.68      1.81      2.32      2.82
  9717.00      1.37      1.52      1.68      1.85      1.72      1.53      1.59      1.61      1.81      1.96      2.54      3.07
  9718.00      1.39      1.55      1.71      1.88      1.71      1.57      1.63      1.64      1.84      2.00      2.60      3.15
  9719.00      1.37      1.52      1.68      1.85      1.64      1.56      1.60      1.60      1.81      1.95      2.56      3.12
  9720.00      1.29      1.44      1.59      1.75      1.52      1.50      1.51      1.49      1.72      1.83      2.43      2.97
  9721.00      1.03      1.14      1.26      1.39      1.17      1.20      1.19      1.17      1.38      1.44      1.94      2.38
  9722.00      0.76      0.84      0.93      1.02      0.86      0.89      0.88      0.86      1.02      1.07      1.44      1.76
  9723.00      0.71      0.79      0.88      0.96      0.83      0.83      0.82      0.81      0.96      1.02      1.37      1.65
  9724.00      0.97      1.08      1.19      1.31      1.16      1.13      1.10      1.12      1.30      1.41      1.86      2.22
  9725.00      1.22      1.35      1.50      1.64      1.49      1.42      1.37      1.43      1.63      1.78      2.32      2.75
  9726.00      1.29      1.43      1.59      1.74      1.61      1.51      1.44      1.54      1.72      1.88      2.44      2.91
  9727.00      1.25      1.38      1.53      1.68      1.57      1.47      1.39      1.49      1.66      1.79      2.33      2.80
  9728.00      1.17      1.29      1.43      1.57      1.47      1.40      1.30      1.38      1.55      1.64      2.16      2.63
  9729.00      1.24      1.38      1.52      1.67      1.56      1.53      1.38      1.46      1.64      1.71      2.27      2.80
  9730.00      1.17      1.29      1.43      1.57      1.47      1.47      1.30      1.37      1.53      1.58      2.13      2.65
  9731.00      0.96      1.06      1.18      1.29      1.22      1.21      1.06      1.12      1.26      1.28      1.77      2.20
  9732.00      0.90      1.00      1.11      1.22      1.16      1.13      0.99      1.05      1.20      1.19      1.69      2.07
  9733.00      1.11      1.23      1.36      1.50      1.43      1.36      1.22      1.29      1.49      1.44      2.09      2.53
  9734.00      1.24      1.38      1.52      1.68      1.60      1.49      1.39      1.44      1.68      1.59      2.33      2.79
  9735.00      1.12      1.24      1.38      1.51      1.43      1.32      1.27      1.31      1.53      1.40      2.11      2.48
  9736.00      1.06      1.17      1.29      1.42      1.33      1.23      1.20      1.24      1.45      1.31      1.98      2.30
  9737.00      0.65      0.72      0.80      0.88      0.82      0.75      0.73      0.78      0.89      0.81      1.23      1.41
  9738.00      0.50      0.55      0.61      0.67      0.63      0.57      0.56      0.60      0.68      0.63      0.94      1.07
  9739.00      0.66      0.73      0.81      0.89      0.82      0.75      0.73      0.81      0.90      0.85      1.23      1.42
  9740.00      0.54      0.60      0.67      0.73      0.67      0.62      0.60      0.66      0.73      0.71      1.01      1.19
  9741.00      0.40      0.44      0.49      0.53      0.48      0.45      0.44      0.48      0.53      0.53      0.74      0.88
  9742.00      0.55      0.61      0.67      0.74      0.66      0.62      0.62      0.66      0.74      0.75      1.01      1.22
  9743.00      1.06      1.17      1.29      1.42      1.26      1.20      1.21      1.26      1.42      1.47      1.92      2.33
  9744.00      1.29      1.43      1.58      1.74      1.55      1.48      1.49      1.53      1.75      1.84      2.34      2.84
  9745.00      1.33      1.47      1.62      1.79      1.61      1.55      1.52      1.54      1.80      1.96      2.43      2.93
  9746.00      1.16      1.29      1.42      1.57      1.43      1.39      1.32      1.34      1.59      1.77      2.14      2.59
  9747.00      0.58      0.65      0.72      0.79      0.73      0.71      0.66      0.67      0.80      0.92      1.08      1.32
  9748.00      0.36      0.40      0.44      0.48      0.45      0.44      0.40      0.41      0.49      0.57      0.66      0.81
  9749.00      0.35      0.38      0.42      0.47      0.44      0.42      0.39      0.40      0.47      0.55      0.63      0.78
  9750.00      0.57      0.63      0.70      0.77      0.71      0.66      0.63      0.67      0.77      0.91      1.04      1.26
  9751.00      1.16      1.28      1.41      1.55      1.44      1.31      1.30      1.38      1.55      1.83      2.10      2.49
  9752.00      1.38      1.53      1.68      1.86      1.74      1.56      1.57      1.65      1.85      2.16      2.50      2.93
  9753.00      1.35      1.50      1.64      1.82      1.75      1.54      1.55      1.62      1.81      2.11      2.47      2.84
  9754.00      1.25      1.39      1.52      1.69      1.64      1.44      1.44      1.51      1.67      1.94      2.33      2.63
  9755.00      1.21      1.34      1.47      1.63      1.59      1.41      1.40      1.47      1.60      1.86      2.29      2.57
  9756.00      1.23      1.37      1.50      1.66      1.59      1.44      1.41      1.51      1.61      1.87      2.34      2.64
  9757.00      1.23      1.36      1.49      1.65      1.56      1.45      1.39      1.50      1.59      1.84      2.33      2.66
  9758.00      1.09      1.21      1.32      1.47      1.38      1.29      1.22      1.32      1.41      1.64      2.10      2.40
  9759.00      1.05      1.16      1.27      1.41      1.33      1.24      1.16      1.25      1.35      1.59      2.02      2.33
  9760.00      1.20      1.33      1.45      1.61      1.52      1.41      1.32      1.41      1.54      1.83      2.30      2.68
  9761.00      1.34      1.48      1.61      1.80      1.68      1.56      1.49      1.57      1.74      2.06      2.54      2.99
  9762.00      1.27      1.41      1.53      1.71      1.58      1.47      1.43      1.50      1.67      1.97      2.39      2.84
  9763.00      1.25      1.38      1.50      1.68      1.54      1.44      1.41      1.49      1.64      1.93      2.33      2.76
  9764.00      1.36      1.51      1.64      1.83      1.69      1.58      1.55      1.65      1.79      2.10      2.53      2.99
  9765.00      1.39      1.54      1.67      1.87      1.74      1.63      1.58      1.69      1.83      2.13      2.60      3.06
  9766.00      1.15      1.27      1.38      1.54      1.46      1.35      1.31      1.39      1.51      1.76      2.17      2.56
  9767.00      0.95      1.05      1.14      1.27      1.21      1.11      1.09      1.13      1.23      1.45      1.81      2.14
  9768.00      1.19      1.32      1.43      1.60      1.53      1.40      1.40      1.41      1.54      1.81      2.27      2.69
  9769.00      1.44      1.60      1.72      1.94      1.86      1.68      1.70      1.67      1.86      2.16      2.70      3.22
  9770.00      1.54      1.70      1.83      2.06      2.00      1.76      1.82      1.76      1.99      2.27      2.83      3.40
  9771.00      1.55      1.71      1.84      2.08      2.02      1.72      1.83      1.76      1.99      2.25      2.80      3.40
  9772.00      1.38      1.52      1.64      1.85      1.80      1.49      1.61      1.56      1.75      1.97      2.46      3.02
  9773.00      1.25      1.39      1.49      1.68      1.62      1.35      1.46      1.43      1.58      1.77      2.23      2.76
  9774.00      1.30      1.44      1.55      1.75      1.64      1.41      1.50      1.51      1.62      1.81      2.33      2.88
  9775.00      1.49      1.65      1.77      2.00      1.84      1.64      1.71      1.74      1.81      2.04      2.66      3.30
  9776.00      1.50      1.66      1.78      2.01      1.85      1.69      1.72      1.77      1.80      2.03      2.70      3.37
  9777.00      1.41      1.56      1.67      1.89      1.77      1.61      1.62      1.68      1.68      1.88      2.54      3.22
  9778.00      1.41      1.56      1.67      1.89      1.80      1.62      1.63      1.69      1.69      1.86      2.53      3.25
  9779.00      1.37      1.52      1.62      1.84      1.80      1.60      1.59      1.65      1.66      1.81      2.47      3.19
  9780.00      1.32      1.46      1.56      1.77      1.74      1.57      1.52      1.58      1.62      1.75      2.38      3.08
  9781.00      1.33      1.47      1.57      1.78      1.74      1.61      1.50      1.58      1.65      1.77      2.41      3.11
  9782.00      1.34      1.48      1.58      1.80      1.74      1.66      1.50      1.57      1.69      1.81      2.46      3.13
  9783.00      1.35      1.50      1.60      1.82      1.74      1.70      1.51      1.55      1.74      1.87      2.52      3.16
  9784.00      1.35      1.49      1.59      1.81      1.72      1.70      1.51      1.51      1.75      1.90      2.54      3.14
  9785.00      1.25      1.39      1.48      1.68      1.58      1.58      1.43      1.40      1.65      1.81      2.39      2.90
  9786.00      1.12      1.24      1.32      1.50      1.37      1.39      1.28      1.25      1.48      1.64      2.14      2.56
  9787.00      0.98      1.09      1.16      1.31      1.17      1.21      1.13      1.11      1.31      1.46      1.87      2.22
  9788.00      1.08      1.20      1.28      1.45      1.27      1.31      1.23      1.25      1.44      1.63      2.05      2.40
  9789.00      1.15      1.28      1.37      1.55      1.35      1.39      1.31      1.37      1.54      1.76      2.19      2.54
  9790.00      0.81      0.90      0.96      1.09      0.94      0.98      0.92      0.97      1.07      1.24      1.54      1.78
  9791.00      0.34      0.37      0.40      0.45      0.40      0.41      0.39      0.40      0.45      0.52      0.65      0.74
  9792.00      0.23      0.26      0.28      0.31      0.29      0.29      0.27      0.28      0.31      0.36      0.46      0.52
  9793.00      0.16      0.18      0.19      0.21      0.20      0.20      0.19      0.19      0.21      0.25      0.31      0.36
  9794.00      0.12      0.14      0.14      0.16      0.16      0.16      0.14      0.14      0.16      0.19      0.24      0.27
  9795.00      0.18      0.20      0.22      0.24      0.24      0.23      0.21      0.21      0.24      0.29      0.35      0.40
  9796.00      0.52      0.58      0.62      0.70      0.71      0.64      0.62      0.60      0.67      0.82      1.01      1.16
  9797.00      1.12      1.24      1.33      1.50      1.50      1.35      1.32      1.28      1.42      1.75      2.12      2.47
  9798.00      0.75      0.84      0.90      1.01      1.00      0.89      0.89      0.85      0.95      1.18      1.42      1.69
  9799.00      0.56      0.62      0.67      0.75      0.73      0.66      0.66      0.63      0.72      0.88      1.06      1.27
  9800.00      0.66      0.74      0.79      0.89      0.84      0.78      0.77      0.75      0.86      1.04      1.26      1.49
  9801.00      0.44      0.49      0.52      0.59      0.55      0.52      0.51      0.50      0.58      0.69      0.84      0.98
  9802.00      0.30      0.33      0.36      0.40      0.38      0.36      0.34      0.34      0.40      0.47      0.58      0.67
  9803.00      0.40      0.45      0.49      0.54      0.52      0.47      0.46      0.46      0.54      0.64      0.79      0.90
  9804.00      0.83      0.92      0.99      1.11      1.07      0.95      0.95      0.94      1.09      1.31      1.62      1.83
  9805.00      1.20      1.33      1.44      1.61      1.58      1.38      1.39      1.36      1.55      1.90      2.35      2.65
  9806.00      1.16      1.29      1.40      1.56      1.54      1.35      1.36      1.32      1.49      1.86      2.28      2.58
  9807.00      1.05      1.17      1.26      1.41      1.38      1.23      1.24      1.21      1.34      1.69      2.05      2.35
  9808.00      1.03      1.15      1.24      1.38      1.35      1.23      1.22      1.22      1.33      1.67      2.00      2.31
  9809.00      0.75      0.84      0.91      1.01      0.96      0.91      0.88      0.90      0.99      1.22      1.44      1.69
  9810.00      0.56      0.63      0.68      0.76      0.71      0.69      0.66      0.69      0.76      0.91      1.08      1.27
  9811.00      0.65      0.73      0.79      0.88      0.82      0.79      0.76      0.80      0.89      1.05      1.24      1.44
  9812.00      0.91      1.01      1.09      1.22      1.15      1.08      1.04      1.10      1.25      1.45      1.72      1.97
  9813.00      0.74      0.83      0.90      1.00      0.95      0.85      0.86      0.89      1.02      1.20      1.42      1.63
  9814.00      0.42      0.47      0.51      0.56      0.54      0.46      0.49      0.50      0.57      0.68      0.81      0.93
  9815.00      0.33      0.37      0.40      0.45      0.42      0.36      0.40      0.40      0.45      0.54      0.65      0.75
  9816.00      0.47      0.53      0.57      0.64      0.59      0.53      0.57      0.58      0.64      0.78      0.93      1.07
  9817.00      0.92      1.03      1.12      1.24      1.13      1.04      1.11      1.12      1.23      1.50      1.82      2.08
  9818.00      0.94      1.05      1.14      1.27      1.16      1.09      1.12      1.15      1.24      1.52      1.87      2.14
  9819.00      0.71      0.79      0.86      0.95      0.90      0.83      0.83      0.87      0.92      1.13      1.43      1.62
  9820.00      0.52      0.58      0.63      0.70      0.68      0.62      0.60      0.62      0.67      0.82      1.06      1.18
  9821.00      0.40      0.44      0.48      0.54      0.52      0.48      0.46      0.46      0.51      0.62      0.81      0.89
  9822.00      0.43      0.48      0.53      0.58      0.56      0.53      0.50      0.49      0.56      0.67      0.88      0.96
  9823.00      0.57      0.64      0.70      0.77      0.73      0.71      0.67      0.64      0.75      0.88      1.14      1.26
  9824.00      0.59      0.66      0.72      0.80      0.74      0.73      0.70      0.66      0.78      0.89      1.17      1.29
