# using desi_quicklya.py --ab-magnitude r=24.75 --nexp 4 --prefix /global/common/software/desi/users/jguy/lyaforecast/lyaforecast/resources/data/DESI-2-QSO/snr --config desi-2
# run by jguy
# on 2026-01-16
# Lyman-alpha forest S/N per Ang for mean quasar with mean forest
# INFILE= /global/common/software/desi/perlmutter/desiconda/20240425-2.2.0/code/desimodel/0.19.3/data/spectra/spec-lya.dat
# BAND= r
# MAG= 24.75
# EXPTIME= 4000
# NEXP= 4
#
# Wave SN(z=2.0) SN(z=2.25) SN(z=2.5) SN(z=2.75) SN(z=3.0) SN(z=3.25) SN(z=3.5) SN(z=3.75) SN(z=4.0) SN(z=4.25) SN(z=4.5) SN(z=4.75)
  3600.05      0.05      0.03      0.03      0.02      0.01      0.00      0.00      0.00      0.01      0.01      0.02      0.02
  3601.05      0.09      0.04      0.05      0.03      0.02      0.01      0.01      0.01      0.01      0.02      0.03      0.04
  3602.05      0.10      0.05      0.06      0.03      0.02      0.01      0.01      0.01      0.01      0.02      0.03      0.05
  3603.05      0.11      0.05      0.07      0.04      0.02      0.01      0.01      0.01      0.01      0.02      0.03      0.05
  3604.05      0.12      0.06      0.07      0.04      0.02      0.01      0.01      0.01      0.01      0.02      0.03      0.05
  3605.05      0.13      0.06      0.07      0.04      0.02      0.01      0.01      0.01      0.01      0.02      0.04      0.06
  3606.05      0.14      0.07      0.08      0.04      0.02      0.01      0.01      0.01      0.02      0.02      0.04      0.06
  3607.05      0.14      0.07      0.09      0.05      0.03      0.01      0.01      0.01      0.02      0.02      0.04      0.06
  3608.05      0.15      0.07      0.09      0.05      0.03      0.01      0.01      0.01      0.02      0.03      0.04      0.06
  3609.05      0.16      0.07      0.09      0.05      0.03      0.01      0.01      0.01      0.02      0.03      0.04      0.07
  3610.05      0.16      0.08      0.10      0.05      0.03      0.01      0.01      0.01      0.02      0.03      0.04      0.07
  3611.05      0.17      0.08      0.10      0.05      0.03      0.01      0.01      0.01      0.02      0.03      0.04      0.07
  3612.05      0.17      0.08      0.10      0.05      0.03      0.01      0.01      0.01      0.02      0.03      0.04      0.07
  3613.05      0.17      0.08      0.10      0.05      0.03      0.01      0.01      0.01      0.02      0.03      0.04      0.07
  3614.05      0.18      0.08      0.10      0.05      0.03      0.01      0.01      0.01      0.02      0.03      0.04      0.07
  3615.05      0.18      0.08      0.10      0.05      0.03      0.01      0.01      0.01      0.02      0.03      0.05      0.07
  3616.05      0.17      0.07      0.10      0.05      0.03      0.01      0.01      0.01      0.02      0.03      0.04      0.07
  3617.05      0.16      0.07      0.09      0.05      0.03      0.01      0.01      0.01      0.02      0.02      0.04      0.06
  3618.05      0.17      0.07      0.09      0.05      0.03      0.01      0.01      0.01      0.02      0.02      0.04      0.06
  3619.05      0.18      0.07      0.09      0.05      0.03      0.01      0.01      0.01      0.02      0.03      0.04      0.07
  3620.05      0.19      0.08      0.10      0.05      0.03      0.01      0.01      0.01      0.02      0.03      0.04      0.07
  3621.05      0.19      0.08      0.10      0.05      0.03      0.01      0.01      0.01      0.02      0.03      0.04      0.07
  3622.05      0.20      0.08      0.10      0.05      0.03      0.01      0.01      0.01      0.02      0.03      0.04      0.07
  3623.05      0.20      0.07      0.10      0.05      0.03      0.01      0.01      0.01      0.02      0.03      0.04      0.07
  3624.05      0.20      0.07      0.10      0.05      0.03      0.01      0.01      0.01      0.02      0.03      0.04      0.07
  3625.05      0.20      0.07      0.10      0.05      0.03      0.01      0.01      0.01      0.02      0.03      0.04      0.07
  3626.05      0.21      0.07      0.10      0.05      0.03      0.01      0.01      0.01      0.02      0.03      0.04      0.07
  3627.05      0.21      0.07      0.09      0.05      0.03      0.01      0.01      0.01      0.02      0.03      0.04      0.07
  3628.05      0.21      0.07      0.09      0.05      0.03      0.01      0.01      0.01      0.02      0.03      0.04      0.07
  3629.05      0.22      0.08      0.10      0.05      0.03      0.01      0.01      0.01      0.02      0.03      0.04      0.07
  3630.05      0.23      0.08      0.10      0.05      0.03      0.01      0.01      0.01      0.02      0.03      0.04      0.07
  3631.05      0.23      0.07      0.09      0.05      0.03      0.01      0.01      0.01      0.02      0.03      0.04      0.07
  3632.05      0.23      0.08      0.10      0.05      0.03      0.01      0.01      0.01      0.02      0.03      0.04      0.07
  3633.05      0.24      0.08      0.10      0.05      0.03      0.01      0.01      0.01      0.02      0.03      0.04      0.07
  3634.05      0.24      0.07      0.09      0.05      0.03      0.01      0.01      0.01      0.02      0.03      0.04      0.07
  3635.05      0.23      0.07      0.09      0.05      0.03      0.01      0.01      0.01      0.02      0.02      0.04      0.06
  3636.05      0.23      0.07      0.09      0.05      0.03      0.01      0.01      0.01      0.02      0.02      0.04      0.06
  3637.05      0.23      0.07      0.08      0.05      0.03      0.01      0.01      0.01      0.02      0.02      0.04      0.06
  3638.05      0.24      0.07      0.09      0.05      0.03      0.01      0.01      0.01      0.02      0.03      0.04      0.07
  3639.05      0.25      0.07      0.09      0.05      0.03      0.01      0.01      0.01      0.02      0.03      0.04      0.07
  3640.05      0.26      0.08      0.09      0.05      0.03      0.01      0.01      0.01      0.02      0.03      0.04      0.07
  3641.05      0.27      0.08      0.09      0.06      0.03      0.01      0.01      0.01      0.02      0.03      0.04      0.07
  3642.05      0.26      0.08      0.09      0.05      0.03      0.01      0.01      0.01      0.02      0.03      0.04      0.07
  3643.05      0.27      0.07      0.09      0.05      0.03      0.01      0.01      0.01      0.02      0.03      0.04      0.07
  3644.05      0.28      0.08      0.09      0.06      0.03      0.01      0.01      0.01      0.02      0.03      0.04      0.07
  3645.05      0.29      0.08      0.09      0.06      0.03      0.01      0.01      0.01      0.02      0.03      0.04      0.07
  3646.05      0.30      0.08      0.09      0.06      0.03      0.02      0.01      0.01      0.02      0.03      0.04      0.07
  3647.05      0.31      0.08      0.09      0.06      0.03      0.01      0.01      0.01      0.02      0.03      0.04      0.07
  3648.05      0.34      0.08      0.10      0.06      0.04      0.02      0.01      0.01      0.02      0.03      0.04      0.07
  3649.05      0.35      0.08      0.10      0.06      0.04      0.02      0.01      0.01      0.02      0.03      0.04      0.08
  3650.05      0.33      0.08      0.09      0.06      0.04      0.02      0.01      0.01      0.02      0.03      0.04      0.07
  3651.05      0.33      0.08      0.09      0.06      0.04      0.02      0.01      0.01      0.02      0.03      0.04      0.07
  3652.05      0.33      0.09      0.10      0.06      0.04      0.02      0.01      0.01      0.02      0.03      0.04      0.08
  3653.05      0.33      0.09      0.10      0.07      0.04      0.02      0.01      0.01      0.02      0.03      0.04      0.08
  3654.05      0.32      0.09      0.10      0.07      0.04      0.02      0.01      0.01      0.02      0.03      0.04      0.08
  3655.05      0.31      0.08      0.09      0.06      0.04      0.02      0.01      0.01      0.02      0.03      0.04      0.07
  3656.05      0.30      0.08      0.09      0.06      0.04      0.02      0.01      0.01      0.02      0.03      0.04      0.07
  3657.05      0.29      0.08      0.09      0.06      0.04      0.02      0.01      0.01      0.02      0.03      0.04      0.07
  3658.05      0.28      0.08      0.09      0.06      0.04      0.02      0.01      0.01      0.02      0.03      0.04      0.07
  3659.05      0.28      0.08      0.09      0.06      0.04      0.02      0.01      0.01      0.02      0.03      0.04      0.07
  3660.05      0.27      0.08      0.09      0.06      0.04      0.02      0.01      0.01      0.02      0.03      0.04      0.07
  3661.05      0.27      0.08      0.09      0.06      0.04      0.02      0.01      0.01      0.02      0.03      0.04      0.07
  3662.05      0.27      0.08      0.09      0.06      0.04      0.02      0.01      0.01      0.02      0.03      0.04      0.07
  3663.05      0.26      0.08      0.09      0.06      0.04      0.02      0.01      0.01      0.02      0.03      0.04      0.07
  3664.05      0.26      0.08      0.09      0.06      0.04      0.02      0.01      0.01      0.02      0.03      0.04      0.07
  3665.05      0.25      0.08      0.09      0.06      0.04      0.02      0.01      0.01      0.02      0.03      0.04      0.07
  3666.05      0.25      0.08      0.09      0.07      0.04      0.02      0.01      0.01      0.02      0.03      0.04      0.07
  3667.05      0.25      0.09      0.09      0.07      0.04      0.02      0.01      0.01      0.02      0.03      0.04      0.08
  3668.05      0.25      0.09      0.10      0.07      0.04      0.02      0.01      0.01      0.02      0.03      0.04      0.08
  3669.05      0.25      0.09      0.10      0.07      0.04      0.02      0.01      0.01      0.02      0.03      0.04      0.08
  3670.05      0.24      0.09      0.10      0.07      0.04      0.02      0.01      0.01      0.02      0.03      0.04      0.08
  3671.05      0.24      0.09      0.10      0.07      0.04      0.02      0.01      0.01      0.02      0.03      0.04      0.08
  3672.05      0.23      0.09      0.10      0.07      0.04      0.02      0.01      0.01      0.02      0.03      0.04      0.08
  3673.05      0.23      0.09      0.10      0.07      0.04      0.02      0.01      0.01      0.02      0.03      0.04      0.08
  3674.05      0.23      0.09      0.10      0.07      0.05      0.02      0.01      0.01      0.02      0.03      0.04      0.08
  3675.05      0.22      0.09      0.10      0.07      0.05      0.02      0.01      0.01      0.02      0.03      0.05      0.08
  3676.05      0.22      0.09      0.10      0.07      0.05      0.02      0.02      0.01      0.02      0.03      0.05      0.08
  3677.05      0.22      0.09      0.10      0.07      0.05      0.02      0.01      0.01      0.02      0.03      0.04      0.08
  3678.05      0.22      0.09      0.10      0.07      0.05      0.02      0.02      0.01      0.02      0.03      0.05      0.08
  3679.05      0.22      0.10      0.10      0.08      0.05      0.02      0.02      0.01      0.02      0.03      0.05      0.08
  3680.05      0.23      0.10      0.10      0.08      0.05      0.02      0.02      0.01      0.02      0.03      0.05      0.09
  3681.05      0.24      0.10      0.11      0.08      0.05      0.02      0.02      0.01      0.02      0.03      0.05      0.09
  3682.05      0.23      0.10      0.11      0.08      0.05      0.02      0.02      0.01      0.02      0.03      0.05      0.09
  3683.05      0.23      0.10      0.10      0.08      0.05      0.02      0.02      0.01      0.02      0.03      0.05      0.09
  3684.05      0.22      0.09      0.10      0.08      0.05      0.02      0.02      0.01      0.02      0.03      0.05      0.08
  3685.05      0.22      0.09      0.10      0.08      0.05      0.02      0.02      0.01      0.02      0.03      0.05      0.08
  3686.05      0.23      0.10      0.11      0.08      0.05      0.02      0.02      0.01      0.02      0.03      0.05      0.09
  3687.05      0.24      0.10      0.11      0.08      0.05      0.02      0.02      0.01      0.02      0.04      0.05      0.09
  3688.05      0.24      0.10      0.11      0.08      0.05      0.02      0.02      0.01      0.02      0.03      0.05      0.09
  3689.05      0.24      0.10      0.11      0.08      0.05      0.02      0.02      0.01      0.02      0.03      0.05      0.09
  3690.05      0.23      0.10      0.11      0.08      0.05      0.02      0.02      0.01      0.02      0.03      0.05      0.09
  3691.05      0.23      0.10      0.11      0.08      0.05      0.02      0.02      0.01      0.02      0.03      0.05      0.09
  3692.05      0.23      0.10      0.11      0.08      0.05      0.02      0.02      0.01      0.02      0.03      0.05      0.09
  3693.05      0.23      0.10      0.11      0.08      0.05      0.02      0.02      0.01      0.02      0.03      0.05      0.09
  3694.05      0.23      0.10      0.11      0.08      0.06      0.02      0.02      0.01      0.02      0.03      0.05      0.09
  3695.05      0.23      0.10      0.11      0.08      0.06      0.02      0.02      0.01      0.02      0.03      0.05      0.09
  3696.05      0.23      0.10      0.11      0.08      0.06      0.02      0.02      0.01      0.02      0.03      0.05      0.09
  3697.05      0.23      0.10      0.11      0.08      0.06      0.02      0.02      0.01      0.02      0.03      0.05      0.09
  3698.05      0.22      0.10      0.11      0.08      0.05      0.02      0.02      0.01      0.02      0.03      0.05      0.09
  3699.05      0.20      0.09      0.10      0.07      0.05      0.02      0.02      0.01      0.02      0.03      0.05      0.08
  3700.05      0.20      0.09      0.10      0.07      0.05      0.02      0.01      0.01      0.02      0.03      0.04      0.08
  3701.05      0.20      0.09      0.10      0.07      0.05      0.02      0.01      0.01      0.02      0.03      0.05      0.08
  3702.05      0.20      0.09      0.10      0.07      0.05      0.02      0.02      0.01      0.02      0.03      0.05      0.08
  3703.05      0.20      0.09      0.10      0.08      0.05      0.02      0.02      0.01      0.02      0.03      0.05      0.08
  3704.05      0.20      0.09      0.10      0.08      0.05      0.02      0.02      0.01      0.02      0.03      0.05      0.08
  3705.05      0.20      0.09      0.10      0.08      0.05      0.02      0.02      0.01      0.02      0.03      0.05      0.08
  3706.05      0.21      0.10      0.10      0.08      0.05      0.02      0.02      0.01      0.02      0.03      0.05      0.08
  3707.05      0.21      0.10      0.11      0.08      0.06      0.02      0.02      0.01      0.02      0.03      0.05      0.09
  3708.05      0.21      0.10      0.11      0.08      0.06      0.02      0.02      0.01      0.02      0.03      0.05      0.09
  3709.05      0.22      0.10      0.11      0.08      0.06      0.02      0.02      0.01      0.02      0.03      0.05      0.09
  3710.05      0.22      0.10      0.11      0.08      0.06      0.02      0.02      0.01      0.02      0.03      0.05      0.09
  3711.05      0.21      0.10      0.11      0.08      0.06      0.02      0.02      0.01      0.02      0.03      0.05      0.09
  3712.05      0.20      0.10      0.10      0.08      0.06      0.02      0.02      0.01      0.02      0.03      0.05      0.09
  3713.05      0.20      0.10      0.10      0.08      0.05      0.02      0.02      0.01      0.02      0.03      0.05      0.08
  3714.05      0.19      0.09      0.10      0.08      0.05      0.02      0.02      0.01      0.02      0.03      0.05      0.08
  3715.05      0.20      0.09      0.10      0.08      0.06      0.02      0.02      0.01      0.02      0.03      0.05      0.08
  3716.05      0.21      0.10      0.11      0.08      0.06      0.02      0.02      0.01      0.02      0.03      0.05      0.09
  3717.05      0.21      0.10      0.11      0.08      0.06      0.03      0.02      0.01      0.02      0.03      0.05      0.09
  3718.05      0.21      0.10      0.11      0.08      0.06      0.03      0.02      0.02      0.02      0.03      0.05      0.09
  3719.05      0.21      0.10      0.11      0.08      0.06      0.03      0.02      0.02      0.02      0.03      0.05      0.09
  3720.05      0.22      0.11      0.12      0.09      0.06      0.03      0.02      0.02      0.02      0.03      0.05      0.09
  3721.05      0.22      0.11      0.12      0.09      0.06      0.03      0.02      0.02      0.02      0.03      0.06      0.10
  3722.05      0.23      0.11      0.12      0.09      0.07      0.03      0.02      0.02      0.02      0.04      0.06      0.10
  3723.05      0.22      0.11      0.12      0.09      0.07      0.03      0.02      0.02      0.02      0.03      0.06      0.10
  3724.05      0.21      0.11      0.12      0.09      0.06      0.03      0.02      0.02      0.02      0.03      0.05      0.09
  3725.05      0.22      0.11      0.12      0.09      0.06      0.03      0.02      0.02      0.02      0.03      0.06      0.10
  3726.05      0.20      0.10      0.11      0.08      0.06      0.03      0.02      0.01      0.02      0.03      0.05      0.09
  3727.05      0.19      0.10      0.10      0.08      0.06      0.02      0.02      0.01      0.02      0.03      0.05      0.08
  3728.05      0.20      0.10      0.11      0.08      0.06      0.03      0.02      0.01      0.02      0.03      0.05      0.09
  3729.05      0.20      0.10      0.11      0.08      0.06      0.03      0.02      0.01      0.02      0.03      0.05      0.09
  3730.05      0.19      0.10      0.11      0.08      0.06      0.02      0.02      0.01      0.02      0.03      0.05      0.08
  3731.05      0.19      0.10      0.11      0.08      0.06      0.03      0.02      0.01      0.02      0.03      0.05      0.09
  3732.05      0.19      0.10      0.11      0.08      0.06      0.03      0.02      0.01      0.02      0.03      0.05      0.09
  3733.05      0.19      0.10      0.11      0.08      0.06      0.03      0.02      0.01      0.02      0.03      0.05      0.09
  3734.05      0.21      0.11      0.12      0.09      0.07      0.03      0.02      0.02      0.02      0.03      0.06      0.10
  3735.05      0.22      0.12      0.13      0.09      0.07      0.03      0.02      0.02      0.02      0.04      0.06      0.10
  3736.05      0.23      0.13      0.14      0.10      0.08      0.03      0.02      0.02      0.02      0.04      0.06      0.11
  3737.05      0.23      0.12      0.13      0.10      0.08      0.03      0.02      0.02      0.02      0.04      0.06      0.11
  3738.05      0.21      0.11      0.12      0.09      0.07      0.03      0.02      0.02      0.02      0.03      0.06      0.10
  3739.05      0.19      0.11      0.11      0.08      0.06      0.03      0.02      0.01      0.02      0.03      0.05      0.09
  3740.05      0.19      0.10      0.11      0.08      0.06      0.03      0.02      0.01      0.02      0.03      0.05      0.09
  3741.05      0.19      0.11      0.12      0.08      0.07      0.03      0.02      0.02      0.02      0.03      0.05      0.09
  3742.05      0.19      0.11      0.12      0.09      0.07      0.03      0.02      0.02      0.02      0.03      0.06      0.10
  3743.05      0.20      0.11      0.12      0.09      0.07      0.03      0.02      0.02      0.02      0.03      0.06      0.10
  3744.05      0.20      0.11      0.12      0.09      0.07      0.03      0.02      0.02      0.02      0.03      0.06      0.10
  3745.05      0.19      0.11      0.12      0.09      0.07      0.03      0.02      0.02      0.02      0.03      0.06      0.10
  3746.05      0.20      0.11      0.12      0.09      0.07      0.03      0.02      0.02      0.02      0.03      0.06      0.10
  3747.05      0.19      0.11      0.12      0.09      0.07      0.03      0.02      0.02      0.02      0.03      0.06      0.10
  3748.05      0.19      0.11      0.12      0.09      0.07      0.03      0.02      0.02      0.02      0.03      0.06      0.10
  3749.05      0.21      0.13      0.14      0.10      0.08      0.03      0.02      0.02      0.02      0.04      0.06      0.11
  3750.05      0.21      0.13      0.14      0.10      0.08      0.03      0.02      0.02      0.02      0.04      0.06      0.11
  3751.05      0.19      0.12      0.13      0.09      0.07      0.03      0.02      0.02      0.02      0.03      0.06      0.10
  3752.05      0.19      0.12      0.13      0.09      0.07      0.03      0.02      0.02      0.02      0.03      0.06      0.10
  3753.05      0.21      0.13      0.14      0.10      0.08      0.04      0.02      0.02      0.02      0.04      0.06      0.11
  3754.05      0.20      0.13      0.13      0.10      0.08      0.03      0.02      0.02      0.02      0.04      0.06      0.11
  3755.05      0.18      0.11      0.12      0.09      0.07      0.03      0.02      0.02      0.02      0.03      0.06      0.10
  3756.05      0.17      0.11      0.11      0.08      0.07      0.03      0.02      0.01      0.02      0.03      0.05      0.09
  3757.05      0.18      0.11      0.12      0.09      0.07      0.03      0.02      0.02      0.02      0.03      0.06      0.10
  3758.05      0.19      0.12      0.13      0.09      0.08      0.03      0.02      0.02      0.02      0.03      0.06      0.11
  3759.05      0.19      0.13      0.14      0.10      0.08      0.04      0.02      0.02      0.02      0.04      0.06      0.11
  3760.05      0.18      0.12      0.13      0.09      0.08      0.03      0.02      0.02      0.02      0.03      0.06      0.10
  3761.05      0.18      0.12      0.12      0.09      0.07      0.03      0.02      0.02      0.02      0.03      0.06      0.10
  3762.05      0.18      0.12      0.13      0.09      0.08      0.03      0.02      0.02      0.02      0.03      0.06      0.10
  3763.05      0.18      0.13      0.13      0.10      0.08      0.04      0.02      0.02      0.02      0.04      0.06      0.11
  3764.05      0.18      0.13      0.13      0.09      0.08      0.04      0.02      0.02      0.02      0.03      0.06      0.11
  3765.05      0.18      0.12      0.13      0.09      0.08      0.04      0.02      0.02      0.02      0.03      0.06      0.11
  3766.05      0.18      0.12      0.13      0.09      0.08      0.04      0.02      0.02      0.02      0.03      0.06      0.10
  3767.05      0.18      0.13      0.13      0.09      0.08      0.04      0.02      0.02      0.02      0.03      0.06      0.11
  3768.05      0.19      0.13      0.14      0.10      0.08      0.04      0.02      0.02      0.02      0.04      0.06      0.11
  3769.05      0.19      0.14      0.14      0.10      0.08      0.04      0.02      0.02      0.02      0.04      0.07      0.11
  3770.05      0.19      0.14      0.14      0.10      0.09      0.04      0.02      0.02      0.02      0.04      0.07      0.11
  3771.05      0.19      0.14      0.14      0.10      0.08      0.04      0.02      0.02      0.02      0.04      0.07      0.11
  3772.05      0.17      0.13      0.13      0.09      0.08      0.04      0.02      0.02      0.02      0.03      0.06      0.10
  3773.05      0.15      0.11      0.11      0.08      0.07      0.03      0.02      0.01      0.02      0.03      0.05      0.09
  3774.05      0.15      0.11      0.11      0.08      0.07      0.03      0.02      0.01      0.02      0.03      0.05      0.09
  3775.05      0.14      0.11      0.11      0.08      0.07      0.03      0.02      0.01      0.02      0.03      0.05      0.09
  3776.05      0.14      0.11      0.11      0.08      0.07      0.03      0.02      0.01      0.02      0.03      0.05      0.09
  3777.05      0.15      0.11      0.11      0.08      0.07      0.03      0.02      0.01      0.02      0.03      0.05      0.09
  3778.05      0.15      0.11      0.11      0.08      0.07      0.03      0.02      0.01      0.02      0.03      0.05      0.09
  3779.05      0.15      0.11      0.11      0.08      0.07      0.03      0.02      0.01      0.02      0.03      0.05      0.09
  3780.05      0.16      0.12      0.12      0.09      0.07      0.03      0.02      0.01      0.02      0.03      0.06      0.09
  3781.05      0.16      0.12      0.12      0.09      0.07      0.04      0.02      0.02      0.02      0.03      0.06      0.09
  3782.05      0.16      0.12      0.12      0.09      0.07      0.03      0.02      0.01      0.02      0.03      0.06      0.09
  3783.05      0.16      0.12      0.12      0.09      0.07      0.04      0.02      0.02      0.02      0.03      0.06      0.09
  3784.05      0.15      0.11      0.11      0.08      0.07      0.03      0.02      0.01      0.02      0.03      0.05      0.09
  3785.05      0.14      0.11      0.10      0.08      0.06      0.03      0.02      0.01      0.02      0.03      0.05      0.08
  3786.05      0.14      0.11      0.11      0.08      0.07      0.03      0.02      0.01      0.02      0.03      0.05      0.09
  3787.05      0.16      0.13      0.12      0.09      0.08      0.04      0.02      0.02      0.02      0.03      0.06      0.10
  3788.05      0.17      0.14      0.13      0.10      0.08      0.04      0.02      0.02      0.02      0.03      0.06      0.10
  3789.05      0.18      0.14      0.14      0.11      0.09      0.04      0.02      0.02      0.02      0.04      0.07      0.11
  3790.05      0.18      0.14      0.14      0.10      0.09      0.04      0.02      0.02      0.02      0.04      0.07      0.11
  3791.05      0.16      0.13      0.13      0.10      0.08      0.04      0.02      0.02      0.02      0.03      0.06      0.10
  3792.05      0.16      0.13      0.12      0.10      0.08      0.04      0.02      0.02      0.02      0.03      0.06      0.10
  3793.05      0.16      0.13      0.12      0.10      0.08      0.04      0.02      0.02      0.02      0.03      0.06      0.09
  3794.05      0.16      0.13      0.12      0.10      0.08      0.04      0.02      0.02      0.02      0.03      0.06      0.10
  3795.05      0.16      0.13      0.12      0.10      0.08      0.04      0.02      0.02      0.02      0.03      0.06      0.10
  3796.05      0.16      0.13      0.12      0.10      0.08      0.04      0.02      0.02      0.02      0.03      0.06      0.09
  3797.05      0.16      0.14      0.13      0.10      0.08      0.04      0.02      0.02      0.02      0.03      0.06      0.10
  3798.05      0.17      0.15      0.13      0.11      0.09      0.04      0.02      0.02      0.02      0.04      0.07      0.10
  3799.05      0.18      0.16      0.14      0.12      0.09      0.05      0.02      0.02      0.02      0.04      0.07      0.11
  3800.05      0.19      0.16      0.15      0.12      0.10      0.05      0.03      0.02      0.03      0.04      0.07      0.11
  3801.05      0.18      0.16      0.14      0.11      0.09      0.05      0.02      0.02      0.02      0.04      0.07      0.11
  3802.05      0.17      0.15      0.13      0.11      0.08      0.04      0.02      0.02      0.02      0.03      0.06      0.10
  3803.05      0.16      0.14      0.13      0.10      0.08      0.04      0.02      0.02      0.02      0.03      0.06      0.10
  3804.05      0.15      0.13      0.12      0.09      0.07      0.04      0.02      0.02      0.02      0.03      0.06      0.09
  3805.05      0.14      0.13      0.11      0.09      0.07      0.04      0.02      0.01      0.02      0.03      0.06      0.09
  3806.05      0.15      0.14      0.12      0.10      0.08      0.04      0.02      0.02      0.02      0.03      0.06      0.09
  3807.05      0.16      0.15      0.13      0.11      0.08      0.04      0.02      0.02      0.02      0.03      0.06      0.10
  3808.05      0.17      0.15      0.13      0.11      0.09      0.05      0.02      0.02      0.02      0.03      0.06      0.10
  3809.05      0.16      0.15      0.13      0.11      0.08      0.04      0.02      0.02      0.02      0.03      0.06      0.10
  3810.05      0.16      0.14      0.12      0.11      0.08      0.04      0.02      0.02      0.02      0.03      0.06      0.09
  3811.05      0.15      0.14      0.12      0.10      0.08      0.04      0.02      0.02      0.02      0.03      0.06      0.09
  3812.05      0.16      0.15      0.13      0.11      0.08      0.05      0.02      0.02      0.02      0.03      0.06      0.10
  3813.05      0.16      0.15      0.13      0.11      0.08      0.05      0.02      0.02      0.02      0.03      0.06      0.10
  3814.05      0.14      0.14      0.12      0.10      0.08      0.04      0.02      0.02      0.02      0.03      0.06      0.09
  3815.05      0.14      0.14      0.11      0.10      0.07      0.04      0.02      0.02      0.02      0.03      0.06      0.09
  3816.05      0.15      0.14      0.12      0.11      0.08      0.04      0.02      0.02      0.02      0.03      0.06      0.09
  3817.05      0.15      0.15      0.12      0.11      0.08      0.04      0.02      0.02      0.02      0.03      0.06      0.09
  3818.05      0.15      0.14      0.12      0.11      0.08      0.04      0.02      0.02      0.02      0.03      0.06      0.09
  3819.05      0.14      0.14      0.11      0.10      0.07      0.04      0.02      0.02      0.02      0.03      0.06      0.08
  3820.05      0.14      0.14      0.11      0.10      0.07      0.04      0.02      0.02      0.02      0.03      0.06      0.08
  3821.05      0.15      0.15      0.12      0.11      0.08      0.05      0.02      0.02      0.02      0.03      0.06      0.09
  3822.05      0.16      0.16      0.13      0.12      0.08      0.05      0.02      0.02      0.02      0.03      0.06      0.09
  3823.05      0.16      0.16      0.13      0.12      0.09      0.05      0.02      0.02      0.02      0.03      0.06      0.10
  3824.05      0.16      0.17      0.13      0.13      0.09      0.05      0.03      0.02      0.02      0.03      0.07      0.10
  3825.05      0.17      0.17      0.14      0.13      0.09      0.05      0.03      0.02      0.02      0.04      0.07      0.10
  3826.05      0.17      0.18      0.14      0.14      0.09      0.05      0.03      0.02      0.02      0.04      0.07      0.10
  3827.05      0.17      0.17      0.14      0.14      0.09      0.05      0.03      0.02      0.02      0.04      0.07      0.10
  3828.05      0.17      0.17      0.14      0.13      0.09      0.05      0.03      0.02      0.02      0.04      0.07      0.10
  3829.05      0.15      0.16      0.13      0.13      0.09      0.05      0.02      0.02      0.02      0.03      0.06      0.09
  3830.05      0.14      0.15      0.12      0.11      0.08      0.05      0.02      0.02      0.02      0.03      0.06      0.09
  3831.05      0.13      0.14      0.11      0.11      0.07      0.04      0.02      0.02      0.02      0.03      0.05      0.08
  3832.05      0.13      0.14      0.11      0.11      0.07      0.04      0.02      0.02      0.02      0.03      0.05      0.08
  3833.05      0.14      0.15      0.11      0.12      0.08      0.05      0.02      0.02      0.02      0.03      0.06      0.09
  3834.05      0.14      0.15      0.12      0.12      0.08      0.05      0.02      0.02      0.02      0.03      0.06      0.09
  3835.05      0.14      0.14      0.11      0.12      0.08      0.05      0.02      0.02      0.02      0.03      0.06      0.08
  3836.05      0.13      0.14      0.11      0.11      0.08      0.04      0.02      0.02      0.02      0.03      0.06      0.08
  3837.05      0.14      0.15      0.12      0.12      0.08      0.05      0.02      0.02      0.02      0.03      0.06      0.09
  3838.05      0.14      0.15      0.12      0.13      0.08      0.05      0.02      0.02      0.02      0.03      0.06      0.09
  3839.05      0.15      0.16      0.12      0.13      0.08      0.05      0.02      0.02      0.02      0.03      0.06      0.09
  3840.05      0.16      0.17      0.13      0.14      0.09      0.06      0.03      0.02      0.02      0.03      0.07      0.10
  3841.05      0.16      0.17      0.13      0.14      0.09      0.06      0.03      0.02      0.02      0.03      0.07      0.10
  3842.05      0.15      0.16      0.12      0.13      0.08      0.05      0.02      0.02      0.02      0.03      0.06      0.09
  3843.05      0.14      0.16      0.12      0.13      0.08      0.05      0.02      0.02      0.02      0.03      0.06      0.09
  3844.05      0.15      0.16      0.13      0.14      0.09      0.05      0.03      0.02      0.02      0.03      0.06      0.10
  3845.05      0.16      0.17      0.13      0.14      0.09      0.05      0.03      0.02      0.02      0.03      0.07      0.10
  3846.05      0.14      0.16      0.12      0.13      0.08      0.05      0.02      0.02      0.02      0.03      0.06      0.09
  3847.05      0.14      0.16      0.12      0.13      0.08      0.05      0.02      0.02      0.02      0.03      0.06      0.09
  3848.05      0.15      0.17      0.13      0.14      0.09      0.05      0.03      0.02      0.02      0.03      0.06      0.10
  3849.05      0.16      0.18      0.13      0.15      0.09      0.06      0.03      0.02      0.02      0.03      0.07      0.10
  3850.05      0.16      0.18      0.14      0.15      0.09      0.06      0.03      0.02      0.02      0.03      0.07      0.10
  3851.05      0.15      0.17      0.13      0.14      0.09      0.06      0.03      0.02      0.02      0.03      0.06      0.10
  3852.05      0.15      0.17      0.13      0.15      0.09      0.06      0.03      0.02      0.02      0.03      0.06      0.10
  3853.05      0.16      0.18      0.14      0.16      0.10      0.06      0.03      0.02      0.02      0.03      0.07      0.11
  3854.05      0.16      0.18      0.14      0.16      0.10      0.06      0.03      0.02      0.02      0.03      0.07      0.11
  3855.05      0.16      0.18      0.14      0.16      0.09      0.06      0.03      0.02      0.02      0.03      0.07      0.10
  3856.05      0.16      0.18      0.13      0.16      0.09      0.06      0.03      0.02      0.02      0.03      0.07      0.10
  3857.05      0.16      0.19      0.14      0.16      0.09      0.06      0.03      0.02      0.02      0.03      0.07      0.10
  3858.05      0.17      0.20      0.15      0.17      0.10      0.06      0.03      0.02      0.02      0.03      0.07      0.11
  3859.05      0.18      0.21      0.15      0.18      0.10      0.07      0.03      0.02      0.03      0.04      0.07      0.12
  3860.05      0.18      0.21      0.15      0.18      0.11      0.07      0.03      0.02      0.03      0.04      0.07      0.12
  3861.05      0.18      0.22      0.16      0.19      0.11      0.07      0.03      0.02      0.03      0.04      0.08      0.12
  3862.05      0.18      0.21      0.15      0.18      0.11      0.07      0.03      0.02      0.03      0.04      0.07      0.12
  3863.05      0.17      0.21      0.15      0.18      0.10      0.07      0.03      0.02      0.02      0.03      0.07      0.11
  3864.05      0.17      0.21      0.14      0.18      0.10      0.07      0.03      0.02      0.02      0.03      0.07      0.11
  3865.05      0.17      0.20      0.14      0.17      0.10      0.07      0.03      0.02      0.02      0.03      0.07      0.11
  3866.05      0.16      0.20      0.14      0.17      0.10      0.06      0.03      0.02      0.02      0.03      0.07      0.11
  3867.05      0.16      0.19      0.13      0.17      0.10      0.06      0.03      0.02      0.02      0.03      0.07      0.10
  3868.05      0.16      0.19      0.13      0.17      0.10      0.06      0.03      0.02      0.02      0.03      0.07      0.10
  3869.05      0.16      0.19      0.13      0.16      0.10      0.06      0.03      0.02      0.02      0.03      0.06      0.10
  3870.05      0.16      0.20      0.13      0.17      0.10      0.06      0.03      0.02      0.02      0.03      0.06      0.10
  3871.05      0.17      0.21      0.14      0.18      0.10      0.07      0.03      0.02      0.02      0.03      0.07      0.11
  3872.05      0.18      0.22      0.15      0.19      0.11      0.07      0.03      0.02      0.02      0.04      0.07      0.12
  3873.05      0.18      0.23      0.15      0.19      0.11      0.07      0.03      0.02      0.03      0.04      0.07      0.12
  3874.05      0.17      0.21      0.14      0.18      0.11      0.07      0.03      0.02      0.02      0.03      0.07      0.11
  3875.05      0.16      0.21      0.14      0.18      0.10      0.07      0.03      0.02      0.02      0.03      0.07      0.11
  3876.05      0.17      0.21      0.14      0.18      0.11      0.07      0.03      0.02      0.02      0.03      0.07      0.11
  3877.05      0.17      0.22      0.15      0.19      0.11      0.07      0.03      0.02      0.02      0.03      0.07      0.11
  3878.05      0.18      0.23      0.15      0.19      0.11      0.07      0.03      0.02      0.02      0.03      0.07      0.12
  3879.05      0.18      0.23      0.15      0.20      0.12      0.07      0.03      0.02      0.02      0.04      0.07      0.12
  3880.05      0.18      0.23      0.15      0.20      0.11      0.07      0.03      0.02      0.02      0.03      0.07      0.12
  3881.05      0.17      0.23      0.15      0.19      0.11      0.07      0.03      0.02      0.02      0.03      0.07      0.11
  3882.05      0.18      0.23      0.15      0.19      0.11      0.07      0.03      0.02      0.02      0.03      0.07      0.11
  3883.05      0.18      0.23      0.15      0.20      0.12      0.07      0.03      0.02      0.02      0.03      0.07      0.12
  3884.05      0.18      0.23      0.15      0.19      0.11      0.07      0.03      0.02      0.02      0.03      0.07      0.11
  3885.05      0.17      0.23      0.15      0.19      0.11      0.07      0.03      0.02      0.02      0.03      0.07      0.11
  3886.05      0.18      0.24      0.15      0.19      0.12      0.07      0.03      0.02      0.02      0.03      0.07      0.11
  3887.05      0.19      0.26      0.16      0.20      0.12      0.08      0.04      0.02      0.03      0.04      0.07      0.12
  3888.05      0.19      0.26      0.16      0.20      0.12      0.08      0.04      0.02      0.03      0.04      0.07      0.12
  3889.05      0.17      0.23      0.14      0.18      0.11      0.07      0.03      0.02      0.02      0.03      0.06      0.11
  3890.05      0.16      0.22      0.13      0.17      0.10      0.07      0.03      0.02      0.02      0.03      0.06      0.10
  3891.05      0.17      0.24      0.14      0.17      0.11      0.07      0.03      0.02      0.02      0.03      0.06      0.11
  3892.05      0.17      0.24      0.14      0.17      0.11      0.07      0.03      0.02      0.02      0.03      0.06      0.11
  3893.05      0.17      0.24      0.14      0.17      0.11      0.07      0.03      0.02      0.02      0.03      0.06      0.11
  3894.05      0.16      0.25      0.14      0.17      0.11      0.07      0.03      0.02      0.02      0.03      0.06      0.11
  3895.05      0.16      0.25      0.14      0.17      0.11      0.07      0.03      0.02      0.02      0.03      0.06      0.10
  3896.05      0.16      0.25      0.14      0.17      0.11      0.07      0.03      0.02      0.02      0.03      0.06      0.10
  3897.05      0.16      0.25      0.14      0.17      0.11      0.07      0.03      0.02      0.02      0.03      0.06      0.10
  3898.05      0.16      0.25      0.14      0.16      0.11      0.07      0.03      0.02      0.02      0.03      0.06      0.10
  3899.05      0.16      0.25      0.13      0.16      0.11      0.07      0.03      0.02      0.02      0.03      0.06      0.10
  3900.05      0.15      0.24      0.13      0.15      0.10      0.06      0.03      0.02      0.02      0.03      0.06      0.09
  3901.05      0.15      0.25      0.13      0.15      0.10      0.07      0.03      0.02      0.02      0.03      0.06      0.10
  3902.05      0.16      0.25      0.13      0.15      0.11      0.07      0.03      0.02      0.02      0.03      0.06      0.10
  3903.05      0.15      0.25      0.13      0.15      0.10      0.07      0.03      0.02      0.02      0.03      0.06      0.10
  3904.05      0.16      0.26      0.13      0.15      0.11      0.07      0.03      0.02      0.02      0.03      0.06      0.10
  3905.05      0.15      0.26      0.13      0.15      0.10      0.07      0.03      0.02      0.02      0.03      0.06      0.10
  3906.05      0.15      0.26      0.13      0.14      0.10      0.07      0.03      0.02      0.02      0.03      0.05      0.09
  3907.05      0.15      0.26      0.13      0.15      0.10      0.07      0.03      0.02      0.02      0.03      0.06      0.10
  3908.05      0.15      0.25      0.12      0.14      0.10      0.06      0.03      0.02      0.02      0.03      0.05      0.09
  3909.05      0.14      0.25      0.12      0.13      0.09      0.06      0.03      0.02      0.02      0.03      0.05      0.09
  3910.05      0.15      0.25      0.12      0.14      0.10      0.06      0.03      0.02      0.02      0.03      0.05      0.09
  3911.05      0.15      0.26      0.12      0.14      0.10      0.06      0.03      0.02      0.02      0.03      0.05      0.09
  3912.05      0.15      0.26      0.12      0.14      0.10      0.06      0.03      0.02      0.02      0.03      0.05      0.09
  3913.05      0.13      0.23      0.11      0.12      0.09      0.06      0.03      0.02      0.02      0.02      0.05      0.08
  3914.05      0.10      0.19      0.09      0.09      0.07      0.04      0.02      0.01      0.01      0.02      0.04      0.06
  3915.05      0.11      0.20      0.09      0.10      0.07      0.05      0.02      0.01      0.01      0.02      0.04      0.07
  3916.05      0.14      0.26      0.12      0.13      0.09      0.06      0.03      0.02      0.02      0.03      0.05      0.09
  3917.05      0.16      0.30      0.13      0.14      0.11      0.07      0.03      0.02      0.02      0.03      0.06      0.10
  3918.05      0.15      0.30      0.13      0.14      0.10      0.07      0.03      0.02      0.02      0.03      0.05      0.09
  3919.05      0.14      0.28      0.12      0.13      0.09      0.06      0.03      0.02      0.02      0.03      0.05      0.09
  3920.05      0.15      0.30      0.13      0.13      0.10      0.07      0.03      0.02      0.02      0.03      0.05      0.09
  3921.05      0.17      0.34      0.14      0.15      0.11      0.08      0.03      0.02      0.02      0.03      0.06      0.10
  3922.05      0.17      0.35      0.14      0.15      0.11      0.08      0.03      0.02      0.02      0.03      0.06      0.11
  3923.05      0.17      0.36      0.14      0.15      0.11      0.08      0.03      0.02      0.02      0.03      0.06      0.10
  3924.05      0.17      0.36      0.14      0.15      0.11      0.08      0.03      0.02      0.02      0.03      0.06      0.10
  3925.05      0.17      0.38      0.15      0.15      0.12      0.08      0.04      0.02      0.02      0.03      0.06      0.11
  3926.05      0.18      0.40      0.15      0.16      0.12      0.08      0.04      0.02      0.02      0.03      0.06      0.11
  3927.05      0.18      0.41      0.15      0.16      0.12      0.08      0.04      0.02      0.02      0.03      0.06      0.11
  3928.05      0.18      0.43      0.16      0.16      0.13      0.09      0.04      0.02      0.02      0.03      0.06      0.12
  3929.05      0.18      0.44      0.16      0.16      0.13      0.09      0.04      0.02      0.02      0.03      0.06      0.12
  3930.05      0.19      0.46      0.16      0.17      0.13      0.09      0.04      0.02      0.02      0.03      0.07      0.12
  3931.05      0.20      0.50      0.18      0.18      0.14      0.10      0.04      0.02      0.03      0.04      0.07      0.13
  3932.05      0.19      0.48      0.17      0.17      0.13      0.09      0.04      0.02      0.03      0.03      0.07      0.12
  3933.05      0.18      0.45      0.16      0.16      0.12      0.09      0.04      0.02      0.02      0.03      0.06      0.11
  3934.05      0.19      0.49      0.17      0.17      0.13      0.09      0.04      0.02      0.02      0.03      0.06      0.12
  3935.05      0.21      0.55      0.19      0.19      0.15      0.10      0.05      0.03      0.03      0.04      0.07      0.13
  3936.05      0.21      0.56      0.18      0.19      0.15      0.10      0.05      0.03      0.03      0.04      0.07      0.13
  3937.05      0.19      0.52      0.17      0.17      0.14      0.10      0.04      0.02      0.03      0.03      0.07      0.12
  3938.05      0.18      0.50      0.16      0.16      0.13      0.09      0.04      0.02      0.02      0.03      0.06      0.12
  3939.05      0.18      0.51      0.16      0.16      0.13      0.09      0.04      0.02      0.02      0.03      0.06      0.12
  3940.05      0.17      0.49      0.15      0.15      0.12      0.09      0.04      0.02      0.02      0.03      0.06      0.11
  3941.05      0.17      0.48      0.15      0.15      0.12      0.08      0.04      0.02      0.02      0.03      0.06      0.11
  3942.05      0.17      0.49      0.15      0.15      0.12      0.08      0.04      0.02      0.02      0.03      0.06      0.11
  3943.05      0.16      0.48      0.14      0.14      0.12      0.08      0.04      0.02      0.02      0.03      0.06      0.10
  3944.05      0.15      0.47      0.14      0.14      0.11      0.08      0.04      0.02      0.02      0.03      0.05      0.10
  3945.05      0.16      0.49      0.14      0.14      0.11      0.08      0.04      0.02      0.02      0.03      0.05      0.10
  3946.05      0.16      0.49      0.14      0.14      0.11      0.08      0.04      0.02      0.02      0.03      0.05      0.10
  3947.05      0.15      0.48      0.14      0.14      0.11      0.08      0.04      0.02      0.02      0.03      0.05      0.10
  3948.05      0.15      0.49      0.14      0.14      0.11      0.08      0.04      0.02      0.02      0.03      0.05      0.10
  3949.05      0.15      0.49      0.14      0.14      0.11      0.08      0.04      0.02      0.02      0.03      0.05      0.10
  3950.05      0.16      0.53      0.14      0.14      0.12      0.08      0.04      0.02      0.02      0.03      0.06      0.10
  3951.05      0.17      0.59      0.15      0.15      0.12      0.09      0.04      0.02      0.02      0.03      0.06      0.11
  3952.05      0.16      0.62      0.14      0.14      0.12      0.09      0.04      0.02      0.02      0.03      0.06      0.11
  3953.05      0.16      0.62      0.14      0.14      0.12      0.09      0.04      0.02      0.02      0.03      0.06      0.11
  3954.05      0.17      0.65      0.15      0.15      0.13      0.09      0.04      0.02      0.02      0.03      0.06      0.11
  3955.05      0.17      0.64      0.15      0.15      0.12      0.09      0.04      0.02      0.02      0.03      0.06      0.11
  3956.05      0.17      0.62      0.15      0.15      0.12      0.09      0.04      0.02      0.02      0.03      0.06      0.11
  3957.05      0.17      0.62      0.15      0.15      0.12      0.09      0.04      0.02      0.02      0.03      0.06      0.11
  3958.05      0.17      0.61      0.15      0.15      0.12      0.09      0.04      0.02      0.02      0.03      0.06      0.11
  3959.05      0.17      0.61      0.15      0.16      0.13      0.09      0.04      0.02      0.02      0.03      0.06      0.11
  3960.05      0.18      0.60      0.15      0.16      0.13      0.09      0.04      0.02      0.02      0.03      0.06      0.11
  3961.05      0.17      0.58      0.15      0.15      0.12      0.09      0.04      0.02      0.02      0.03      0.06      0.11
  3962.05      0.18      0.58      0.16      0.16      0.13      0.10      0.04      0.02      0.02      0.03      0.06      0.11
  3963.05      0.19      0.61      0.17      0.17      0.14      0.10      0.05      0.02      0.02      0.03      0.06      0.12
  3964.05      0.19      0.62      0.17      0.17      0.14      0.11      0.05      0.03      0.03      0.04      0.07      0.13
  3965.05      0.20      0.62      0.17      0.18      0.14      0.11      0.05      0.03      0.03      0.04      0.07      0.13
  3966.05      0.20      0.61      0.17      0.18      0.14      0.11      0.05      0.03      0.03      0.04      0.07      0.13
  3967.05      0.21      0.63      0.18      0.19      0.15      0.11      0.05      0.03      0.03      0.04      0.07      0.14
  3968.05      0.21      0.63      0.19      0.19      0.15      0.12      0.05      0.03      0.03      0.04      0.07      0.14
  3969.05      0.20      0.59      0.18      0.18      0.15      0.11      0.05      0.03      0.03      0.04      0.07      0.13
  3970.05      0.20      0.57      0.18      0.18      0.14      0.11      0.05      0.03      0.03      0.04      0.07      0.13
  3971.05      0.19      0.53      0.17      0.17      0.14      0.11      0.05      0.02      0.02      0.03      0.06      0.12
  3972.05      0.18      0.49      0.16      0.16      0.13      0.10      0.05      0.02      0.02      0.03      0.06      0.12
  3973.05      0.17      0.47      0.15      0.16      0.13      0.10      0.05      0.02      0.02      0.03      0.06      0.11
  3974.05      0.17      0.45      0.15      0.15      0.12      0.10      0.04      0.02      0.02      0.03      0.06      0.11
  3975.05      0.16      0.43      0.14      0.15      0.12      0.09      0.04      0.02      0.02      0.03      0.05      0.11
  3976.05      0.16      0.41      0.14      0.15      0.12      0.09      0.04      0.02      0.02      0.03      0.05      0.10
  3977.05      0.16      0.40      0.14      0.15      0.12      0.09      0.04      0.02      0.02      0.03      0.05      0.10
  3978.05      0.16      0.40      0.14      0.15      0.12      0.09      0.04      0.02      0.02      0.03      0.05      0.11
  3979.05      0.16      0.37      0.14      0.14      0.11      0.09      0.04      0.02      0.02      0.03      0.05      0.10
  3980.05      0.16      0.36      0.14      0.14      0.11      0.09      0.04      0.02      0.02      0.03      0.05      0.10
  3981.05      0.15      0.34      0.13      0.14      0.11      0.09      0.04      0.02      0.02      0.03      0.05      0.10
  3982.05      0.15      0.33      0.13      0.13      0.11      0.08      0.04      0.02      0.02      0.03      0.05      0.10
  3983.05      0.16      0.35      0.14      0.14      0.11      0.09      0.04      0.02      0.02      0.03      0.05      0.10
  3984.05      0.16      0.36      0.14      0.15      0.11      0.09      0.04      0.02      0.02      0.03      0.05      0.10
  3985.05      0.16      0.35      0.14      0.14      0.11      0.09      0.04      0.02      0.02      0.03      0.05      0.10
  3986.05      0.16      0.35      0.14      0.15      0.11      0.09      0.04      0.02      0.02      0.03      0.05      0.10
  3987.05      0.17      0.36      0.14      0.15      0.12      0.09      0.05      0.02      0.02      0.03      0.05      0.11
  3988.05      0.17      0.36      0.14      0.15      0.12      0.09      0.05      0.02      0.02      0.03      0.05      0.10
  3989.05      0.16      0.34      0.14      0.14      0.11      0.09      0.04      0.02      0.02      0.03      0.05      0.10
  3990.05      0.16      0.34      0.14      0.14      0.11      0.09      0.04      0.02      0.02      0.03      0.05      0.10
  3991.05      0.17      0.35      0.14      0.15      0.12      0.09      0.05      0.02      0.02      0.03      0.05      0.10
  3992.05      0.17      0.36      0.14      0.15      0.12      0.09      0.05      0.02      0.02      0.03      0.05      0.11
  3993.05      0.17      0.36      0.14      0.15      0.12      0.10      0.05      0.02      0.02      0.03      0.05      0.11
  3994.05      0.17      0.35      0.14      0.15      0.12      0.09      0.05      0.02      0.02      0.03      0.05      0.10
  3995.05      0.17      0.35      0.14      0.15      0.11      0.09      0.05      0.02      0.02      0.03      0.05      0.10
  3996.05      0.17      0.36      0.15      0.15      0.12      0.10      0.05      0.02      0.02      0.03      0.05      0.11
  3997.05      0.18      0.36      0.15      0.16      0.12      0.10      0.05      0.02      0.02      0.03      0.05      0.11
  3998.05      0.18      0.36      0.15      0.16      0.12      0.10      0.05      0.02      0.02      0.03      0.05      0.11
  3999.05      0.17      0.36      0.15      0.15      0.12      0.10      0.05      0.02      0.02      0.03      0.05      0.11
  4000.05      0.16      0.32      0.13      0.14      0.11      0.09      0.04      0.02      0.02      0.03      0.05      0.10
  4001.05      0.16      0.32      0.13      0.14      0.11      0.09      0.04      0.02      0.02      0.03      0.05      0.10
  4002.05      0.17      0.34      0.14      0.15      0.11      0.10      0.05      0.02      0.02      0.03      0.05      0.10
  4003.05      0.17      0.34      0.14      0.15      0.11      0.10      0.05      0.02      0.02      0.03      0.05      0.10
  4004.05      0.17      0.33      0.14      0.14      0.11      0.09      0.05      0.02      0.02      0.03      0.05      0.10
  4005.05      0.17      0.33      0.14      0.14      0.11      0.09      0.05      0.02      0.02      0.03      0.05      0.10
  4006.05      0.17      0.33      0.14      0.15      0.11      0.09      0.05      0.02      0.02      0.03      0.05      0.10
  4007.05      0.17      0.34      0.14      0.15      0.11      0.10      0.05      0.02      0.02      0.03      0.05      0.10
  4008.05      0.17      0.34      0.14      0.15      0.11      0.10      0.05      0.02      0.02      0.03      0.05      0.10
  4009.05      0.16      0.32      0.13      0.14      0.11      0.09      0.05      0.02      0.02      0.03      0.05      0.10
  4010.05      0.16      0.31      0.13      0.14      0.11      0.09      0.05      0.02      0.02      0.03      0.05      0.10
  4011.05      0.16      0.31      0.13      0.14      0.11      0.09      0.05      0.02      0.02      0.03      0.05      0.10
  4012.05      0.16      0.31      0.13      0.14      0.11      0.09      0.05      0.02      0.02      0.03      0.05      0.10
  4013.05      0.16      0.31      0.13      0.14      0.11      0.09      0.05      0.02      0.02      0.03      0.05      0.10
  4014.05      0.16      0.31      0.13      0.14      0.11      0.09      0.05      0.02      0.02      0.03      0.05      0.10
  4015.05      0.16      0.31      0.13      0.14      0.10      0.09      0.05      0.02      0.02      0.03      0.05      0.10
  4016.05      0.16      0.31      0.14      0.14      0.11      0.09      0.05      0.02      0.02      0.03      0.05      0.10
  4017.05      0.16      0.31      0.14      0.14      0.11      0.09      0.05      0.02      0.02      0.03      0.05      0.10
  4018.05      0.17      0.32      0.14      0.15      0.11      0.09      0.05      0.02      0.02      0.03      0.05      0.10
  4019.05      0.17      0.32      0.14      0.15      0.11      0.10      0.05      0.02      0.02      0.03      0.05      0.10
  4020.05      0.16      0.31      0.14      0.14      0.11      0.09      0.05      0.02      0.02      0.03      0.05      0.10
  4021.05      0.16      0.30      0.13      0.14      0.11      0.09      0.05      0.02      0.02      0.03      0.05      0.10
  4022.05      0.16      0.30      0.13      0.14      0.11      0.09      0.05      0.02      0.02      0.03      0.05      0.10
  4023.05      0.17      0.31      0.14      0.14      0.11      0.09      0.05      0.02      0.02      0.03      0.05      0.10
  4024.05      0.17      0.32      0.14      0.15      0.11      0.10      0.05      0.02      0.02      0.03      0.05      0.10
  4025.05      0.17      0.31      0.14      0.15      0.11      0.10      0.05      0.02      0.02      0.03      0.05      0.10
  4026.05      0.17      0.31      0.14      0.15      0.11      0.09      0.05      0.02      0.02      0.03      0.05      0.10
  4027.05      0.17      0.30      0.14      0.15      0.11      0.09      0.05      0.02      0.02      0.03      0.05      0.10
  4028.05      0.17      0.30      0.14      0.15      0.11      0.09      0.05      0.02      0.02      0.03      0.05      0.10
  4029.05      0.17      0.30      0.14      0.14      0.11      0.09      0.05      0.02      0.02      0.03      0.05      0.10
  4030.05      0.16      0.30      0.14      0.14      0.11      0.09      0.05      0.02      0.02      0.03      0.05      0.10
  4031.05      0.17      0.31      0.15      0.15      0.12      0.10      0.05      0.02      0.02      0.03      0.05      0.10
  4032.05      0.18      0.33      0.16      0.16      0.13      0.11      0.06      0.03      0.02      0.03      0.05      0.11
  4033.05      0.18      0.32      0.15      0.16      0.12      0.10      0.06      0.02      0.02      0.03      0.05      0.11
  4034.05      0.18      0.31      0.15      0.15      0.12      0.10      0.06      0.02      0.02      0.03      0.05      0.10
  4035.05      0.17      0.30      0.14      0.15      0.11      0.10      0.05      0.02      0.02      0.03      0.05      0.10
  4036.05      0.16      0.29      0.14      0.14      0.11      0.09      0.05      0.02      0.02      0.03      0.04      0.10
  4037.05      0.16      0.28      0.14      0.14      0.11      0.09      0.05      0.02      0.02      0.03      0.04      0.10
  4038.05      0.16      0.28      0.14      0.14      0.11      0.09      0.05      0.02      0.02      0.03      0.04      0.10
  4039.05      0.16      0.28      0.14      0.14      0.11      0.09      0.05      0.02      0.02      0.03      0.04      0.09
  4040.05      0.17      0.29      0.14      0.14      0.11      0.09      0.05      0.02      0.02      0.03      0.05      0.10
  4041.05      0.17      0.30      0.15      0.15      0.12      0.10      0.06      0.02      0.02      0.03      0.05      0.10
  4042.05      0.16      0.28      0.14      0.14      0.11      0.09      0.05      0.02      0.02      0.03      0.04      0.10
  4043.05      0.15      0.27      0.13      0.13      0.11      0.09      0.05      0.02      0.02      0.03      0.04      0.09
  4044.05      0.15      0.27      0.13      0.13      0.11      0.09      0.05      0.02      0.02      0.03      0.04      0.09
  4045.05      0.16      0.27      0.14      0.14      0.11      0.09      0.05      0.02      0.02      0.03      0.04      0.10
  4046.05      0.17      0.29      0.15      0.15      0.12      0.10      0.06      0.02      0.02      0.03      0.05      0.10
  4047.05      0.18      0.31      0.16      0.16      0.13      0.10      0.06      0.03      0.02      0.03      0.05      0.11
  4048.05      0.17      0.28      0.15      0.15      0.12      0.10      0.06      0.02      0.02      0.03      0.05      0.10
  4049.05      0.16      0.26      0.14      0.14      0.11      0.09      0.05      0.02      0.02      0.03      0.04      0.09
  4050.05      0.17      0.28      0.15      0.14      0.12      0.10      0.06      0.02      0.02      0.03      0.05      0.10
  4051.05      0.16      0.27      0.14      0.14      0.12      0.09      0.06      0.02      0.02      0.03      0.04      0.10
  4052.05      0.16      0.26      0.14      0.14      0.11      0.09      0.05      0.02      0.02      0.03      0.04      0.09
  4053.05      0.17      0.28      0.15      0.15      0.12      0.10      0.06      0.03      0.02      0.03      0.05      0.10
  4054.05      0.18      0.29      0.16      0.16      0.13      0.10      0.06      0.03      0.02      0.03      0.05      0.11
  4055.05      0.17      0.28      0.15      0.15      0.12      0.10      0.06      0.03      0.02      0.03      0.05      0.10
  4056.05      0.17      0.28      0.15      0.15      0.12      0.10      0.06      0.03      0.02      0.03      0.05      0.10
  4057.05      0.18      0.29      0.16      0.16      0.13      0.11      0.07      0.03      0.02      0.03      0.05      0.11
  4058.05      0.19      0.29      0.17      0.16      0.13      0.11      0.07      0.03      0.02      0.03      0.05      0.11
  4059.05      0.18      0.28      0.16      0.15      0.13      0.10      0.06      0.03      0.02      0.03      0.05      0.11
  4060.05      0.16      0.26      0.15      0.14      0.12      0.10      0.06      0.02      0.02      0.03      0.04      0.10
  4061.05      0.16      0.24      0.14      0.14      0.12      0.09      0.06      0.02      0.02      0.02      0.04      0.09
  4062.05      0.16      0.24      0.14      0.13      0.12      0.09      0.06      0.02      0.02      0.02      0.04      0.09
  4063.05      0.16      0.25      0.15      0.14      0.12      0.09      0.06      0.02      0.02      0.03      0.04      0.09
  4064.05      0.17      0.26      0.16      0.15      0.13      0.10      0.06      0.03      0.02      0.03      0.05      0.10
  4065.05      0.17      0.26      0.15      0.15      0.13      0.10      0.06      0.03      0.02      0.03      0.05      0.10
  4066.05      0.16      0.24      0.14      0.14      0.12      0.09      0.06      0.02      0.02      0.02      0.04      0.09
  4067.05      0.16      0.24      0.15      0.14      0.12      0.09      0.06      0.02      0.02      0.03      0.04      0.09
  4068.05      0.17      0.25      0.16      0.15      0.13      0.10      0.06      0.03      0.02      0.03      0.05      0.10
  4069.05      0.17      0.24      0.15      0.14      0.13      0.10      0.06      0.03      0.02      0.03      0.04      0.10
  4070.05      0.16      0.24      0.15      0.14      0.13      0.10      0.06      0.03      0.02      0.03      0.04      0.09
  4071.05      0.17      0.24      0.15      0.14      0.13      0.10      0.06      0.03      0.02      0.03      0.05      0.10
  4072.05      0.18      0.25      0.16      0.15      0.14      0.10      0.07      0.03      0.02      0.03      0.05      0.10
  4073.05      0.19      0.27      0.17      0.16      0.15      0.11      0.07      0.03      0.03      0.03      0.05      0.11
  4074.05      0.20      0.28      0.18      0.17      0.16      0.12      0.08      0.03      0.03      0.03      0.05      0.11
  4075.05      0.20      0.27      0.18      0.17      0.16      0.12      0.07      0.03      0.03      0.03      0.05      0.11
  4076.05      0.18      0.24      0.16      0.15      0.14      0.10      0.07      0.03      0.02      0.03      0.05      0.10
  4077.05      0.16      0.21      0.14      0.13      0.13      0.09      0.06      0.02      0.02      0.02      0.04      0.09
  4078.05      0.17      0.22      0.15      0.14      0.13      0.10      0.06      0.03      0.02      0.03      0.04      0.09
  4079.05      0.18      0.24      0.17      0.15      0.15      0.11      0.07      0.03      0.02      0.03      0.05      0.10
  4080.05      0.18      0.24      0.17      0.15      0.15      0.10      0.07      0.03      0.02      0.03      0.05      0.10
  4081.05      0.16      0.21      0.15      0.13      0.13      0.09      0.06      0.03      0.02      0.03      0.04      0.09
  4082.05      0.16      0.21      0.15      0.13      0.13      0.09      0.06      0.02      0.02      0.02      0.04      0.09
  4083.05      0.17      0.22      0.15      0.14      0.14      0.10      0.06      0.03      0.02      0.03      0.04      0.09
  4084.05      0.17      0.23      0.16      0.14      0.14      0.10      0.07      0.03      0.02      0.03      0.05      0.09
  4085.05      0.18      0.23      0.17      0.15      0.15      0.10      0.07      0.03      0.02      0.03      0.05      0.10
  4086.05      0.17      0.23      0.16      0.14      0.15      0.10      0.07      0.03      0.02      0.03      0.05      0.10
  4087.05      0.17      0.22      0.16      0.14      0.14      0.10      0.07      0.03      0.02      0.03      0.04      0.09
  4088.05      0.16      0.21      0.16      0.13      0.14      0.10      0.07      0.03      0.02      0.03      0.04      0.09
  4089.05      0.17      0.22      0.16      0.14      0.14      0.10      0.07      0.03      0.02      0.03      0.04      0.09
  4090.05      0.17      0.22      0.16      0.14      0.14      0.10      0.07      0.03      0.02      0.03      0.04      0.09
  4091.05      0.17      0.22      0.16      0.14      0.15      0.10      0.07      0.03      0.02      0.03      0.04      0.09
  4092.05      0.17      0.22      0.17      0.14      0.15      0.10      0.07      0.03      0.02      0.03      0.05      0.09
  4093.05      0.18      0.22      0.17      0.14      0.15      0.10      0.07      0.03      0.02      0.03      0.05      0.09
  4094.05      0.18      0.22      0.17      0.14      0.16      0.10      0.07      0.03      0.02      0.03      0.05      0.09
  4095.05      0.17      0.22      0.17      0.14      0.15      0.10      0.07      0.03      0.02      0.03      0.05      0.09
  4096.05      0.18      0.22      0.17      0.14      0.16      0.10      0.07      0.03      0.02      0.03      0.05      0.09
  4097.05      0.18      0.22      0.17      0.14      0.16      0.10      0.07      0.03      0.02      0.03      0.05      0.10
  4098.05      0.18      0.23      0.18      0.15      0.16      0.11      0.07      0.03      0.02      0.03      0.05      0.10
  4099.05      0.19      0.23      0.18      0.15      0.17      0.11      0.08      0.03      0.02      0.03      0.05      0.10
  4100.05      0.18      0.23      0.18      0.15      0.17      0.11      0.08      0.03      0.02      0.03      0.05      0.10
  4101.05      0.18      0.22      0.18      0.14      0.17      0.11      0.08      0.03      0.02      0.03      0.05      0.10
  4102.05      0.19      0.24      0.19      0.15      0.18      0.11      0.08      0.03      0.03      0.03      0.05      0.10
  4103.05      0.20      0.24      0.19      0.16      0.18      0.12      0.08      0.03      0.03      0.03      0.05      0.10
  4104.05      0.20      0.24      0.19      0.16      0.18      0.12      0.08      0.03      0.03      0.03      0.05      0.10
  4105.05      0.20      0.24      0.19      0.15      0.18      0.12      0.08      0.03      0.03      0.03      0.05      0.10
  4106.05      0.19      0.23      0.19      0.15      0.18      0.11      0.08      0.03      0.03      0.03      0.05      0.10
  4107.05      0.19      0.23      0.18      0.15      0.18      0.11      0.08      0.03      0.02      0.03      0.05      0.10
  4108.05      0.18      0.22      0.18      0.14      0.17      0.11      0.08      0.03      0.02      0.03      0.05      0.09
  4109.05      0.18      0.22      0.18      0.14      0.17      0.11      0.08      0.03      0.02      0.03      0.05      0.09
  4110.05      0.18      0.22      0.18      0.14      0.17      0.11      0.08      0.03      0.02      0.03      0.05      0.09
  4111.05      0.19      0.22      0.19      0.15      0.18      0.11      0.08      0.03      0.02      0.03      0.05      0.09
  4112.05      0.19      0.22      0.19      0.15      0.18      0.11      0.08      0.03      0.02      0.03      0.05      0.09
  4113.05      0.18      0.21      0.18      0.14      0.17      0.11      0.08      0.03      0.02      0.03      0.05      0.09
  4114.05      0.18      0.21      0.18      0.14      0.17      0.11      0.08      0.03      0.02      0.03      0.05      0.09
  4115.05      0.18      0.20      0.18      0.14      0.17      0.11      0.08      0.03      0.02      0.03      0.04      0.09
  4116.05      0.18      0.21      0.18      0.14      0.17      0.11      0.08      0.03      0.02      0.03      0.04      0.09
  4117.05      0.18      0.21      0.18      0.14      0.17      0.11      0.08      0.03      0.02      0.03      0.04      0.09
  4118.05      0.18      0.21      0.18      0.14      0.18      0.11      0.08      0.03      0.02      0.03      0.05      0.09
  4119.05      0.18      0.21      0.18      0.14      0.18      0.11      0.08      0.03      0.02      0.03      0.05      0.09
  4120.05      0.19      0.21      0.19      0.15      0.19      0.12      0.08      0.03      0.02      0.03      0.05      0.09
  4121.05      0.18      0.21      0.18      0.14      0.18      0.12      0.08      0.03      0.02      0.03      0.05      0.09
  4122.05      0.18      0.20      0.18      0.14      0.18      0.11      0.08      0.03      0.02      0.03      0.05      0.09
  4123.05      0.18      0.20      0.18      0.14      0.18      0.12      0.08      0.03      0.02      0.03      0.05      0.09
  4124.05      0.18      0.20      0.18      0.14      0.18      0.11      0.08      0.03      0.02      0.03      0.04      0.09
  4125.05      0.18      0.20      0.18      0.14      0.18      0.11      0.08      0.03      0.02      0.03      0.04      0.09
  4126.05      0.18      0.20      0.18      0.14      0.18      0.11      0.08      0.03      0.02      0.03      0.04      0.09
  4127.05      0.18      0.20      0.18      0.14      0.18      0.11      0.08      0.03      0.02      0.03      0.04      0.09
  4128.05      0.18      0.20      0.18      0.14      0.18      0.11      0.08      0.03      0.02      0.03      0.04      0.09
  4129.05      0.18      0.19      0.18      0.13      0.18      0.11      0.08      0.03      0.02      0.03      0.04      0.08
  4130.05      0.18      0.19      0.18      0.14      0.18      0.11      0.08      0.03      0.02      0.03      0.04      0.09
  4131.05      0.18      0.20      0.18      0.14      0.19      0.12      0.08      0.03      0.02      0.03      0.04      0.09
  4132.05      0.19      0.20      0.19      0.14      0.19      0.12      0.08      0.03      0.02      0.03      0.04      0.09
  4133.05      0.19      0.20      0.19      0.14      0.19      0.12      0.09      0.03      0.02      0.03      0.05      0.09
  4134.05      0.19      0.20      0.19      0.14      0.19      0.12      0.08      0.03      0.02      0.03      0.05      0.09
  4135.05      0.19      0.20      0.19      0.14      0.19      0.12      0.09      0.03      0.02      0.03      0.05      0.09
  4136.05      0.19      0.19      0.18      0.14      0.19      0.12      0.08      0.03      0.02      0.03      0.04      0.09
  4137.05      0.18      0.18      0.18      0.13      0.18      0.11      0.08      0.03      0.02      0.03      0.04      0.08
  4138.05      0.17      0.18      0.17      0.13      0.18      0.11      0.08      0.03      0.02      0.02      0.04      0.08
  4139.05      0.18      0.18      0.18      0.13      0.18      0.11      0.08      0.03      0.02      0.03      0.04      0.08
  4140.05      0.18      0.18      0.18      0.13      0.18      0.12      0.08      0.03      0.02      0.03      0.04      0.08
  4141.05      0.18      0.18      0.18      0.13      0.19      0.12      0.08      0.03      0.02      0.03      0.04      0.08
  4142.05      0.19      0.19      0.18      0.14      0.19      0.12      0.08      0.03      0.02      0.03      0.04      0.08
  4143.05      0.19      0.19      0.19      0.14      0.20      0.13      0.09      0.03      0.02      0.03      0.05      0.09
  4144.05      0.20      0.20      0.20      0.15      0.20      0.13      0.09      0.04      0.03      0.03      0.05      0.09
  4145.05      0.20      0.20      0.20      0.15      0.20      0.13      0.09      0.04      0.03      0.03      0.05      0.09
  4146.05      0.19      0.19      0.19      0.14      0.19      0.12      0.09      0.03      0.02      0.03      0.04      0.08
  4147.05      0.19      0.18      0.18      0.14      0.18      0.12      0.08      0.03      0.02      0.03      0.04      0.08
  4148.05      0.19      0.19      0.19      0.14      0.19      0.12      0.09      0.03      0.02      0.03      0.04      0.08
  4149.05      0.19      0.18      0.19      0.14      0.18      0.12      0.09      0.03      0.02      0.03      0.04      0.08
  4150.05      0.19      0.18      0.18      0.13      0.18      0.12      0.08      0.03      0.02      0.03      0.04      0.08
  4151.05      0.19      0.19      0.19      0.14      0.19      0.12      0.09      0.03      0.02      0.03      0.04      0.08
  4152.05      0.20      0.19      0.20      0.14      0.19      0.13      0.09      0.04      0.02      0.03      0.05      0.09
  4153.05      0.20      0.19      0.20      0.15      0.19      0.13      0.09      0.04      0.02      0.03      0.05      0.09
  4154.05      0.20      0.19      0.20      0.14      0.19      0.13      0.09      0.03      0.02      0.03      0.04      0.09
  4155.05      0.20      0.18      0.20      0.14      0.18      0.12      0.09      0.03      0.02      0.03      0.04      0.08
  4156.05      0.19      0.17      0.19      0.13      0.17      0.12      0.08      0.03      0.02      0.02      0.04      0.08
  4157.05      0.18      0.17      0.18      0.13      0.17      0.11      0.08      0.03      0.02      0.02      0.04      0.08
  4158.05      0.19      0.17      0.19      0.13      0.17      0.12      0.08      0.03      0.02      0.02      0.04      0.08
  4159.05      0.18      0.17      0.18      0.13      0.17      0.11      0.08      0.03      0.02      0.02      0.04      0.08
  4160.05      0.18      0.17      0.19      0.13      0.17      0.11      0.08      0.03      0.02      0.02      0.04      0.08
  4161.05      0.19      0.17      0.19      0.14      0.17      0.12      0.09      0.03      0.02      0.02      0.04      0.08
  4162.05      0.19      0.17      0.19      0.13      0.17      0.12      0.09      0.03      0.02      0.02      0.04      0.08
  4163.05      0.19      0.17      0.20      0.14      0.17      0.12      0.09      0.03      0.02      0.02      0.04      0.08
  4164.05      0.20      0.17      0.20      0.14      0.17      0.12      0.09      0.03      0.02      0.02      0.04      0.08
  4165.05      0.18      0.16      0.18      0.13      0.16      0.11      0.08      0.03      0.02      0.02      0.04      0.07
  4166.05      0.18      0.16      0.18      0.12      0.15      0.11      0.08      0.03      0.02      0.02      0.04      0.07
  4167.05      0.18      0.16      0.19      0.13      0.16      0.11      0.08      0.03      0.02      0.02      0.04      0.07
  4168.05      0.19      0.16      0.19      0.13      0.16      0.11      0.08      0.03      0.02      0.02      0.04      0.07
  4169.05      0.18      0.16      0.19      0.13      0.15      0.11      0.08      0.03      0.02      0.02      0.04      0.07
  4170.05      0.18      0.16      0.19      0.13      0.15      0.11      0.08      0.03      0.02      0.02      0.04      0.07
  4171.05      0.19      0.16      0.19      0.13      0.16      0.11      0.09      0.03      0.02      0.02      0.04      0.07
  4172.05      0.20      0.17      0.20      0.13      0.16      0.12      0.09      0.03      0.02      0.02      0.04      0.08
  4173.05      0.20      0.17      0.20      0.13      0.16      0.12      0.09      0.03      0.02      0.02      0.04      0.08
  4174.05      0.19      0.17      0.20      0.13      0.16      0.12      0.09      0.03      0.02      0.02      0.04      0.07
  4175.05      0.20      0.17      0.21      0.14      0.16      0.12      0.09      0.04      0.02      0.02      0.04      0.08
  4176.05      0.20      0.17      0.21      0.14      0.16      0.12      0.09      0.03      0.02      0.02      0.04      0.08
  4177.05      0.20      0.17      0.21      0.14      0.16      0.12      0.09      0.04      0.02      0.02      0.04      0.08
  4178.05      0.21      0.17      0.21      0.14      0.16      0.12      0.09      0.04      0.02      0.02      0.04      0.08
  4179.05      0.20      0.17      0.21      0.14      0.16      0.12      0.09      0.04      0.02      0.02      0.04      0.08
  4180.05      0.21      0.17      0.21      0.14      0.16      0.12      0.09      0.04      0.02      0.02      0.04      0.08
  4181.05      0.21      0.18      0.22      0.14      0.16      0.12      0.09      0.04      0.02      0.02      0.04      0.08
  4182.05      0.21      0.18      0.22      0.14      0.16      0.12      0.09      0.04      0.02      0.02      0.04      0.08
  4183.05      0.21      0.17      0.22      0.14      0.16      0.12      0.09      0.04      0.02      0.02      0.04      0.08
  4184.05      0.21      0.17      0.22      0.14      0.16      0.12      0.09      0.04      0.02      0.02      0.04      0.08
  4185.05      0.22      0.18      0.23      0.14      0.16      0.12      0.10      0.04      0.02      0.02      0.04      0.08
  4186.05      0.21      0.17      0.23      0.14      0.16      0.12      0.09      0.04      0.02      0.02      0.04      0.08
  4187.05      0.20      0.17      0.22      0.14      0.15      0.12      0.09      0.04      0.02      0.02      0.04      0.07
  4188.05      0.22      0.18      0.24      0.14      0.16      0.13      0.10      0.04      0.02      0.02      0.04      0.08
  4189.05      0.23      0.19      0.25      0.15      0.17      0.13      0.10      0.04      0.02      0.03      0.04      0.08
  4190.05      0.22      0.18      0.25      0.15      0.16      0.13      0.10      0.04      0.02      0.03      0.04      0.08
  4191.05      0.22      0.18      0.25      0.14      0.16      0.13      0.10      0.04      0.02      0.02      0.04      0.08
  4192.05      0.22      0.18      0.25      0.15      0.16      0.13      0.10      0.04      0.02      0.03      0.04      0.08
  4193.05      0.21      0.18      0.25      0.14      0.16      0.12      0.10      0.04      0.02      0.02      0.04      0.08
  4194.05      0.21      0.18      0.25      0.14      0.16      0.12      0.10      0.04      0.02      0.02      0.04      0.07
  4195.05      0.22      0.18      0.26      0.15      0.16      0.13      0.10      0.04      0.02      0.03      0.04      0.08
  4196.05      0.22      0.19      0.27      0.15      0.16      0.13      0.10      0.04      0.02      0.03      0.04      0.08
  4197.05      0.23      0.19      0.29      0.16      0.17      0.13      0.10      0.04      0.03      0.03      0.04      0.08
  4198.05      0.23      0.19      0.29      0.16      0.17      0.13      0.11      0.04      0.03      0.03      0.04      0.08
  4199.05      0.24      0.20      0.30      0.16      0.18      0.14      0.11      0.04      0.03      0.03      0.05      0.08
  4200.05      0.23      0.19      0.30      0.16      0.17      0.14      0.11      0.04      0.03      0.03      0.04      0.08
  4201.05      0.22      0.18      0.29      0.15      0.16      0.13      0.10      0.04      0.02      0.03      0.04      0.08
  4202.05      0.22      0.18      0.29      0.15      0.16      0.13      0.10      0.04      0.02      0.03      0.04      0.08
  4203.05      0.23      0.19      0.30      0.15      0.17      0.13      0.11      0.04      0.03      0.03      0.04      0.08
  4204.05      0.23      0.20      0.31      0.16      0.17      0.13      0.11      0.04      0.03      0.03      0.04      0.08
  4205.05      0.23      0.19      0.31      0.16      0.17      0.13      0.11      0.04      0.03      0.03      0.04      0.08
  4206.05      0.22      0.19      0.31      0.15      0.16      0.13      0.10      0.04      0.02      0.03      0.04      0.08
  4207.05      0.21      0.18      0.30      0.15      0.16      0.12      0.10      0.04      0.02      0.02      0.04      0.07
  4208.05      0.20      0.17      0.29      0.14      0.15      0.12      0.10      0.04      0.02      0.02      0.04      0.07
  4209.05      0.20      0.17      0.29      0.14      0.15      0.12      0.09      0.04      0.02      0.02      0.04      0.07
  4210.05      0.21      0.18      0.30      0.14      0.15      0.12      0.10      0.04      0.02      0.02      0.04      0.07
  4211.05      0.22      0.19      0.32      0.15      0.16      0.13      0.10      0.04      0.02      0.03      0.04      0.07
  4212.05      0.22      0.19      0.32      0.15      0.16      0.13      0.10      0.04      0.02      0.03      0.04      0.07
  4213.05      0.21      0.18      0.32      0.15      0.15      0.12      0.10      0.04      0.02      0.03      0.04      0.07
  4214.05      0.21      0.18      0.32      0.14      0.15      0.12      0.10      0.04      0.02      0.02      0.04      0.07
  4215.05      0.21      0.18      0.32      0.14      0.15      0.12      0.10      0.04      0.02      0.02      0.04      0.07
  4216.05      0.21      0.19      0.33      0.15      0.15      0.12      0.10      0.04      0.02      0.03      0.04      0.07
  4217.05      0.21      0.18      0.33      0.15      0.15      0.12      0.10      0.04      0.02      0.03      0.04      0.07
  4218.05      0.21      0.18      0.33      0.15      0.15      0.12      0.10      0.04      0.02      0.02      0.04      0.07
  4219.05      0.21      0.19      0.34      0.15      0.15      0.12      0.10      0.04      0.02      0.03      0.04      0.07
  4220.05      0.21      0.19      0.35      0.15      0.15      0.12      0.10      0.04      0.02      0.03      0.04      0.07
  4221.05      0.21      0.19      0.36      0.15      0.15      0.12      0.10      0.04      0.02      0.03      0.04      0.07
  4222.05      0.20      0.18      0.35      0.14      0.15      0.12      0.10      0.04      0.02      0.02      0.04      0.07
  4223.05      0.20      0.18      0.36      0.14      0.15      0.12      0.10      0.04      0.02      0.02      0.04      0.07
  4224.05      0.21      0.19      0.38      0.15      0.16      0.13      0.11      0.04      0.02      0.03      0.04      0.07
  4225.05      0.22      0.20      0.41      0.16      0.17      0.13      0.11      0.05      0.03      0.03      0.04      0.08
  4226.05      0.22      0.20      0.41      0.15      0.16      0.13      0.11      0.05      0.03      0.03      0.04      0.07
  4227.05      0.22      0.20      0.42      0.16      0.17      0.13      0.11      0.05      0.03      0.03      0.04      0.08
  4228.05      0.24      0.22      0.46      0.17      0.18      0.14      0.12      0.05      0.03      0.03      0.05      0.08
  4229.05      0.22      0.21      0.44      0.16      0.17      0.14      0.11      0.05      0.03      0.03      0.04      0.08
  4230.05      0.21      0.19      0.42      0.15      0.16      0.13      0.11      0.05      0.03      0.03      0.04      0.07
  4231.05      0.20      0.19      0.41      0.15      0.15      0.12      0.10      0.04      0.02      0.03      0.04      0.07
  4232.05      0.20      0.19      0.42      0.14      0.15      0.12      0.10      0.04      0.02      0.03      0.04      0.07
  4233.05      0.20      0.19      0.43      0.15      0.16      0.12      0.10      0.05      0.02      0.03      0.04      0.07
  4234.05      0.21      0.20      0.46      0.15      0.16      0.13      0.11      0.05      0.03      0.03      0.04      0.07
  4235.05      0.21      0.20      0.47      0.16      0.17      0.13      0.11      0.05      0.03      0.03      0.04      0.07
  4236.05      0.21      0.20      0.47      0.15      0.16      0.13      0.11      0.05      0.03      0.03      0.04      0.07
  4237.05      0.21      0.20      0.48      0.15      0.16      0.13      0.11      0.05      0.03      0.03      0.04      0.07
  4238.05      0.21      0.20      0.48      0.15      0.16      0.13      0.11      0.05      0.03      0.03      0.04      0.07
  4239.05      0.20      0.20      0.48      0.15      0.16      0.13      0.11      0.05      0.03      0.03      0.04      0.07
  4240.05      0.21      0.20      0.49      0.15      0.16      0.13      0.11      0.05      0.03      0.03      0.04      0.07
  4241.05      0.21      0.21      0.51      0.16      0.17      0.13      0.11      0.05      0.03      0.03      0.04      0.07
  4242.05      0.21      0.20      0.51      0.15      0.16      0.13      0.11      0.05      0.03      0.03      0.04      0.07
  4243.05      0.21      0.20      0.52      0.15      0.17      0.13      0.11      0.05      0.03      0.03      0.04      0.07
  4244.05      0.21      0.21      0.54      0.16      0.17      0.13      0.11      0.05      0.03      0.03      0.04      0.07
  4245.05      0.20      0.20      0.52      0.15      0.16      0.13      0.11      0.05      0.03      0.03      0.04      0.07
  4246.05      0.19      0.19      0.51      0.14      0.16      0.12      0.11      0.05      0.03      0.03      0.04      0.07
  4247.05      0.19      0.19      0.51      0.14      0.15      0.12      0.10      0.05      0.03      0.03      0.04      0.07
  4248.05      0.19      0.19      0.52      0.14      0.15      0.12      0.11      0.05      0.03      0.03      0.04      0.07
  4249.05      0.19      0.19      0.54      0.15      0.16      0.12      0.11      0.05      0.03      0.03      0.04      0.07
  4250.05      0.20      0.20      0.55      0.15      0.16      0.12      0.11      0.05      0.03      0.03      0.04      0.07
  4251.05      0.20      0.20      0.56      0.15      0.16      0.12      0.11      0.05      0.03      0.03      0.04      0.07
  4252.05      0.19      0.19      0.55      0.15      0.16      0.12      0.11      0.05      0.03      0.03      0.04      0.07
  4253.05      0.19      0.19      0.53      0.14      0.15      0.12      0.10      0.05      0.03      0.03      0.04      0.07
  4254.05      0.18      0.18      0.55      0.14      0.15      0.12      0.10      0.05      0.03      0.03      0.04      0.07
  4255.05      0.19      0.19      0.64      0.14      0.16      0.12      0.11      0.05      0.03      0.03      0.04      0.07
  4256.05      0.19      0.19      0.70      0.14      0.16      0.12      0.11      0.05      0.03      0.03      0.04      0.07
  4257.05      0.19      0.19      0.68      0.14      0.16      0.12      0.11      0.05      0.03      0.03      0.04      0.07
  4258.05      0.19      0.19      0.67      0.14      0.16      0.12      0.11      0.05      0.03      0.03      0.04      0.07
  4259.05      0.19      0.19      0.66      0.14      0.16      0.12      0.11      0.05      0.03      0.03      0.04      0.07
  4260.05      0.19      0.19      0.67      0.14      0.16      0.12      0.11      0.05      0.03      0.03      0.04      0.07
  4261.05      0.20      0.20      0.69      0.15      0.17      0.13      0.11      0.05      0.03      0.03      0.04      0.07
  4262.05      0.21      0.21      0.71      0.16      0.17      0.13      0.12      0.06      0.03      0.03      0.04      0.08
  4263.05      0.20      0.20      0.67      0.15      0.17      0.13      0.11      0.05      0.03      0.03      0.04      0.07
  4264.05      0.19      0.19      0.65      0.15      0.16      0.12      0.11      0.05      0.03      0.03      0.04      0.07
  4265.05      0.19      0.19      0.64      0.15      0.16      0.12      0.11      0.05      0.03      0.03      0.04      0.07
  4266.05      0.19      0.19      0.63      0.15      0.16      0.12      0.11      0.05      0.03      0.03      0.04      0.07
  4267.05      0.19      0.19      0.60      0.14      0.16      0.12      0.11      0.05      0.03      0.03      0.04      0.07
  4268.05      0.18      0.18      0.57      0.14      0.15      0.12      0.11      0.05      0.03      0.03      0.04      0.07
  4269.05      0.18      0.18      0.57      0.14      0.16      0.12      0.11      0.05      0.03      0.03      0.04      0.07
  4270.05      0.19      0.19      0.57      0.14      0.16      0.12      0.11      0.05      0.03      0.03      0.04      0.07
  4271.05      0.20      0.20      0.59      0.15      0.17      0.13      0.11      0.05      0.03      0.03      0.04      0.07
  4272.05      0.21      0.21      0.61      0.16      0.18      0.13      0.12      0.06      0.03      0.03      0.04      0.08
  4273.05      0.21      0.21      0.61      0.16      0.18      0.14      0.12      0.06      0.03      0.03      0.04      0.08
  4274.05      0.20      0.20      0.56      0.15      0.17      0.13      0.11      0.06      0.03      0.03      0.04      0.07
  4275.05      0.20      0.20      0.55      0.15      0.17      0.13      0.11      0.06      0.03      0.03      0.04      0.07
  4276.05      0.19      0.19      0.54      0.15      0.17      0.13      0.11      0.06      0.03      0.03      0.04      0.07
  4277.05      0.18      0.18      0.50      0.14      0.16      0.12      0.11      0.05      0.03      0.03      0.04      0.07
  4278.05      0.18      0.18      0.48      0.14      0.16      0.12      0.11      0.05      0.03      0.03      0.04      0.07
  4279.05      0.18      0.18      0.48      0.14      0.16      0.12      0.11      0.05      0.03      0.03      0.04      0.07
  4280.05      0.18      0.19      0.48      0.14      0.16      0.12      0.11      0.05      0.03      0.03      0.04      0.07
  4281.05      0.19      0.19      0.48      0.15      0.17      0.13      0.11      0.06      0.03      0.03      0.04      0.07
  4282.05      0.19      0.19      0.47      0.15      0.17      0.13      0.11      0.06      0.03      0.03      0.04      0.07
  4283.05      0.19      0.19      0.46      0.15      0.16      0.13      0.11      0.06      0.03      0.03      0.04      0.07
  4284.05      0.19      0.19      0.45      0.15      0.17      0.13      0.11      0.06      0.03      0.03      0.04      0.07
  4285.05      0.19      0.19      0.43      0.15      0.16      0.13      0.11      0.06      0.03      0.03      0.04      0.07
  4286.05      0.19      0.19      0.42      0.15      0.16      0.12      0.11      0.06      0.03      0.03      0.04      0.07
  4287.05      0.19      0.19      0.42      0.15      0.17      0.13      0.11      0.06      0.03      0.03      0.04      0.07
  4288.05      0.19      0.19      0.42      0.15      0.17      0.13      0.11      0.06      0.03      0.03      0.04      0.07
  4289.05      0.19      0.19      0.41      0.15      0.16      0.13      0.11      0.06      0.03      0.03      0.04      0.07
  4290.05      0.19      0.19      0.42      0.15      0.17      0.13      0.12      0.06      0.03      0.03      0.04      0.07
  4291.05      0.20      0.20      0.43      0.16      0.17      0.14      0.12      0.06      0.03      0.03      0.04      0.07
  4292.05      0.19      0.19      0.41      0.15      0.16      0.13      0.11      0.06      0.03      0.03      0.04      0.07
  4293.05      0.18      0.18      0.39      0.14      0.16      0.12      0.11      0.06      0.03      0.03      0.04      0.07
  4294.05      0.18      0.18      0.39      0.14      0.16      0.12      0.11      0.06      0.03      0.03      0.04      0.07
  4295.05      0.18      0.18      0.39      0.14      0.16      0.13      0.11      0.06      0.03      0.03      0.04      0.07
  4296.05      0.18      0.18      0.39      0.14      0.16      0.12      0.11      0.06      0.03      0.03      0.04      0.07
  4297.05      0.18      0.18      0.38      0.14      0.16      0.12      0.11      0.06      0.03      0.03      0.04      0.07
  4298.05      0.18      0.18      0.39      0.14      0.16      0.13      0.11      0.06      0.03      0.03      0.04      0.07
  4299.05      0.19      0.19      0.41      0.15      0.17      0.13      0.11      0.06      0.03      0.03      0.04      0.07
  4300.05      0.20      0.20      0.43      0.16      0.18      0.14      0.12      0.07      0.03      0.03      0.04      0.08
  4301.05      0.21      0.21      0.44      0.17      0.18      0.15      0.12      0.07      0.03      0.03      0.04      0.08
  4302.05      0.21      0.21      0.45      0.17      0.18      0.15      0.13      0.07      0.04      0.03      0.05      0.08
  4303.05      0.21      0.21      0.44      0.17      0.18      0.15      0.13      0.07      0.04      0.03      0.05      0.08
  4304.05      0.21      0.21      0.44      0.17      0.18      0.15      0.12      0.07      0.03      0.03      0.04      0.08
  4305.05      0.20      0.20      0.42      0.16      0.18      0.14      0.12      0.07      0.03      0.03      0.04      0.07
  4306.05      0.20      0.20      0.42      0.16      0.17      0.14      0.12      0.07      0.03      0.03      0.04      0.07
  4307.05      0.19      0.19      0.40      0.15      0.17      0.14      0.12      0.06      0.03      0.03      0.04      0.07
  4308.05      0.19      0.19      0.39      0.15      0.16      0.13      0.11      0.06      0.03      0.03      0.04      0.07
  4309.05      0.19      0.19      0.39      0.15      0.16      0.13      0.11      0.06      0.03      0.03      0.04      0.07
  4310.05      0.19      0.19      0.39      0.15      0.16      0.13      0.11      0.06      0.03      0.03      0.04      0.07
  4311.05      0.19      0.19      0.39      0.15      0.16      0.13      0.11      0.06      0.03      0.03      0.04      0.07
  4312.05      0.19      0.19      0.39      0.15      0.16      0.13      0.11      0.06      0.03      0.03      0.04      0.07
  4313.05      0.18      0.19      0.38      0.15      0.16      0.13      0.11      0.06      0.03      0.03      0.04      0.07
  4314.05      0.18      0.18      0.37      0.15      0.16      0.13      0.11      0.06      0.03      0.03      0.04      0.07
  4315.05      0.17      0.18      0.35      0.14      0.15      0.13      0.10      0.06      0.03      0.03      0.04      0.06
  4316.05      0.17      0.17      0.35      0.14      0.15      0.13      0.10      0.06      0.03      0.03      0.04      0.06
  4317.05      0.17      0.17      0.34      0.14      0.15      0.12      0.10      0.06      0.03      0.03      0.04      0.06
  4318.05      0.16      0.17      0.33      0.13      0.14      0.12      0.10      0.06      0.03      0.03      0.04      0.06
  4319.05      0.17      0.17      0.34      0.14      0.14      0.12      0.10      0.06      0.03      0.03      0.04      0.06
  4320.05      0.17      0.18      0.35      0.14      0.15      0.13      0.11      0.06      0.03      0.03      0.04      0.06
  4321.05      0.17      0.18      0.34      0.14      0.15      0.13      0.10      0.06      0.03      0.03      0.04      0.06
  4322.05      0.17      0.18      0.35      0.14      0.15      0.13      0.11      0.06      0.03      0.03      0.04      0.06
  4323.05      0.18      0.18      0.36      0.15      0.15      0.14      0.11      0.06      0.03      0.03      0.04      0.07
  4324.05      0.20      0.20      0.39      0.16      0.17      0.15      0.12      0.07      0.03      0.03      0.04      0.07
  4325.05      0.21      0.22      0.41      0.17      0.18      0.16      0.13      0.08      0.04      0.03      0.04      0.08
  4326.05      0.20      0.21      0.39      0.16      0.17      0.15      0.12      0.07      0.04      0.03      0.04      0.07
  4327.05      0.19      0.20      0.38      0.16      0.16      0.15      0.12      0.07      0.03      0.03      0.04      0.07
  4328.05      0.18      0.19      0.36      0.15      0.16      0.15      0.11      0.07      0.03      0.03      0.04      0.07
  4329.05      0.18      0.19      0.35      0.15      0.16      0.14      0.11      0.07      0.03      0.03      0.04      0.07
  4330.05      0.18      0.18      0.35      0.15      0.15      0.14      0.11      0.07      0.03      0.03      0.04      0.07
  4331.05      0.17      0.18      0.34      0.14      0.15      0.14      0.11      0.06      0.03      0.03      0.04      0.06
  4332.05      0.17      0.18      0.34      0.14      0.15      0.14      0.11      0.06      0.03      0.03      0.04      0.06
  4333.05      0.17      0.18      0.34      0.14      0.15      0.14      0.11      0.07      0.03      0.03      0.04      0.06
  4334.05      0.17      0.18      0.34      0.14      0.15      0.14      0.11      0.07      0.03      0.03      0.04      0.06
  4335.05      0.17      0.18      0.34      0.15      0.15      0.14      0.11      0.07      0.03      0.03      0.04      0.06
  4336.05      0.17      0.18      0.33      0.14      0.15      0.14      0.11      0.07      0.03      0.03      0.04      0.06
  4337.05      0.17      0.18      0.32      0.14      0.15      0.14      0.11      0.06      0.03      0.03      0.04      0.06
  4338.05      0.17      0.18      0.33      0.14      0.15      0.15      0.11      0.07      0.03      0.03      0.04      0.06
  4339.05      0.18      0.19      0.34      0.15      0.16      0.15      0.11      0.07      0.03      0.03      0.04      0.07
  4340.05      0.19      0.20      0.35      0.16      0.16      0.16      0.12      0.07      0.03      0.03      0.04      0.07
  4341.05      0.19      0.20      0.35      0.16      0.16      0.16      0.12      0.07      0.04      0.03      0.04      0.07
  4342.05      0.18      0.20      0.34      0.16      0.16      0.16      0.12      0.07      0.03      0.03      0.04      0.07
  4343.05      0.18      0.19      0.33      0.15      0.15      0.15      0.11      0.07      0.03      0.03      0.04      0.07
  4344.05      0.17      0.18      0.31      0.14      0.14      0.15      0.11      0.07      0.03      0.03      0.04      0.06
  4345.05      0.16      0.17      0.30      0.14      0.14      0.14      0.10      0.06      0.03      0.03      0.03      0.06
  4346.05      0.16      0.17      0.30      0.14      0.14      0.14      0.10      0.06      0.03      0.03      0.03      0.06
  4347.05      0.16      0.17      0.29      0.13      0.13      0.14      0.10      0.06      0.03      0.02      0.03      0.06
  4348.05      0.16      0.16      0.28      0.13      0.13      0.14      0.10      0.06      0.03      0.02      0.03      0.06
  4349.05      0.15      0.16      0.28      0.13      0.13      0.14      0.10      0.06      0.03      0.02      0.03      0.06
  4350.05      0.15      0.15      0.26      0.12      0.12      0.13      0.09      0.06      0.03      0.02      0.03      0.05
  4351.05      0.15      0.15      0.26      0.12      0.12      0.13      0.09      0.06      0.03      0.02      0.03      0.05
  4352.05      0.16      0.16      0.28      0.13      0.13      0.14      0.10      0.06      0.03      0.02      0.03      0.06
  4353.05      0.16      0.17      0.28      0.14      0.13      0.14      0.10      0.06      0.03      0.02      0.03      0.06
  4354.05      0.15      0.16      0.27      0.13      0.13      0.14      0.10      0.06      0.03      0.02      0.03      0.06
  4355.05      0.15      0.16      0.26      0.13      0.12      0.14      0.10      0.06      0.03      0.02      0.03      0.05
  4356.05      0.15      0.15      0.26      0.13      0.12      0.14      0.10      0.06      0.03      0.02      0.03      0.05
  4357.05      0.14      0.15      0.25      0.12      0.12      0.13      0.10      0.06      0.03      0.02      0.03      0.05
  4358.05      0.14      0.15      0.25      0.12      0.12      0.13      0.09      0.06      0.03      0.02      0.03      0.05
  4359.05      0.14      0.15      0.24      0.12      0.12      0.13      0.09      0.06      0.03      0.02      0.03      0.05
  4360.05      0.15      0.15      0.25      0.13      0.12      0.14      0.10      0.06      0.03      0.02      0.03      0.05
  4361.05      0.15      0.15      0.25      0.13      0.12      0.14      0.10      0.06      0.03      0.02      0.03      0.05
  4362.05      0.14      0.14      0.23      0.12      0.11      0.13      0.09      0.06      0.03      0.02      0.03      0.05
  4363.05      0.13      0.14      0.23      0.12      0.11      0.13      0.09      0.06      0.03      0.02      0.03      0.05
  4364.05      0.14      0.15      0.24      0.12      0.12      0.13      0.10      0.06      0.03      0.02      0.03      0.05
  4365.05      0.14      0.15      0.24      0.13      0.12      0.14      0.10      0.06      0.03      0.02      0.03      0.05
  4366.05      0.14      0.15      0.24      0.12      0.12      0.14      0.10      0.06      0.03      0.02      0.03      0.05
  4367.05      0.14      0.15      0.24      0.13      0.12      0.14      0.10      0.06      0.03      0.02      0.03      0.05
  4368.05      0.15      0.15      0.24      0.13      0.12      0.14      0.10      0.06      0.03      0.02      0.03      0.05
  4369.05      0.14      0.14      0.23      0.12      0.11      0.14      0.10      0.06      0.03      0.02      0.03      0.05
  4370.05      0.14      0.14      0.23      0.12      0.11      0.14      0.10      0.06      0.03      0.02      0.03      0.05
  4371.05      0.15      0.16      0.24      0.13      0.12      0.15      0.10      0.06      0.03      0.02      0.03      0.05
  4372.05      0.15      0.16      0.24      0.14      0.12      0.15      0.11      0.07      0.03      0.02      0.03      0.05
  4373.05      0.15      0.16      0.24      0.13      0.12      0.15      0.11      0.06      0.03      0.02      0.03      0.05
  4374.05      0.15      0.16      0.24      0.13      0.12      0.15      0.11      0.07      0.03      0.02      0.03      0.05
  4375.05      0.16      0.16      0.24      0.14      0.13      0.16      0.11      0.07      0.03      0.02      0.03      0.06
  4376.05      0.16      0.17      0.25      0.14      0.13      0.16      0.11      0.07      0.03      0.03      0.03      0.06
  4377.05      0.16      0.16      0.24      0.14      0.12      0.16      0.11      0.07      0.03      0.02      0.03      0.06
  4378.05      0.15      0.15      0.23      0.13      0.12      0.15      0.11      0.06      0.03      0.02      0.03      0.05
  4379.05      0.15      0.15      0.22      0.13      0.12      0.15      0.11      0.06      0.03      0.02      0.03      0.05
  4380.05      0.15      0.15      0.22      0.13      0.12      0.15      0.11      0.06      0.03      0.02      0.03      0.05
  4381.05      0.15      0.16      0.23      0.14      0.12      0.16      0.11      0.07      0.03      0.02      0.03      0.05
  4382.05      0.16      0.16      0.23      0.14      0.12      0.16      0.11      0.07      0.03      0.02      0.03      0.06
  4383.05      0.16      0.16      0.23      0.14      0.13      0.16      0.12      0.07      0.03      0.02      0.03      0.06
  4384.05      0.17      0.17      0.25      0.15      0.13      0.18      0.12      0.07      0.04      0.03      0.03      0.06
  4385.05      0.18      0.18      0.26      0.16      0.14      0.19      0.13      0.08      0.04      0.03      0.04      0.06
  4386.05      0.18      0.18      0.25      0.16      0.14      0.19      0.13      0.08      0.04      0.03      0.04      0.06
  4387.05      0.17      0.17      0.24      0.15      0.13      0.18      0.12      0.08      0.04      0.03      0.03      0.06
  4388.05      0.17      0.17      0.24      0.15      0.13      0.18      0.12      0.07      0.04      0.03      0.03      0.06
  4389.05      0.17      0.18      0.24      0.16      0.14      0.19      0.13      0.08      0.04      0.03      0.03      0.06
  4390.05      0.18      0.18      0.24      0.16      0.14      0.19      0.13      0.08      0.04      0.03      0.04      0.06
  4391.05      0.17      0.18      0.24      0.16      0.14      0.19      0.13      0.08      0.04      0.03      0.03      0.06
  4392.05      0.17      0.18      0.24      0.16      0.14      0.19      0.13      0.08      0.04      0.03      0.03      0.06
  4393.05      0.17      0.17      0.23      0.16      0.13      0.18      0.13      0.08      0.04      0.03      0.03      0.06
  4394.05      0.17      0.17      0.22      0.15      0.13      0.18      0.12      0.08      0.04      0.03      0.03      0.06
  4395.05      0.16      0.17      0.22      0.15      0.13      0.18      0.12      0.07      0.04      0.03      0.03      0.06
  4396.05      0.17      0.17      0.23      0.16      0.13      0.18      0.12      0.08      0.04      0.03      0.03      0.06
  4397.05      0.17      0.17      0.23      0.16      0.13      0.19      0.13      0.08      0.04      0.03      0.03      0.06
  4398.05      0.17      0.17      0.22      0.16      0.13      0.18      0.12      0.08      0.04      0.03      0.03      0.06
  4399.05      0.17      0.17      0.23      0.16      0.13      0.19      0.13      0.08      0.04      0.03      0.03      0.06
  4400.05      0.17      0.17      0.23      0.16      0.13      0.19      0.13      0.08      0.04      0.03      0.03      0.06
  4401.05      0.17      0.18      0.23      0.16      0.14      0.19      0.13      0.08      0.04      0.03      0.03      0.06
  4402.05      0.18      0.18      0.23      0.16      0.14      0.19      0.13      0.08      0.04      0.03      0.03      0.06
  4403.05      0.17      0.17      0.22      0.16      0.13      0.18      0.12      0.08      0.04      0.03      0.03      0.06
  4404.05      0.16      0.17      0.22      0.16      0.13      0.18      0.12      0.08      0.04      0.03      0.03      0.06
  4405.05      0.17      0.17      0.22      0.16      0.13      0.18      0.13      0.08      0.04      0.03      0.03      0.06
  4406.05      0.17      0.17      0.22      0.16      0.13      0.18      0.13      0.08      0.04      0.03      0.03      0.06
  4407.05      0.16      0.16      0.21      0.15      0.13      0.17      0.12      0.07      0.04      0.03      0.03      0.05
  4408.05      0.16      0.16      0.21      0.15      0.13      0.17      0.12      0.07      0.04      0.03      0.03      0.05
  4409.05      0.16      0.16      0.21      0.16      0.13      0.17      0.12      0.08      0.04      0.03      0.03      0.06
  4410.05      0.16      0.16      0.20      0.15      0.12      0.17      0.12      0.07      0.04      0.02      0.03      0.05
  4411.05      0.16      0.16      0.21      0.16      0.13      0.17      0.12      0.08      0.04      0.03      0.03      0.05
  4412.05      0.16      0.17      0.21      0.16      0.13      0.17      0.12      0.08      0.04      0.03      0.03      0.06
  4413.05      0.15      0.16      0.20      0.15      0.12      0.16      0.11      0.07      0.04      0.02      0.03      0.05
  4414.05      0.16      0.16      0.20      0.15      0.12      0.16      0.12      0.07      0.04      0.02      0.03      0.05
  4415.05      0.16      0.17      0.21      0.16      0.13      0.17      0.12      0.08      0.04      0.03      0.03      0.05
  4416.05      0.17      0.17      0.21      0.16      0.13      0.17      0.12      0.08      0.04      0.03      0.03      0.06
  4417.05      0.16      0.16      0.20      0.15      0.12      0.16      0.12      0.08      0.04      0.03      0.03      0.05
  4418.05      0.16      0.17      0.21      0.16      0.13      0.17      0.12      0.08      0.04      0.03      0.03      0.05
  4419.05      0.17      0.17      0.21      0.17      0.13      0.17      0.13      0.08      0.04      0.03      0.03      0.06
  4420.05      0.17      0.17      0.21      0.16      0.13      0.17      0.13      0.08      0.04      0.03      0.03      0.06
  4421.05      0.17      0.17      0.21      0.16      0.13      0.17      0.12      0.08      0.04      0.03      0.03      0.05
  4422.05      0.17      0.17      0.20      0.16      0.13      0.16      0.12      0.08      0.04      0.03      0.03      0.05
  4423.05      0.17      0.17      0.21      0.17      0.13      0.17      0.13      0.08      0.04      0.03      0.03      0.06
  4424.05      0.18      0.18      0.22      0.17      0.14      0.17      0.13      0.08      0.04      0.03      0.03      0.06
  4425.05      0.18      0.18      0.21      0.17      0.14      0.17      0.13      0.08      0.04      0.03      0.03      0.06
  4426.05      0.17      0.17      0.20      0.16      0.13      0.16      0.12      0.08      0.04      0.03      0.03      0.05
  4427.05      0.17      0.17      0.20      0.16      0.13      0.16      0.12      0.08      0.04      0.03      0.03      0.05
  4428.05      0.17      0.17      0.20      0.16      0.13      0.16      0.12      0.08      0.04      0.03      0.03      0.05
  4429.05      0.17      0.17      0.20      0.16      0.13      0.16      0.12      0.08      0.04      0.03      0.03      0.05
  4430.05      0.17      0.17      0.21      0.17      0.13      0.17      0.13      0.08      0.04      0.03      0.03      0.06
  4431.05      0.18      0.18      0.22      0.18      0.14      0.17      0.13      0.09      0.04      0.03      0.04      0.06
  4432.05      0.18      0.18      0.21      0.17      0.14      0.17      0.13      0.09      0.04      0.03      0.04      0.06
  4433.05      0.17      0.17      0.20      0.17      0.13      0.16      0.13      0.08      0.04      0.03      0.03      0.06
  4434.05      0.18      0.17      0.21      0.17      0.13      0.16      0.13      0.08      0.04      0.03      0.03      0.06
  4435.05      0.18      0.18      0.21      0.17      0.14      0.17      0.13      0.09      0.04      0.03      0.04      0.06
  4436.05      0.18      0.18      0.21      0.18      0.14      0.17      0.13      0.09      0.05      0.03      0.04      0.06
  4437.05      0.18      0.18      0.21      0.17      0.14      0.17      0.13      0.09      0.04      0.03      0.04      0.06
  4438.05      0.18      0.17      0.20      0.17      0.13      0.16      0.13      0.08      0.04      0.03      0.03      0.05
  4439.05      0.17      0.17      0.20      0.16      0.13      0.15      0.12      0.08      0.04      0.03      0.03      0.05
  4440.05      0.17      0.17      0.19      0.16      0.13      0.15      0.12      0.08      0.04      0.03      0.03      0.05
  4441.05      0.17      0.17      0.20      0.17      0.13      0.16      0.13      0.08      0.04      0.03      0.03      0.05
  4442.05      0.18      0.18      0.20      0.17      0.14      0.16      0.13      0.09      0.04      0.03      0.04      0.06
  4443.05      0.18      0.18      0.21      0.18      0.14      0.16      0.13      0.09      0.05      0.03      0.04      0.06
  4444.05      0.18      0.18      0.21      0.18      0.14      0.16      0.13      0.09      0.05      0.03      0.04      0.06
  4445.05      0.19      0.18      0.21      0.18      0.14      0.16      0.13      0.09      0.05      0.03      0.04      0.06
  4446.05      0.18      0.18      0.20      0.17      0.14      0.16      0.13      0.09      0.04      0.03      0.03      0.05
  4447.05      0.17      0.17      0.19      0.17      0.13      0.15      0.12      0.08      0.04      0.03      0.03      0.05
  4448.05      0.17      0.17      0.19      0.17      0.13      0.15      0.12      0.08      0.04      0.03      0.03      0.05
  4449.05      0.18      0.17      0.19      0.17      0.14      0.15      0.12      0.08      0.04      0.03      0.03      0.05
  4450.05      0.18      0.18      0.19      0.17      0.14      0.15      0.13      0.08      0.04      0.03      0.03      0.05
  4451.05      0.18      0.18      0.19      0.18      0.14      0.15      0.13      0.09      0.05      0.03      0.03      0.05
  4452.05      0.18      0.18      0.19      0.18      0.14      0.15      0.13      0.09      0.05      0.03      0.03      0.05
  4453.05      0.18      0.18      0.20      0.18      0.14      0.16      0.13      0.09      0.05      0.03      0.04      0.05
  4454.05      0.19      0.19      0.20      0.19      0.14      0.16      0.13      0.09      0.05      0.03      0.04      0.06
  4455.05      0.19      0.19      0.20      0.19      0.15      0.16      0.13      0.09      0.05      0.03      0.04      0.06
  4456.05      0.19      0.19      0.20      0.19      0.15      0.16      0.13      0.09      0.05      0.03      0.04      0.06
  4457.05      0.19      0.19      0.20      0.19      0.15      0.16      0.13      0.09      0.05      0.03      0.04      0.06
  4458.05      0.19      0.19      0.20      0.20      0.15      0.16      0.13      0.09      0.05      0.03      0.04      0.06
  4459.05      0.19      0.19      0.20      0.20      0.15      0.16      0.13      0.09      0.05      0.03      0.04      0.06
  4460.05      0.19      0.19      0.20      0.20      0.15      0.16      0.14      0.09      0.05      0.03      0.04      0.06
  4461.05      0.19      0.19      0.20      0.20      0.15      0.16      0.13      0.09      0.05      0.03      0.04      0.06
  4462.05      0.18      0.18      0.19      0.19      0.14      0.15      0.13      0.09      0.05      0.03      0.04      0.05
  4463.05      0.18      0.18      0.19      0.19      0.14      0.15      0.13      0.09      0.05      0.03      0.04      0.05
  4464.05      0.19      0.18      0.19      0.19      0.14      0.16      0.13      0.09      0.05      0.03      0.04      0.06
  4465.05      0.19      0.19      0.19      0.20      0.15      0.16      0.13      0.09      0.05      0.03      0.04      0.06
  4466.05      0.19      0.19      0.20      0.20      0.15      0.16      0.14      0.09      0.05      0.03      0.04      0.06
  4467.05      0.20      0.19      0.20      0.21      0.15      0.16      0.14      0.09      0.05      0.03      0.04      0.06
  4468.05      0.20      0.19      0.20      0.21      0.15      0.16      0.14      0.10      0.05      0.03      0.04      0.06
  4469.05      0.19      0.19      0.20      0.20      0.15      0.16      0.13      0.09      0.05      0.03      0.04      0.06
  4470.05      0.19      0.19      0.20      0.21      0.15      0.16      0.13      0.09      0.05      0.03      0.04      0.06
  4471.05      0.20      0.20      0.20      0.21      0.15      0.16      0.14      0.10      0.05      0.03      0.04      0.06
  4472.05      0.19      0.19      0.20      0.21      0.15      0.16      0.13      0.09      0.05      0.03      0.04      0.06
  4473.05      0.19      0.19      0.19      0.21      0.15      0.16      0.13      0.09      0.05      0.03      0.04      0.06
  4474.05      0.19      0.19      0.19      0.20      0.14      0.15      0.13      0.09      0.05      0.03      0.04      0.06
  4475.05      0.18      0.18      0.18      0.20      0.14      0.15      0.13      0.09      0.05      0.03      0.04      0.05
  4476.05      0.18      0.18      0.18      0.20      0.14      0.15      0.12      0.09      0.05      0.03      0.04      0.05
  4477.05      0.19      0.19      0.19      0.21      0.14      0.15      0.13      0.09      0.05      0.03      0.04      0.06
  4478.05      0.19      0.19      0.19      0.21      0.15      0.15      0.13      0.09      0.05      0.03      0.04      0.06
  4479.05      0.19      0.19      0.19      0.21      0.14      0.15      0.13      0.09      0.05      0.03      0.04      0.05
  4480.05      0.19      0.19      0.19      0.21      0.14      0.15      0.13      0.09      0.05      0.03      0.04      0.06
  4481.05      0.19      0.20      0.19      0.22      0.15      0.16      0.13      0.09      0.05      0.03      0.04      0.06
  4482.05      0.20      0.20      0.20      0.22      0.15      0.16      0.13      0.10      0.05      0.03      0.04      0.06
  4483.05      0.20      0.20      0.19      0.22      0.15      0.16      0.13      0.10      0.05      0.03      0.04      0.06
  4484.05      0.19      0.19      0.19      0.22      0.15      0.15      0.13      0.09      0.05      0.03      0.04      0.06
  4485.05      0.18      0.19      0.18      0.22      0.14      0.15      0.13      0.09      0.05      0.03      0.04      0.05
  4486.05      0.18      0.19      0.18      0.22      0.14      0.15      0.12      0.09      0.05      0.03      0.04      0.05
  4487.05      0.18      0.19      0.18      0.22      0.14      0.15      0.12      0.09      0.05      0.03      0.04      0.05
  4488.05      0.19      0.19      0.18      0.23      0.14      0.15      0.13      0.09      0.05      0.03      0.04      0.05
  4489.05      0.19      0.20      0.19      0.23      0.15      0.15      0.13      0.09      0.05      0.03      0.04      0.06
  4490.05      0.19      0.20      0.19      0.24      0.15      0.16      0.13      0.09      0.05      0.03      0.04      0.06
  4491.05      0.19      0.20      0.19      0.24      0.15      0.15      0.13      0.09      0.05      0.03      0.04      0.06
  4492.05      0.19      0.20      0.18      0.24      0.14      0.15      0.13      0.09      0.05      0.03      0.04      0.05
  4493.05      0.19      0.20      0.18      0.24      0.14      0.15      0.13      0.09      0.05      0.03      0.04      0.05
  4494.05      0.19      0.20      0.18      0.24      0.14      0.15      0.12      0.09      0.05      0.03      0.04      0.05
  4495.05      0.19      0.20      0.19      0.25      0.15      0.15      0.13      0.09      0.06      0.03      0.04      0.06
  4496.05      0.20      0.20      0.19      0.26      0.15      0.16      0.13      0.09      0.06      0.03      0.04      0.06
  4497.05      0.19      0.20      0.18      0.25      0.14      0.15      0.12      0.09      0.05      0.03      0.04      0.05
  4498.05      0.19      0.20      0.18      0.25      0.14      0.15      0.12      0.09      0.05      0.03      0.04      0.05
  4499.05      0.19      0.20      0.18      0.25      0.14      0.15      0.12      0.09      0.05      0.03      0.04      0.05
  4500.05      0.19      0.20      0.18      0.25      0.14      0.15      0.12      0.09      0.05      0.03      0.04      0.05
  4501.05      0.19      0.20      0.18      0.26      0.14      0.15      0.12      0.09      0.05      0.03      0.04      0.05
  4502.05      0.19      0.20      0.18      0.26      0.14      0.15      0.12      0.09      0.06      0.03      0.04      0.05
  4503.05      0.19      0.20      0.19      0.27      0.15      0.15      0.13      0.09      0.06      0.03      0.04      0.06
  4504.05      0.19      0.20      0.18      0.26      0.14      0.15      0.12      0.09      0.05      0.03      0.04      0.05
  4505.05      0.18      0.19      0.17      0.26      0.14      0.14      0.12      0.09      0.05      0.03      0.04      0.05
  4506.05      0.18      0.20      0.18      0.26      0.14      0.15      0.12      0.09      0.05      0.03      0.04      0.05
  4507.05      0.18      0.19      0.17      0.26      0.14      0.14      0.12      0.09      0.05      0.03      0.03      0.05
  4508.05      0.18      0.19      0.17      0.26      0.14      0.14      0.12      0.09      0.05      0.03      0.03      0.05
  4509.05      0.19      0.20      0.18      0.28      0.14      0.15      0.12      0.09      0.05      0.03      0.04      0.05
  4510.05      0.19      0.21      0.18      0.29      0.14      0.15      0.12      0.09      0.06      0.03      0.04      0.05
  4511.05      0.19      0.21      0.18      0.29      0.14      0.15      0.12      0.09      0.06      0.03      0.04      0.05
  4512.05      0.19      0.21      0.18      0.29      0.14      0.15      0.12      0.09      0.06      0.03      0.04      0.05
  4513.05      0.19      0.21      0.19      0.30      0.14      0.15      0.12      0.09      0.06      0.03      0.04      0.06
  4514.05      0.19      0.21      0.19      0.30      0.14      0.15      0.12      0.09      0.06      0.03      0.04      0.06
  4515.05      0.19      0.21      0.19      0.30      0.14      0.15      0.12      0.09      0.06      0.03      0.04      0.06
  4516.05      0.20      0.21      0.19      0.31      0.14      0.15      0.12      0.09      0.06      0.03      0.04      0.06
  4517.05      0.20      0.22      0.19      0.31      0.14      0.15      0.12      0.09      0.06      0.03      0.04      0.06
  4518.05      0.20      0.22      0.19      0.31      0.14      0.15      0.12      0.09      0.06      0.03      0.04      0.06
  4519.05      0.20      0.22      0.19      0.32      0.15      0.16      0.12      0.09      0.06      0.03      0.04      0.06
  4520.05      0.20      0.22      0.19      0.33      0.15      0.16      0.13      0.09      0.06      0.03      0.04      0.06
  4521.05      0.20      0.22      0.19      0.33      0.14      0.16      0.12      0.09      0.06      0.03      0.04      0.06
  4522.05      0.20      0.22      0.19      0.33      0.14      0.15      0.12      0.09      0.06      0.03      0.04      0.05
  4523.05      0.19      0.21      0.18      0.33      0.14      0.15      0.12      0.09      0.06      0.03      0.04      0.05
  4524.05      0.19      0.22      0.18      0.34      0.14      0.15      0.12      0.09      0.06      0.03      0.04      0.05
  4525.05      0.19      0.22      0.18      0.34      0.14      0.15      0.12      0.09      0.06      0.03      0.04      0.05
  4526.05      0.20      0.22      0.19      0.35      0.14      0.15      0.12      0.09      0.06      0.03      0.04      0.05
  4527.05      0.20      0.22      0.19      0.36      0.14      0.16      0.13      0.09      0.06      0.03      0.04      0.05
  4528.05      0.20      0.22      0.19      0.36      0.14      0.15      0.12      0.09      0.06      0.03      0.04      0.05
  4529.05      0.20      0.22      0.19      0.37      0.14      0.15      0.12      0.09      0.06      0.03      0.04      0.05
  4530.05      0.20      0.23      0.19      0.38      0.14      0.16      0.13      0.09      0.06      0.04      0.04      0.06
  4531.05      0.20      0.23      0.19      0.38      0.14      0.16      0.13      0.09      0.06      0.03      0.04      0.05
  4532.05      0.20      0.22      0.19      0.38      0.14      0.15      0.12      0.09      0.06      0.03      0.04      0.05
  4533.05      0.20      0.22      0.18      0.38      0.14      0.15      0.12      0.09      0.06      0.03      0.04      0.05
  4534.05      0.19      0.22      0.18      0.38      0.13      0.15      0.12      0.09      0.06      0.03      0.04      0.05
  4535.05      0.20      0.22      0.18      0.39      0.14      0.15      0.12      0.09      0.06      0.03      0.04      0.05
  4536.05      0.20      0.22      0.19      0.40      0.14      0.15      0.12      0.09      0.06      0.03      0.04      0.05
  4537.05      0.20      0.22      0.19      0.40      0.14      0.15      0.12      0.09      0.06      0.03      0.04      0.05
  4538.05      0.20      0.22      0.18      0.40      0.13      0.15      0.12      0.09      0.06      0.03      0.04      0.05
  4539.05      0.19      0.21      0.18      0.40      0.13      0.15      0.12      0.09      0.06      0.03      0.04      0.05
  4540.05      0.19      0.21      0.18      0.40      0.13      0.15      0.12      0.09      0.06      0.03      0.04      0.05
  4541.05      0.20      0.22      0.18      0.41      0.13      0.15      0.12      0.09      0.06      0.03      0.04      0.05
  4542.05      0.20      0.22      0.19      0.42      0.14      0.15      0.12      0.09      0.06      0.03      0.04      0.05
  4543.05      0.19      0.21      0.18      0.41      0.13      0.14      0.12      0.09      0.06      0.03      0.03      0.05
  4544.05      0.19      0.21      0.18      0.41      0.13      0.14      0.12      0.08      0.06      0.03      0.03      0.05
  4545.05      0.20      0.21      0.18      0.42      0.13      0.14      0.12      0.09      0.06      0.03      0.03      0.05
  4546.05      0.20      0.22      0.19      0.44      0.13      0.15      0.12      0.09      0.06      0.03      0.04      0.05
  4547.05      0.20      0.22      0.19      0.45      0.14      0.15      0.12      0.09      0.06      0.03      0.04      0.05
  4548.05      0.20      0.22      0.19      0.45      0.13      0.15      0.12      0.09      0.06      0.03      0.04      0.05
  4549.05      0.21      0.22      0.19      0.46      0.14      0.15      0.12      0.09      0.06      0.03      0.04      0.05
  4550.05      0.22      0.23      0.20      0.48      0.14      0.15      0.13      0.09      0.07      0.04      0.04      0.05
  4551.05      0.22      0.23      0.20      0.49      0.14      0.15      0.13      0.09      0.07      0.04      0.04      0.05
  4552.05      0.21      0.22      0.19      0.47      0.14      0.15      0.12      0.09      0.06      0.04      0.04      0.05
  4553.05      0.21      0.22      0.19      0.48      0.14      0.15      0.13      0.09      0.06      0.04      0.04      0.05
  4554.05      0.21      0.22      0.19      0.49      0.14      0.15      0.13      0.09      0.07      0.04      0.04      0.05
  4555.05      0.21      0.22      0.19      0.49      0.14      0.15      0.13      0.09      0.06      0.04      0.04      0.05
  4556.05      0.21      0.22      0.19      0.50      0.14      0.15      0.13      0.09      0.07      0.04      0.04      0.05
  4557.05      0.22      0.23      0.20      0.51      0.14      0.15      0.13      0.09      0.07      0.04      0.04      0.05
  4558.05      0.22      0.22      0.19      0.53      0.14      0.15      0.13      0.09      0.07      0.04      0.04      0.05
  4559.05      0.21      0.21      0.19      0.60      0.13      0.15      0.12      0.09      0.07      0.04      0.04      0.05
  4560.05      0.21      0.21      0.19      0.65      0.13      0.14      0.12      0.09      0.06      0.04      0.04      0.05
  4561.05      0.21      0.21      0.19      0.65      0.13      0.15      0.12      0.09      0.06      0.04      0.04      0.05
  4562.05      0.22      0.21      0.19      0.65      0.13      0.15      0.12      0.09      0.07      0.04      0.04      0.05
  4563.05      0.22      0.21      0.19      0.64      0.13      0.15      0.12      0.09      0.07      0.04      0.04      0.05
  4564.05      0.22      0.21      0.19      0.63      0.13      0.15      0.13      0.09      0.07      0.04      0.04      0.05
  4565.05      0.22      0.22      0.20      0.64      0.14      0.15      0.13      0.09      0.07      0.04      0.04      0.05
  4566.05      0.23      0.22      0.20      0.64      0.14      0.15      0.13      0.09      0.07      0.04      0.04      0.05
  4567.05      0.23      0.22      0.20      0.63      0.14      0.15      0.13      0.09      0.07      0.04      0.04      0.05
  4568.05      0.23      0.22      0.20      0.61      0.14      0.15      0.13      0.09      0.07      0.04      0.04      0.05
  4569.05      0.22      0.21      0.19      0.59      0.13      0.15      0.13      0.09      0.07      0.04      0.04      0.05
  4570.05      0.23      0.21      0.19      0.59      0.13      0.15      0.13      0.09      0.07      0.04      0.04      0.05
  4571.05      0.23      0.21      0.19      0.58      0.14      0.15      0.13      0.09      0.07      0.04      0.04      0.05
  4572.05      0.23      0.22      0.20      0.58      0.14      0.15      0.13      0.09      0.07      0.04      0.04      0.05
  4573.05      0.24      0.22      0.20      0.58      0.14      0.15      0.14      0.09      0.07      0.04      0.04      0.05
  4574.05      0.23      0.22      0.20      0.56      0.14      0.15      0.13      0.09      0.07      0.04      0.04      0.05
  4575.05      0.23      0.21      0.19      0.55      0.13      0.15      0.13      0.09      0.07      0.04      0.04      0.05
  4576.05      0.24      0.21      0.19      0.55      0.14      0.15      0.14      0.09      0.07      0.04      0.04      0.05
  4577.05      0.24      0.21      0.19      0.54      0.14      0.15      0.14      0.09      0.07      0.04      0.04      0.05
  4578.05      0.24      0.21      0.19      0.52      0.13      0.15      0.14      0.09      0.07      0.04      0.04      0.05
  4579.05      0.24      0.21      0.19      0.52      0.14      0.15      0.14      0.09      0.07      0.04      0.04      0.05
  4580.05      0.25      0.21      0.19      0.51      0.14      0.15      0.14      0.09      0.07      0.04      0.04      0.05
  4581.05      0.25      0.21      0.20      0.51      0.14      0.15      0.14      0.09      0.07      0.04      0.04      0.05
  4582.05      0.25      0.21      0.20      0.51      0.14      0.15      0.14      0.09      0.07      0.04      0.04      0.05
  4583.05      0.26      0.21      0.20      0.50      0.14      0.15      0.14      0.09      0.07      0.04      0.04      0.05
  4584.05      0.25      0.21      0.19      0.48      0.14      0.15      0.14      0.09      0.07      0.04      0.04      0.05
  4585.05      0.26      0.21      0.19      0.47      0.14      0.15      0.14      0.09      0.07      0.04      0.04      0.05
  4586.05      0.26      0.21      0.19      0.46      0.14      0.15      0.14      0.09      0.07      0.04      0.04      0.05
  4587.05      0.26      0.20      0.19      0.45      0.14      0.15      0.14      0.09      0.07      0.04      0.04      0.05
  4588.05      0.26      0.21      0.19      0.44      0.14      0.15      0.14      0.09      0.07      0.04      0.04      0.05
  4589.05      0.26      0.21      0.19      0.43      0.14      0.15      0.15      0.09      0.07      0.04      0.04      0.05
  4590.05      0.26      0.20      0.19      0.41      0.13      0.14      0.14      0.09      0.07      0.04      0.04      0.05
  4591.05      0.26      0.20      0.19      0.40      0.13      0.14      0.14      0.09      0.07      0.04      0.04      0.05
  4592.05      0.27      0.20      0.19      0.40      0.14      0.15      0.15      0.09      0.07      0.04      0.04      0.05
  4593.05      0.27      0.20      0.19      0.40      0.14      0.15      0.15      0.10      0.08      0.04      0.04      0.05
  4594.05      0.27      0.20      0.19      0.39      0.14      0.15      0.15      0.10      0.08      0.04      0.04      0.05
  4595.05      0.27      0.20      0.19      0.39      0.14      0.14      0.15      0.10      0.07      0.04      0.04      0.05
  4596.05      0.28      0.20      0.19      0.39      0.14      0.15      0.15      0.10      0.08      0.04      0.04      0.05
  4597.05      0.29      0.21      0.19      0.40      0.14      0.15      0.16      0.10      0.08      0.04      0.04      0.05
  4598.05      0.28      0.20      0.19      0.39      0.14      0.15      0.15      0.10      0.08      0.04      0.04      0.05
  4599.05      0.29      0.20      0.19      0.39      0.14      0.15      0.15      0.10      0.08      0.04      0.04      0.05
  4600.05      0.29      0.20      0.19      0.39      0.14      0.15      0.16      0.10      0.08      0.04      0.04      0.05
  4601.05      0.29      0.20      0.19      0.39      0.14      0.15      0.16      0.10      0.08      0.04      0.04      0.05
  4602.05      0.30      0.20      0.19      0.39      0.14      0.15      0.16      0.10      0.08      0.04      0.04      0.05
  4603.05      0.29      0.20      0.19      0.39      0.14      0.15      0.16      0.10      0.08      0.04      0.04      0.05
  4604.05      0.29      0.20      0.19      0.38      0.14      0.14      0.16      0.10      0.08      0.04      0.04      0.05
  4605.05      0.29      0.19      0.18      0.37      0.13      0.14      0.15      0.10      0.08      0.04      0.04      0.05
  4606.05      0.29      0.19      0.18      0.37      0.14      0.14      0.16      0.10      0.08      0.04      0.04      0.05
  4607.05      0.30      0.20      0.19      0.38      0.14      0.14      0.16      0.10      0.08      0.04      0.04      0.05
  4608.05      0.31      0.20      0.19      0.37      0.14      0.14      0.16      0.10      0.08      0.04      0.04      0.05
  4609.05      0.31      0.19      0.18      0.37      0.14      0.14      0.16      0.10      0.08      0.04      0.04      0.05
  4610.05      0.30      0.19      0.18      0.36      0.13      0.14      0.15      0.10      0.08      0.04      0.04      0.05
  4611.05      0.30      0.18      0.18      0.35      0.13      0.13      0.15      0.10      0.07      0.04      0.04      0.05
  4612.05      0.31      0.19      0.18      0.36      0.13      0.14      0.16      0.10      0.08      0.04      0.04      0.05
  4613.05      0.32      0.19      0.18      0.37      0.14      0.14      0.16      0.10      0.08      0.04      0.04      0.05
  4614.05      0.33      0.20      0.19      0.37      0.14      0.14      0.17      0.10      0.08      0.04      0.04      0.05
  4615.05      0.34      0.20      0.19      0.38      0.14      0.15      0.17      0.11      0.08      0.04      0.04      0.05
  4616.05      0.34      0.20      0.19      0.37      0.14      0.14      0.17      0.10      0.08      0.04      0.04      0.05
  4617.05      0.34      0.19      0.18      0.36      0.14      0.14      0.16      0.10      0.08      0.04      0.04      0.05
  4618.05      0.34      0.19      0.18      0.36      0.14      0.14      0.16      0.10      0.08      0.04      0.04      0.05
  4619.05      0.35      0.19      0.18      0.36      0.14      0.14      0.17      0.10      0.08      0.04      0.04      0.05
  4620.05      0.36      0.19      0.19      0.36      0.14      0.14      0.17      0.11      0.08      0.04      0.04      0.05
  4621.05      0.36      0.19      0.19      0.36      0.14      0.14      0.17      0.11      0.08      0.04      0.04      0.05
  4622.05      0.36      0.19      0.18      0.36      0.14      0.14      0.17      0.10      0.08      0.04      0.04      0.05
  4623.05      0.36      0.19      0.18      0.36      0.14      0.14      0.17      0.11      0.08      0.04      0.04      0.05
  4624.05      0.37      0.19      0.18      0.35      0.14      0.14      0.17      0.11      0.08      0.04      0.04      0.05
  4625.05      0.37      0.19      0.18      0.35      0.14      0.14      0.17      0.10      0.08      0.04      0.04      0.05
  4626.05      0.37      0.19      0.18      0.35      0.14      0.14      0.17      0.11      0.08      0.04      0.04      0.05
  4627.05      0.37      0.19      0.18      0.35      0.14      0.14      0.17      0.11      0.08      0.04      0.04      0.05
  4628.05      0.37      0.18      0.18      0.34      0.14      0.13      0.17      0.10      0.08      0.04      0.04      0.05
  4629.05      0.37      0.18      0.18      0.34      0.13      0.13      0.17      0.10      0.08      0.04      0.04      0.05
  4630.05      0.38      0.18      0.18      0.34      0.14      0.13      0.17      0.11      0.08      0.04      0.04      0.05
  4631.05      0.39      0.19      0.18      0.35      0.14      0.14      0.18      0.11      0.08      0.05      0.04      0.05
  4632.05      0.40      0.19      0.18      0.34      0.14      0.14      0.18      0.11      0.08      0.05      0.04      0.05
  4633.05      0.39      0.18      0.18      0.34      0.14      0.13      0.17      0.11      0.08      0.04      0.04      0.05
  4634.05      0.40      0.18      0.18      0.34      0.14      0.13      0.18      0.11      0.08      0.05      0.04      0.05
  4635.05      0.41      0.19      0.18      0.34      0.14      0.14      0.18      0.11      0.08      0.05      0.04      0.05
  4636.05      0.41      0.19      0.18      0.34      0.14      0.14      0.18      0.11      0.08      0.05      0.04      0.05
  4637.05      0.41      0.19      0.18      0.34      0.14      0.14      0.18      0.11      0.09      0.05      0.04      0.05
  4638.05      0.41      0.19      0.18      0.34      0.14      0.14      0.18      0.11      0.09      0.05      0.04      0.05
  4639.05      0.41      0.19      0.19      0.35      0.14      0.14      0.19      0.11      0.09      0.05      0.04      0.05
  4640.05      0.41      0.19      0.19      0.35      0.15      0.14      0.19      0.11      0.09      0.05      0.04      0.05
  4641.05      0.41      0.19      0.19      0.34      0.15      0.14      0.19      0.11      0.09      0.05      0.04      0.05
  4642.05      0.40      0.19      0.19      0.34      0.15      0.14      0.19      0.11      0.09      0.05      0.04      0.05
  4643.05      0.40      0.19      0.19      0.34      0.14      0.14      0.19      0.11      0.09      0.05      0.04      0.05
  4644.05      0.39      0.19      0.18      0.33      0.14      0.14      0.19      0.11      0.09      0.05      0.04      0.05
  4645.05      0.40      0.19      0.19      0.34      0.15      0.14      0.19      0.11      0.09      0.05      0.04      0.05
  4646.05      0.40      0.19      0.19      0.34      0.15      0.14      0.20      0.11      0.09      0.05      0.04      0.05
  4647.05      0.41      0.20      0.20      0.35      0.15      0.14      0.20      0.12      0.09      0.05      0.04      0.05
  4648.05      0.42      0.20      0.20      0.36      0.16      0.15      0.21      0.12      0.09      0.05      0.04      0.06
  4649.05      0.42      0.20      0.20      0.36      0.16      0.15      0.21      0.12      0.10      0.05      0.04      0.06
  4650.05      0.40      0.20      0.20      0.35      0.15      0.14      0.20      0.12      0.09      0.05      0.04      0.05
  4651.05      0.38      0.19      0.19      0.33      0.15      0.14      0.19      0.11      0.09      0.05      0.04      0.05
  4652.05      0.37      0.18      0.18      0.32      0.14      0.13      0.19      0.11      0.09      0.05      0.04      0.05
  4653.05      0.37      0.19      0.19      0.32      0.15      0.13      0.20      0.11      0.09      0.05      0.04      0.05
  4654.05      0.37      0.19      0.19      0.32      0.15      0.14      0.20      0.11      0.09      0.05      0.04      0.05
  4655.05      0.37      0.19      0.19      0.32      0.15      0.14      0.20      0.11      0.09      0.05      0.04      0.05
  4656.05      0.37      0.19      0.19      0.32      0.15      0.13      0.20      0.11      0.09      0.05      0.04      0.05
  4657.05      0.36      0.18      0.19      0.32      0.15      0.13      0.20      0.11      0.09      0.05      0.04      0.05
  4658.05      0.36      0.18      0.19      0.32      0.15      0.13      0.20      0.11      0.09      0.05      0.04      0.05
  4659.05      0.35      0.18      0.19      0.31      0.15      0.13      0.20      0.11      0.09      0.05      0.04      0.05
  4660.05      0.35      0.18      0.18      0.30      0.14      0.13      0.19      0.11      0.09      0.05      0.04      0.05
  4661.05      0.34      0.18      0.18      0.30      0.14      0.13      0.19      0.11      0.09      0.05      0.04      0.05
  4662.05      0.34      0.18      0.18      0.30      0.14      0.13      0.19      0.11      0.09      0.05      0.04      0.05
  4663.05      0.34      0.18      0.18      0.30      0.14      0.13      0.19      0.11      0.09      0.05      0.04      0.05
  4664.05      0.34      0.18      0.19      0.31      0.15      0.13      0.19      0.11      0.09      0.05      0.04      0.05
  4665.05      0.35      0.19      0.19      0.31      0.15      0.14      0.20      0.11      0.09      0.05      0.04      0.05
  4666.05      0.35      0.19      0.19      0.31      0.15      0.14      0.20      0.11      0.09      0.05      0.04      0.05
  4667.05      0.35      0.19      0.20      0.31      0.15      0.14      0.20      0.12      0.09      0.05      0.04      0.05
  4668.05      0.36      0.19      0.20      0.32      0.16      0.14      0.20      0.12      0.10      0.05      0.04      0.06
  4669.05      0.36      0.20      0.20      0.32      0.16      0.14      0.21      0.12      0.10      0.06      0.04      0.06
  4670.05      0.35      0.19      0.20      0.31      0.16      0.14      0.20      0.12      0.10      0.05      0.04      0.06
  4671.05      0.33      0.18      0.19      0.30      0.15      0.14      0.19      0.11      0.09      0.05      0.04      0.05
  4672.05      0.32      0.18      0.19      0.29      0.15      0.13      0.19      0.11      0.09      0.05      0.04      0.05
  4673.05      0.32      0.18      0.19      0.29      0.15      0.13      0.18      0.11      0.09      0.05      0.04      0.05
  4674.05      0.32      0.18      0.19      0.29      0.15      0.13      0.19      0.11      0.09      0.05      0.04      0.05
  4675.05      0.32      0.18      0.19      0.29      0.15      0.13      0.19      0.11      0.09      0.05      0.04      0.05
  4676.05      0.31      0.18      0.19      0.29      0.15      0.13      0.18      0.11      0.09      0.05      0.04      0.05
  4677.05      0.31      0.18      0.19      0.28      0.15      0.13      0.18      0.11      0.09      0.05      0.04      0.05
  4678.05      0.31      0.18      0.19      0.28      0.15      0.13      0.18      0.11      0.09      0.05      0.04      0.05
  4679.05      0.31      0.18      0.19      0.28      0.15      0.13      0.18      0.11      0.09      0.05      0.04      0.05
  4680.05      0.31      0.19      0.19      0.29      0.16      0.14      0.19      0.12      0.09      0.05      0.04      0.05
  4681.05      0.31      0.19      0.19      0.29      0.16      0.14      0.19      0.12      0.09      0.06      0.04      0.05
  4682.05      0.30      0.18      0.19      0.28      0.16      0.13      0.18      0.11      0.09      0.05      0.04      0.05
  4683.05      0.30      0.18      0.19      0.28      0.16      0.13      0.18      0.11      0.09      0.05      0.04      0.05
  4684.05      0.29      0.18      0.19      0.27      0.16      0.13      0.18      0.11      0.09      0.05      0.04      0.05
  4685.05      0.29      0.18      0.19      0.27      0.15      0.13      0.18      0.11      0.09      0.05      0.04      0.05
  4686.05      0.28      0.18      0.19      0.27      0.15      0.13      0.18      0.11      0.09      0.05      0.04      0.05
  4687.05      0.28      0.18      0.19      0.27      0.16      0.13      0.18      0.11      0.09      0.05      0.04      0.05
  4688.05      0.29      0.19      0.20      0.28      0.16      0.14      0.18      0.12      0.10      0.06      0.04      0.06
  4689.05      0.29      0.19      0.20      0.28      0.17      0.14      0.19      0.12      0.10      0.06      0.04      0.06
  4690.05      0.28      0.18      0.19      0.27      0.16      0.14      0.18      0.11      0.10      0.06      0.04      0.05
  4691.05      0.27      0.18      0.19      0.26      0.16      0.13      0.17      0.11      0.09      0.06      0.04      0.05
  4692.05      0.27      0.18      0.19      0.26      0.16      0.13      0.18      0.11      0.09      0.06      0.04      0.05
  4693.05      0.27      0.18      0.19      0.27      0.16      0.14      0.18      0.11      0.10      0.06      0.04      0.05
  4694.05      0.27      0.18      0.19      0.26      0.16      0.14      0.18      0.11      0.10      0.06      0.04      0.05
  4695.05      0.27      0.18      0.19      0.26      0.17      0.14      0.18      0.11      0.10      0.06      0.04      0.05
  4696.05      0.27      0.19      0.19      0.26      0.17      0.14      0.18      0.12      0.10      0.06      0.04      0.06
  4697.05      0.26      0.18      0.19      0.26      0.16      0.13      0.17      0.11      0.10      0.06      0.04      0.05
  4698.05      0.26      0.18      0.19      0.25      0.16      0.13      0.17      0.11      0.09      0.06      0.04      0.05
  4699.05      0.26      0.18      0.19      0.25      0.16      0.13      0.17      0.11      0.10      0.06      0.04      0.05
  4700.05      0.26      0.18      0.19      0.25      0.17      0.14      0.17      0.11      0.10      0.06      0.04      0.05
  4701.05      0.26      0.18      0.19      0.25      0.17      0.14      0.17      0.11      0.10      0.06      0.04      0.05
  4702.05      0.26      0.19      0.19      0.25      0.17      0.14      0.17      0.12      0.10      0.06      0.04      0.06
  4703.05      0.26      0.18      0.19      0.25      0.17      0.14      0.17      0.11      0.10      0.06      0.04      0.06
  4704.05      0.26      0.18      0.19      0.25      0.17      0.14      0.17      0.11      0.10      0.06      0.04      0.05
  4705.05      0.26      0.19      0.19      0.25      0.17      0.14      0.17      0.12      0.10      0.06      0.05      0.06
  4706.05      0.25      0.18      0.19      0.24      0.17      0.14      0.17      0.11      0.10      0.06      0.04      0.05
  4707.05      0.25      0.18      0.19      0.24      0.16      0.13      0.17      0.11      0.09      0.06      0.04      0.05
  4708.05      0.25      0.18      0.19      0.24      0.17      0.14      0.17      0.11      0.10      0.06      0.04      0.05
  4709.05      0.25      0.18      0.19      0.24      0.17      0.14      0.17      0.11      0.10      0.06      0.04      0.05
  4710.05      0.25      0.18      0.19      0.24      0.17      0.14      0.17      0.11      0.10      0.06      0.04      0.05
  4711.05      0.25      0.18      0.19      0.24      0.17      0.14      0.17      0.11      0.10      0.06      0.05      0.05
  4712.05      0.25      0.18      0.19      0.24      0.17      0.14      0.17      0.11      0.10      0.06      0.04      0.05
  4713.05      0.25      0.18      0.19      0.24      0.17      0.14      0.17      0.11      0.10      0.06      0.05      0.05
  4714.05      0.25      0.19      0.19      0.24      0.17      0.14      0.17      0.12      0.10      0.06      0.05      0.06
  4715.05      0.26      0.19      0.20      0.24      0.18      0.14      0.17      0.12      0.10      0.06      0.05      0.06
  4716.05      0.25      0.19      0.20      0.24      0.18      0.14      0.17      0.12      0.10      0.06      0.05      0.06
  4717.05      0.25      0.19      0.19      0.24      0.17      0.14      0.17      0.11      0.10      0.06      0.05      0.06
  4718.05      0.24      0.18      0.19      0.23      0.17      0.14      0.17      0.11      0.10      0.06      0.05      0.05
  4719.05      0.24      0.18      0.19      0.23      0.17      0.14      0.16      0.11      0.10      0.06      0.05      0.05
  4720.05      0.23      0.18      0.18      0.22      0.16      0.13      0.16      0.11      0.09      0.06      0.04      0.05
  4721.05      0.23      0.18      0.18      0.22      0.17      0.13      0.16      0.11      0.10      0.06      0.04      0.05
  4722.05      0.24      0.18      0.19      0.23      0.17      0.14      0.17      0.11      0.10      0.06      0.05      0.06
  4723.05      0.24      0.19      0.19      0.24      0.18      0.14      0.17      0.11      0.10      0.06      0.05      0.06
  4724.05      0.24      0.19      0.19      0.23      0.17      0.14      0.17      0.11      0.10      0.06      0.05      0.06
  4725.05      0.23      0.18      0.19      0.23      0.17      0.14      0.16      0.11      0.10      0.06      0.05      0.05
  4726.05      0.22      0.17      0.18      0.22      0.16      0.13      0.16      0.11      0.09      0.06      0.04      0.05
  4727.05      0.22      0.17      0.18      0.22      0.16      0.13      0.16      0.11      0.09      0.06      0.04      0.05
  4728.05      0.23      0.18      0.19      0.22      0.17      0.14      0.16      0.11      0.10      0.06      0.05      0.05
  4729.05      0.24      0.19      0.19      0.23      0.18      0.14      0.17      0.11      0.10      0.07      0.05      0.06
  4730.05      0.24      0.19      0.19      0.23      0.18      0.14      0.17      0.11      0.10      0.07      0.05      0.06
  4731.05      0.24      0.19      0.19      0.23      0.17      0.14      0.16      0.11      0.10      0.07      0.05      0.06
  4732.05      0.23      0.18      0.19      0.22      0.17      0.14      0.16      0.11      0.10      0.06      0.05      0.05
  4733.05      0.23      0.18      0.18      0.22      0.17      0.14      0.16      0.11      0.10      0.06      0.05      0.05
  4734.05      0.22      0.18      0.18      0.21      0.17      0.13      0.15      0.11      0.09      0.06      0.04      0.05
  4735.05      0.22      0.18      0.18      0.21      0.17      0.14      0.16      0.11      0.10      0.06      0.05      0.05
  4736.05      0.23      0.18      0.18      0.22      0.17      0.14      0.16      0.11      0.10      0.06      0.05      0.05
  4737.05      0.23      0.18      0.19      0.22      0.17      0.14      0.16      0.11      0.10      0.07      0.05      0.05
  4738.05      0.23      0.18      0.19      0.22      0.18      0.14      0.16      0.11      0.10      0.07      0.05      0.06
  4739.05      0.23      0.18      0.19      0.22      0.17      0.14      0.16      0.11      0.10      0.07      0.05      0.05
  4740.05      0.23      0.18      0.18      0.22      0.17      0.14      0.16      0.11      0.10      0.07      0.05      0.05
  4741.05      0.23      0.19      0.19      0.22      0.18      0.14      0.16      0.11      0.10      0.07      0.05      0.06
  4742.05      0.24      0.19      0.19      0.23      0.18      0.15      0.17      0.11      0.10      0.07      0.05      0.06
  4743.05      0.23      0.19      0.19      0.22      0.18      0.14      0.16      0.11      0.10      0.07      0.05      0.06
  4744.05      0.23      0.19      0.19      0.22      0.18      0.14      0.16      0.11      0.10      0.07      0.05      0.06
  4745.05      0.23      0.19      0.19      0.22      0.18      0.14      0.16      0.11      0.10      0.07      0.05      0.06
  4746.05      0.23      0.19      0.19      0.22      0.18      0.14      0.16      0.11      0.10      0.07      0.05      0.06
  4747.05      0.23      0.18      0.19      0.21      0.18      0.14      0.16      0.11      0.10      0.07      0.05      0.05
  4748.05      0.22      0.18      0.18      0.21      0.18      0.14      0.15      0.11      0.10      0.07      0.05      0.05
  4749.05      0.23      0.19      0.19      0.22      0.18      0.14      0.16      0.11      0.10      0.07      0.05      0.06
  4750.05      0.23      0.19      0.19      0.22      0.19      0.15      0.16      0.11      0.10      0.07      0.05      0.06
  4751.05      0.23      0.19      0.19      0.22      0.19      0.14      0.16      0.11      0.10      0.07      0.05      0.06
  4752.05      0.22      0.18      0.19      0.21      0.18      0.14      0.16      0.11      0.10      0.07      0.05      0.05
  4753.05      0.22      0.18      0.19      0.21      0.18      0.14      0.16      0.11      0.10      0.07      0.05      0.05
  4754.05      0.22      0.18      0.19      0.21      0.19      0.14      0.16      0.11      0.10      0.07      0.05      0.05
  4755.05      0.23      0.19      0.19      0.21      0.19      0.14      0.16      0.11      0.10      0.07      0.05      0.06
  4756.05      0.23      0.19      0.19      0.22      0.19      0.15      0.16      0.11      0.10      0.07      0.05      0.06
  4757.05      0.23      0.19      0.19      0.21      0.19      0.15      0.16      0.11      0.10      0.07      0.05      0.06
  4758.05      0.23      0.19      0.20      0.22      0.20      0.15      0.16      0.11      0.10      0.07      0.05      0.06
  4759.05      0.23      0.19      0.19      0.21      0.20      0.15      0.16      0.11      0.10      0.07      0.05      0.06
  4760.05      0.23      0.19      0.19      0.21      0.19      0.14      0.16      0.11      0.10      0.07      0.05      0.06
  4761.05      0.22      0.19      0.19      0.21      0.19      0.14      0.16      0.11      0.10      0.07      0.05      0.06
  4762.05      0.23      0.19      0.19      0.21      0.20      0.15      0.16      0.11      0.10      0.07      0.05      0.06
  4763.05      0.23      0.19      0.20      0.21      0.20      0.15      0.16      0.11      0.10      0.07      0.05      0.06
  4764.05      0.23      0.19      0.19      0.21      0.20      0.15      0.16      0.11      0.10      0.07      0.05      0.06
  4765.05      0.22      0.19      0.19      0.21      0.20      0.14      0.16      0.11      0.10      0.07      0.05      0.06
  4766.05      0.23      0.19      0.19      0.21      0.20      0.15      0.16      0.11      0.10      0.07      0.05      0.06
  4767.05      0.23      0.19      0.19      0.21      0.20      0.15      0.16      0.11      0.10      0.07      0.05      0.06
  4768.05      0.23      0.19      0.20      0.21      0.20      0.15      0.16      0.11      0.10      0.08      0.05      0.06
  4769.05      0.23      0.19      0.20      0.21      0.21      0.15      0.17      0.11      0.10      0.08      0.05      0.06
  4770.05      0.23      0.19      0.20      0.21      0.21      0.15      0.16      0.11      0.10      0.08      0.05      0.06
  4771.05      0.22      0.19      0.19      0.20      0.20      0.14      0.16      0.11      0.10      0.07      0.05      0.05
  4772.05      0.22      0.18      0.19      0.20      0.20      0.14      0.16      0.11      0.10      0.07      0.05      0.05
  4773.05      0.22      0.19      0.19      0.20      0.20      0.14      0.16      0.11      0.10      0.07      0.05      0.05
  4774.05      0.22      0.18      0.19      0.20      0.20      0.14      0.16      0.10      0.10      0.07      0.05      0.05
  4775.05      0.22      0.18      0.19      0.19      0.20      0.14      0.16      0.10      0.09      0.07      0.05      0.05
  4776.05      0.21      0.18      0.18      0.19      0.20      0.14      0.15      0.10      0.09      0.07      0.05      0.05
  4777.05      0.21      0.18      0.19      0.19      0.20      0.14      0.16      0.10      0.10      0.07      0.05      0.05
  4778.05      0.21      0.18      0.19      0.19      0.20      0.14      0.16      0.10      0.09      0.07      0.05      0.05
  4779.05      0.21      0.18      0.18      0.19      0.20      0.14      0.15      0.10      0.09      0.07      0.05      0.05
  4780.05      0.22      0.18      0.19      0.19      0.20      0.14      0.16      0.11      0.10      0.07      0.05      0.05
  4781.05      0.22      0.18      0.19      0.19      0.21      0.14      0.16      0.11      0.10      0.07      0.05      0.05
  4782.05      0.21      0.18      0.18      0.19      0.21      0.14      0.15      0.10      0.09      0.07      0.05      0.05
  4783.05      0.21      0.18      0.18      0.18      0.21      0.14      0.15      0.10      0.09      0.07      0.05      0.05
  4784.05      0.21      0.18      0.18      0.18      0.21      0.14      0.15      0.10      0.09      0.07      0.05      0.05
  4785.05      0.21      0.18      0.19      0.19      0.21      0.14      0.16      0.11      0.10      0.07      0.05      0.05
  4786.05      0.22      0.19      0.19      0.19      0.22      0.14      0.16      0.11      0.10      0.08      0.05      0.05
  4787.05      0.22      0.19      0.19      0.19      0.22      0.14      0.16      0.11      0.10      0.08      0.05      0.05
  4788.05      0.22      0.19      0.19      0.19      0.23      0.14      0.16      0.11      0.10      0.08      0.05      0.05
  4789.05      0.22      0.19      0.19      0.19      0.23      0.14      0.16      0.11      0.10      0.08      0.05      0.05
  4790.05      0.22      0.19      0.19      0.19      0.23      0.14      0.16      0.11      0.10      0.08      0.05      0.06
  4791.05      0.22      0.19      0.19      0.19      0.24      0.14      0.16      0.11      0.10      0.08      0.05      0.06
  4792.05      0.21      0.18      0.19      0.19      0.23      0.14      0.16      0.11      0.10      0.08      0.05      0.05
  4793.05      0.21      0.18      0.19      0.18      0.23      0.14      0.15      0.10      0.09      0.08      0.05      0.05
  4794.05      0.21      0.18      0.19      0.19      0.24      0.14      0.16      0.11      0.10      0.08      0.05      0.05
  4795.05      0.21      0.18      0.19      0.19      0.24      0.14      0.16      0.11      0.10      0.08      0.05      0.05
  4796.05      0.21      0.18      0.19      0.19      0.24      0.14      0.16      0.11      0.10      0.08      0.05      0.05
  4797.05      0.22      0.19      0.19      0.19      0.25      0.14      0.16      0.11      0.10      0.08      0.05      0.05
  4798.05      0.22      0.19      0.19      0.19      0.25      0.14      0.16      0.11      0.10      0.08      0.05      0.05
  4799.05      0.22      0.19      0.19      0.19      0.25      0.14      0.16      0.11      0.10      0.08      0.05      0.05
  4800.05      0.22      0.19      0.20      0.19      0.26      0.14      0.16      0.11      0.10      0.08      0.06      0.06
  4801.05      0.22      0.19      0.20      0.19      0.26      0.14      0.16      0.11      0.10      0.08      0.06      0.06
  4802.05      0.22      0.19      0.20      0.19      0.27      0.14      0.16      0.11      0.10      0.08      0.06      0.06
  4803.05      0.22      0.19      0.20      0.19      0.27      0.14      0.16      0.11      0.10      0.08      0.06      0.06
  4804.05      0.23      0.20      0.20      0.20      0.28      0.14      0.17      0.11      0.10      0.08      0.06      0.06
  4805.05      0.23      0.20      0.20      0.20      0.28      0.15      0.17      0.12      0.10      0.08      0.06      0.06
  4806.05      0.23      0.20      0.20      0.20      0.29      0.15      0.17      0.12      0.10      0.09      0.06      0.06
  4807.05      0.23      0.20      0.21      0.20      0.29      0.15      0.17      0.12      0.10      0.09      0.06      0.06
  4808.05      0.23      0.20      0.21      0.20      0.30      0.15      0.17      0.12      0.11      0.09      0.06      0.06
  4809.05      0.23      0.20      0.21      0.20      0.30      0.15      0.17      0.12      0.10      0.09      0.06      0.06
  4810.05      0.23      0.20      0.21      0.20      0.30      0.15      0.17      0.12      0.10      0.09      0.06      0.06
  4811.05      0.23      0.20      0.21      0.20      0.30      0.15      0.17      0.12      0.10      0.09      0.06      0.06
  4812.05      0.23      0.20      0.21      0.20      0.30      0.15      0.17      0.12      0.10      0.09      0.06      0.06
  4813.05      0.23      0.20      0.20      0.20      0.30      0.14      0.17      0.12      0.10      0.09      0.06      0.06
  4814.05      0.23      0.20      0.20      0.19      0.30      0.14      0.17      0.12      0.10      0.09      0.06      0.06
  4815.05      0.23      0.20      0.20      0.19      0.31      0.14      0.16      0.12      0.10      0.09      0.06      0.06
  4816.05      0.22      0.20      0.20      0.19      0.31      0.14      0.16      0.12      0.10      0.09      0.06      0.06
  4817.05      0.22      0.19      0.20      0.19      0.30      0.14      0.16      0.11      0.10      0.09      0.06      0.06
  4818.05      0.22      0.19      0.20      0.19      0.31      0.14      0.16      0.11      0.10      0.09      0.06      0.06
  4819.05      0.22      0.20      0.20      0.19      0.31      0.14      0.16      0.11      0.10      0.09      0.06      0.06
  4820.05      0.22      0.20      0.20      0.19      0.31      0.14      0.16      0.11      0.10      0.09      0.06      0.06
  4821.05      0.22      0.20      0.20      0.19      0.32      0.14      0.16      0.12      0.10      0.09      0.06      0.06
  4822.05      0.22      0.19      0.20      0.19      0.32      0.14      0.16      0.11      0.10      0.09      0.06      0.06
  4823.05      0.22      0.20      0.20      0.19      0.33      0.14      0.16      0.12      0.10      0.09      0.06      0.06
  4824.05      0.23      0.20      0.21      0.19      0.34      0.14      0.17      0.12      0.10      0.09      0.06      0.06
  4825.05      0.23      0.20      0.21      0.20      0.35      0.14      0.17      0.12      0.10      0.09      0.06      0.06
  4826.05      0.23      0.20      0.21      0.19      0.35      0.14      0.16      0.12      0.10      0.09      0.06      0.06
  4827.05      0.22      0.20      0.21      0.19      0.35      0.14      0.16      0.12      0.10      0.09      0.06      0.06
  4828.05      0.23      0.20      0.21      0.19      0.36      0.14      0.16      0.12      0.10      0.09      0.06      0.06
  4829.05      0.22      0.20      0.21      0.19      0.36      0.14      0.16      0.12      0.10      0.09      0.06      0.06
  4830.05      0.22      0.20      0.21      0.19      0.36      0.14      0.16      0.12      0.10      0.09      0.06      0.06
  4831.05      0.23      0.20      0.21      0.20      0.38      0.14      0.17      0.12      0.11      0.09      0.06      0.06
  4832.05      0.23      0.21      0.22      0.20      0.39      0.14      0.17      0.13      0.11      0.09      0.06      0.06
  4833.05      0.23      0.20      0.22      0.20      0.39      0.14      0.17      0.13      0.11      0.09      0.06      0.06
  4834.05      0.23      0.20      0.21      0.19      0.38      0.14      0.16      0.12      0.10      0.09      0.06      0.06
  4835.05      0.22      0.20      0.21      0.19      0.38      0.14      0.16      0.12      0.10      0.09      0.06      0.06
  4836.05      0.23      0.20      0.21      0.19      0.40      0.14      0.16      0.13      0.11      0.09      0.06      0.06
  4837.05      0.23      0.21      0.22      0.20      0.41      0.14      0.17      0.13      0.11      0.09      0.06      0.06
  4838.05      0.23      0.20      0.22      0.19      0.41      0.14      0.16      0.13      0.11      0.09      0.06      0.06
  4839.05      0.22      0.20      0.21      0.19      0.41      0.14      0.16      0.13      0.11      0.09      0.06      0.06
  4840.05      0.23      0.20      0.21      0.19      0.42      0.14      0.16      0.13      0.11      0.09      0.06      0.06
  4841.05      0.23      0.20      0.22      0.19      0.42      0.14      0.16      0.13      0.11      0.09      0.06      0.06
  4842.05      0.23      0.20      0.22      0.19      0.43      0.14      0.16      0.13      0.11      0.09      0.06      0.06
  4843.05      0.22      0.20      0.21      0.19      0.42      0.14      0.16      0.13      0.11      0.09      0.06      0.06
  4844.05      0.22      0.20      0.21      0.19      0.43      0.14      0.16      0.13      0.11      0.09      0.06      0.06
  4845.05      0.23      0.20      0.22      0.19      0.44      0.14      0.16      0.13      0.11      0.09      0.06      0.06
  4846.05      0.23      0.20      0.22      0.19      0.45      0.14      0.16      0.13      0.11      0.09      0.06      0.06
  4847.05      0.22      0.20      0.22      0.19      0.45      0.14      0.16      0.13      0.11      0.09      0.06      0.06
  4848.05      0.22      0.20      0.21      0.19      0.44      0.14      0.16      0.13      0.11      0.09      0.06      0.06
  4849.05      0.23      0.20      0.22      0.19      0.46      0.14      0.16      0.13      0.11      0.09      0.06      0.06
  4850.05      0.24      0.21      0.23      0.20      0.48      0.14      0.17      0.14      0.12      0.10      0.07      0.06
  4851.05      0.24      0.21      0.23      0.20      0.49      0.14      0.17      0.14      0.12      0.10      0.07      0.06
  4852.05      0.23      0.21      0.23      0.20      0.49      0.14      0.16      0.14      0.11      0.10      0.07      0.06
  4853.05      0.23      0.21      0.23      0.20      0.49      0.14      0.16      0.14      0.11      0.10      0.07      0.06
  4854.05      0.23      0.21      0.23      0.20      0.50      0.14      0.16      0.14      0.12      0.10      0.07      0.06
  4855.05      0.24      0.21      0.24      0.21      0.52      0.15      0.17      0.14      0.12      0.10      0.07      0.06
  4856.05      0.25      0.22      0.25      0.22      0.55      0.15      0.17      0.15      0.13      0.11      0.07      0.06
  4857.05      0.25      0.23      0.25      0.22      0.56      0.15      0.18      0.15      0.13      0.11      0.07      0.06
  4858.05      0.25      0.22      0.25      0.21      0.55      0.15      0.17      0.15      0.12      0.11      0.07      0.06
  4859.05      0.25      0.22      0.25      0.21      0.56      0.15      0.17      0.15      0.13      0.11      0.07      0.06
  4860.05      0.25      0.23      0.26      0.22      0.57      0.15      0.18      0.16      0.13      0.11      0.07      0.06
  4861.05      0.26      0.23      0.26      0.22      0.58      0.15      0.18      0.16      0.13      0.11      0.08      0.06
  4862.05      0.24      0.21      0.24      0.21      0.59      0.14      0.16      0.15      0.12      0.10      0.07      0.06
  4863.05      0.23      0.21      0.23      0.20      0.70      0.14      0.16      0.14      0.12      0.10      0.07      0.06
  4864.05      0.25      0.22      0.25      0.22      0.81      0.15      0.17      0.16      0.13      0.11      0.07      0.06
  4865.05      0.25      0.23      0.26      0.22      0.83      0.15      0.17      0.16      0.13      0.11      0.08      0.06
  4866.05      0.25      0.23      0.26      0.22      0.81      0.15      0.17      0.16      0.13      0.11      0.07      0.06
  4867.05      0.25      0.22      0.25      0.22      0.80      0.15      0.17      0.16      0.13      0.11      0.07      0.06
  4868.05      0.25      0.22      0.25      0.22      0.78      0.15      0.17      0.16      0.13      0.11      0.07      0.06
  4869.05      0.25      0.22      0.25      0.21      0.76      0.15      0.17      0.16      0.13      0.11      0.07      0.06
  4870.05      0.24      0.22      0.25      0.21      0.74      0.14      0.16      0.15      0.12      0.10      0.07      0.06
  4871.05      0.24      0.21      0.25      0.21      0.72      0.14      0.16      0.15      0.12      0.10      0.07      0.06
  4872.05      0.25      0.23      0.26      0.22      0.75      0.15      0.17      0.16      0.13      0.11      0.08      0.06
  4873.05      0.26      0.24      0.27      0.23      0.78      0.16      0.18      0.17      0.14      0.12      0.08      0.07
  4874.05      0.26      0.23      0.27      0.22      0.75      0.15      0.17      0.17      0.13      0.11      0.08      0.07
  4875.05      0.25      0.22      0.26      0.22      0.71      0.15      0.17      0.16      0.13      0.11      0.08      0.06
  4876.05      0.24      0.22      0.26      0.21      0.69      0.15      0.16      0.16      0.13      0.11      0.07      0.06
  4877.05      0.25      0.22      0.26      0.21      0.68      0.15      0.16      0.16      0.13      0.11      0.07      0.06
  4878.05      0.24      0.22      0.25      0.21      0.66      0.14      0.16      0.16      0.13      0.11      0.07      0.06
  4879.05      0.24      0.22      0.25      0.21      0.65      0.14      0.16      0.16      0.13      0.11      0.07      0.06
  4880.05      0.24      0.21      0.25      0.21      0.63      0.14      0.16      0.16      0.12      0.10      0.07      0.06
  4881.05      0.23      0.21      0.24      0.20      0.60      0.14      0.15      0.15      0.12      0.10      0.07      0.06
  4882.05      0.23      0.21      0.24      0.20      0.59      0.14      0.15      0.15      0.12      0.10      0.07      0.06
  4883.05      0.23      0.21      0.25      0.21      0.59      0.14      0.15      0.16      0.12      0.10      0.07      0.06
  4884.05      0.23      0.21      0.25      0.20      0.58      0.14      0.15      0.16      0.12      0.10      0.07      0.06
  4885.05      0.23      0.21      0.25      0.20      0.57      0.14      0.15      0.16      0.12      0.10      0.07      0.06
  4886.05      0.23      0.21      0.25      0.20      0.56      0.14      0.15      0.16      0.12      0.10      0.07      0.06
  4887.05      0.23      0.21      0.25      0.21      0.55      0.14      0.15      0.16      0.12      0.10      0.07      0.06
  4888.05      0.24      0.21      0.25      0.21      0.55      0.14      0.15      0.16      0.12      0.10      0.07      0.06
  4889.05      0.23      0.21      0.24      0.21      0.53      0.14      0.15      0.16      0.12      0.10      0.07      0.06
  4890.05      0.24      0.21      0.25      0.21      0.53      0.14      0.15      0.16      0.12      0.10      0.07      0.06
  4891.05      0.24      0.21      0.25      0.21      0.52      0.14      0.15      0.16      0.12      0.10      0.07      0.06
  4892.05      0.24      0.22      0.25      0.21      0.52      0.14      0.15      0.16      0.12      0.11      0.08      0.06
  4893.05      0.24      0.22      0.25      0.21      0.51      0.14      0.16      0.17      0.13      0.11      0.08      0.06
  4894.05      0.24      0.22      0.25      0.21      0.49      0.14      0.15      0.16      0.12      0.11      0.08      0.06
  4895.05      0.24      0.22      0.25      0.21      0.48      0.14      0.15      0.17      0.12      0.11      0.08      0.06
  4896.05      0.24      0.21      0.24      0.21      0.47      0.14      0.15      0.16      0.12      0.10      0.07      0.06
  4897.05      0.23      0.21      0.24      0.20      0.45      0.14      0.15      0.16      0.12      0.10      0.07      0.06
  4898.05      0.23      0.21      0.24      0.20      0.44      0.14      0.15      0.16      0.12      0.10      0.07      0.06
  4899.05      0.24      0.21      0.24      0.20      0.44      0.14      0.15      0.16      0.12      0.10      0.07      0.06
  4900.05      0.24      0.22      0.25      0.21      0.44      0.14      0.15      0.17      0.13      0.11      0.08      0.06
  4901.05      0.25      0.23      0.26      0.22      0.45      0.15      0.16      0.18      0.13      0.11      0.08      0.07
  4902.05      0.25      0.22      0.25      0.21      0.44      0.14      0.15      0.17      0.13      0.11      0.08      0.07
  4903.05      0.24      0.22      0.25      0.21      0.44      0.14      0.15      0.17      0.13      0.11      0.08      0.06
  4904.05      0.25      0.23      0.26      0.22      0.45      0.15      0.16      0.18      0.13      0.11      0.08      0.07
  4905.05      0.25      0.23      0.26      0.22      0.45      0.15      0.16      0.18      0.13      0.11      0.08      0.07
  4906.05      0.24      0.22      0.25      0.21      0.44      0.14      0.15      0.17      0.13      0.11      0.08      0.07
  4907.05      0.24      0.22      0.25      0.21      0.43      0.14      0.15      0.17      0.12      0.11      0.08      0.07
  4908.05      0.25      0.23      0.25      0.21      0.44      0.14      0.15      0.18      0.13      0.11      0.08      0.07
  4909.05      0.25      0.23      0.25      0.21      0.44      0.15      0.16      0.18      0.13      0.11      0.08      0.07
  4910.05      0.25      0.23      0.26      0.22      0.45      0.15      0.16      0.18      0.13      0.11      0.08      0.07
  4911.05      0.25      0.23      0.26      0.22      0.45      0.15      0.16      0.19      0.13      0.11      0.08      0.07
  4912.05      0.25      0.23      0.26      0.21      0.44      0.15      0.16      0.19      0.13      0.11      0.08      0.07
  4913.05      0.25      0.23      0.26      0.21      0.44      0.15      0.16      0.19      0.13      0.11      0.08      0.07
  4914.05      0.25      0.23      0.25      0.21      0.44      0.15      0.16      0.19      0.13      0.11      0.08      0.07
  4915.05      0.25      0.23      0.25      0.21      0.43      0.15      0.15      0.18      0.13      0.11      0.08      0.07
  4916.05      0.24      0.23      0.25      0.20      0.42      0.15      0.15      0.18      0.13      0.11      0.08      0.07
  4917.05      0.24      0.23      0.24      0.20      0.42      0.14      0.15      0.18      0.13      0.11      0.08      0.07
  4918.05      0.24      0.23      0.25      0.20      0.42      0.15      0.15      0.18      0.13      0.11      0.08      0.07
  4919.05      0.25      0.24      0.25      0.21      0.43      0.15      0.15      0.19      0.13      0.11      0.08      0.07
  4920.05      0.26      0.25      0.27      0.22      0.45      0.16      0.16      0.19      0.14      0.12      0.09      0.07
  4921.05      0.27      0.25      0.27      0.23      0.46      0.16      0.17      0.20      0.14      0.12      0.09      0.08
  4922.05      0.27      0.25      0.27      0.23      0.46      0.16      0.17      0.20      0.14      0.12      0.09      0.08
  4923.05      0.26      0.25      0.27      0.22      0.45      0.16      0.16      0.19      0.14      0.12      0.09      0.07
  4924.05      0.27      0.26      0.27      0.23      0.46      0.16      0.17      0.20      0.14      0.12      0.09      0.08
  4925.05      0.27      0.26      0.27      0.23      0.46      0.17      0.17      0.20      0.14      0.13      0.09      0.08
  4926.05      0.26      0.25      0.26      0.22      0.45      0.16      0.16      0.19      0.14      0.12      0.09      0.07
  4927.05      0.26      0.26      0.26      0.22      0.45      0.16      0.16      0.19      0.14      0.12      0.09      0.08
  4928.05      0.26      0.26      0.26      0.22      0.45      0.16      0.16      0.19      0.14      0.12      0.09      0.08
  4929.05      0.26      0.26      0.26      0.22      0.45      0.16      0.16      0.19      0.14      0.12      0.09      0.08
  4930.05      0.26      0.26      0.26      0.22      0.44      0.16      0.16      0.19      0.14      0.12      0.09      0.08
  4931.05      0.26      0.26      0.26      0.22      0.44      0.16      0.16      0.19      0.14      0.12      0.09      0.08
  4932.05      0.26      0.26      0.26      0.22      0.44      0.16      0.16      0.19      0.14      0.12      0.09      0.08
  4933.05      0.25      0.26      0.25      0.21      0.43      0.16      0.16      0.18      0.14      0.12      0.09      0.07
  4934.05      0.26      0.26      0.26      0.22      0.44      0.16      0.16      0.19      0.14      0.12      0.09      0.08
  4935.05      0.27      0.27      0.26      0.23      0.45      0.17      0.17      0.19      0.14      0.13      0.10      0.08
  4936.05      0.26      0.27      0.26      0.22      0.45      0.17      0.17      0.19      0.14      0.13      0.10      0.08
  4937.05      0.26      0.27      0.26      0.22      0.44      0.17      0.16      0.19      0.14      0.13      0.10      0.08
  4938.05      0.26      0.27      0.26      0.22      0.44      0.17      0.16      0.19      0.14      0.12      0.10      0.08
  4939.05      0.26      0.27      0.25      0.22      0.43      0.16      0.16      0.18      0.14      0.12      0.10      0.08
  4940.05      0.27      0.28      0.26      0.23      0.45      0.17      0.17      0.19      0.14      0.13      0.10      0.08
  4941.05      0.27      0.29      0.26      0.23      0.45      0.17      0.17      0.19      0.15      0.13      0.10      0.08
  4942.05      0.27      0.28      0.26      0.23      0.44      0.17      0.17      0.19      0.14      0.13      0.10      0.08
  4943.05      0.27      0.28      0.26      0.22      0.44      0.17      0.17      0.19      0.14      0.13      0.10      0.08
  4944.05      0.26      0.28      0.26      0.22      0.44      0.17      0.17      0.19      0.14      0.13      0.10      0.08
  4945.05      0.26      0.28      0.25      0.22      0.43      0.17      0.17      0.19      0.14      0.13      0.10      0.08
  4946.05      0.27      0.28      0.25      0.22      0.44      0.17      0.17      0.19      0.14      0.13      0.10      0.08
  4947.05      0.27      0.29      0.26      0.23      0.44      0.18      0.17      0.19      0.15      0.13      0.10      0.08
  4948.05      0.27      0.29      0.26      0.23      0.44      0.17      0.17      0.19      0.15      0.13      0.10      0.08
  4949.05      0.26      0.28      0.25      0.22      0.43      0.17      0.16      0.18      0.14      0.13      0.10      0.08
  4950.05      0.26      0.28      0.25      0.22      0.42      0.17      0.16      0.18      0.14      0.13      0.10      0.08
  4951.05      0.26      0.29      0.25      0.22      0.42      0.17      0.16      0.18      0.14      0.13      0.10      0.08
  4952.05      0.26      0.29      0.25      0.22      0.43      0.17      0.17      0.18      0.14      0.13      0.10      0.08
  4953.05      0.26      0.29      0.25      0.22      0.42      0.17      0.17      0.18      0.14      0.13      0.10      0.08
  4954.05      0.26      0.29      0.25      0.22      0.42      0.17      0.17      0.18      0.14      0.13      0.10      0.08
  4955.05      0.26      0.29      0.25      0.22      0.42      0.17      0.17      0.18      0.14      0.13      0.10      0.08
  4956.05      0.27      0.30      0.25      0.22      0.42      0.18      0.17      0.18      0.14      0.13      0.11      0.08
  4957.05      0.26      0.30      0.25      0.22      0.42      0.18      0.17      0.18      0.14      0.13      0.11      0.08
  4958.05      0.27      0.30      0.25      0.22      0.42      0.18      0.17      0.18      0.14      0.13      0.11      0.08
  4959.05      0.27      0.31      0.25      0.22      0.42      0.18      0.17      0.18      0.15      0.13      0.11      0.08
  4960.05      0.26      0.30      0.24      0.21      0.40      0.17      0.16      0.17      0.14      0.13      0.10      0.08
  4961.05      0.25      0.29      0.23      0.21      0.39      0.17      0.16      0.17      0.14      0.12      0.10      0.08
  4962.05      0.25      0.29      0.23      0.21      0.39      0.17      0.16      0.17      0.14      0.13      0.10      0.08
  4963.05      0.25      0.30      0.23      0.21      0.39      0.17      0.16      0.17      0.14      0.13      0.10      0.08
  4964.05      0.25      0.29      0.23      0.21      0.38      0.17      0.16      0.16      0.13      0.12      0.10      0.08
  4965.05      0.24      0.29      0.22      0.20      0.37      0.17      0.15      0.16      0.13      0.12      0.10      0.08
  4966.05      0.24      0.29      0.23      0.20      0.38      0.17      0.16      0.16      0.13      0.12      0.10      0.08
  4967.05      0.24      0.30      0.23      0.20      0.38      0.17      0.16      0.16      0.13      0.12      0.10      0.08
  4968.05      0.24      0.29      0.22      0.20      0.37      0.17      0.15      0.16      0.13      0.12      0.10      0.08
  4969.05      0.24      0.30      0.22      0.20      0.36      0.17      0.15      0.16      0.13      0.12      0.10      0.08
  4970.05      0.24      0.30      0.22      0.20      0.37      0.17      0.16      0.16      0.13      0.12      0.10      0.08
  4971.05      0.25      0.31      0.23      0.21      0.37      0.17      0.16      0.16      0.13      0.12      0.10      0.08
  4972.05      0.24      0.31      0.22      0.20      0.37      0.17      0.15      0.16      0.13      0.12      0.10      0.08
  4973.05      0.24      0.30      0.22      0.20      0.36      0.17      0.15      0.16      0.13      0.12      0.10      0.08
  4974.05      0.24      0.31      0.22      0.20      0.36      0.17      0.16      0.16      0.13      0.12      0.10      0.08
  4975.05      0.25      0.32      0.23      0.21      0.37      0.17      0.16      0.16      0.13      0.12      0.10      0.08
  4976.05      0.25      0.32      0.22      0.21      0.36      0.17      0.16      0.16      0.13      0.12      0.10      0.08
  4977.05      0.25      0.32      0.22      0.21      0.36      0.17      0.16      0.16      0.13      0.12      0.10      0.08
  4978.05      0.25      0.32      0.22      0.21      0.36      0.17      0.16      0.16      0.13      0.12      0.11      0.08
  4979.05      0.25      0.33      0.22      0.21      0.36      0.18      0.16      0.16      0.13      0.12      0.11      0.08
  4980.05      0.25      0.33      0.23      0.21      0.37      0.18      0.16      0.16      0.14      0.13      0.11      0.08
  4981.05      0.25      0.34      0.23      0.21      0.37      0.18      0.16      0.16      0.14      0.13      0.11      0.08
  4982.05      0.25      0.34      0.23      0.22      0.37      0.18      0.16      0.17      0.14      0.13      0.11      0.08
  4983.05      0.26      0.35      0.23      0.22      0.37      0.19      0.17      0.17      0.14      0.13      0.11      0.09
  4984.05      0.27      0.37      0.24      0.23      0.39      0.19      0.18      0.18      0.15      0.14      0.12      0.09
  4985.05      0.27      0.37      0.24      0.23      0.39      0.20      0.18      0.18      0.15      0.14      0.12      0.09
  4986.05      0.27      0.37      0.24      0.23      0.38      0.19      0.17      0.17      0.14      0.13      0.12      0.09
  4987.05      0.27      0.37      0.24      0.23      0.37      0.19      0.17      0.17      0.14      0.13      0.12      0.09
  4988.05      0.26      0.36      0.23      0.22      0.36      0.19      0.17      0.16      0.14      0.13      0.11      0.09
  4989.05      0.25      0.35      0.22      0.21      0.35      0.18      0.16      0.16      0.13      0.12      0.11      0.08
  4990.05      0.25      0.36      0.23      0.22      0.35      0.18      0.16      0.16      0.14      0.13      0.11      0.09
  4991.05      0.25      0.36      0.23      0.22      0.35      0.19      0.16      0.16      0.14      0.13      0.11      0.09
  4992.05      0.25      0.37      0.23      0.22      0.35      0.19      0.17      0.16      0.14      0.13      0.11      0.09
  4993.05      0.25      0.37      0.22      0.22      0.34      0.19      0.16      0.16      0.13      0.13      0.11      0.09
  4994.05      0.25      0.37      0.22      0.21      0.34      0.18      0.16      0.16      0.13      0.12      0.11      0.09
  4995.05      0.25      0.38      0.22      0.22      0.34      0.19      0.17      0.16      0.14      0.13      0.12      0.09
  4996.05      0.25      0.39      0.22      0.22      0.34      0.19      0.17      0.16      0.14      0.13      0.12      0.09
  4997.05      0.25      0.39      0.22      0.22      0.33      0.19      0.17      0.16      0.13      0.13      0.12      0.09
  4998.05      0.25      0.39      0.22      0.22      0.33      0.19      0.17      0.16      0.13      0.13      0.12      0.09
  4999.05      0.25      0.40      0.22      0.22      0.33      0.19      0.17      0.16      0.13      0.13      0.12      0.09
  5000.05      0.25      0.40      0.22      0.22      0.33      0.19      0.17      0.16      0.13      0.13      0.12      0.09
  5001.05      0.25      0.41      0.22      0.22      0.33      0.19      0.17      0.16      0.13      0.13      0.12      0.09
  5002.05      0.25      0.41      0.22      0.22      0.32      0.19      0.17      0.16      0.13      0.13      0.12      0.09
  5003.05      0.25      0.42      0.22      0.22      0.32      0.19      0.17      0.16      0.13      0.13      0.12      0.09
  5004.05      0.25      0.42      0.23      0.22      0.32      0.19      0.17      0.16      0.14      0.13      0.12      0.09
  5005.05      0.25      0.42      0.22      0.22      0.32      0.19      0.17      0.16      0.13      0.13      0.12      0.09
  5006.05      0.25      0.42      0.22      0.22      0.31      0.19      0.17      0.16      0.13      0.12      0.12      0.09
  5007.05      0.25      0.43      0.22      0.22      0.31      0.19      0.17      0.16      0.13      0.13      0.12      0.09
  5008.05      0.25      0.44      0.22      0.22      0.31      0.19      0.17      0.16      0.13      0.13      0.12      0.09
  5009.05      0.25      0.44      0.22      0.22      0.31      0.19      0.17      0.16      0.13      0.12      0.12      0.09
  5010.05      0.25      0.44      0.22      0.22      0.30      0.19      0.17      0.16      0.13      0.12      0.12      0.09
  5011.05      0.24      0.44      0.22      0.22      0.30      0.19      0.17      0.15      0.13      0.12      0.12      0.09
  5012.05      0.25      0.45      0.22      0.22      0.30      0.19      0.17      0.16      0.13      0.12      0.12      0.09
  5013.05      0.25      0.46      0.22      0.22      0.31      0.19      0.17      0.16      0.13      0.13      0.12      0.09
  5014.05      0.25      0.48      0.23      0.23      0.31      0.20      0.17      0.16      0.14      0.13      0.13      0.09
  5015.05      0.26      0.49      0.23      0.23      0.31      0.20      0.18      0.16      0.14      0.13      0.13      0.10
  5016.05      0.26      0.49      0.23      0.23      0.31      0.20      0.18      0.16      0.14      0.13      0.13      0.10
  5017.05      0.25      0.48      0.22      0.22      0.30      0.19      0.17      0.16      0.13      0.13      0.12      0.09
  5018.05      0.25      0.49      0.22      0.22      0.30      0.19      0.17      0.16      0.13      0.13      0.13      0.09
  5019.05      0.26      0.51      0.23      0.23      0.30      0.20      0.18      0.16      0.14      0.13      0.13      0.10
  5020.05      0.26      0.51      0.23      0.23      0.31      0.20      0.18      0.17      0.14      0.13      0.13      0.10
  5021.05      0.25      0.51      0.23      0.22      0.30      0.20      0.17      0.16      0.14      0.13      0.13      0.10
  5022.05      0.25      0.51      0.23      0.23      0.30      0.20      0.18      0.16      0.14      0.13      0.13      0.10
  5023.05      0.26      0.51      0.23      0.23      0.30      0.20      0.18      0.17      0.14      0.13      0.13      0.10
  5024.05      0.26      0.51      0.23      0.23      0.30      0.20      0.18      0.17      0.14      0.13      0.13      0.10
  5025.05      0.26      0.51      0.23      0.23      0.30      0.20      0.18      0.17      0.14      0.13      0.13      0.10
  5026.05      0.26      0.51      0.23      0.23      0.30      0.20      0.18      0.17      0.14      0.13      0.13      0.10
  5027.05      0.26      0.51      0.23      0.23      0.30      0.21      0.18      0.17      0.14      0.13      0.14      0.10
  5028.05      0.26      0.52      0.24      0.24      0.31      0.21      0.18      0.17      0.14      0.14      0.14      0.10
  5029.05      0.27      0.52      0.24      0.24      0.31      0.21      0.19      0.17      0.14      0.14      0.14      0.11
  5030.05      0.26      0.51      0.24      0.24      0.31      0.21      0.18      0.17      0.14      0.14      0.14      0.10
  5031.05      0.26      0.50      0.23      0.23      0.30      0.21      0.18      0.17      0.14      0.13      0.14      0.10
  5032.05      0.25      0.49      0.23      0.23      0.30      0.20      0.18      0.17      0.14      0.13      0.13      0.10
  5033.05      0.25      0.49      0.23      0.23      0.29      0.20      0.18      0.17      0.14      0.13      0.14      0.10
  5034.05      0.25      0.48      0.23      0.22      0.29      0.20      0.18      0.16      0.14      0.13      0.13      0.10
  5035.05      0.25      0.47      0.22      0.22      0.29      0.20      0.17      0.16      0.14      0.13      0.13      0.10
  5036.05      0.25      0.47      0.23      0.22      0.29      0.20      0.18      0.16      0.14      0.13      0.13      0.10
  5037.05      0.26      0.48      0.23      0.23      0.29      0.21      0.18      0.17      0.14      0.13      0.14      0.10
  5038.05      0.25      0.48      0.23      0.23      0.29      0.21      0.18      0.17      0.14      0.13      0.14      0.10
  5039.05      0.25      0.46      0.22      0.22      0.28      0.20      0.17      0.16      0.14      0.13      0.13      0.10
  5040.05      0.25      0.46      0.23      0.22      0.29      0.21      0.18      0.16      0.14      0.13      0.14      0.10
  5041.05      0.25      0.47      0.23      0.23      0.29      0.21      0.18      0.17      0.14      0.13      0.14      0.10
  5042.05      0.26      0.47      0.23      0.23      0.29      0.21      0.18      0.17      0.14      0.13      0.14      0.11
  5043.05      0.26      0.48      0.24      0.23      0.30      0.22      0.19      0.17      0.15      0.14      0.14      0.11
  5044.05      0.25      0.46      0.23      0.23      0.29      0.21      0.18      0.17      0.14      0.13      0.14      0.10
  5045.05      0.25      0.45      0.22      0.22      0.28      0.21      0.17      0.16      0.14      0.13      0.14      0.10
  5046.05      0.24      0.44      0.22      0.22      0.28      0.21      0.17      0.16      0.14      0.13      0.14      0.10
  5047.05      0.24      0.44      0.22      0.22      0.27      0.21      0.17      0.16      0.14      0.13      0.14      0.10
  5048.05      0.24      0.43      0.22      0.22      0.27      0.21      0.17      0.16      0.14      0.13      0.14      0.10
  5049.05      0.24      0.43      0.22      0.22      0.27      0.21      0.17      0.16      0.14      0.13      0.14      0.10
  5050.05      0.25      0.44      0.22      0.22      0.28      0.21      0.18      0.16      0.14      0.13      0.14      0.10
  5051.05      0.25      0.43      0.22      0.22      0.28      0.22      0.18      0.16      0.14      0.13      0.14      0.10
  5052.05      0.24      0.43      0.22      0.22      0.27      0.21      0.18      0.16      0.14      0.13      0.14      0.10
  5053.05      0.25      0.43      0.22      0.22      0.28      0.22      0.18      0.16      0.14      0.13      0.14      0.11
  5054.05      0.25      0.43      0.22      0.22      0.28      0.22      0.18      0.16      0.14      0.13      0.14      0.11
  5055.05      0.24      0.42      0.22      0.22      0.27      0.22      0.18      0.16      0.14      0.13      0.14      0.11
  5056.05      0.24      0.42      0.22      0.22      0.27      0.22      0.18      0.16      0.14      0.13      0.14      0.11
  5057.05      0.24      0.41      0.22      0.22      0.27      0.22      0.18      0.16      0.14      0.13      0.14      0.11
  5058.05      0.24      0.41      0.22      0.22      0.27      0.22      0.18      0.16      0.14      0.13      0.14      0.11
  5059.05      0.24      0.41      0.22      0.22      0.27      0.22      0.18      0.16      0.14      0.13      0.14      0.11
  5060.05      0.24      0.40      0.22      0.22      0.27      0.22      0.17      0.16      0.14      0.13      0.14      0.11
  5061.05      0.24      0.41      0.22      0.22      0.27      0.22      0.18      0.16      0.14      0.13      0.14      0.11
  5062.05      0.25      0.40      0.22      0.22      0.27      0.23      0.18      0.16      0.14      0.13      0.14      0.11
  5063.05      0.24      0.40      0.22      0.22      0.27      0.23      0.18      0.16      0.14      0.13      0.14      0.11
  5064.05      0.24      0.40      0.22      0.22      0.27      0.23      0.18      0.16      0.14      0.13      0.15      0.11
  5065.05      0.25      0.40      0.23      0.23      0.27      0.23      0.18      0.17      0.15      0.13      0.15      0.11
  5066.05      0.26      0.41      0.24      0.23      0.28      0.24      0.19      0.17      0.15      0.14      0.15      0.11
  5067.05      0.26      0.41      0.23      0.23      0.28      0.24      0.19      0.17      0.15      0.14      0.15      0.11
  5068.05      0.25      0.40      0.23      0.23      0.28      0.24      0.18      0.17      0.15      0.14      0.15      0.11
  5069.05      0.26      0.40      0.23      0.23      0.28      0.24      0.18      0.17      0.15      0.14      0.15      0.12
  5070.05      0.26      0.40      0.24      0.23      0.28      0.24      0.18      0.17      0.15      0.14      0.16      0.12
  5071.05      0.25      0.39      0.23      0.23      0.27      0.24      0.18      0.17      0.15      0.14      0.15      0.11
  5072.05      0.25      0.38      0.23      0.23      0.27      0.24      0.18      0.17      0.15      0.14      0.15      0.11
  5073.05      0.26      0.39      0.24      0.23      0.27      0.25      0.18      0.17      0.15      0.14      0.16      0.12
  5074.05      0.26      0.39      0.24      0.23      0.28      0.25      0.18      0.17      0.15      0.14      0.16      0.12
  5075.05      0.26      0.38      0.24      0.23      0.27      0.25      0.18      0.17      0.15      0.14      0.16      0.12
  5076.05      0.26      0.38      0.24      0.23      0.27      0.25      0.18      0.17      0.15      0.14      0.16      0.12
  5077.05      0.26      0.37      0.24      0.23      0.27      0.25      0.18      0.17      0.15      0.14      0.16      0.12
  5078.05      0.25      0.36      0.23      0.23      0.27      0.25      0.18      0.17      0.15      0.14      0.16      0.12
  5079.05      0.25      0.35      0.23      0.22      0.26      0.24      0.18      0.16      0.15      0.14      0.15      0.11
  5080.05      0.25      0.35      0.23      0.22      0.26      0.25      0.18      0.17      0.15      0.14      0.15      0.11
  5081.05      0.25      0.36      0.23      0.23      0.27      0.26      0.18      0.17      0.15      0.14      0.16      0.12
  5082.05      0.25      0.35      0.23      0.23      0.27      0.26      0.18      0.17      0.16      0.14      0.16      0.12
  5083.05      0.25      0.34      0.23      0.22      0.26      0.26      0.18      0.17      0.15      0.14      0.16      0.12
  5084.05      0.25      0.34      0.23      0.22      0.26      0.26      0.17      0.16      0.15      0.14      0.15      0.12
  5085.05      0.25      0.34      0.23      0.23      0.26      0.26      0.18      0.17      0.15      0.14      0.16      0.12
  5086.05      0.25      0.34      0.23      0.23      0.26      0.26      0.18      0.17      0.15      0.14      0.16      0.12
  5087.05      0.25      0.33      0.23      0.22      0.25      0.26      0.17      0.16      0.15      0.14      0.16      0.12
  5088.05      0.25      0.33      0.23      0.22      0.25      0.27      0.17      0.16      0.15      0.14      0.16      0.12
  5089.05      0.24      0.32      0.22      0.22      0.25      0.27      0.17      0.16      0.15      0.14      0.15      0.12
  5090.05      0.24      0.32      0.22      0.22      0.25      0.27      0.17      0.16      0.15      0.14      0.15      0.12
  5091.05      0.24      0.32      0.22      0.22      0.24      0.27      0.17      0.16      0.15      0.14      0.15      0.11
  5092.05      0.24      0.31      0.22      0.22      0.24      0.27      0.17      0.16      0.15      0.14      0.15      0.11
  5093.05      0.24      0.31      0.22      0.22      0.24      0.27      0.17      0.16      0.15      0.14      0.15      0.11
  5094.05      0.24      0.31      0.22      0.22      0.24      0.27      0.17      0.16      0.15      0.14      0.15      0.11
  5095.05      0.24      0.31      0.22      0.22      0.24      0.28      0.17      0.16      0.15      0.14      0.15      0.11
  5096.05      0.24      0.31      0.22      0.22      0.24      0.28      0.17      0.16      0.16      0.14      0.15      0.12
  5097.05      0.24      0.31      0.22      0.22      0.24      0.29      0.17      0.16      0.16      0.14      0.15      0.12
  5098.05      0.25      0.32      0.23      0.22      0.25      0.29      0.17      0.16      0.16      0.15      0.16      0.12
  5099.05      0.25      0.32      0.23      0.23      0.25      0.30      0.17      0.17      0.17      0.15      0.16      0.12
  5100.05      0.25      0.32      0.23      0.23      0.25      0.31      0.18      0.17      0.17      0.15      0.16      0.12
  5101.05      0.25      0.32      0.23      0.23      0.25      0.31      0.18      0.17      0.17      0.15      0.16      0.12
  5102.05      0.25      0.31      0.23      0.22      0.24      0.31      0.17      0.16      0.16      0.15      0.16      0.12
  5103.05      0.25      0.31      0.23      0.22      0.24      0.30      0.17      0.16      0.16      0.15      0.16      0.12
  5104.05      0.25      0.31      0.23      0.22      0.24      0.31      0.17      0.16      0.16      0.15      0.16      0.12
  5105.05      0.25      0.31      0.23      0.23      0.24      0.31      0.17      0.16      0.17      0.15      0.16      0.12
  5106.05      0.25      0.31      0.23      0.23      0.24      0.32      0.17      0.16      0.17      0.15      0.16      0.12
  5107.05      0.25      0.31      0.23      0.23      0.25      0.32      0.17      0.16      0.17      0.15      0.16      0.12
  5108.05      0.26      0.31      0.23      0.23      0.25      0.33      0.17      0.17      0.17      0.16      0.17      0.13
  5109.05      0.26      0.32      0.24      0.24      0.26      0.34      0.18      0.17      0.18      0.16      0.17      0.13
  5110.05      0.26      0.32      0.24      0.24      0.25      0.34      0.18      0.17      0.18      0.16      0.17      0.13
  5111.05      0.26      0.32      0.24      0.24      0.25      0.35      0.18      0.17      0.18      0.16      0.17      0.13
  5112.05      0.26      0.32      0.24      0.24      0.26      0.35      0.18      0.17      0.18      0.16      0.17      0.13
  5113.05      0.25      0.31      0.23      0.23      0.25      0.34      0.17      0.16      0.18      0.16      0.17      0.13
  5114.05      0.25      0.30      0.23      0.23      0.24      0.34      0.17      0.16      0.17      0.15      0.16      0.13
  5115.05      0.25      0.30      0.23      0.23      0.24      0.34      0.17      0.16      0.18      0.16      0.16      0.13
  5116.05      0.26      0.30      0.23      0.23      0.25      0.35      0.17      0.16      0.18      0.16      0.17      0.13
  5117.05      0.26      0.30      0.23      0.23      0.25      0.35      0.17      0.16      0.18      0.16      0.17      0.13
  5118.05      0.25      0.30      0.23      0.23      0.24      0.35      0.17      0.16      0.18      0.16      0.17      0.13
  5119.05      0.25      0.29      0.23      0.23      0.24      0.35      0.17      0.16      0.18      0.16      0.16      0.13
  5120.05      0.25      0.29      0.23      0.22      0.24      0.35      0.17      0.16      0.18      0.15      0.16      0.13
  5121.05      0.25      0.29      0.23      0.23      0.24      0.35      0.17      0.16      0.18      0.16      0.16      0.13
  5122.05      0.25      0.29      0.23      0.23      0.24      0.36      0.17      0.16      0.18      0.16      0.16      0.13
  5123.05      0.25      0.29      0.23      0.23      0.24      0.36      0.17      0.16      0.18      0.16      0.16      0.13
  5124.05      0.25      0.29      0.23      0.23      0.24      0.37      0.17      0.16      0.18      0.16      0.16      0.13
  5125.05      0.25      0.29      0.23      0.23      0.24      0.38      0.17      0.16      0.18      0.16      0.17      0.13
  5126.05      0.25      0.29      0.23      0.23      0.24      0.39      0.17      0.16      0.18      0.16      0.17      0.13
  5127.05      0.25      0.29      0.23      0.23      0.24      0.39      0.17      0.16      0.18      0.16      0.17      0.13
  5128.05      0.25      0.29      0.23      0.23      0.24      0.39      0.17      0.16      0.18      0.16      0.17      0.13
  5129.05      0.25      0.29      0.23      0.23      0.24      0.40      0.17      0.16      0.18      0.16      0.17      0.13
  5130.05      0.25      0.29      0.23      0.23      0.24      0.40      0.17      0.16      0.18      0.16      0.17      0.13
  5131.05      0.25      0.28      0.23      0.23      0.23      0.40      0.17      0.16      0.18      0.15      0.17      0.13
  5132.05      0.24      0.28      0.22      0.22      0.23      0.40      0.16      0.15      0.18      0.15      0.16      0.13
  5133.05      0.24      0.27      0.22      0.22      0.22      0.40      0.16      0.15      0.18      0.15      0.16      0.12
  5134.05      0.24      0.27      0.22      0.22      0.22      0.40      0.16      0.15      0.18      0.15      0.16      0.12
  5135.05      0.24      0.27      0.22      0.22      0.22      0.41      0.16      0.15      0.18      0.15      0.16      0.13
  5136.05      0.24      0.27      0.22      0.22      0.22      0.41      0.16      0.15      0.18      0.15      0.16      0.12
  5137.05      0.24      0.27      0.22      0.22      0.22      0.41      0.16      0.15      0.18      0.15      0.16      0.12
  5138.05      0.24      0.27      0.22      0.22      0.23      0.43      0.16      0.15      0.18      0.15      0.16      0.13
  5139.05      0.25      0.27      0.22      0.22      0.23      0.43      0.16      0.15      0.18      0.15      0.16      0.13
  5140.05      0.25      0.28      0.23      0.23      0.23      0.44      0.16      0.15      0.19      0.15      0.17      0.13
  5141.05      0.25      0.28      0.23      0.23      0.23      0.46      0.17      0.16      0.19      0.16      0.17      0.13
  5142.05      0.25      0.27      0.22      0.22      0.23      0.45      0.16      0.15      0.19      0.15      0.16      0.13
  5143.05      0.24      0.27      0.22      0.22      0.22      0.45      0.16      0.15      0.19      0.15      0.16      0.13
  5144.05      0.25      0.27      0.23      0.23      0.23      0.46      0.16      0.15      0.19      0.15      0.17      0.13
  5145.05      0.25      0.27      0.23      0.23      0.23      0.47      0.16      0.15      0.19      0.15      0.17      0.13
  5146.05      0.25      0.27      0.22      0.23      0.23      0.47      0.16      0.15      0.19      0.15      0.17      0.13
  5147.05      0.25      0.27      0.23      0.23      0.23      0.48      0.16      0.15      0.19      0.15      0.17      0.13
  5148.05      0.25      0.27      0.23      0.23      0.23      0.49      0.16      0.15      0.19      0.15      0.17      0.13
  5149.05      0.25      0.27      0.23      0.23      0.23      0.49      0.16      0.15      0.19      0.15      0.17      0.13
  5150.05      0.25      0.27      0.23      0.23      0.23      0.50      0.16      0.15      0.20      0.15      0.17      0.13
  5151.05      0.25      0.27      0.23      0.23      0.23      0.51      0.16      0.15      0.20      0.16      0.17      0.14
  5152.05      0.25      0.27      0.23      0.23      0.23      0.51      0.16      0.15      0.20      0.16      0.17      0.14
  5153.05      0.26      0.28      0.23      0.23      0.24      0.52      0.16      0.15      0.20      0.16      0.17      0.14
  5154.05      0.26      0.27      0.23      0.23      0.24      0.52      0.16      0.15      0.20      0.16      0.17      0.14
  5155.05      0.26      0.28      0.23      0.23      0.24      0.53      0.17      0.15      0.20      0.16      0.17      0.14
  5156.05      0.26      0.28      0.23      0.23      0.24      0.54      0.17      0.15      0.20      0.16      0.17      0.14
  5157.05      0.26      0.28      0.23      0.23      0.24      0.54      0.17      0.15      0.20      0.16      0.17      0.14
  5158.05      0.26      0.27      0.23      0.23      0.24      0.55      0.17      0.15      0.20      0.16      0.17      0.14
  5159.05      0.26      0.27      0.23      0.23      0.24      0.55      0.16      0.15      0.20      0.16      0.17      0.14
  5160.05      0.26      0.27      0.23      0.23      0.24      0.55      0.16      0.15      0.20      0.16      0.17      0.14
  5161.05      0.26      0.28      0.23      0.24      0.24      0.56      0.17      0.15      0.21      0.16      0.17      0.14
  5162.05      0.26      0.28      0.23      0.24      0.24      0.57      0.17      0.15      0.21      0.16      0.17      0.14
  5163.05      0.26      0.28      0.23      0.24      0.24      0.57      0.17      0.15      0.21      0.16      0.17      0.14
  5164.05      0.26      0.28      0.24      0.24      0.24      0.58      0.17      0.15      0.21      0.16      0.17      0.14
  5165.05      0.26      0.28      0.24      0.24      0.24      0.58      0.17      0.15      0.21      0.16      0.17      0.14
  5166.05      0.26      0.27      0.23      0.24      0.24      0.66      0.17      0.15      0.21      0.16      0.17      0.14
  5167.05      0.26      0.27      0.23      0.24      0.24      0.83      0.17      0.15      0.21      0.16      0.17      0.14
  5168.05      0.27      0.29      0.25      0.25      0.25      0.95      0.17      0.16      0.22      0.16      0.18      0.15
  5169.05      0.28      0.30      0.26      0.26      0.26      0.99      0.18      0.16      0.23      0.17      0.19      0.16
  5170.05      0.27      0.29      0.25      0.26      0.25      0.95      0.18      0.16      0.23      0.17      0.18      0.15
  5171.05      0.26      0.28      0.24      0.25      0.25      0.91      0.17      0.15      0.22      0.16      0.18      0.15
  5172.05      0.26      0.28      0.24      0.25      0.24      0.89      0.17      0.15      0.22      0.16      0.18      0.15
  5173.05      0.28      0.29      0.25      0.26      0.26      0.93      0.18      0.16      0.23      0.17      0.19      0.16
  5174.05      0.29      0.31      0.27      0.28      0.27      0.96      0.19      0.17      0.24      0.18      0.19      0.16
  5175.05      0.28      0.29      0.25      0.26      0.26      0.90      0.18      0.16      0.23      0.17      0.18      0.16
  5176.05      0.26      0.27      0.23      0.24      0.24      0.83      0.16      0.15      0.21      0.15      0.17      0.15
  5177.05      0.25      0.26      0.23      0.24      0.23      0.80      0.16      0.14      0.21      0.15      0.17      0.14
  5178.05      0.25      0.26      0.23      0.24      0.23      0.79      0.16      0.14      0.21      0.15      0.17      0.14
  5179.05      0.25      0.26      0.23      0.24      0.23      0.78      0.16      0.14      0.21      0.15      0.17      0.14
  5180.05      0.25      0.26      0.23      0.24      0.23      0.77      0.16      0.14      0.21      0.15      0.17      0.14
  5181.05      0.25      0.27      0.23      0.24      0.24      0.77      0.16      0.14      0.21      0.15      0.17      0.15
  5182.05      0.25      0.27      0.23      0.24      0.24      0.76      0.16      0.14      0.21      0.15      0.17      0.15
  5183.05      0.26      0.27      0.24      0.25      0.24      0.77      0.17      0.14      0.21      0.15      0.17      0.15
  5184.05      0.28      0.29      0.25      0.27      0.26      0.80      0.18      0.15      0.22      0.16      0.18      0.16
  5185.05      0.30      0.31      0.27      0.29      0.28      0.85      0.19      0.16      0.24      0.18      0.20      0.17
  5186.05      0.28      0.30      0.26      0.27      0.26      0.80      0.18      0.16      0.23      0.17      0.19      0.16
  5187.05      0.27      0.28      0.24      0.26      0.25      0.74      0.17      0.15      0.21      0.16      0.18      0.15
  5188.05      0.25      0.26      0.23      0.24      0.23      0.68      0.16      0.14      0.20      0.15      0.17      0.14
  5189.05      0.24      0.25      0.22      0.23      0.22      0.64      0.15      0.13      0.19      0.14      0.16      0.14
  5190.05      0.25      0.26      0.23      0.24      0.23      0.66      0.16      0.13      0.19      0.15      0.16      0.14
  5191.05      0.24      0.26      0.23      0.24      0.23      0.64      0.16      0.13      0.19      0.14      0.16      0.14
  5192.05      0.25      0.26      0.23      0.24      0.23      0.65      0.16      0.14      0.20      0.15      0.17      0.15
  5193.05      0.26      0.28      0.24      0.26      0.25      0.67      0.17      0.14      0.21      0.16      0.18      0.16
  5194.05      0.27      0.29      0.25      0.27      0.26      0.69      0.17      0.15      0.21      0.16      0.18      0.16
  5195.05      0.27      0.28      0.25      0.26      0.25      0.66      0.17      0.15      0.21      0.16      0.18      0.16
  5196.05      0.27      0.28      0.25      0.26      0.25      0.65      0.17      0.14      0.21      0.16      0.18      0.16
  5197.05      0.27      0.28      0.25      0.26      0.25      0.63      0.17      0.14      0.20      0.16      0.18      0.16
  5198.05      0.20      0.21      0.19      0.20      0.19      0.47      0.13      0.11      0.15      0.12      0.13      0.12
  5199.05      0.14      0.14      0.13      0.14      0.13      0.31      0.09      0.07      0.10      0.08      0.09      0.08
  5200.05      0.15      0.15      0.13      0.15      0.14      0.33      0.09      0.08      0.11      0.08      0.10      0.09
  5201.05      0.17      0.17      0.15      0.17      0.16      0.37      0.11      0.09      0.13      0.10      0.11      0.10
  5202.05      0.16      0.17      0.15      0.16      0.15      0.35      0.10      0.09      0.12      0.09      0.11      0.10
  5203.05      0.21      0.22      0.20      0.21      0.20      0.45      0.13      0.11      0.16      0.12      0.14      0.13
  5204.05      0.23      0.24      0.21      0.23      0.22      0.49      0.15      0.12      0.17      0.13      0.15      0.14
  5205.05      0.24      0.25      0.22      0.24      0.23      0.49      0.15      0.13      0.18      0.14      0.16      0.14
  5206.05      0.26      0.28      0.25      0.27      0.25      0.54      0.17      0.14      0.20      0.15      0.18      0.16
  5207.05      0.27      0.28      0.25      0.28      0.26      0.55      0.17      0.15      0.20      0.16      0.18      0.17
  5208.05      0.27      0.28      0.25      0.28      0.26      0.54      0.17      0.14      0.20      0.16      0.18      0.16
  5209.05      0.26      0.28      0.25      0.27      0.25      0.53      0.17      0.14      0.19      0.15      0.18      0.16
  5210.05      0.26      0.27      0.24      0.27      0.25      0.52      0.17      0.14      0.19      0.15      0.17      0.16
  5211.05      0.26      0.27      0.24      0.27      0.25      0.51      0.17      0.14      0.19      0.15      0.17      0.16
  5212.05      0.26      0.27      0.24      0.26      0.25      0.50      0.16      0.14      0.18      0.15      0.17      0.16
  5213.05      0.25      0.26      0.24      0.26      0.24      0.50      0.16      0.13      0.18      0.15      0.17      0.16
  5214.05      0.25      0.26      0.23      0.26      0.24      0.50      0.16      0.13      0.18      0.15      0.17      0.16
  5215.05      0.25      0.26      0.23      0.26      0.24      0.49      0.16      0.13      0.18      0.14      0.17      0.16
  5216.05      0.26      0.27      0.24      0.27      0.25      0.50      0.17      0.14      0.18      0.15      0.17      0.16
  5217.05      0.26      0.27      0.24      0.27      0.25      0.51      0.17      0.14      0.18      0.15      0.17      0.16
  5218.05      0.25      0.26      0.24      0.27      0.24      0.49      0.16      0.13      0.18      0.15      0.17      0.16
  5219.05      0.25      0.26      0.23      0.26      0.24      0.48      0.16      0.13      0.17      0.14      0.16      0.16
  5220.05      0.25      0.26      0.23      0.26      0.24      0.48      0.16      0.13      0.17      0.14      0.16      0.16
  5221.05      0.25      0.26      0.23      0.26      0.24      0.48      0.16      0.13      0.17      0.14      0.16      0.16
  5222.05      0.25      0.26      0.23      0.26      0.24      0.48      0.16      0.13      0.17      0.14      0.16      0.16
  5223.05      0.25      0.26      0.23      0.27      0.24      0.48      0.16      0.13      0.17      0.14      0.17      0.16
  5224.05      0.25      0.26      0.23      0.26      0.24      0.47      0.16      0.13      0.17      0.14      0.16      0.16
  5225.05      0.23      0.24      0.21      0.25      0.22      0.44      0.15      0.12      0.16      0.13      0.15      0.15
  5226.05      0.23      0.24      0.22      0.25      0.22      0.44      0.15      0.12      0.16      0.13      0.15      0.15
  5227.05      0.26      0.27      0.24      0.28      0.25      0.48      0.17      0.13      0.17      0.15      0.17      0.16
  5228.05      0.27      0.28      0.25      0.29      0.26      0.50      0.17      0.14      0.18      0.15      0.18      0.17
  5229.05      0.27      0.28      0.25      0.29      0.25      0.50      0.17      0.14      0.18      0.15      0.17      0.17
  5230.05      0.26      0.27      0.24      0.28      0.25      0.49      0.17      0.14      0.18      0.15      0.17      0.17
  5231.05      0.26      0.27      0.24      0.28      0.25      0.48      0.17      0.14      0.18      0.15      0.17      0.17
  5232.05      0.26      0.26      0.24      0.28      0.24      0.47      0.17      0.13      0.17      0.14      0.17      0.17
  5233.05      0.25      0.26      0.23      0.27      0.23      0.46      0.16      0.13      0.17      0.14      0.16      0.16
  5234.05      0.26      0.27      0.24      0.28      0.24      0.47      0.17      0.13      0.17      0.14      0.17      0.17
  5235.05      0.27      0.28      0.25      0.29      0.25      0.49      0.18      0.14      0.18      0.15      0.18      0.18
  5236.05      0.27      0.27      0.25      0.29      0.25      0.49      0.17      0.14      0.18      0.15      0.17      0.17
  5237.05      0.26      0.27      0.25      0.28      0.25      0.48      0.17      0.14      0.18      0.15      0.17      0.17
  5238.05      0.26      0.27      0.25      0.28      0.25      0.48      0.17      0.14      0.18      0.15      0.17      0.17
  5239.05      0.25      0.26      0.23      0.27      0.23      0.46      0.16      0.13      0.17      0.14      0.16      0.17
  5240.05      0.23      0.24      0.21      0.25      0.21      0.41      0.15      0.12      0.15      0.13      0.15      0.15
  5241.05      0.24      0.25      0.23      0.26      0.23      0.44      0.16      0.13      0.16      0.14      0.16      0.16
  5242.05      0.26      0.27      0.25      0.28      0.24      0.47      0.17      0.14      0.17      0.15      0.17      0.18
  5243.05      0.27      0.27      0.25      0.29      0.25      0.48      0.18      0.14      0.18      0.15      0.17      0.18
  5244.05      0.27      0.28      0.25      0.29      0.25      0.48      0.18      0.14      0.18      0.15      0.18      0.18
  5245.05      0.27      0.28      0.26      0.29      0.25      0.49      0.18      0.14      0.18      0.15      0.18      0.18
  5246.05      0.27      0.28      0.26      0.29      0.25      0.49      0.18      0.14      0.18      0.15      0.18      0.19
  5247.05      0.27      0.28      0.25      0.29      0.25      0.48      0.18      0.14      0.18      0.15      0.18      0.18
  5248.05      0.27      0.28      0.26      0.29      0.25      0.48      0.18      0.14      0.18      0.15      0.18      0.18
  5249.05      0.27      0.28      0.25      0.29      0.25      0.48      0.18      0.14      0.18      0.15      0.18      0.18
  5250.05      0.26      0.27      0.25      0.28      0.24      0.46      0.18      0.14      0.17      0.15      0.17      0.18
  5251.05      0.26      0.27      0.24      0.28      0.24      0.45      0.17      0.13      0.17      0.14      0.17      0.18
  5252.05      0.26      0.27      0.25      0.28      0.24      0.46      0.18      0.14      0.17      0.14      0.17      0.18
  5253.05      0.26      0.27      0.25      0.28      0.24      0.46      0.18      0.14      0.17      0.15      0.17      0.18
  5254.05      0.26      0.27      0.25      0.28      0.24      0.45      0.18      0.14      0.17      0.14      0.17      0.18
  5255.05      0.26      0.27      0.25      0.28      0.24      0.45      0.18      0.14      0.17      0.14      0.17      0.18
  5256.05      0.25      0.26      0.24      0.27      0.23      0.44      0.17      0.13      0.16      0.14      0.16      0.18
  5257.05      0.23      0.24      0.22      0.25      0.21      0.40      0.16      0.12      0.15      0.13      0.15      0.16
  5258.05      0.23      0.24      0.22      0.24      0.21      0.39      0.16      0.12      0.15      0.12      0.15      0.16
  5259.05      0.25      0.26      0.23      0.26      0.22      0.42      0.17      0.13      0.16      0.13      0.16      0.17
  5260.05      0.25      0.26      0.24      0.27      0.23      0.43      0.17      0.13      0.16      0.14      0.16      0.18
  5261.05      0.25      0.26      0.24      0.27      0.23      0.43      0.17      0.13      0.16      0.14      0.16      0.18
  5262.05      0.25      0.26      0.24      0.27      0.23      0.43      0.17      0.13      0.16      0.14      0.16      0.18
  5263.05      0.26      0.27      0.25      0.28      0.23      0.44      0.18      0.14      0.17      0.14      0.17      0.18
  5264.05      0.27      0.28      0.25      0.28      0.24      0.45      0.18      0.14      0.17      0.15      0.17      0.19
  5265.05      0.27      0.28      0.26      0.29      0.24      0.45      0.19      0.14      0.17      0.15      0.18      0.19
  5266.05      0.27      0.28      0.26      0.29      0.25      0.45      0.19      0.14      0.17      0.15      0.18      0.20
  5267.05      0.27      0.29      0.26      0.29      0.25      0.46      0.19      0.15      0.18      0.15      0.18      0.20
  5268.05      0.27      0.28      0.26      0.29      0.25      0.45      0.19      0.14      0.17      0.15      0.18      0.20
  5269.05      0.27      0.28      0.26      0.28      0.24      0.44      0.19      0.14      0.17      0.14      0.17      0.19
  5270.05      0.27      0.28      0.26      0.29      0.24      0.44      0.19      0.14      0.17      0.15      0.18      0.20
  5271.05      0.28      0.29      0.27      0.29      0.25      0.46      0.20      0.15      0.18      0.15      0.18      0.20
  5272.05      0.27      0.28      0.26      0.28      0.24      0.44      0.19      0.14      0.17      0.14      0.17      0.19
  5273.05      0.26      0.27      0.25      0.27      0.23      0.42      0.18      0.14      0.16      0.14      0.17      0.19
  5274.05      0.26      0.27      0.25      0.27      0.23      0.42      0.18      0.14      0.16      0.14      0.17      0.19
  5275.05      0.26      0.27      0.25      0.27      0.23      0.42      0.18      0.14      0.16      0.14      0.17      0.19
  5276.05      0.25      0.26      0.24      0.26      0.22      0.40      0.18      0.13      0.16      0.13      0.16      0.18
  5277.05      0.24      0.25      0.24      0.25      0.22      0.39      0.17      0.13      0.15      0.13      0.16      0.18
  5278.05      0.24      0.25      0.24      0.25      0.21      0.39      0.17      0.13      0.15      0.13      0.16      0.18
  5279.05      0.25      0.26      0.25      0.26      0.22      0.40      0.18      0.13      0.16      0.14      0.16      0.19
  5280.05      0.25      0.27      0.25      0.26      0.23      0.41      0.18      0.14      0.16      0.14      0.17      0.19
  5281.05      0.25      0.27      0.25      0.26      0.23      0.41      0.18      0.14      0.16      0.14      0.17      0.19
  5282.05      0.26      0.27      0.26      0.27      0.23      0.41      0.19      0.14      0.17      0.14      0.17      0.19
  5283.05      0.26      0.28      0.26      0.27      0.23      0.41      0.19      0.14      0.17      0.14      0.17      0.20
  5284.05      0.26      0.28      0.26      0.27      0.24      0.42      0.19      0.14      0.17      0.14      0.17      0.20
  5285.05      0.27      0.28      0.27      0.27      0.24      0.42      0.20      0.15      0.17      0.15      0.18      0.20
  5286.05      0.26      0.28      0.27      0.27      0.24      0.42      0.20      0.14      0.17      0.15      0.18      0.20
  5287.05      0.26      0.28      0.26      0.27      0.23      0.41      0.19      0.14      0.17      0.14      0.17      0.20
  5288.05      0.26      0.28      0.26      0.26      0.23      0.41      0.19      0.14      0.17      0.14      0.17      0.20
  5289.05      0.26      0.28      0.26      0.26      0.23      0.40      0.19      0.14      0.17      0.14      0.17      0.20
  5290.05      0.26      0.28      0.27      0.27      0.24      0.41      0.19      0.14      0.17      0.15      0.18      0.20
  5291.05      0.26      0.28      0.27      0.27      0.24      0.41      0.20      0.14      0.17      0.15      0.18      0.20
  5292.05      0.26      0.28      0.26      0.26      0.23      0.40      0.19      0.14      0.17      0.14      0.17      0.20
  5293.05      0.25      0.28      0.26      0.26      0.23      0.39      0.19      0.14      0.17      0.14      0.17      0.20
  5294.05      0.26      0.28      0.26      0.26      0.23      0.39      0.19      0.14      0.17      0.14      0.17      0.20
  5295.05      0.25      0.27      0.26      0.25      0.23      0.38      0.19      0.14      0.16      0.14      0.17      0.20
  5296.05      0.25      0.27      0.26      0.25      0.23      0.38      0.19      0.14      0.16      0.14      0.17      0.20
  5297.05      0.25      0.28      0.26      0.25      0.23      0.38      0.19      0.14      0.17      0.14      0.17      0.20
  5298.05      0.26      0.28      0.27      0.26      0.23      0.39      0.20      0.14      0.17      0.15      0.17      0.21
  5299.05      0.26      0.28      0.27      0.25      0.23      0.38      0.19      0.14      0.17      0.15      0.17      0.21
  5300.05      0.24      0.26      0.25      0.24      0.22      0.36      0.18      0.14      0.16      0.14      0.16      0.20
  5301.05      0.24      0.26      0.25      0.24      0.22      0.36      0.18      0.13      0.16      0.14      0.16      0.19
  5302.05      0.25      0.27      0.26      0.24      0.22      0.37      0.19      0.14      0.16      0.14      0.17      0.20
  5303.05      0.25      0.27      0.26      0.24      0.22      0.37      0.19      0.14      0.16      0.14      0.17      0.20
  5304.05      0.25      0.27      0.26      0.24      0.22      0.36      0.19      0.14      0.16      0.14      0.17      0.20
  5305.05      0.24      0.27      0.26      0.24      0.22      0.35      0.19      0.14      0.16      0.14      0.16      0.20
  5306.05      0.24      0.27      0.26      0.24      0.22      0.35      0.18      0.14      0.16      0.14      0.16      0.20
  5307.05      0.24      0.27      0.26      0.24      0.22      0.35      0.19      0.14      0.16      0.14      0.16      0.20
  5308.05      0.24      0.27      0.26      0.24      0.22      0.35      0.19      0.14      0.16      0.14      0.16      0.20
  5309.05      0.24      0.27      0.26      0.24      0.22      0.35      0.19      0.14      0.16      0.14      0.17      0.20
  5310.05      0.24      0.27      0.26      0.24      0.22      0.34      0.19      0.14      0.16      0.14      0.17      0.20
  5311.05      0.24      0.27      0.26      0.24      0.22      0.34      0.19      0.14      0.16      0.14      0.17      0.20
  5312.05      0.24      0.27      0.26      0.23      0.22      0.34      0.19      0.13      0.16      0.14      0.17      0.20
  5313.05      0.24      0.26      0.26      0.23      0.22      0.33      0.18      0.13      0.16      0.14      0.16      0.20
  5314.05      0.23      0.26      0.25      0.22      0.21      0.32      0.18      0.13      0.15      0.13      0.16      0.19
  5315.05      0.23      0.26      0.26      0.22      0.21      0.32      0.18      0.13      0.15      0.13      0.16      0.19
  5316.05      0.24      0.27      0.27      0.23      0.22      0.33      0.19      0.14      0.16      0.14      0.17      0.20
  5317.05      0.25      0.27      0.27      0.24      0.22      0.33      0.19      0.14      0.16      0.14      0.17      0.21
  5318.05      0.25      0.27      0.27      0.23      0.22      0.33      0.19      0.14      0.16      0.14      0.17      0.21
  5319.05      0.24      0.27      0.27      0.23      0.22      0.32      0.19      0.14      0.16      0.14      0.17      0.20
  5320.05      0.24      0.26      0.27      0.23      0.22      0.32      0.19      0.13      0.16      0.14      0.17      0.20
  5321.05      0.24      0.27      0.27      0.23      0.22      0.32      0.19      0.14      0.16      0.14      0.17      0.20
  5322.05      0.24      0.27      0.27      0.23      0.22      0.32      0.19      0.14      0.16      0.14      0.17      0.21
  5323.05      0.25      0.27      0.28      0.23      0.23      0.32      0.19      0.14      0.16      0.14      0.17      0.21
  5324.05      0.24      0.26      0.27      0.23      0.22      0.31      0.19      0.14      0.16      0.14      0.17      0.21
  5325.05      0.24      0.27      0.28      0.23      0.22      0.31      0.19      0.14      0.16      0.14      0.17      0.21
  5326.05      0.24      0.27      0.28      0.23      0.23      0.32      0.19      0.14      0.16      0.14      0.18      0.21
  5327.05      0.24      0.27      0.28      0.23      0.23      0.31      0.19      0.14      0.16      0.14      0.18      0.21
  5328.05      0.25      0.27      0.29      0.23      0.23      0.32      0.19      0.14      0.16      0.15      0.18      0.21
  5329.05      0.27      0.29      0.31      0.25      0.24      0.33      0.21      0.15      0.17      0.16      0.19      0.23
  5330.05      0.27      0.30      0.31      0.25      0.25      0.34      0.21      0.15      0.18      0.16      0.20      0.23
  5331.05      0.25      0.27      0.29      0.23      0.23      0.31      0.19      0.14      0.16      0.15      0.18      0.21
  5332.05      0.23      0.25      0.27      0.22      0.22      0.29      0.18      0.13      0.15      0.14      0.17      0.20
  5333.05      0.24      0.26      0.28      0.23      0.22      0.30      0.19      0.14      0.16      0.14      0.18      0.21
  5334.05      0.25      0.28      0.30      0.24      0.24      0.31      0.20      0.14      0.17      0.15      0.19      0.22
  5335.05      0.25      0.27      0.30      0.24      0.24      0.31      0.20      0.14      0.17      0.15      0.19      0.22
  5336.05      0.25      0.27      0.29      0.23      0.23      0.30      0.20      0.14      0.16      0.15      0.18      0.22
  5337.05      0.25      0.27      0.30      0.23      0.23      0.31      0.20      0.14      0.16      0.15      0.19      0.22
  5338.05      0.25      0.27      0.30      0.24      0.24      0.31      0.20      0.14      0.17      0.16      0.19      0.22
  5339.05      0.25      0.27      0.30      0.23      0.24      0.31      0.20      0.14      0.16      0.15      0.19      0.22
  5340.05      0.25      0.27      0.30      0.23      0.24      0.30      0.20      0.14      0.16      0.15      0.19      0.22
  5341.05      0.26      0.28      0.31      0.24      0.24      0.31      0.21      0.15      0.17      0.16      0.19      0.23
  5342.05      0.27      0.28      0.32      0.24      0.25      0.32      0.21      0.15      0.17      0.16      0.20      0.23
  5343.05      0.26      0.28      0.32      0.24      0.24      0.31      0.21      0.14      0.17      0.16      0.19      0.22
  5344.05      0.25      0.27      0.31      0.23      0.23      0.30      0.20      0.14      0.16      0.16      0.19      0.22
  5345.05      0.25      0.27      0.31      0.23      0.23      0.30      0.20      0.14      0.16      0.16      0.19      0.22
  5346.05      0.25      0.27      0.31      0.23      0.23      0.30      0.20      0.14      0.16      0.16      0.19      0.22
  5347.05      0.25      0.27      0.31      0.23      0.23      0.29      0.20      0.14      0.16      0.16      0.19      0.22
  5348.05      0.25      0.26      0.31      0.22      0.23      0.29      0.20      0.14      0.16      0.16      0.19      0.22
  5349.05      0.25      0.26      0.31      0.22      0.23      0.29      0.21      0.14      0.16      0.16      0.19      0.22
  5350.05      0.25      0.27      0.32      0.23      0.23      0.29      0.21      0.14      0.16      0.16      0.19      0.22
  5351.05      0.24      0.26      0.31      0.22      0.23      0.29      0.20      0.13      0.16      0.16      0.19      0.21
  5352.05      0.24      0.26      0.31      0.22      0.22      0.28      0.20      0.13      0.16      0.15      0.19      0.21
  5353.05      0.24      0.26      0.32      0.22      0.22      0.28      0.20      0.13      0.16      0.16      0.19      0.21
  5354.05      0.25      0.26      0.32      0.22      0.23      0.28      0.21      0.14      0.16      0.16      0.19      0.22
  5355.05      0.25      0.26      0.32      0.22      0.23      0.28      0.21      0.13      0.16      0.16      0.19      0.22
  5356.05      0.24      0.26      0.32      0.22      0.22      0.28      0.21      0.13      0.16      0.16      0.19      0.21
  5357.05      0.24      0.26      0.32      0.22      0.22      0.28      0.21      0.13      0.16      0.16      0.19      0.21
  5358.05      0.24      0.25      0.32      0.22      0.22      0.27      0.20      0.13      0.15      0.16      0.19      0.21
  5359.05      0.24      0.25      0.32      0.22      0.22      0.27      0.21      0.13      0.15      0.16      0.19      0.21
  5360.05      0.24      0.26      0.33      0.22      0.22      0.28      0.21      0.13      0.15      0.16      0.19      0.21
  5361.05      0.24      0.26      0.33      0.22      0.22      0.28      0.21      0.13      0.16      0.16      0.19      0.22
  5362.05      0.24      0.26      0.34      0.22      0.22      0.28      0.21      0.13      0.16      0.16      0.19      0.22
  5363.05      0.24      0.26      0.34      0.22      0.22      0.28      0.21      0.13      0.16      0.16      0.19      0.22
  5364.05      0.25      0.26      0.35      0.22      0.23      0.28      0.22      0.13      0.16      0.17      0.20      0.22
  5365.05      0.25      0.26      0.35      0.22      0.23      0.28      0.22      0.13      0.16      0.17      0.20      0.22
  5366.05      0.25      0.26      0.35      0.22      0.23      0.28      0.22      0.14      0.16      0.17      0.20      0.22
  5367.05      0.25      0.26      0.35      0.22      0.23      0.28      0.22      0.14      0.16      0.17      0.20      0.22
  5368.05      0.25      0.26      0.35      0.22      0.22      0.28      0.22      0.13      0.16      0.17      0.20      0.22
  5369.05      0.25      0.26      0.35      0.22      0.22      0.27      0.22      0.13      0.16      0.17      0.19      0.22
  5370.05      0.25      0.26      0.36      0.22      0.23      0.28      0.22      0.13      0.16      0.17      0.20      0.22
  5371.05      0.25      0.27      0.37      0.23      0.23      0.28      0.23      0.14      0.16      0.17      0.20      0.23
  5372.05      0.26      0.27      0.38      0.23      0.23      0.28      0.23      0.14      0.16      0.18      0.20      0.23
  5373.05      0.25      0.27      0.38      0.23      0.23      0.28      0.23      0.14      0.16      0.18      0.20      0.23
  5374.05      0.25      0.26      0.37      0.22      0.23      0.27      0.23      0.13      0.16      0.17      0.20      0.23
  5375.05      0.25      0.26      0.37      0.22      0.23      0.27      0.23      0.13      0.16      0.17      0.20      0.23
  5376.05      0.25      0.26      0.38      0.22      0.22      0.27      0.22      0.13      0.16      0.17      0.20      0.22
  5377.05      0.25      0.26      0.38      0.22      0.22      0.27      0.23      0.13      0.16      0.17      0.20      0.22
  5378.05      0.25      0.26      0.39      0.22      0.23      0.27      0.23      0.13      0.16      0.18      0.20      0.23
  5379.05      0.25      0.27      0.40      0.23      0.23      0.28      0.24      0.14      0.16      0.18      0.20      0.23
  5380.05      0.25      0.27      0.40      0.22      0.23      0.27      0.24      0.13      0.16      0.18      0.20      0.23
  5381.05      0.25      0.26      0.40      0.22      0.23      0.27      0.24      0.13      0.16      0.18      0.20      0.23
  5382.05      0.25      0.27      0.41      0.23      0.23      0.27      0.24      0.14      0.16      0.18      0.20      0.23
  5383.05      0.25      0.27      0.42      0.23      0.23      0.28      0.25      0.14      0.16      0.18      0.20      0.23
  5384.05      0.25      0.27      0.42      0.23      0.23      0.27      0.25      0.14      0.16      0.18      0.20      0.23
  5385.05      0.26      0.27      0.43      0.23      0.23      0.27      0.25      0.14      0.16      0.19      0.20      0.23
  5386.05      0.25      0.27      0.43      0.22      0.23      0.27      0.25      0.13      0.16      0.19      0.20      0.23
  5387.05      0.25      0.27      0.43      0.22      0.23      0.27      0.25      0.13      0.16      0.19      0.20      0.23
  5388.05      0.25      0.26      0.43      0.22      0.23      0.27      0.26      0.13      0.16      0.19      0.20      0.23
  5389.05      0.25      0.26      0.44      0.22      0.23      0.27      0.26      0.13      0.16      0.19      0.20      0.23
  5390.05      0.25      0.27      0.45      0.22      0.23      0.27      0.26      0.13      0.16      0.19      0.20      0.23
  5391.05      0.25      0.27      0.45      0.22      0.23      0.27      0.26      0.13      0.16      0.19      0.20      0.23
  5392.05      0.25      0.27      0.45      0.22      0.23      0.27      0.27      0.13      0.16      0.19      0.20      0.23
  5393.05      0.25      0.27      0.46      0.22      0.23      0.27      0.27      0.13      0.16      0.19      0.20      0.23
  5394.05      0.25      0.27      0.46      0.22      0.23      0.26      0.27      0.13      0.16      0.19      0.20      0.23
  5395.05      0.25      0.27      0.47      0.22      0.23      0.26      0.27      0.13      0.16      0.19      0.20      0.23
  5396.05      0.25      0.27      0.47      0.22      0.23      0.26      0.28      0.13      0.16      0.19      0.20      0.23
  5397.05      0.25      0.27      0.47      0.22      0.23      0.26      0.28      0.13      0.16      0.19      0.20      0.23
  5398.05      0.25      0.27      0.48      0.22      0.23      0.26      0.28      0.13      0.16      0.19      0.20      0.23
  5399.05      0.25      0.27      0.48      0.22      0.23      0.26      0.28      0.13      0.16      0.19      0.20      0.23
  5400.05      0.25      0.26      0.48      0.22      0.22      0.25      0.28      0.13      0.15      0.19      0.20      0.23
  5401.05      0.25      0.26      0.48      0.22      0.22      0.25      0.28      0.13      0.15      0.19      0.20      0.23
  5402.05      0.25      0.26      0.49      0.22      0.22      0.26      0.29      0.13      0.15      0.19      0.20      0.23
  5403.05      0.25      0.26      0.49      0.22      0.22      0.25      0.29      0.13      0.15      0.19      0.20      0.23
  5404.05      0.25      0.26      0.50      0.22      0.22      0.25      0.29      0.13      0.15      0.19      0.20      0.23
  5405.05      0.25      0.27      0.51      0.22      0.23      0.26      0.30      0.13      0.16      0.20      0.20      0.24
  5406.05      0.26      0.27      0.52      0.23      0.23      0.26      0.31      0.14      0.16      0.20      0.21      0.24
  5407.05      0.26      0.27      0.52      0.23      0.23      0.26      0.31      0.13      0.16      0.20      0.21      0.24
  5408.05      0.25      0.27      0.51      0.22      0.23      0.25      0.30      0.13      0.15      0.20      0.20      0.23
  5409.05      0.25      0.26      0.50      0.22      0.22      0.25      0.30      0.13      0.15      0.20      0.20      0.23
  5410.05      0.25      0.26      0.50      0.22      0.22      0.25      0.31      0.13      0.15      0.20      0.20      0.23
  5411.05      0.25      0.27      0.51      0.22      0.23      0.25      0.31      0.13      0.15      0.20      0.20      0.23
  5412.05      0.25      0.26      0.50      0.22      0.22      0.25      0.31      0.13      0.15      0.20      0.20      0.23
  5413.05      0.25      0.26      0.50      0.22      0.22      0.25      0.31      0.13      0.15      0.20      0.20      0.23
  5414.05      0.24      0.26      0.49      0.21      0.22      0.24      0.31      0.13      0.15      0.20      0.20      0.23
  5415.05      0.24      0.26      0.49      0.21      0.22      0.24      0.31      0.13      0.15      0.20      0.20      0.23
  5416.05      0.25      0.26      0.49      0.22      0.22      0.25      0.32      0.13      0.15      0.20      0.20      0.23
  5417.05      0.25      0.26      0.49      0.22      0.22      0.25      0.32      0.13      0.15      0.20      0.20      0.23
  5418.05      0.25      0.26      0.48      0.21      0.22      0.24      0.32      0.13      0.15      0.20      0.20      0.23
  5419.05      0.25      0.26      0.48      0.22      0.22      0.24      0.33      0.13      0.15      0.20      0.20      0.23
  5420.05      0.25      0.26      0.48      0.22      0.22      0.24      0.33      0.13      0.15      0.21      0.20      0.23
  5421.05      0.25      0.26      0.48      0.22      0.22      0.24      0.33      0.13      0.15      0.21      0.20      0.23
  5422.05      0.25      0.26      0.48      0.22      0.22      0.24      0.34      0.13      0.15      0.21      0.20      0.23
  5423.05      0.25      0.26      0.47      0.22      0.22      0.24      0.34      0.13      0.15      0.21      0.20      0.23
  5424.05      0.25      0.26      0.47      0.22      0.22      0.24      0.34      0.13      0.15      0.21      0.20      0.23
  5425.05      0.25      0.27      0.48      0.22      0.23      0.25      0.36      0.13      0.15      0.21      0.20      0.24
  5426.05      0.26      0.27      0.48      0.23      0.23      0.25      0.37      0.13      0.15      0.22      0.21      0.24
  5427.05      0.25      0.26      0.47      0.22      0.23      0.25      0.37      0.13      0.15      0.21      0.20      0.24
  5428.05      0.25      0.26      0.47      0.22      0.22      0.24      0.37      0.13      0.15      0.21      0.20      0.24
  5429.05      0.25      0.26      0.47      0.22      0.23      0.25      0.37      0.13      0.15      0.21      0.20      0.24
  5430.05      0.26      0.27      0.48      0.23      0.23      0.25      0.39      0.13      0.15      0.22      0.21      0.25
  5431.05      0.27      0.28      0.49      0.23      0.24      0.26      0.40      0.14      0.16      0.23      0.21      0.25
  5432.05      0.26      0.27      0.47      0.23      0.23      0.25      0.40      0.14      0.16      0.22      0.21      0.25
  5433.05      0.26      0.26      0.46      0.22      0.23      0.25      0.40      0.13      0.15      0.22      0.20      0.24
  5434.05      0.26      0.27      0.46      0.23      0.23      0.25      0.40      0.13      0.15      0.22      0.20      0.24
  5435.05      0.26      0.27      0.46      0.23      0.23      0.25      0.41      0.13      0.15      0.22      0.20      0.24
  5436.05      0.26      0.26      0.46      0.23      0.23      0.25      0.41      0.13      0.15      0.22      0.20      0.24
  5437.05      0.25      0.26      0.45      0.22      0.23      0.24      0.41      0.13      0.15      0.22      0.20      0.24
  5438.05      0.25      0.26      0.44      0.22      0.23      0.24      0.41      0.13      0.15      0.21      0.20      0.24
  5439.05      0.25      0.26      0.44      0.22      0.22      0.24      0.41      0.13      0.15      0.21      0.20      0.24
  5440.05      0.25      0.25      0.43      0.21      0.22      0.24      0.41      0.13      0.14      0.21      0.19      0.23
  5441.05      0.24      0.25      0.42      0.21      0.22      0.23      0.41      0.13      0.14      0.20      0.19      0.23
  5442.05      0.24      0.25      0.42      0.21      0.22      0.23      0.42      0.13      0.14      0.20      0.19      0.23
  5443.05      0.24      0.25      0.41      0.21      0.22      0.23      0.42      0.12      0.14      0.20      0.19      0.23
  5444.05      0.24      0.24      0.41      0.21      0.22      0.23      0.42      0.12      0.14      0.20      0.19      0.23
  5445.05      0.24      0.24      0.40      0.21      0.22      0.23      0.43      0.12      0.14      0.20      0.19      0.23
  5446.05      0.24      0.25      0.40      0.21      0.22      0.23      0.43      0.12      0.14      0.20      0.19      0.23
  5447.05      0.25      0.25      0.41      0.22      0.22      0.23      0.45      0.13      0.14      0.20      0.19      0.23
  5448.05      0.25      0.26      0.42      0.22      0.23      0.24      0.46      0.13      0.15      0.21      0.20      0.24
  5449.05      0.25      0.25      0.41      0.22      0.23      0.24      0.46      0.13      0.14      0.20      0.20      0.23
  5450.05      0.24      0.24      0.39      0.21      0.22      0.23      0.45      0.12      0.14      0.20      0.19      0.23
  5451.05      0.24      0.24      0.38      0.21      0.21      0.22      0.45      0.12      0.14      0.19      0.19      0.22
  5452.05      0.24      0.24      0.38      0.21      0.21      0.22      0.45      0.12      0.14      0.19      0.18      0.22
  5453.05      0.24      0.24      0.38      0.21      0.21      0.22      0.45      0.12      0.14      0.19      0.18      0.22
  5454.05      0.24      0.24      0.38      0.21      0.22      0.22      0.46      0.12      0.14      0.19      0.19      0.22
  5455.05      0.24      0.24      0.37      0.21      0.22      0.22      0.47      0.12      0.14      0.19      0.19      0.22
  5456.05      0.24      0.24      0.38      0.21      0.22      0.23      0.48      0.12      0.14      0.19      0.19      0.23
  5457.05      0.25      0.25      0.38      0.22      0.22      0.23      0.50      0.13      0.14      0.20      0.19      0.23
  5458.05      0.25      0.25      0.37      0.21      0.22      0.23      0.49      0.13      0.14      0.19      0.19      0.23
  5459.05      0.24      0.24      0.36      0.21      0.22      0.22      0.49      0.12      0.14      0.19      0.19      0.22
  5460.05      0.24      0.24      0.36      0.21      0.21      0.22      0.49      0.12      0.13      0.19      0.18      0.22
  5461.05      0.24      0.24      0.35      0.21      0.21      0.22      0.49      0.12      0.13      0.19      0.18      0.22
  5462.05      0.24      0.24      0.35      0.21      0.21      0.22      0.49      0.12      0.13      0.18      0.18      0.22
  5463.05      0.24      0.24      0.35      0.21      0.22      0.22      0.50      0.12      0.14      0.19      0.19      0.22
  5464.05      0.25      0.25      0.36      0.22      0.22      0.23      0.52      0.13      0.14      0.19      0.19      0.23
  5465.05      0.25      0.25      0.36      0.22      0.23      0.23      0.53      0.13      0.14      0.19      0.19      0.23
  5466.05      0.25      0.24      0.35      0.21      0.22      0.23      0.53      0.13      0.14      0.19      0.19      0.23
  5467.05      0.24      0.24      0.34      0.21      0.22      0.23      0.53      0.12      0.14      0.19      0.19      0.23
  5468.05      0.24      0.24      0.34      0.21      0.22      0.23      0.53      0.12      0.14      0.19      0.19      0.23
  5469.05      0.24      0.24      0.34      0.21      0.22      0.22      0.53      0.12      0.13      0.18      0.19      0.22
  5470.05      0.24      0.24      0.33      0.21      0.22      0.22      0.62      0.12      0.13      0.18      0.18      0.22
  5471.05      0.24      0.24      0.33      0.21      0.22      0.22      0.83      0.12      0.13      0.18      0.18      0.22
  5472.05      0.24      0.24      0.33      0.21      0.22      0.23      0.93      0.13      0.13      0.18      0.19      0.23
  5473.05      0.25      0.24      0.33      0.21      0.22      0.23      0.95      0.13      0.14      0.18      0.19      0.23
  5474.05      0.25      0.25      0.33      0.22      0.23      0.23      0.95      0.13      0.14      0.19      0.19      0.23
  5475.05      0.25      0.25      0.33      0.22      0.23      0.24      0.95      0.13      0.14      0.19      0.19      0.23
  5476.05      0.25      0.25      0.33      0.22      0.23      0.24      0.94      0.13      0.14      0.19      0.19      0.23
  5477.05      0.25      0.25      0.33      0.22      0.23      0.24      0.93      0.13      0.14      0.19      0.19      0.23
  5478.05      0.26      0.25      0.34      0.23      0.24      0.24      0.94      0.13      0.14      0.19      0.20      0.24
  5479.05      0.26      0.25      0.33      0.23      0.23      0.24      0.93      0.13      0.14      0.19      0.20      0.24
  5480.05      0.25      0.25      0.33      0.22      0.23      0.24      0.90      0.13      0.14      0.19      0.19      0.23
  5481.05      0.25      0.25      0.32      0.22      0.23      0.24      0.88      0.13      0.14      0.18      0.19      0.23
  5482.05      0.25      0.25      0.32      0.22      0.23      0.24      0.88      0.13      0.14      0.18      0.19      0.23
  5483.05      0.26      0.25      0.32      0.22      0.23      0.24      0.87      0.13      0.14      0.18      0.19      0.23
  5484.05      0.26      0.25      0.32      0.22      0.23      0.24      0.86      0.13      0.14      0.18      0.19      0.23
  5485.05      0.25      0.25      0.32      0.22      0.23      0.24      0.84      0.13      0.14      0.18      0.19      0.23
  5486.05      0.25      0.24      0.31      0.22      0.23      0.23      0.82      0.13      0.14      0.18      0.19      0.23
  5487.05      0.25      0.24      0.31      0.22      0.23      0.23      0.81      0.13      0.14      0.18      0.19      0.23
  5488.05      0.25      0.24      0.31      0.22      0.23      0.23      0.80      0.13      0.14      0.18      0.19      0.23
  5489.05      0.25      0.24      0.31      0.22      0.23      0.24      0.80      0.13      0.14      0.18      0.19      0.23
  5490.05      0.25      0.24      0.31      0.22      0.23      0.24      0.78      0.13      0.14      0.18      0.19      0.23
  5491.05      0.25      0.24      0.30      0.22      0.23      0.23      0.76      0.13      0.13      0.17      0.19      0.23
  5492.05      0.24      0.24      0.30      0.21      0.22      0.23      0.74      0.12      0.13      0.17      0.18      0.22
  5493.05      0.24      0.23      0.29      0.21      0.22      0.23      0.72      0.12      0.13      0.17      0.18      0.22
  5494.05      0.24      0.23      0.29      0.21      0.22      0.23      0.72      0.12      0.13      0.17      0.18      0.22
  5495.05      0.24      0.24      0.29      0.21      0.22      0.23      0.71      0.13      0.13      0.17      0.18      0.22
  5496.05      0.24      0.23      0.29      0.21      0.22      0.23      0.69      0.12      0.13      0.17      0.18      0.22
  5497.05      0.24      0.23      0.29      0.21      0.22      0.22      0.67      0.12      0.13      0.17      0.18      0.22
  5498.05      0.24      0.23      0.28      0.21      0.22      0.22      0.66      0.12      0.13      0.17      0.18      0.22
  5499.05      0.24      0.23      0.28      0.21      0.22      0.22      0.65      0.12      0.13      0.17      0.18      0.22
  5500.05      0.24      0.23      0.28      0.20      0.21      0.22      0.63      0.12      0.13      0.16      0.17      0.21
  5501.05      0.23      0.22      0.27      0.20      0.21      0.22      0.62      0.12      0.12      0.16      0.17      0.21
  5502.05      0.23      0.22      0.27      0.20      0.21      0.22      0.61      0.12      0.13      0.16      0.17      0.21
  5503.05      0.24      0.23      0.28      0.21      0.22      0.22      0.61      0.12      0.13      0.16      0.17      0.21
  5504.05      0.24      0.23      0.27      0.21      0.22      0.22      0.60      0.12      0.13      0.16      0.17      0.21
  5505.05      0.24      0.23      0.27      0.20      0.22      0.22      0.59      0.12      0.13      0.16      0.17      0.21
  5506.05      0.24      0.23      0.27      0.20      0.22      0.22      0.57      0.12      0.13      0.16      0.17      0.21
  5507.05      0.24      0.23      0.27      0.20      0.22      0.22      0.57      0.12      0.13      0.16      0.17      0.21
  5508.05      0.24      0.23      0.27      0.21      0.22      0.22      0.56      0.12      0.13      0.16      0.17      0.22
  5509.05      0.24      0.23      0.27      0.21      0.22      0.23      0.56      0.12      0.13      0.16      0.17      0.22
  5510.05      0.24      0.23      0.27      0.21      0.22      0.22      0.54      0.12      0.13      0.16      0.17      0.22
  5511.05      0.24      0.23      0.27      0.21      0.22      0.22      0.53      0.12      0.13      0.16      0.17      0.21
  5512.05      0.24      0.23      0.27      0.21      0.22      0.22      0.52      0.12      0.13      0.16      0.17      0.21
  5513.05      0.24      0.23      0.27      0.21      0.22      0.22      0.52      0.12      0.13      0.16      0.17      0.21
  5514.05      0.24      0.23      0.27      0.21      0.23      0.23      0.52      0.13      0.13      0.16      0.17      0.22
  5515.05      0.24      0.23      0.27      0.21      0.23      0.23      0.52      0.13      0.13      0.16      0.17      0.22
  5516.05      0.25      0.23      0.27      0.21      0.23      0.23      0.52      0.13      0.13      0.16      0.17      0.22
  5517.05      0.25      0.23      0.27      0.21      0.23      0.23      0.52      0.13      0.13      0.16      0.17      0.22
  5518.05      0.25      0.23      0.27      0.21      0.23      0.23      0.52      0.13      0.13      0.16      0.17      0.22
  5519.05      0.24      0.23      0.27      0.21      0.23      0.23      0.51      0.13      0.13      0.16      0.17      0.22
  5520.05      0.24      0.23      0.26      0.21      0.23      0.23      0.51      0.13      0.13      0.16      0.17      0.22
  5521.05      0.25      0.23      0.27      0.21      0.23      0.23      0.52      0.13      0.13      0.16      0.17      0.22
  5522.05      0.25      0.24      0.27      0.21      0.23      0.23      0.52      0.13      0.13      0.16      0.18      0.22
  5523.05      0.25      0.24      0.27      0.21      0.23      0.23      0.52      0.13      0.13      0.16      0.18      0.22
  5524.05      0.25      0.24      0.27      0.21      0.23      0.24      0.52      0.13      0.13      0.16      0.18      0.22
  5525.05      0.25      0.24      0.27      0.21      0.23      0.24      0.51      0.13      0.13      0.16      0.17      0.22
  5526.05      0.25      0.24      0.27      0.21      0.23      0.23      0.51      0.13      0.13      0.16      0.17      0.22
  5527.05      0.25      0.23      0.26      0.21      0.23      0.23      0.51      0.13      0.13      0.16      0.17      0.22
  5528.05      0.25      0.23      0.26      0.21      0.23      0.23      0.51      0.13      0.13      0.16      0.17      0.22
  5529.05      0.26      0.24      0.27      0.22      0.24      0.24      0.52      0.13      0.13      0.16      0.18      0.23
  5530.05      0.26      0.24      0.27      0.22      0.25      0.24      0.53      0.13      0.13      0.17      0.18      0.23
  5531.05      0.26      0.24      0.27      0.22      0.24      0.24      0.52      0.13      0.13      0.16      0.18      0.23
  5532.05      0.26      0.24      0.27      0.22      0.24      0.24      0.51      0.13      0.13      0.16      0.18      0.22
  5533.05      0.26      0.24      0.27      0.22      0.24      0.24      0.51      0.13      0.13      0.16      0.18      0.22
  5534.05      0.26      0.24      0.27      0.22      0.24      0.24      0.51      0.13      0.13      0.16      0.18      0.22
  5535.05      0.26      0.24      0.27      0.22      0.24      0.24      0.51      0.13      0.13      0.16      0.18      0.22
  5536.05      0.26      0.24      0.27      0.22      0.24      0.24      0.51      0.13      0.13      0.16      0.18      0.23
  5537.05      0.26      0.24      0.27      0.22      0.24      0.24      0.51      0.13      0.13      0.16      0.18      0.23
  5538.05      0.26      0.24      0.26      0.22      0.24      0.24      0.50      0.13      0.13      0.16      0.18      0.22
  5539.05      0.25      0.23      0.26      0.21      0.24      0.24      0.49      0.13      0.13      0.16      0.17      0.22
  5540.05      0.25      0.23      0.26      0.21      0.24      0.24      0.49      0.13      0.13      0.16      0.17      0.22
  5541.05      0.25      0.23      0.26      0.21      0.24      0.24      0.49      0.13      0.13      0.16      0.17      0.22
  5542.05      0.25      0.23      0.25      0.21      0.24      0.23      0.48      0.13      0.13      0.15      0.17      0.22
  5543.05      0.24      0.22      0.24      0.20      0.22      0.22      0.45      0.12      0.12      0.15      0.16      0.20
  5544.05      0.23      0.21      0.23      0.19      0.22      0.21      0.43      0.12      0.12      0.14      0.16      0.20
  5545.05      0.23      0.21      0.23      0.19      0.22      0.21      0.44      0.12      0.12      0.14      0.16      0.20
  5546.05      0.22      0.20      0.22      0.18      0.21      0.20      0.41      0.11      0.11      0.14      0.15      0.19
  5547.05      0.23      0.21      0.23      0.19      0.22      0.21      0.43      0.12      0.12      0.14      0.16      0.20
  5548.05      0.25      0.23      0.24      0.21      0.23      0.23      0.46      0.13      0.13      0.15      0.17      0.21
  5549.05      0.25      0.23      0.25      0.21      0.24      0.23      0.46      0.13      0.13      0.15      0.17      0.21
  5550.05      0.24      0.22      0.24      0.20      0.23      0.22      0.45      0.13      0.12      0.15      0.17      0.21
  5551.05      0.24      0.22      0.24      0.20      0.23      0.22      0.44      0.12      0.12      0.15      0.16      0.21
  5552.05      0.24      0.22      0.24      0.20      0.23      0.22      0.45      0.13      0.12      0.15      0.17      0.21
  5553.05      0.24      0.22      0.24      0.20      0.23      0.22      0.45      0.13      0.12      0.15      0.17      0.21
  5554.05      0.25      0.22      0.24      0.20      0.24      0.22      0.45      0.13      0.12      0.15      0.17      0.21
  5555.05      0.25      0.23      0.24      0.21      0.24      0.22      0.45      0.13      0.13      0.15      0.17      0.21
  5556.05      0.25      0.23      0.24      0.21      0.24      0.23      0.45      0.13      0.13      0.15      0.17      0.22
  5557.05      0.25      0.23      0.25      0.21      0.24      0.23      0.45      0.13      0.13      0.15      0.17      0.22
  5558.05      0.25      0.23      0.24      0.21      0.24      0.22      0.45      0.13      0.13      0.15      0.17      0.22
  5559.05      0.25      0.23      0.24      0.21      0.24      0.23      0.45      0.13      0.13      0.15      0.17      0.22
  5560.05      0.25      0.23      0.24      0.21      0.24      0.22      0.45      0.13      0.13      0.15      0.17      0.22
  5561.05      0.25      0.23      0.24      0.21      0.24      0.22      0.44      0.13      0.13      0.15      0.17      0.22
  5562.05      0.25      0.23      0.24      0.21      0.24      0.22      0.44      0.13      0.13      0.15      0.17      0.22
  5563.05      0.25      0.23      0.24      0.21      0.25      0.22      0.44      0.13      0.13      0.15      0.17      0.22
  5564.05      0.24      0.22      0.23      0.20      0.24      0.22      0.43      0.13      0.12      0.15      0.17      0.21
  5565.05      0.22      0.20      0.21      0.18      0.21      0.19      0.38      0.11      0.11      0.13      0.15      0.19
  5566.05      0.22      0.20      0.21      0.18      0.22      0.19      0.38      0.11      0.11      0.13      0.15      0.19
  5567.05      0.25      0.23      0.24      0.21      0.25      0.22      0.43      0.13      0.13      0.15      0.17      0.22
  5568.05      0.26      0.23      0.25      0.21      0.25      0.23      0.44      0.14      0.13      0.16      0.18      0.23
  5569.05      0.26      0.23      0.24      0.21      0.25      0.23      0.44      0.14      0.13      0.16      0.18      0.23
  5570.05      0.25      0.23      0.24      0.21      0.25      0.22      0.43      0.13      0.13      0.15      0.17      0.22
  5571.05      0.25      0.22      0.23      0.20      0.24      0.21      0.42      0.13      0.12      0.15      0.17      0.22
  5572.05      0.26      0.23      0.24      0.21      0.25      0.22      0.43      0.13      0.13      0.15      0.18      0.23
  5573.05      0.26      0.24      0.25      0.22      0.26      0.23      0.44      0.14      0.13      0.16      0.18      0.23
  5574.05      0.27      0.24      0.25      0.22      0.27      0.23      0.45      0.14      0.14      0.16      0.18      0.24
  5575.05      0.27      0.24      0.25      0.22      0.27      0.23      0.45      0.14      0.14      0.16      0.18      0.24
  5576.05      0.24      0.22      0.23      0.20      0.24      0.21      0.41      0.13      0.12      0.15      0.17      0.22
  5577.05      0.10      0.09      0.09      0.08      0.10      0.08      0.16      0.05      0.05      0.06      0.07      0.09
  5578.05      0.04      0.03      0.03      0.03      0.04      0.03      0.06      0.02      0.02      0.02      0.02      0.03
  5579.05      0.03      0.02      0.02      0.02      0.03      0.02      0.04      0.01      0.01      0.02      0.02      0.02
  5580.05      0.04      0.04      0.04      0.04      0.04      0.04      0.07      0.02      0.02      0.03      0.03      0.04
  5581.05      0.14      0.13      0.13      0.12      0.14      0.12      0.24      0.08      0.07      0.09      0.10      0.13
  5582.05      0.25      0.23      0.24      0.21      0.25      0.22      0.41      0.13      0.13      0.15      0.17      0.23
  5583.05      0.26      0.23      0.24      0.21      0.26      0.22      0.41      0.14      0.13      0.15      0.18      0.23
  5584.05      0.27      0.24      0.25      0.22      0.27      0.23      0.43      0.14      0.13      0.16      0.18      0.24
  5585.05      0.27      0.24      0.25      0.22      0.27      0.23      0.44      0.14      0.14      0.16      0.19      0.25
  5586.05      0.27      0.24      0.25      0.22      0.27      0.23      0.43      0.14      0.14      0.16      0.19      0.25
  5587.05      0.27      0.24      0.25      0.22      0.27      0.23      0.43      0.14      0.14      0.16      0.19      0.25
  5588.05      0.28      0.25      0.26      0.23      0.28      0.23      0.44      0.15      0.14      0.16      0.19      0.26
  5589.05      0.27      0.24      0.25      0.22      0.27      0.23      0.43      0.14      0.14      0.16      0.19      0.25
  5590.05      0.24      0.21      0.22      0.20      0.24      0.20      0.37      0.13      0.12      0.14      0.17      0.22
  5591.05      0.23      0.21      0.21      0.19      0.23      0.19      0.36      0.12      0.11      0.14      0.16      0.21
  5592.05      0.26      0.23      0.24      0.21      0.25      0.21      0.40      0.14      0.13      0.15      0.18      0.24
  5593.05      0.26      0.24      0.24      0.22      0.26      0.22      0.41      0.14      0.13      0.16      0.19      0.25
  5594.05      0.26      0.24      0.24      0.22      0.26      0.22      0.41      0.14      0.13      0.16      0.19      0.25
  5595.05      0.26      0.23      0.24      0.22      0.26      0.22      0.40      0.14      0.13      0.16      0.19      0.25
  5596.05      0.26      0.24      0.24      0.22      0.26      0.22      0.40      0.14      0.13      0.16      0.19      0.25
  5597.05      0.26      0.23      0.24      0.21      0.25      0.21      0.39      0.14      0.13      0.15      0.19      0.24
  5598.05      0.25      0.23      0.23      0.21      0.25      0.21      0.38      0.13      0.13      0.15      0.18      0.24
  5599.05      0.24      0.22      0.22      0.20      0.24      0.20      0.37      0.13      0.12      0.14      0.18      0.23
  5600.05      0.25      0.22      0.23      0.20      0.24      0.20      0.37      0.13      0.12      0.15      0.18      0.24
  5601.05      0.26      0.23      0.24      0.21      0.25      0.21      0.39      0.14      0.13      0.15      0.19      0.25
  5602.05      0.26      0.23      0.24      0.21      0.26      0.22      0.39      0.14      0.13      0.15      0.19      0.25
  5603.05      0.26      0.24      0.24      0.22      0.26      0.22      0.39      0.14      0.13      0.16      0.20      0.25
  5604.05      0.26      0.24      0.24      0.22      0.26      0.22      0.39      0.14      0.13      0.15      0.20      0.25
  5605.05      0.26      0.23      0.23      0.21      0.25      0.21      0.38      0.14      0.13      0.15      0.19      0.24
  5606.05      0.22      0.20      0.20      0.18      0.22      0.18      0.33      0.12      0.11      0.13      0.17      0.21
  5607.05      0.22      0.19      0.20      0.18      0.21      0.18      0.31      0.11      0.11      0.13      0.16      0.21
  5608.05      0.24      0.22      0.22      0.20      0.24      0.20      0.35      0.13      0.12      0.14      0.18      0.23
  5609.05      0.26      0.23      0.24      0.21      0.25      0.21      0.37      0.14      0.13      0.15      0.19      0.25
  5610.05      0.26      0.23      0.24      0.21      0.25      0.21      0.37      0.14      0.13      0.15      0.20      0.25
  5611.05      0.26      0.23      0.24      0.21      0.25      0.21      0.37      0.14      0.13      0.15      0.20      0.25
  5612.05      0.26      0.23      0.23      0.21      0.25      0.21      0.37      0.14      0.13      0.15      0.20      0.25
  5613.05      0.26      0.23      0.23      0.21      0.25      0.21      0.36      0.14      0.13      0.15      0.20      0.25
  5614.05      0.26      0.23      0.23      0.21      0.25      0.21      0.36      0.14      0.13      0.15      0.20      0.24
  5615.05      0.26      0.23      0.24      0.21      0.25      0.21      0.36      0.14      0.13      0.15      0.20      0.25
  5616.05      0.27      0.24      0.24      0.22      0.26      0.22      0.37      0.14      0.13      0.16      0.21      0.26
  5617.05      0.28      0.24      0.25      0.23      0.26      0.22      0.38      0.15      0.14      0.16      0.21      0.26
  5618.05      0.26      0.23      0.24      0.21      0.25      0.21      0.36      0.14      0.13      0.15      0.20      0.25
  5619.05      0.25      0.22      0.23      0.21      0.24      0.20      0.34      0.14      0.12      0.15      0.20      0.24
  5620.05      0.26      0.23      0.24      0.22      0.25      0.21      0.36      0.14      0.13      0.15      0.21      0.25
  5621.05      0.27      0.24      0.24      0.22      0.26      0.21      0.36      0.14      0.13      0.16      0.21      0.26
  5622.05      0.27      0.24      0.24      0.22      0.26      0.21      0.36      0.14      0.13      0.16      0.21      0.26
  5623.05      0.27      0.24      0.24      0.22      0.26      0.22      0.36      0.15      0.13      0.16      0.21      0.26
  5624.05      0.26      0.23      0.23      0.21      0.24      0.21      0.34      0.14      0.13      0.15      0.21      0.25
  5625.05      0.23      0.21      0.21      0.19      0.22      0.19      0.31      0.13      0.11      0.13      0.19      0.22
  5626.05      0.25      0.22      0.22      0.20      0.23      0.19      0.32      0.13      0.12      0.14      0.20      0.23
  5627.05      0.27      0.24      0.25      0.22      0.25      0.22      0.35      0.15      0.13      0.16      0.22      0.26
  5628.05      0.28      0.24      0.25      0.23      0.26      0.22      0.36      0.15      0.14      0.16      0.22      0.26
  5629.05      0.28      0.24      0.25      0.23      0.25      0.22      0.35      0.15      0.13      0.16      0.22      0.26
  5630.05      0.27      0.24      0.24      0.22      0.25      0.21      0.34      0.15      0.13      0.16      0.22      0.26
  5631.05      0.27      0.24      0.24      0.22      0.25      0.21      0.34      0.15      0.13      0.15      0.22      0.26
  5632.05      0.28      0.24      0.25      0.23      0.25      0.22      0.34      0.15      0.13      0.16      0.22      0.26
  5633.05      0.28      0.24      0.25      0.23      0.25      0.22      0.34      0.15      0.13      0.16      0.22      0.26
  5634.05      0.28      0.24      0.25      0.23      0.25      0.22      0.34      0.15      0.13      0.16      0.23      0.26
  5635.05      0.28      0.25      0.25      0.23      0.25      0.22      0.34      0.15      0.13      0.16      0.23      0.26
  5636.05      0.28      0.24      0.25      0.23      0.25      0.22      0.34      0.15      0.13      0.16      0.23      0.26
  5637.05      0.28      0.24      0.25      0.23      0.25      0.22      0.34      0.15      0.13      0.16      0.23      0.26
  5638.05      0.29      0.24      0.25      0.23      0.25      0.22      0.34      0.15      0.13      0.16      0.23      0.26
  5639.05      0.29      0.25      0.25      0.23      0.25      0.22      0.34      0.16      0.13      0.16      0.23      0.26
  5640.05      0.28      0.24      0.24      0.22      0.24      0.21      0.32      0.15      0.13      0.15      0.23      0.26
  5641.05      0.27      0.23      0.24      0.22      0.24      0.21      0.31      0.15      0.13      0.15      0.22      0.25
  5642.05      0.28      0.24      0.25      0.23      0.24      0.22      0.32      0.15      0.13      0.16      0.23      0.26
  5643.05      0.29      0.24      0.25      0.23      0.25      0.22      0.32      0.16      0.13      0.16      0.23      0.26
  5644.05      0.28      0.24      0.24      0.22      0.24      0.21      0.32      0.15      0.13      0.15      0.23      0.26
  5645.05      0.28      0.23      0.24      0.22      0.23      0.21      0.31      0.15      0.13      0.15      0.22      0.25
  5646.05      0.26      0.22      0.22      0.21      0.22      0.20      0.29      0.14      0.12      0.14      0.21      0.24
  5647.05      0.25      0.21      0.22      0.20      0.21      0.19      0.28      0.14      0.12      0.14      0.21      0.23
  5648.05      0.27      0.22      0.23      0.21      0.22      0.20      0.29      0.15      0.12      0.14      0.22      0.24
  5649.05      0.27      0.23      0.23      0.22      0.23      0.21      0.29      0.15      0.12      0.15      0.22      0.25
  5650.05      0.27      0.23      0.23      0.22      0.22      0.21      0.29      0.15      0.12      0.15      0.22      0.25
  5651.05      0.28      0.23      0.23      0.22      0.23      0.21      0.30      0.15      0.12      0.15      0.23      0.25
  5652.05      0.28      0.23      0.24      0.22      0.23      0.21      0.30      0.15      0.13      0.15      0.23      0.25
  5653.05      0.28      0.23      0.23      0.22      0.22      0.21      0.29      0.15      0.12      0.15      0.23      0.25
  5654.05      0.26      0.22      0.22      0.21      0.21      0.20      0.28      0.15      0.12      0.14      0.22      0.24
  5655.05      0.16      0.13      0.13      0.12      0.12      0.12      0.16      0.09      0.07      0.08      0.13      0.14
  5656.05      0.08      0.07      0.07      0.07      0.07      0.06      0.09      0.05      0.04      0.04      0.07      0.07
  5657.05      0.08      0.07      0.07      0.06      0.06      0.06      0.08      0.05      0.04      0.04      0.07      0.07
  5658.05      0.15      0.12      0.13      0.12      0.12      0.11      0.16      0.08      0.07      0.08      0.12      0.13
  5659.05      0.26      0.21      0.22      0.20      0.20      0.19      0.27      0.14      0.11      0.14      0.22      0.23
  5660.05      0.25      0.21      0.21      0.20      0.19      0.19      0.26      0.14      0.11      0.13      0.21      0.22
  5661.05      0.27      0.22      0.22      0.21      0.21      0.20      0.28      0.15      0.12      0.14      0.22      0.24
  5662.05      0.29      0.24      0.24      0.23      0.23      0.22      0.30      0.16      0.13      0.15      0.24      0.26
  5663.05      0.31      0.26      0.26      0.25      0.24      0.23      0.32      0.18      0.14      0.16      0.26      0.27
  5664.05      0.33      0.27      0.27      0.26      0.25      0.25      0.33      0.19      0.14      0.17      0.28      0.29
  5665.05      0.33      0.27      0.27      0.26      0.25      0.25      0.33      0.19      0.14      0.17      0.28      0.29
  5666.05      0.34      0.27      0.28      0.26      0.26      0.25      0.34      0.19      0.14      0.17      0.28      0.29
  5667.05      0.35      0.28      0.28      0.27      0.26      0.26      0.34      0.20      0.15      0.18      0.29      0.30
  5668.05      0.36      0.29      0.29      0.28      0.27      0.26      0.35      0.20      0.15      0.18      0.30      0.31
  5669.05      0.36      0.29      0.29      0.28      0.27      0.27      0.35      0.20      0.15      0.18      0.30      0.31
  5670.05      0.34      0.27      0.28      0.26      0.25      0.25      0.33      0.19      0.14      0.17      0.28      0.29
  5671.05      0.32      0.26      0.26      0.25      0.24      0.23      0.31      0.18      0.13      0.16      0.27      0.27
  5672.05      0.33      0.26      0.26      0.25      0.24      0.24      0.31      0.18      0.14      0.16      0.27      0.28
  5673.05      0.33      0.26      0.26      0.25      0.24      0.24      0.31      0.18      0.14      0.16      0.27      0.28
  5674.05      0.33      0.26      0.26      0.25      0.24      0.24      0.31      0.18      0.14      0.16      0.27      0.28
  5675.05      0.34      0.26      0.27      0.26      0.24      0.24      0.32      0.19      0.14      0.16      0.28      0.28
  5676.05      0.34      0.27      0.27      0.26      0.25      0.24      0.32      0.19      0.14      0.16      0.28      0.28
  5677.05      0.34      0.27      0.27      0.26      0.25      0.24      0.32      0.19      0.14      0.17      0.29      0.28
  5678.05      0.34      0.26      0.27      0.26      0.24      0.24      0.31      0.19      0.14      0.16      0.28      0.28
  5679.05      0.33      0.26      0.26      0.25      0.24      0.24      0.31      0.19      0.13      0.16      0.28      0.27
  5680.05      0.33      0.26      0.26      0.25      0.23      0.23      0.30      0.19      0.13      0.16      0.28      0.27
  5681.05      0.33      0.25      0.26      0.25      0.23      0.23      0.30      0.19      0.13      0.16      0.27      0.27
  5682.05      0.32      0.25      0.25      0.25      0.23      0.23      0.29      0.19      0.13      0.15      0.27      0.26
  5683.05      0.32      0.24      0.25      0.24      0.22      0.22      0.29      0.19      0.13      0.15      0.27      0.26
  5684.05      0.33      0.25      0.25      0.25      0.23      0.23      0.29      0.19      0.13      0.15      0.27      0.26
  5685.05      0.33      0.25      0.25      0.25      0.23      0.23      0.29      0.19      0.13      0.15      0.27      0.26
  5686.05      0.32      0.24      0.24      0.24      0.22      0.22      0.28      0.19      0.13      0.15      0.27      0.26
  5687.05      0.32      0.24      0.24      0.24      0.22      0.22      0.28      0.19      0.12      0.15      0.26      0.25
  5688.05      0.33      0.25      0.25      0.25      0.22      0.22      0.29      0.20      0.13      0.15      0.27      0.26
  5689.05      0.33      0.25      0.25      0.25      0.22      0.23      0.29      0.20      0.13      0.15      0.28      0.26
  5690.05      0.32      0.24      0.24      0.24      0.22      0.22      0.27      0.19      0.12      0.15      0.27      0.25
  5691.05      0.32      0.24      0.24      0.24      0.21      0.22      0.27      0.20      0.12      0.14      0.27      0.25
  5692.05      0.32      0.24      0.24      0.24      0.21      0.22      0.27      0.20      0.12      0.14      0.27      0.25
  5693.05      0.31      0.23      0.24      0.24      0.21      0.21      0.27      0.20      0.12      0.14      0.26      0.25
  5694.05      0.32      0.23      0.24      0.24      0.21      0.21      0.27      0.20      0.12      0.14      0.26      0.25
  5695.05      0.32      0.24      0.24      0.25      0.21      0.22      0.27      0.20      0.12      0.14      0.27      0.25
  5696.05      0.33      0.24      0.24      0.25      0.21      0.22      0.27      0.21      0.12      0.15      0.27      0.25
  5697.05      0.32      0.23      0.24      0.24      0.21      0.21      0.27      0.20      0.12      0.14      0.26      0.25
  5698.05      0.31      0.23      0.23      0.24      0.20      0.20      0.26      0.20      0.12      0.14      0.25      0.24
  5699.05      0.31      0.23      0.23      0.24      0.20      0.21      0.26      0.20      0.12      0.14      0.25      0.24
  5700.05      0.32      0.23      0.24      0.25      0.21      0.21      0.26      0.21      0.12      0.14      0.26      0.25
  5701.05      0.32      0.23      0.24      0.24      0.21      0.21      0.26      0.21      0.12      0.14      0.25      0.24
  5702.05      0.32      0.23      0.24      0.24      0.20      0.21      0.26      0.21      0.12      0.14      0.25      0.24
  5703.05      0.32      0.23      0.23      0.24      0.20      0.20      0.25      0.21      0.12      0.14      0.25      0.24
  5704.05      0.31      0.22      0.23      0.24      0.20      0.20      0.25      0.21      0.12      0.14      0.25      0.24
  5705.05      0.31      0.22      0.23      0.24      0.20      0.20      0.25      0.21      0.12      0.13      0.24      0.24
  5706.05      0.31      0.22      0.23      0.24      0.20      0.20      0.25      0.21      0.12      0.13      0.24      0.24
  5707.05      0.32      0.22      0.23      0.24      0.20      0.20      0.25      0.21      0.12      0.13      0.24      0.24
  5708.05      0.32      0.22      0.23      0.24      0.20      0.20      0.25      0.21      0.12      0.13      0.24      0.24
  5709.05      0.31      0.22      0.23      0.24      0.20      0.20      0.25      0.21      0.12      0.13      0.24      0.23
  5710.05      0.32      0.22      0.23      0.25      0.20      0.20      0.25      0.22      0.12      0.13      0.24      0.24
  5711.05      0.32      0.22      0.23      0.25      0.20      0.20      0.25      0.22      0.12      0.13      0.24      0.24
  5712.05      0.32      0.22      0.23      0.25      0.20      0.20      0.25      0.22      0.12      0.13      0.24      0.24
  5713.05      0.32      0.22      0.23      0.25      0.20      0.20      0.24      0.22      0.12      0.13      0.24      0.23
  5714.05      0.31      0.22      0.23      0.24      0.19      0.20      0.24      0.22      0.11      0.13      0.23      0.23
  5715.05      0.31      0.22      0.22      0.24      0.19      0.19      0.24      0.22      0.11      0.13      0.23      0.23
  5716.05      0.31      0.22      0.23      0.24      0.19      0.19      0.24      0.22      0.11      0.13      0.23      0.23
  5717.05      0.31      0.22      0.23      0.24      0.19      0.19      0.24      0.22      0.11      0.13      0.23      0.23
  5718.05      0.31      0.21      0.22      0.24      0.19      0.19      0.23      0.22      0.11      0.13      0.22      0.22
  5719.05      0.30      0.21      0.22      0.24      0.19      0.19      0.23      0.22      0.11      0.13      0.22      0.22
  5720.05      0.31      0.21      0.22      0.24      0.19      0.19      0.23      0.22      0.11      0.13      0.22      0.23
  5721.05      0.31      0.21      0.23      0.25      0.19      0.19      0.23      0.23      0.11      0.13      0.22      0.23
  5722.05      0.30      0.21      0.22      0.25      0.19      0.19      0.23      0.23      0.11      0.13      0.22      0.23
  5723.05      0.30      0.21      0.22      0.25      0.19      0.19      0.23      0.23      0.11      0.12      0.22      0.22
  5724.05      0.30      0.21      0.22      0.25      0.19      0.19      0.23      0.23      0.11      0.12      0.22      0.22
  5725.05      0.30      0.21      0.22      0.25      0.19      0.19      0.23      0.23      0.11      0.13      0.22      0.22
  5726.05      0.30      0.21      0.22      0.25      0.19      0.19      0.23      0.24      0.11      0.13      0.22      0.22
  5727.05      0.30      0.21      0.22      0.25      0.19      0.19      0.23      0.24      0.11      0.13      0.22      0.22
  5728.05      0.30      0.21      0.22      0.26      0.19      0.19      0.23      0.24      0.11      0.13      0.22      0.22
  5729.05      0.30      0.21      0.22      0.26      0.19      0.19      0.23      0.25      0.11      0.13      0.22      0.22
  5730.05      0.30      0.21      0.22      0.26      0.19      0.19      0.23      0.25      0.11      0.13      0.22      0.23
  5731.05      0.30      0.21      0.22      0.26      0.19      0.19      0.23      0.25      0.11      0.13      0.22      0.22
  5732.05      0.30      0.21      0.22      0.26      0.19      0.19      0.22      0.26      0.11      0.13      0.22      0.22
  5733.05      0.30      0.22      0.23      0.27      0.19      0.19      0.23      0.26      0.11      0.13      0.22      0.23
  5734.05      0.30      0.22      0.23      0.27      0.19      0.20      0.23      0.27      0.11      0.13      0.22      0.23
  5735.05      0.30      0.21      0.22      0.27      0.19      0.19      0.22      0.27      0.11      0.13      0.22      0.23
  5736.05      0.29      0.21      0.22      0.27      0.19      0.19      0.22      0.27      0.11      0.12      0.21      0.22
  5737.05      0.29      0.21      0.22      0.27      0.18      0.19      0.22      0.27      0.11      0.12      0.21      0.22
  5738.05      0.29      0.21      0.22      0.27      0.19      0.19      0.22      0.27      0.11      0.12      0.21      0.22
  5739.05      0.29      0.21      0.22      0.28      0.19      0.19      0.22      0.28      0.11      0.12      0.21      0.22
  5740.05      0.29      0.21      0.22      0.27      0.19      0.19      0.22      0.28      0.11      0.12      0.21      0.22
  5741.05      0.29      0.21      0.22      0.28      0.19      0.19      0.22      0.28      0.11      0.12      0.21      0.22
  5742.05      0.29      0.21      0.22      0.28      0.19      0.19      0.22      0.29      0.11      0.12      0.21      0.22
  5743.05      0.28      0.21      0.22      0.27      0.18      0.19      0.21      0.28      0.11      0.12      0.20      0.22
  5744.05      0.27      0.20      0.20      0.26      0.17      0.18      0.20      0.27      0.10      0.11      0.19      0.21
  5745.05      0.27      0.20      0.21      0.27      0.18      0.18      0.21      0.28      0.11      0.12      0.20      0.21
  5746.05      0.28      0.20      0.21      0.27      0.18      0.18      0.21      0.29      0.11      0.12      0.20      0.21
  5747.05      0.27      0.20      0.21      0.27      0.18      0.18      0.21      0.29      0.11      0.12      0.20      0.21
  5748.05      0.27      0.20      0.21      0.28      0.18      0.18      0.21      0.29      0.11      0.12      0.20      0.21
  5749.05      0.27      0.20      0.21      0.28      0.18      0.18      0.21      0.30      0.11      0.12      0.20      0.21
  5750.05      0.27      0.20      0.21      0.28      0.18      0.18      0.21      0.30      0.11      0.12      0.20      0.21
  5751.05      0.27      0.20      0.21      0.28      0.18      0.18      0.21      0.30      0.11      0.12      0.19      0.21
  5752.05      0.26      0.20      0.21      0.28      0.17      0.18      0.20      0.30      0.11      0.12      0.19      0.21
  5753.05      0.26      0.20      0.21      0.28      0.17      0.18      0.20      0.30      0.11      0.12      0.19      0.21
  5754.05      0.26      0.20      0.20      0.28      0.17      0.18      0.20      0.30      0.11      0.12      0.19      0.21
  5755.05      0.26      0.20      0.20      0.28      0.17      0.18      0.20      0.30      0.10      0.11      0.19      0.20
  5756.05      0.25      0.19      0.20      0.28      0.17      0.17      0.20      0.30      0.10      0.11      0.19      0.20
  5757.05      0.25      0.19      0.20      0.27      0.17      0.17      0.19      0.30      0.10      0.11      0.18      0.20
  5758.05      0.24      0.19      0.19      0.27      0.16      0.17      0.19      0.30      0.10      0.11      0.18      0.19
  5759.05      0.24      0.19      0.19      0.27      0.16      0.17      0.19      0.30      0.10      0.11      0.18      0.19
  5760.05      0.24      0.19      0.19      0.28      0.17      0.17      0.19      0.31      0.10      0.11      0.18      0.19
  5761.05      0.24      0.19      0.20      0.28      0.17      0.17      0.19      0.31      0.10      0.11      0.18      0.20
  5762.05      0.25      0.19      0.20      0.29      0.17      0.17      0.20      0.32      0.10      0.11      0.18      0.20
  5763.05      0.25      0.20      0.20      0.30      0.17      0.18      0.20      0.33      0.10      0.11      0.19      0.20
  5764.05      0.25      0.20      0.20      0.30      0.17      0.18      0.20      0.33      0.10      0.11      0.19      0.20
  5765.05      0.25      0.20      0.20      0.30      0.17      0.18      0.20      0.33      0.10      0.11      0.18      0.20
  5766.05      0.24      0.19      0.20      0.31      0.17      0.17      0.20      0.33      0.10      0.11      0.18      0.20
  5767.05      0.24      0.20      0.20      0.31      0.17      0.18      0.20      0.33      0.10      0.11      0.18      0.20
  5768.05      0.24      0.20      0.20      0.31      0.17      0.18      0.20      0.34      0.10      0.11      0.18      0.20
  5769.05      0.24      0.19      0.20      0.31      0.17      0.17      0.20      0.34      0.10      0.11      0.18      0.20
  5770.05      0.24      0.19      0.20      0.32      0.17      0.17      0.20      0.34      0.10      0.11      0.18      0.20
  5771.05      0.25      0.20      0.20      0.33      0.17      0.18      0.20      0.35      0.11      0.11      0.19      0.20
  5772.05      0.25      0.20      0.21      0.34      0.18      0.18      0.21      0.36      0.11      0.12      0.19      0.21
  5773.05      0.25      0.21      0.21      0.35      0.18      0.19      0.21      0.37      0.11      0.12      0.19      0.21
  5774.05      0.25      0.21      0.21      0.35      0.18      0.19      0.21      0.47      0.11      0.12      0.19      0.21
  5775.05      0.25      0.21      0.21      0.36      0.18      0.19      0.21      0.64      0.11      0.12      0.19      0.21
  5776.05      0.25      0.21      0.21      0.36      0.18      0.19      0.21      0.71      0.11      0.12      0.19      0.21
  5777.05      0.25      0.21      0.21      0.36      0.18      0.19      0.21      0.71      0.11      0.12      0.19      0.21
  5778.05      0.25      0.20      0.21      0.36      0.18      0.18      0.20      0.69      0.11      0.12      0.19      0.20
  5779.05      0.24      0.20      0.21      0.36      0.18      0.18      0.20      0.67      0.11      0.12      0.19      0.20
  5780.05      0.24      0.21      0.21      0.37      0.18      0.18      0.20      0.67      0.11      0.12      0.19      0.20
  5781.05      0.25      0.21      0.21      0.37      0.18      0.19      0.21      0.68      0.11      0.12      0.19      0.21
  5782.05      0.25      0.21      0.21      0.38      0.18      0.19      0.21      0.68      0.11      0.12      0.19      0.21
  5783.05      0.25      0.21      0.21      0.39      0.18      0.19      0.21      0.67      0.11      0.12      0.19      0.21
  5784.05      0.25      0.21      0.22      0.39      0.18      0.19      0.21      0.67      0.11      0.12      0.19      0.21
  5785.05      0.25      0.21      0.22      0.40      0.18      0.19      0.21      0.66      0.11      0.12      0.19      0.21
  5786.05      0.25      0.21      0.22      0.40      0.18      0.19      0.21      0.66      0.11      0.12      0.19      0.21
  5787.05      0.25      0.21      0.22      0.40      0.19      0.19      0.21      0.65      0.11      0.12      0.19      0.21
  5788.05      0.25      0.21      0.22      0.41      0.18      0.19      0.21      0.64      0.11      0.12      0.19      0.21
  5789.05      0.25      0.21      0.21      0.41      0.18      0.19      0.21      0.63      0.11      0.12      0.19      0.21
  5790.05      0.24      0.21      0.21      0.41      0.18      0.19      0.21      0.62      0.11      0.12      0.19      0.21
  5791.05      0.24      0.21      0.21      0.40      0.18      0.19      0.21      0.60      0.11      0.12      0.19      0.21
  5792.05      0.24      0.21      0.21      0.40      0.18      0.19      0.20      0.59      0.11      0.12      0.18      0.21
  5793.05      0.24      0.21      0.21      0.40      0.18      0.18      0.20      0.58      0.11      0.11      0.18      0.21
  5794.05      0.23      0.20      0.20      0.39      0.17      0.18      0.20      0.56      0.11      0.11      0.18      0.20
  5795.05      0.22      0.19      0.20      0.38      0.17      0.17      0.19      0.54      0.10      0.11      0.17      0.19
  5796.05      0.22      0.19      0.19      0.38      0.17      0.17      0.19      0.53      0.10      0.11      0.17      0.19
  5797.05      0.22      0.19      0.19      0.37      0.16      0.17      0.19      0.51      0.10      0.11      0.17      0.19
  5798.05      0.20      0.18      0.18      0.34      0.15      0.16      0.17      0.46      0.09      0.10      0.15      0.18
  5799.05      0.19      0.16      0.17      0.32      0.14      0.15      0.16      0.43      0.09      0.09      0.14      0.16
  5800.05      0.18      0.16      0.16      0.31      0.14      0.14      0.16      0.41      0.08      0.09      0.14      0.16
  5801.05      0.13      0.12      0.12      0.23      0.10      0.11      0.12      0.30      0.06      0.07      0.10      0.12
  5802.05      0.13      0.12      0.12      0.23      0.10      0.11      0.12      0.30      0.06      0.07      0.10      0.12
  5803.05      0.13      0.12      0.12      0.23      0.10      0.11      0.12      0.30      0.06      0.07      0.10      0.12
  5804.05      0.13      0.12      0.12      0.23      0.10      0.11      0.12      0.29      0.06      0.07      0.10      0.12
  5805.05      0.13      0.12      0.12      0.23      0.10      0.11      0.12      0.29      0.06      0.07      0.11      0.12
  5806.05      0.14      0.12      0.12      0.23      0.11      0.11      0.12      0.29      0.07      0.07      0.11      0.12
  5807.05      0.14      0.13      0.13      0.23      0.11      0.11      0.13      0.29      0.07      0.07      0.11      0.13
  5808.05      0.14      0.13      0.13      0.24      0.11      0.11      0.13      0.29      0.07      0.07      0.11      0.13
  5809.05      0.14      0.13      0.13      0.24      0.11      0.12      0.13      0.29      0.07      0.07      0.11      0.13
  5810.05      0.14      0.13      0.13      0.24      0.11      0.12      0.13      0.29      0.07      0.07      0.11      0.13
  5811.05      0.14      0.13      0.13      0.24      0.11      0.12      0.13      0.29      0.07      0.07      0.11      0.13
  5812.05      0.14      0.13      0.13      0.24      0.11      0.12      0.13      0.28      0.07      0.07      0.11      0.13
  5813.05      0.14      0.13      0.13      0.24      0.11      0.12      0.13      0.28      0.07      0.07      0.11      0.13
  5814.05      0.15      0.13      0.14      0.24      0.12      0.12      0.13      0.28      0.07      0.07      0.12      0.14
  5815.05      0.15      0.14      0.14      0.25      0.12      0.12      0.14      0.28      0.07      0.08      0.12      0.14
  5816.05      0.15      0.14      0.14      0.25      0.12      0.13      0.14      0.28      0.07      0.08      0.12      0.14
  5817.05      0.15      0.14      0.14      0.25      0.12      0.13      0.14      0.28      0.08      0.08      0.12      0.14
  5818.05      0.15      0.14      0.14      0.25      0.12      0.13      0.14      0.28      0.08      0.08      0.12      0.14
  5819.05      0.15      0.14      0.14      0.25      0.12      0.13      0.14      0.28      0.08      0.08      0.12      0.14
  5820.05      0.16      0.14      0.15      0.25      0.12      0.13      0.14      0.28      0.08      0.08      0.12      0.15
  5821.05      0.16      0.15      0.15      0.25      0.13      0.13      0.15      0.28      0.08      0.08      0.13      0.15
  5822.05      0.16      0.15      0.15      0.26      0.13      0.13      0.15      0.28      0.08      0.08      0.13      0.15
  5823.05      0.16      0.15      0.15      0.26      0.13      0.14      0.15      0.29      0.08      0.08      0.13      0.15
  5824.05      0.16      0.15      0.15      0.26      0.13      0.14      0.15      0.29      0.08      0.08      0.13      0.15
  5825.05      0.16      0.15      0.15      0.26      0.13      0.14      0.15      0.29      0.08      0.08      0.13      0.15
  5826.05      0.17      0.16      0.16      0.27      0.13      0.14      0.16      0.30      0.08      0.09      0.13      0.16
  5827.05      0.17      0.16      0.16      0.27      0.14      0.15      0.16      0.30      0.08      0.09      0.14      0.16
  5828.05      0.17      0.16      0.16      0.27      0.14      0.15      0.16      0.30      0.09      0.09      0.14      0.16
  5829.05      0.17      0.16      0.16      0.27      0.14      0.15      0.17      0.31      0.09      0.09      0.14      0.17
  5830.05      0.18      0.17      0.17      0.28      0.14      0.15      0.17      0.31      0.09      0.09      0.14      0.17
  5831.05      0.18      0.17      0.17      0.28      0.15      0.15      0.17      0.32      0.09      0.09      0.14      0.17
  5832.05      0.18      0.17      0.17      0.28      0.15      0.16      0.17      0.32      0.09      0.10      0.15      0.17
  5833.05      0.18      0.17      0.17      0.28      0.15      0.16      0.18      0.32      0.09      0.10      0.15      0.18
  5834.05      0.19      0.18      0.18      0.28      0.15      0.16      0.18      0.33      0.09      0.10      0.15      0.18
  5835.05      0.19      0.18      0.18      0.29      0.15      0.16      0.18      0.33      0.10      0.10      0.15      0.18
  5836.05      0.19      0.18      0.18      0.29      0.15      0.16      0.18      0.33      0.10      0.10      0.15      0.18
  5837.05      0.19      0.18      0.18      0.29      0.15      0.17      0.18      0.33      0.10      0.10      0.15      0.18
  5838.05      0.19      0.18      0.18      0.29      0.16      0.17      0.19      0.34      0.10      0.10      0.16      0.19
  5839.05      0.19      0.19      0.18      0.29      0.16      0.17      0.19      0.34      0.10      0.10      0.16      0.19
  5840.05      0.20      0.19      0.19      0.29      0.16      0.17      0.19      0.34      0.10      0.10      0.16      0.19
  5841.05      0.20      0.19      0.19      0.29      0.16      0.17      0.19      0.34      0.10      0.10      0.16      0.19
  5842.05      0.20      0.19      0.19      0.29      0.16      0.17      0.19      0.35      0.10      0.11      0.16      0.20
  5843.05      0.20      0.19      0.19      0.29      0.16      0.18      0.20      0.35      0.10      0.11      0.16      0.20
  5844.05      0.20      0.19      0.19      0.30      0.17      0.18      0.20      0.36      0.11      0.11      0.17      0.20
  5845.05      0.21      0.20      0.19      0.30      0.17      0.18      0.20      0.36      0.11      0.11      0.17      0.21
  5846.05      0.20      0.19      0.19      0.29      0.17      0.18      0.20      0.35      0.11      0.11      0.17      0.20
  5847.05      0.21      0.20      0.19      0.29      0.17      0.18      0.20      0.36      0.11      0.11      0.17      0.21
  5848.05      0.21      0.20      0.19      0.29      0.17      0.18      0.20      0.36      0.11      0.11      0.17      0.21
  5849.05      0.20      0.19      0.19      0.28      0.17      0.18      0.20      0.35      0.11      0.11      0.17      0.21
  5850.05      0.20      0.19      0.19      0.28      0.17      0.18      0.20      0.35      0.11      0.11      0.17      0.21
  5851.05      0.20      0.20      0.19      0.28      0.17      0.18      0.20      0.35      0.11      0.11      0.17      0.21
  5852.05      0.21      0.20      0.19      0.29      0.17      0.19      0.21      0.36      0.11      0.11      0.17      0.21
  5853.05      0.20      0.20      0.19      0.28      0.17      0.19      0.20      0.35      0.11      0.11      0.17      0.21
  5854.05      0.19      0.18      0.17      0.25      0.15      0.17      0.19      0.32      0.10      0.10      0.15      0.19
  5855.05      0.19      0.18      0.18      0.26      0.16      0.17      0.19      0.33      0.10      0.10      0.16      0.20
  5856.05      0.21      0.20      0.20      0.28      0.18      0.19      0.21      0.36      0.11      0.11      0.17      0.22
  5857.05      0.21      0.21      0.20      0.29      0.18      0.20      0.22      0.36      0.11      0.12      0.18      0.23
  5858.05      0.21      0.21      0.20      0.28      0.18      0.20      0.22      0.36      0.11      0.12      0.18      0.23
  5859.05      0.21      0.21      0.20      0.28      0.18      0.20      0.22      0.36      0.12      0.12      0.18      0.23
  5860.05      0.21      0.20      0.20      0.28      0.18      0.20      0.22      0.36      0.11      0.11      0.17      0.23
  5861.05      0.21      0.20      0.20      0.27      0.18      0.19      0.21      0.35      0.11      0.11      0.17      0.22
  5862.05      0.21      0.20      0.20      0.27      0.17      0.19      0.21      0.35      0.11      0.11      0.17      0.22
  5863.05      0.21      0.20      0.20      0.27      0.18      0.20      0.21      0.35      0.11      0.11      0.17      0.23
  5864.05      0.21      0.20      0.20      0.27      0.18      0.20      0.21      0.35      0.11      0.11      0.17      0.23
  5865.05      0.21      0.20      0.19      0.26      0.17      0.19      0.21      0.35      0.11      0.11      0.17      0.23
  5866.05      0.19      0.19      0.18      0.24      0.16      0.18      0.20      0.32      0.10      0.10      0.16      0.21
  5867.05      0.17      0.16      0.16      0.21      0.14      0.16      0.17      0.28      0.09      0.09      0.14      0.18
  5868.05      0.17      0.16      0.16      0.21      0.14      0.16      0.17      0.28      0.09      0.09      0.14      0.18
  5869.05      0.16      0.16      0.15      0.20      0.14      0.15      0.17      0.27      0.09      0.09      0.13      0.18
  5870.05      0.17      0.17      0.16      0.21      0.14      0.16      0.18      0.28      0.09      0.09      0.14      0.19
  5871.05      0.19      0.18      0.18      0.23      0.16      0.18      0.20      0.31      0.10      0.10      0.15      0.21
  5872.05      0.20      0.20      0.19      0.25      0.17      0.19      0.21      0.34      0.11      0.11      0.17      0.23
  5873.05      0.20      0.20      0.19      0.25      0.17      0.20      0.21      0.34      0.11      0.11      0.17      0.23
  5874.05      0.19      0.19      0.18      0.23      0.16      0.19      0.20      0.32      0.11      0.11      0.16      0.22
  5875.05      0.20      0.19      0.18      0.24      0.17      0.19      0.20      0.32      0.11      0.11      0.16      0.22
  5876.05      0.20      0.20      0.19      0.24      0.17      0.19      0.21      0.33      0.11      0.11      0.17      0.23
  5877.05      0.20      0.20      0.19      0.24      0.17      0.19      0.21      0.33      0.11      0.11      0.17      0.23
  5878.05      0.21      0.20      0.19      0.25      0.18      0.20      0.22      0.34      0.12      0.11      0.17      0.24
  5879.05      0.21      0.21      0.20      0.25      0.18      0.20      0.22      0.34      0.12      0.12      0.17      0.24
  5880.05      0.21      0.21      0.20      0.25      0.18      0.20      0.22      0.34      0.12      0.12      0.17      0.24
  5881.05      0.21      0.21      0.20      0.25      0.18      0.20      0.22      0.34      0.12      0.12      0.17      0.24
  5882.05      0.21      0.21      0.20      0.25      0.18      0.21      0.22      0.34      0.12      0.12      0.17      0.25
  5883.05      0.21      0.21      0.20      0.25      0.18      0.21      0.22      0.34      0.12      0.12      0.17      0.25
  5884.05      0.21      0.21      0.20      0.25      0.18      0.21      0.22      0.34      0.12      0.12      0.17      0.25
  5885.05      0.21      0.21      0.20      0.25      0.18      0.21      0.22      0.34      0.12      0.12      0.18      0.25
  5886.05      0.21      0.21      0.20      0.25      0.18      0.21      0.22      0.34      0.12      0.12      0.17      0.25
  5887.05      0.21      0.21      0.20      0.25      0.18      0.21      0.22      0.34      0.12      0.12      0.18      0.25
  5888.05      0.20      0.20      0.19      0.23      0.17      0.20      0.21      0.32      0.12      0.11      0.17      0.24
  5889.05      0.16      0.16      0.15      0.19      0.14      0.16      0.17      0.26      0.09      0.09      0.13      0.20
  5890.05      0.13      0.12      0.12      0.15      0.11      0.13      0.13      0.20      0.07      0.07      0.10      0.15
  5891.05      0.08      0.08      0.08      0.09      0.07      0.08      0.08      0.13      0.05      0.05      0.07      0.10
  5892.05      0.08      0.08      0.08      0.09      0.07      0.08      0.08      0.13      0.05      0.05      0.07      0.10
  5893.05      0.15      0.15      0.14      0.17      0.13      0.15      0.16      0.24      0.09      0.09      0.13      0.19
  5894.05      0.21      0.21      0.20      0.24      0.19      0.22      0.22      0.34      0.13      0.12      0.18      0.27
  5895.05      0.20      0.20      0.19      0.23      0.18      0.21      0.21      0.32      0.12      0.12      0.17      0.26
  5896.05      0.16      0.16      0.14      0.18      0.14      0.16      0.16      0.24      0.09      0.09      0.13      0.20
  5897.05      0.10      0.10      0.09      0.11      0.09      0.10      0.10      0.16      0.06      0.06      0.09      0.13
  5898.05      0.10      0.10      0.09      0.12      0.09      0.11      0.10      0.16      0.06      0.06      0.09      0.13
  5899.05      0.17      0.17      0.16      0.20      0.15      0.18      0.18      0.27      0.10      0.10      0.15      0.22
  5900.05      0.22      0.22      0.20      0.25      0.19      0.23      0.22      0.34      0.13      0.12      0.18      0.28
  5901.05      0.22      0.22      0.20      0.24      0.19      0.23      0.22      0.34      0.13      0.12      0.18      0.28
  5902.05      0.22      0.22      0.20      0.24      0.19      0.23      0.22      0.33      0.13      0.12      0.18      0.28
  5903.05      0.22      0.22      0.20      0.24      0.19      0.23      0.22      0.33      0.13      0.12      0.19      0.29
  5904.05      0.21      0.21      0.20      0.24      0.19      0.22      0.22      0.33      0.13      0.12      0.18      0.28
  5905.05      0.21      0.21      0.19      0.23      0.18      0.22      0.21      0.31      0.12      0.12      0.17      0.27
  5906.05      0.21      0.21      0.20      0.24      0.19      0.23      0.22      0.32      0.13      0.12      0.18      0.28
  5907.05      0.21      0.21      0.20      0.23      0.19      0.22      0.21      0.32      0.13      0.12      0.18      0.28
  5908.05      0.19      0.19      0.18      0.21      0.17      0.20      0.19      0.29      0.12      0.11      0.16      0.26
  5909.05      0.20      0.20      0.19      0.22      0.18      0.21      0.20      0.30      0.12      0.11      0.17      0.27
  5910.05      0.21      0.21      0.19      0.23      0.18      0.22      0.21      0.31      0.13      0.12      0.18      0.28
  5911.05      0.19      0.19      0.18      0.21      0.17      0.20      0.19      0.28      0.12      0.11      0.16      0.26
  5912.05      0.20      0.20      0.18      0.22      0.18      0.21      0.20      0.30      0.12      0.11      0.17      0.27
  5913.05      0.22      0.22      0.20      0.24      0.19      0.23      0.22      0.32      0.13      0.12      0.18      0.30
  5914.05      0.22      0.22      0.20      0.24      0.19      0.23      0.22      0.32      0.13      0.12      0.18      0.30
  5915.05      0.21      0.21      0.20      0.23      0.19      0.23      0.21      0.31      0.13      0.12      0.18      0.29
  5916.05      0.17      0.18      0.16      0.19      0.15      0.19      0.17      0.26      0.11      0.10      0.15      0.24
  5917.05      0.15      0.15      0.14      0.16      0.13      0.16      0.15      0.22      0.09      0.09      0.13      0.21
  5918.05      0.18      0.18      0.17      0.20      0.16      0.20      0.18      0.26      0.11      0.10      0.15      0.25
  5919.05      0.20      0.21      0.19      0.22      0.18      0.23      0.21      0.30      0.13      0.12      0.18      0.29
  5920.05      0.21      0.21      0.19      0.23      0.19      0.23      0.21      0.30      0.13      0.12      0.18      0.29
  5921.05      0.21      0.21      0.19      0.23      0.19      0.23      0.21      0.30      0.13      0.12      0.18      0.29
  5922.05      0.21      0.21      0.19      0.22      0.18      0.23      0.21      0.29      0.13      0.12      0.18      0.29
  5923.05      0.20      0.21      0.19      0.22      0.18      0.23      0.20      0.29      0.13      0.12      0.17      0.29
  5924.05      0.20      0.20      0.19      0.22      0.18      0.23      0.20      0.29      0.13      0.12      0.17      0.29
  5925.05      0.20      0.20      0.18      0.21      0.18      0.22      0.20      0.28      0.12      0.11      0.17      0.28
  5926.05      0.18      0.18      0.16      0.19      0.16      0.20      0.18      0.25      0.11      0.10      0.15      0.25
  5927.05      0.18      0.18      0.17      0.20      0.16      0.21      0.18      0.26      0.12      0.11      0.16      0.27
  5928.05      0.20      0.21      0.19      0.22      0.18      0.23      0.20      0.28      0.13      0.12      0.17      0.30
  5929.05      0.20      0.21      0.19      0.22      0.18      0.23      0.20      0.28      0.13      0.12      0.18      0.30
  5930.05      0.20      0.21      0.19      0.22      0.18      0.23      0.20      0.28      0.13      0.12      0.17      0.30
  5931.05      0.20      0.21      0.19      0.22      0.18      0.23      0.20      0.28      0.13      0.12      0.17      0.30
  5932.05      0.20      0.21      0.19      0.22      0.18      0.23      0.20      0.28      0.13      0.12      0.17      0.30
  5933.05      0.19      0.19      0.17      0.20      0.17      0.21      0.19      0.26      0.12      0.11      0.16      0.28
  5934.05      0.14      0.15      0.13      0.15      0.13      0.16      0.14      0.20      0.09      0.08      0.12      0.22
  5935.05      0.15      0.15      0.14      0.16      0.13      0.16      0.15      0.20      0.10      0.08      0.13      0.22
  5936.05      0.19      0.19      0.17      0.20      0.17      0.21      0.18      0.25      0.12      0.11      0.16      0.28
  5937.05      0.20      0.20      0.18      0.21      0.18      0.22      0.20      0.27      0.13      0.12      0.17      0.30
  5938.05      0.20      0.21      0.19      0.21      0.18      0.23      0.20      0.27      0.13      0.12      0.17      0.31
  5939.05      0.20      0.21      0.19      0.21      0.18      0.23      0.20      0.27      0.14      0.12      0.17      0.31
  5940.05      0.20      0.21      0.19      0.21      0.19      0.23      0.20      0.27      0.14      0.12      0.17      0.31
  5941.05      0.20      0.21      0.19      0.21      0.18      0.23      0.20      0.27      0.14      0.12      0.17      0.31
  5942.05      0.20      0.21      0.19      0.21      0.19      0.23      0.20      0.27      0.14      0.12      0.17      0.32
  5943.05      0.21      0.21      0.19      0.22      0.19      0.23      0.20      0.27      0.14      0.12      0.18      0.32
  5944.05      0.21      0.21      0.19      0.22      0.19      0.23      0.21      0.27      0.14      0.12      0.18      0.33
  5945.05      0.21      0.21      0.19      0.22      0.19      0.23      0.21      0.27      0.14      0.12      0.18      0.32
  5946.05      0.20      0.21      0.19      0.21      0.18      0.23      0.20      0.26      0.14      0.12      0.17      0.32
  5947.05      0.18      0.19      0.17      0.19      0.17      0.20      0.18      0.23      0.13      0.10      0.16      0.29
  5948.05      0.18      0.18      0.17      0.19      0.16      0.20      0.18      0.23      0.12      0.10      0.15      0.28
  5949.05      0.20      0.20      0.19      0.21      0.18      0.22      0.20      0.25      0.14      0.12      0.17      0.32
  5950.05      0.21      0.21      0.20      0.22      0.19      0.23      0.21      0.26      0.15      0.12      0.18      0.33
  5951.05      0.21      0.22      0.20      0.22      0.19      0.24      0.21      0.26      0.15      0.12      0.18      0.34
  5952.05      0.21      0.21      0.20      0.22      0.19      0.23      0.21      0.26      0.15      0.12      0.18      0.33
  5953.05      0.21      0.21      0.19      0.22      0.19      0.23      0.20      0.25      0.15      0.12      0.18      0.33
  5954.05      0.18      0.18      0.17      0.19      0.16      0.20      0.17      0.22      0.13      0.10      0.15      0.28
  5955.05      0.15      0.15      0.14      0.15      0.14      0.17      0.15      0.18      0.11      0.09      0.13      0.24
  5956.05      0.18      0.18      0.16      0.18      0.16      0.20      0.17      0.21      0.13      0.10      0.15      0.28
  5957.05      0.21      0.21      0.19      0.22      0.19      0.23      0.20      0.25      0.15      0.12      0.18      0.33
  5958.05      0.21      0.22      0.20      0.22      0.20      0.24      0.21      0.25      0.15      0.12      0.18      0.34
  5959.05      0.21      0.22      0.20      0.22      0.19      0.24      0.21      0.25      0.15      0.12      0.18      0.33
  5960.05      0.21      0.21      0.20      0.22      0.19      0.23      0.20      0.25      0.15      0.12      0.18      0.33
  5961.05      0.21      0.22      0.20      0.22      0.19      0.23      0.21      0.25      0.15      0.12      0.18      0.33
  5962.05      0.21      0.22      0.20      0.22      0.20      0.24      0.21      0.25      0.16      0.12      0.18      0.33
  5963.05      0.22      0.22      0.20      0.22      0.20      0.24      0.21      0.25      0.16      0.12      0.18      0.34
  5964.05      0.22      0.22      0.20      0.22      0.20      0.24      0.21      0.25      0.16      0.12      0.18      0.33
  5965.05      0.21      0.22      0.20      0.22      0.20      0.24      0.21      0.25      0.16      0.12      0.18      0.33
  5966.05      0.21      0.22      0.20      0.22      0.20      0.24      0.21      0.25      0.16      0.12      0.18      0.33
  5967.05      0.21      0.22      0.20      0.22      0.20      0.24      0.21      0.25      0.16      0.12      0.18      0.33
  5968.05      0.20      0.21      0.19      0.21      0.19      0.22      0.20      0.23      0.15      0.12      0.17      0.31
  5969.05      0.18      0.19      0.17      0.19      0.17      0.20      0.18      0.21      0.14      0.11      0.15      0.28
  5970.05      0.19      0.19      0.18      0.19      0.17      0.21      0.18      0.22      0.14      0.11      0.16      0.29
  5971.05      0.19      0.20      0.18      0.20      0.18      0.21      0.19      0.22      0.15      0.11      0.16      0.30
  5972.05      0.19      0.19      0.17      0.19      0.17      0.20      0.18      0.21      0.14      0.11      0.16      0.28
  5973.05      0.20      0.21      0.19      0.21      0.19      0.22      0.20      0.23      0.15      0.12      0.17      0.31
  5974.05      0.21      0.22      0.20      0.22      0.19      0.23      0.21      0.24      0.16      0.12      0.18      0.32
  5975.05      0.21      0.22      0.20      0.22      0.19      0.23      0.21      0.24      0.16      0.12      0.18      0.32
  5976.05      0.21      0.22      0.20      0.21      0.19      0.23      0.21      0.24      0.16      0.12      0.18      0.32
  5977.05      0.20      0.21      0.19      0.21      0.19      0.22      0.20      0.23      0.16      0.12      0.17      0.31
  5978.05      0.18      0.18      0.17      0.18      0.16      0.19      0.17      0.20      0.14      0.10      0.15      0.27
  5979.05      0.17      0.18      0.16      0.17      0.16      0.18      0.17      0.19      0.14      0.10      0.14      0.25
  5980.05      0.20      0.20      0.18      0.20      0.18      0.21      0.19      0.22      0.16      0.11      0.17      0.29
  5981.05      0.21      0.21      0.19      0.21      0.19      0.22      0.20      0.23      0.17      0.12      0.17      0.31
  5982.05      0.20      0.21      0.19      0.21      0.19      0.22      0.20      0.23      0.17      0.12      0.17      0.30
  5983.05      0.20      0.21      0.19      0.21      0.19      0.22      0.20      0.23      0.17      0.12      0.17      0.30
  5984.05      0.21      0.21      0.19      0.21      0.19      0.22      0.20      0.23      0.17      0.12      0.17      0.30
  5985.05      0.21      0.22      0.20      0.21      0.19      0.22      0.21      0.23      0.18      0.12      0.17      0.31
  5986.05      0.21      0.22      0.20      0.21      0.19      0.22      0.21      0.23      0.18      0.12      0.18      0.31
  5987.05      0.21      0.22      0.20      0.21      0.19      0.22      0.21      0.23      0.18      0.12      0.17      0.31
  5988.05      0.21      0.22      0.20      0.21      0.19      0.22      0.21      0.23      0.18      0.12      0.17      0.31
  5989.05      0.21      0.22      0.20      0.21      0.19      0.22      0.21      0.23      0.19      0.12      0.18      0.31
  5990.05      0.21      0.22      0.20      0.21      0.19      0.22      0.21      0.23      0.19      0.12      0.17      0.30
  5991.05      0.21      0.22      0.20      0.21      0.19      0.22      0.21      0.23      0.19      0.12      0.17      0.30
  5992.05      0.21      0.22      0.20      0.21      0.19      0.22      0.21      0.23      0.19      0.12      0.17      0.30
  5993.05      0.21      0.22      0.20      0.22      0.20      0.22      0.21      0.23      0.19      0.12      0.18      0.31
  5994.05      0.21      0.22      0.20      0.21      0.20      0.22      0.21      0.23      0.19      0.12      0.18      0.30
  5995.05      0.21      0.22      0.20      0.21      0.20      0.22      0.21      0.23      0.20      0.12      0.17      0.30
  5996.05      0.21      0.22      0.20      0.21      0.20      0.22      0.21      0.23      0.20      0.12      0.17      0.30
  5997.05      0.21      0.22      0.20      0.21      0.20      0.22      0.21      0.23      0.20      0.12      0.17      0.30
  5998.05      0.21      0.22      0.20      0.21      0.19      0.21      0.21      0.22      0.20      0.12      0.17      0.30
  5999.05      0.20      0.21      0.19      0.20      0.19      0.20      0.20      0.21      0.19      0.12      0.16      0.28
  6000.05      0.20      0.21      0.19      0.21      0.19      0.21      0.20      0.22      0.19      0.12      0.17      0.28
  6001.05      0.21      0.23      0.20      0.22      0.20      0.22      0.21      0.23      0.21      0.12      0.17      0.30
  6002.05      0.22      0.23      0.20      0.22      0.20      0.22      0.22      0.23      0.21      0.12      0.18      0.30
  6003.05      0.22      0.23      0.20      0.22      0.20      0.22      0.22      0.23      0.21      0.12      0.18      0.30
  6004.05      0.21      0.23      0.20      0.22      0.20      0.21      0.21      0.23      0.21      0.12      0.17      0.29
  6005.05      0.20      0.21      0.18      0.20      0.18      0.20      0.20      0.21      0.19      0.11      0.16      0.27
  6006.05      0.19      0.21      0.18      0.20      0.18      0.19      0.20      0.20      0.20      0.11      0.16      0.27
  6007.05      0.21      0.23      0.20      0.22      0.20      0.21      0.22      0.23      0.22      0.12      0.17      0.29
  6008.05      0.22      0.24      0.21      0.22      0.20      0.22      0.22      0.23      0.22      0.13      0.18      0.30
  6009.05      0.22      0.24      0.21      0.22      0.21      0.22      0.22      0.23      0.23      0.13      0.18      0.30
  6010.05      0.22      0.24      0.21      0.22      0.21      0.22      0.22      0.23      0.23      0.13      0.18      0.30
  6011.05      0.22      0.24      0.21      0.22      0.20      0.22      0.22      0.23      0.23      0.13      0.18      0.30
  6012.05      0.22      0.24      0.21      0.22      0.20      0.21      0.22      0.23      0.23      0.13      0.18      0.30
  6013.05      0.22      0.24      0.21      0.22      0.21      0.21      0.22      0.23      0.23      0.13      0.18      0.30
  6014.05      0.22      0.24      0.21      0.22      0.21      0.22      0.22      0.23      0.23      0.13      0.18      0.30
  6015.05      0.22      0.24      0.21      0.23      0.21      0.22      0.22      0.23      0.24      0.13      0.18      0.30
  6016.05      0.22      0.24      0.21      0.23      0.21      0.22      0.22      0.23      0.24      0.13      0.18      0.30
  6017.05      0.22      0.24      0.21      0.22      0.21      0.22      0.22      0.23      0.24      0.13      0.18      0.30
  6018.05      0.22      0.24      0.21      0.23      0.21      0.22      0.22      0.23      0.24      0.13      0.18      0.30
  6019.05      0.22      0.24      0.21      0.23      0.21      0.22      0.22      0.23      0.25      0.13      0.18      0.30
  6020.05      0.22      0.24      0.21      0.23      0.21      0.22      0.22      0.23      0.25      0.13      0.18      0.30
  6021.05      0.23      0.25      0.21      0.23      0.21      0.22      0.23      0.23      0.25      0.13      0.18      0.30
  6022.05      0.23      0.25      0.22      0.23      0.22      0.22      0.23      0.23      0.26      0.13      0.18      0.30
  6023.05      0.23      0.25      0.22      0.23      0.22      0.22      0.23      0.23      0.26      0.13      0.18      0.31
  6024.05      0.23      0.25      0.22      0.23      0.22      0.22      0.23      0.23      0.26      0.13      0.18      0.30
  6025.05      0.23      0.25      0.22      0.23      0.22      0.22      0.23      0.23      0.26      0.13      0.18      0.30
  6026.05      0.23      0.25      0.22      0.23      0.22      0.22      0.23      0.23      0.26      0.13      0.18      0.30
  6027.05      0.21      0.24      0.20      0.22      0.21      0.21      0.21      0.22      0.25      0.12      0.17      0.28
  6028.05      0.19      0.21      0.18      0.19      0.18      0.18      0.19      0.19      0.22      0.11      0.15      0.25
  6029.05      0.19      0.22      0.18      0.20      0.19      0.19      0.19      0.19      0.23      0.11      0.15      0.26
  6030.05      0.21      0.23      0.20      0.21      0.20      0.20      0.21      0.21      0.26      0.12      0.17      0.28
  6031.05      0.22      0.24      0.21      0.22      0.21      0.21      0.22      0.22      0.27      0.13      0.17      0.29
  6032.05      0.22      0.25      0.21      0.23      0.21      0.21      0.22      0.22      0.28      0.13      0.18      0.29
  6033.05      0.22      0.25      0.21      0.23      0.22      0.21      0.22      0.22      0.28      0.13      0.18      0.29
  6034.05      0.22      0.25      0.21      0.22      0.21      0.21      0.22      0.22      0.28      0.13      0.17      0.29
  6035.05      0.21      0.23      0.20      0.21      0.20      0.20      0.21      0.20      0.27      0.12      0.16      0.27
  6036.05      0.20      0.23      0.19      0.21      0.20      0.19      0.20      0.20      0.26      0.12      0.16      0.27
  6037.05      0.21      0.24      0.20      0.22      0.21      0.20      0.21      0.21      0.28      0.12      0.17      0.28
  6038.05      0.22      0.24      0.21      0.22      0.21      0.21      0.22      0.21      0.29      0.13      0.17      0.28
  6039.05      0.22      0.25      0.21      0.22      0.21      0.21      0.22      0.21      0.29      0.13      0.17      0.28
  6040.05      0.22      0.24      0.21      0.22      0.21      0.21      0.22      0.21      0.29      0.13      0.17      0.28
  6041.05      0.22      0.24      0.21      0.22      0.21      0.21      0.22      0.21      0.30      0.13      0.17      0.28
  6042.05      0.22      0.24      0.21      0.22      0.21      0.21      0.22      0.21      0.30      0.12      0.17      0.28
  6043.05      0.22      0.24      0.21      0.22      0.21      0.21      0.22      0.21      0.30      0.13      0.17      0.28
  6044.05      0.22      0.25      0.21      0.22      0.21      0.21      0.22      0.21      0.31      0.13      0.17      0.28
  6045.05      0.22      0.25      0.21      0.22      0.22      0.21      0.22      0.21      0.31      0.13      0.17      0.28
  6046.05      0.22      0.25      0.21      0.23      0.22      0.21      0.22      0.21      0.32      0.13      0.17      0.28
  6047.05      0.22      0.25      0.21      0.23      0.22      0.21      0.22      0.21      0.32      0.13      0.17      0.28
  6048.05      0.22      0.25      0.21      0.22      0.22      0.20      0.22      0.21      0.32      0.13      0.17      0.28
  6049.05      0.22      0.24      0.21      0.22      0.21      0.20      0.21      0.21      0.32      0.12      0.17      0.28
  6050.05      0.22      0.25      0.21      0.22      0.22      0.20      0.22      0.21      0.33      0.13      0.17      0.28
  6051.05      0.22      0.25      0.21      0.23      0.22      0.21      0.22      0.21      0.33      0.13      0.17      0.28
  6052.05      0.22      0.25      0.21      0.23      0.22      0.21      0.22      0.21      0.34      0.13      0.17      0.28
  6053.05      0.22      0.25      0.21      0.22      0.22      0.20      0.22      0.21      0.34      0.13      0.17      0.28
  6054.05      0.22      0.25      0.21      0.22      0.22      0.20      0.22      0.21      0.34      0.13      0.17      0.28
  6055.05      0.22      0.25      0.21      0.23      0.22      0.20      0.22      0.21      0.34      0.13      0.17      0.28
  6056.05      0.22      0.25      0.21      0.22      0.22      0.20      0.21      0.20      0.34      0.13      0.17      0.28
  6057.05      0.22      0.25      0.21      0.22      0.22      0.20      0.22      0.21      0.35      0.13      0.17      0.28
  6058.05      0.22      0.25      0.21      0.23      0.22      0.20      0.22      0.21      0.36      0.13      0.17      0.28
  6059.05      0.22      0.25      0.21      0.23      0.22      0.21      0.22      0.21      0.36      0.13      0.17      0.28
  6060.05      0.22      0.25      0.21      0.23      0.22      0.21      0.22      0.21      0.36      0.13      0.17      0.28
  6061.05      0.22      0.25      0.21      0.23      0.23      0.21      0.22      0.21      0.37      0.13      0.17      0.28
  6062.05      0.22      0.26      0.21      0.23      0.23      0.21      0.22      0.21      0.37      0.13      0.17      0.28
  6063.05      0.22      0.25      0.21      0.23      0.22      0.20      0.22      0.21      0.37      0.13      0.17      0.27
  6064.05      0.22      0.25      0.21      0.22      0.22      0.20      0.21      0.20      0.37      0.12      0.17      0.27
  6065.05      0.22      0.25      0.21      0.23      0.23      0.20      0.22      0.21      0.38      0.13      0.17      0.27
  6066.05      0.22      0.26      0.22      0.23      0.23      0.21      0.22      0.21      0.39      0.13      0.17      0.28
  6067.05      0.23      0.26      0.22      0.23      0.23      0.21      0.22      0.21      0.39      0.13      0.17      0.28
  6068.05      0.22      0.25      0.21      0.23      0.23      0.20      0.22      0.20      0.38      0.13      0.17      0.27
  6069.05      0.21      0.24      0.20      0.22      0.22      0.20      0.21      0.20      0.37      0.12      0.16      0.26
  6070.05      0.22      0.25      0.21      0.22      0.23      0.20      0.21      0.20      0.39      0.13      0.17      0.27
  6071.05      0.22      0.25      0.21      0.23      0.23      0.20      0.22      0.21      0.40      0.13      0.17      0.28
  6072.05      0.22      0.26      0.21      0.23      0.24      0.21      0.22      0.21      0.40      0.13      0.17      0.28
  6073.05      0.23      0.26      0.22      0.23      0.24      0.21      0.22      0.21      0.41      0.13      0.17      0.28
  6074.05      0.23      0.26      0.22      0.23      0.24      0.21      0.22      0.21      0.42      0.13      0.18      0.28
  6075.05      0.23      0.26      0.22      0.24      0.24      0.21      0.22      0.21      0.42      0.13      0.18      0.28
  6076.05      0.23      0.27      0.22      0.24      0.25      0.21      0.23      0.21      0.42      0.13      0.18      0.29
  6077.05      0.23      0.27      0.22      0.24      0.25      0.21      0.23      0.21      0.44      0.13      0.18      0.29
  6078.05      0.23      0.26      0.22      0.24      0.25      0.21      0.22      0.21      0.57      0.13      0.18      0.28
  6079.05      0.23      0.26      0.22      0.23      0.24      0.21      0.22      0.21      0.79      0.13      0.17      0.28
  6080.05      0.23      0.26      0.22      0.24      0.25      0.21      0.22      0.21      0.87      0.13      0.18      0.28
  6081.05      0.23      0.26      0.22      0.23      0.25      0.21      0.22      0.21      0.86      0.13      0.18      0.28
  6082.05      0.22      0.26      0.22      0.23      0.24      0.20      0.22      0.20      0.84      0.13      0.17      0.28
  6083.05      0.23      0.26      0.22      0.23      0.25      0.21      0.22      0.21      0.84      0.13      0.17      0.28
  6084.05      0.23      0.26      0.22      0.24      0.25      0.21      0.22      0.21      0.83      0.13      0.18      0.28
  6085.05      0.23      0.26      0.22      0.24      0.25      0.21      0.22      0.21      0.82      0.13      0.18      0.28
  6086.05      0.23      0.27      0.22      0.24      0.25      0.21      0.22      0.21      0.82      0.13      0.18      0.28
  6087.05      0.23      0.26      0.22      0.23      0.25      0.20      0.22      0.20      0.80      0.13      0.17      0.28
  6088.05      0.20      0.23      0.19      0.20      0.22      0.18      0.19      0.18      0.69      0.11      0.15      0.24
  6089.05      0.19      0.22      0.18      0.20      0.21      0.17      0.19      0.17      0.67      0.11      0.15      0.24
  6090.05      0.22      0.25      0.21      0.23      0.24      0.20      0.21      0.20      0.76      0.13      0.17      0.27
  6091.05      0.23      0.26      0.22      0.24      0.25      0.21      0.22      0.21      0.77      0.13      0.18      0.28
  6092.05      0.23      0.26      0.22      0.23      0.25      0.20      0.22      0.20      0.76      0.13      0.18      0.28
  6093.05      0.23      0.26      0.22      0.24      0.26      0.21      0.22      0.21      0.76      0.13      0.18      0.28
  6094.05      0.23      0.27      0.22      0.24      0.26      0.21      0.22      0.21      0.75      0.13      0.18      0.28
  6095.05      0.23      0.26      0.22      0.24      0.26      0.21      0.22      0.20      0.74      0.13      0.18      0.28
  6096.05      0.22      0.26      0.22      0.23      0.25      0.20      0.22      0.20      0.72      0.13      0.17      0.28
  6097.05      0.22      0.26      0.21      0.23      0.25      0.20      0.21      0.20      0.70      0.13      0.17      0.27
  6098.05      0.22      0.26      0.21      0.23      0.25      0.20      0.21      0.20      0.69      0.13      0.17      0.27
  6099.05      0.22      0.26      0.22      0.23      0.26      0.20      0.22      0.20      0.70      0.13      0.17      0.28
  6100.05      0.22      0.26      0.22      0.23      0.26      0.20      0.22      0.20      0.69      0.13      0.17      0.28
  6101.05      0.22      0.26      0.21      0.23      0.25      0.20      0.21      0.19      0.66      0.13      0.17      0.27
  6102.05      0.22      0.26      0.22      0.23      0.26      0.20      0.21      0.20      0.67      0.13      0.17      0.27
  6103.05      0.23      0.27      0.22      0.24      0.27      0.20      0.22      0.20      0.67      0.13      0.18      0.28
  6104.05      0.23      0.27      0.22      0.24      0.27      0.21      0.22      0.20      0.67      0.14      0.18      0.28
  6105.05      0.23      0.27      0.22      0.24      0.27      0.20      0.22      0.20      0.65      0.13      0.18      0.28
  6106.05      0.22      0.26      0.21      0.23      0.26      0.20      0.21      0.20      0.63      0.13      0.17      0.27
  6107.05      0.22      0.26      0.22      0.23      0.26      0.20      0.21      0.20      0.62      0.13      0.17      0.27
  6108.05      0.22      0.26      0.21      0.23      0.26      0.20      0.21      0.20      0.61      0.13      0.17      0.27
  6109.05      0.22      0.26      0.21      0.23      0.27      0.20      0.21      0.20      0.60      0.13      0.17      0.27
  6110.05      0.22      0.27      0.22      0.23      0.27      0.20      0.21      0.20      0.60      0.13      0.17      0.27
  6111.05      0.22      0.27      0.22      0.23      0.27      0.20      0.22      0.20      0.59      0.13      0.17      0.27
  6112.05      0.22      0.27      0.22      0.23      0.27      0.20      0.22      0.20      0.59      0.13      0.17      0.27
  6113.05      0.22      0.27      0.22      0.23      0.27      0.20      0.21      0.20      0.57      0.13      0.17      0.27
  6114.05      0.22      0.27      0.21      0.23      0.27      0.20      0.21      0.20      0.56      0.13      0.17      0.27
  6115.05      0.22      0.27      0.22      0.24      0.28      0.20      0.22      0.20      0.56      0.13      0.17      0.28
  6116.05      0.23      0.27      0.22      0.24      0.28      0.20      0.22      0.20      0.56      0.13      0.18      0.28
  6117.05      0.23      0.27      0.22      0.24      0.28      0.20      0.22      0.20      0.55      0.13      0.18      0.28
  6118.05      0.23      0.28      0.22      0.24      0.29      0.20      0.22      0.20      0.55      0.14      0.18      0.28
  6119.05      0.23      0.28      0.22      0.24      0.29      0.20      0.22      0.20      0.54      0.14      0.18      0.28
  6120.05      0.23      0.28      0.22      0.24      0.29      0.20      0.22      0.20      0.53      0.13      0.18      0.28
  6121.05      0.23      0.28      0.22      0.24      0.29      0.20      0.22      0.20      0.52      0.13      0.17      0.28
  6122.05      0.23      0.28      0.22      0.24      0.29      0.20      0.22      0.20      0.51      0.13      0.18      0.28
  6123.05      0.23      0.28      0.22      0.24      0.30      0.20      0.22      0.21      0.51      0.14      0.18      0.28
  6124.05      0.23      0.29      0.23      0.25      0.31      0.21      0.23      0.21      0.51      0.14      0.18      0.29
  6125.05      0.23      0.29      0.22      0.25      0.30      0.20      0.22      0.21      0.50      0.14      0.18      0.28
  6126.05      0.23      0.29      0.22      0.24      0.30      0.20      0.22      0.21      0.49      0.14      0.18      0.28
  6127.05      0.23      0.29      0.22      0.24      0.31      0.20      0.22      0.21      0.49      0.14      0.18      0.28
  6128.05      0.23      0.29      0.22      0.25      0.31      0.20      0.22      0.21      0.49      0.14      0.18      0.28
  6129.05      0.23      0.29      0.22      0.25      0.31      0.20      0.22      0.21      0.49      0.14      0.18      0.28
  6130.05      0.23      0.29      0.22      0.25      0.31      0.20      0.22      0.21      0.49      0.14      0.18      0.28
  6131.05      0.23      0.29      0.23      0.25      0.32      0.20      0.23      0.21      0.49      0.14      0.18      0.28
  6132.05      0.23      0.29      0.23      0.25      0.32      0.20      0.23      0.21      0.49      0.14      0.18      0.28
  6133.05      0.23      0.29      0.22      0.25      0.32      0.20      0.23      0.21      0.49      0.14      0.18      0.28
  6134.05      0.23      0.29      0.22      0.24      0.32      0.20      0.22      0.21      0.48      0.14      0.18      0.28
  6135.05      0.23      0.29      0.22      0.24      0.32      0.20      0.22      0.21      0.48      0.14      0.18      0.28
  6136.05      0.23      0.29      0.22      0.24      0.32      0.20      0.22      0.21      0.48      0.14      0.18      0.28
  6137.05      0.23      0.29      0.22      0.24      0.32      0.20      0.22      0.21      0.48      0.14      0.18      0.28
  6138.05      0.23      0.29      0.22      0.24      0.31      0.20      0.22      0.20      0.47      0.14      0.17      0.27
  6139.05      0.23      0.29      0.22      0.24      0.32      0.20      0.22      0.21      0.47      0.14      0.18      0.27
  6140.05      0.23      0.29      0.22      0.24      0.32      0.20      0.22      0.20      0.46      0.14      0.17      0.27
  6141.05      0.21      0.27      0.20      0.22      0.30      0.18      0.20      0.19      0.43      0.13      0.16      0.25
  6142.05      0.22      0.28      0.21      0.23      0.31      0.19      0.21      0.20      0.45      0.13      0.17      0.26
  6143.05      0.24      0.31      0.23      0.25      0.34      0.21      0.23      0.21      0.48      0.14      0.18      0.28
  6144.05      0.23      0.30      0.22      0.24      0.34      0.20      0.22      0.21      0.47      0.14      0.18      0.27
  6145.05      0.21      0.28      0.20      0.22      0.31      0.18      0.21      0.19      0.43      0.13      0.16      0.25
  6146.05      0.20      0.26      0.19      0.21      0.30      0.17      0.19      0.18      0.41      0.12      0.15      0.24
  6147.05      0.22      0.28      0.21      0.23      0.33      0.19      0.21      0.19      0.44      0.13      0.17      0.26
  6148.05      0.23      0.30      0.22      0.24      0.35      0.20      0.22      0.20      0.46      0.14      0.17      0.27
  6149.05      0.21      0.28      0.20      0.22      0.32      0.18      0.20      0.19      0.42      0.13      0.16      0.25
  6150.05      0.19      0.24      0.18      0.19      0.29      0.16      0.18      0.17      0.37      0.11      0.14      0.22
  6151.05      0.20      0.27      0.19      0.21      0.32      0.18      0.20      0.18      0.40      0.12      0.15      0.24
  6152.05      0.22      0.29      0.21      0.23      0.35      0.19      0.21      0.20      0.44      0.13      0.17      0.26
  6153.05      0.22      0.30      0.21      0.23      0.35      0.19      0.22      0.20      0.44      0.14      0.17      0.26
  6154.05      0.23      0.31      0.22      0.24      0.37      0.20      0.22      0.21      0.45      0.14      0.17      0.27
  6155.05      0.23      0.31      0.22      0.24      0.37      0.20      0.22      0.21      0.45      0.14      0.17      0.27
  6156.05      0.23      0.31      0.22      0.24      0.38      0.20      0.22      0.21      0.46      0.14      0.17      0.27
  6157.05      0.23      0.30      0.21      0.23      0.37      0.19      0.22      0.20      0.44      0.14      0.17      0.26
  6158.05      0.22      0.29      0.20      0.22      0.35      0.19      0.21      0.19      0.42      0.13      0.16      0.25
  6159.05      0.22      0.29      0.20      0.22      0.36      0.19      0.21      0.19      0.42      0.13      0.16      0.25
  6160.05      0.22      0.29      0.20      0.22      0.36      0.19      0.21      0.19      0.42      0.13      0.16      0.25
  6161.05      0.23      0.30      0.21      0.23      0.38      0.19      0.22      0.20      0.44      0.14      0.17      0.26
  6162.05      0.23      0.31      0.22      0.23      0.39      0.20      0.22      0.21      0.44      0.14      0.17      0.27
  6163.05      0.23      0.32      0.22      0.24      0.40      0.20      0.23      0.21      0.45      0.14      0.17      0.27
  6164.05      0.24      0.33      0.23      0.24      0.41      0.21      0.23      0.22      0.46      0.15      0.18      0.28
  6165.05      0.24      0.33      0.22      0.24      0.42      0.21      0.23      0.22      0.46      0.15      0.18      0.28
  6166.05      0.24      0.32      0.22      0.24      0.41      0.20      0.23      0.21      0.45      0.14      0.18      0.27
  6167.05      0.23      0.32      0.22      0.24      0.41      0.20      0.23      0.21      0.44      0.14      0.17      0.27
  6168.05      0.23      0.32      0.22      0.24      0.41      0.20      0.22      0.21      0.44      0.14      0.17      0.27
  6169.05      0.23      0.32      0.22      0.23      0.41      0.20      0.22      0.21      0.44      0.14      0.17      0.26
  6170.05      0.23      0.31      0.21      0.23      0.41      0.20      0.22      0.21      0.43      0.14      0.17      0.26
  6171.05      0.21      0.29      0.20      0.21      0.39      0.18      0.21      0.19      0.40      0.13      0.16      0.24
  6172.05      0.18      0.25      0.17      0.18      0.33      0.16      0.18      0.16      0.34      0.11      0.13      0.21
  6173.05      0.20      0.27      0.18      0.20      0.36      0.17      0.19      0.18      0.36      0.12      0.14      0.22
  6174.05      0.23      0.31      0.21      0.23      0.42      0.19      0.22      0.21      0.42      0.14      0.17      0.26
  6175.05      0.24      0.32      0.22      0.23      0.44      0.20      0.23      0.21      0.43      0.14      0.17      0.26
  6176.05      0.23      0.32      0.21      0.23      0.43      0.20      0.22      0.21      0.42      0.14      0.17      0.26
  6177.05      0.22      0.31      0.20      0.22      0.42      0.19      0.21      0.20      0.41      0.13      0.16      0.25
  6178.05      0.21      0.29      0.19      0.21      0.40      0.18      0.20      0.19      0.39      0.13      0.16      0.24
  6179.05      0.23      0.31      0.21      0.22      0.43      0.19      0.22      0.20      0.41      0.14      0.17      0.25
  6180.05      0.24      0.33      0.22      0.23      0.45      0.20      0.23      0.21      0.43      0.14      0.17      0.26
  6181.05      0.23      0.33      0.22      0.23      0.45      0.20      0.22      0.21      0.42      0.14      0.17      0.26
  6182.05      0.24      0.33      0.22      0.23      0.45      0.20      0.23      0.21      0.42      0.14      0.17      0.26
  6183.05      0.24      0.33      0.22      0.23      0.44      0.20      0.23      0.21      0.42      0.14      0.17      0.26
  6184.05      0.23      0.33      0.21      0.23      0.44      0.20      0.22      0.21      0.42      0.14      0.17      0.26
  6185.05      0.23      0.33      0.21      0.23      0.43      0.20      0.22      0.21      0.41      0.14      0.17      0.25
  6186.05      0.23      0.32      0.21      0.22      0.42      0.19      0.22      0.21      0.40      0.14      0.16      0.25
  6187.05      0.23      0.33      0.21      0.23      0.43      0.20      0.22      0.21      0.41      0.14      0.17      0.26
  6188.05      0.24      0.34      0.22      0.23      0.44      0.20      0.23      0.22      0.42      0.14      0.17      0.26
  6189.05      0.24      0.34      0.22      0.23      0.44      0.20      0.23      0.22      0.42      0.14      0.17      0.26
  6190.05      0.24      0.34      0.22      0.23      0.43      0.20      0.23      0.21      0.41      0.14      0.17      0.26
  6191.05      0.24      0.34      0.22      0.23      0.43      0.20      0.23      0.22      0.41      0.14      0.17      0.26
  6192.05      0.24      0.34      0.22      0.24      0.44      0.20      0.23      0.22      0.42      0.15      0.17      0.26
  6193.05      0.24      0.35      0.22      0.24      0.44      0.20      0.24      0.22      0.42      0.15      0.17      0.26
  6194.05      0.23      0.33      0.21      0.23      0.41      0.19      0.22      0.21      0.40      0.14      0.16      0.25
  6195.05      0.23      0.32      0.21      0.22      0.40      0.19      0.22      0.21      0.39      0.14      0.16      0.24
  6196.05      0.24      0.34      0.22      0.23      0.42      0.20      0.23      0.22      0.41      0.14      0.17      0.26
  6197.05      0.24      0.34      0.22      0.23      0.42      0.20      0.23      0.22      0.41      0.14      0.17      0.26
  6198.05      0.24      0.34      0.22      0.24      0.42      0.20      0.23      0.22      0.41      0.14      0.17      0.26
  6199.05      0.25      0.34      0.22      0.24      0.43      0.21      0.24      0.22      0.42      0.15      0.17      0.26
  6200.05      0.25      0.34      0.22      0.24      0.43      0.21      0.24      0.22      0.42      0.15      0.17      0.26
  6201.05      0.25      0.34      0.22      0.24      0.42      0.21      0.24      0.22      0.41      0.15      0.17      0.26
  6202.05      0.25      0.34      0.22      0.24      0.42      0.21      0.24      0.22      0.41      0.15      0.17      0.26
  6203.05      0.23      0.32      0.21      0.22      0.40      0.19      0.23      0.21      0.39      0.14      0.16      0.24
  6204.05      0.20      0.27      0.18      0.19      0.33      0.16      0.19      0.18      0.32      0.12      0.14      0.21
  6205.05      0.20      0.28      0.18      0.20      0.34      0.17      0.20      0.18      0.34      0.12      0.14      0.21
  6206.05      0.24      0.32      0.21      0.23      0.40      0.20      0.23      0.21      0.39      0.14      0.16      0.25
  6207.05      0.24      0.33      0.22      0.24      0.41      0.20      0.24      0.22      0.40      0.15      0.17      0.26
  6208.05      0.24      0.33      0.22      0.24      0.41      0.20      0.24      0.22      0.40      0.15      0.17      0.25
  6209.05      0.24      0.32      0.21      0.23      0.39      0.20      0.23      0.21      0.39      0.14      0.16      0.25
  6210.05      0.23      0.31      0.21      0.22      0.38      0.19      0.23      0.21      0.38      0.14      0.16      0.24
  6211.05      0.23      0.32      0.21      0.23      0.38      0.19      0.23      0.21      0.38      0.14      0.16      0.24
  6212.05      0.21      0.28      0.19      0.20      0.34      0.17      0.21      0.19      0.34      0.12      0.14      0.22
  6213.05      0.19      0.26      0.17      0.18      0.31      0.16      0.19      0.17      0.31      0.11      0.13      0.20
  6214.05      0.21      0.28      0.19      0.20      0.34      0.18      0.21      0.19      0.34      0.13      0.14      0.22
  6215.05      0.22      0.30      0.20      0.21      0.36      0.18      0.22      0.20      0.36      0.13      0.15      0.23
  6216.05      0.24      0.32      0.21      0.23      0.38      0.20      0.24      0.21      0.38      0.14      0.16      0.25
  6217.05      0.24      0.33      0.22      0.24      0.39      0.20      0.24      0.22      0.39      0.15      0.17      0.25
  6218.05      0.24      0.32      0.22      0.24      0.39      0.20      0.25      0.22      0.39      0.15      0.17      0.25
  6219.05      0.24      0.32      0.22      0.23      0.38      0.20      0.24      0.21      0.38      0.14      0.16      0.25
  6220.05      0.24      0.32      0.22      0.23      0.38      0.20      0.24      0.21      0.38      0.14      0.16      0.25
  6221.05      0.24      0.32      0.22      0.23      0.38      0.20      0.24      0.21      0.38      0.14      0.16      0.25
  6222.05      0.23      0.30      0.21      0.22      0.35      0.19      0.23      0.20      0.36      0.14      0.15      0.23
  6223.05      0.19      0.25      0.17      0.18      0.29      0.16      0.19      0.17      0.30      0.11      0.13      0.19
  6224.05      0.20      0.26      0.18      0.19      0.30      0.16      0.20      0.17      0.30      0.12      0.13      0.20
  6225.05      0.23      0.30      0.21      0.23      0.36      0.19      0.24      0.20      0.36      0.14      0.16      0.24
  6226.05      0.24      0.31      0.22      0.23      0.36      0.20      0.24      0.21      0.37      0.14      0.16      0.24
  6227.05      0.24      0.31      0.21      0.23      0.36      0.20      0.24      0.21      0.37      0.14      0.16      0.24
  6228.05      0.24      0.31      0.22      0.23      0.36      0.20      0.24      0.21      0.37      0.15      0.16      0.24
  6229.05      0.24      0.31      0.22      0.23      0.35      0.20      0.24      0.21      0.36      0.15      0.16      0.24
  6230.05      0.24      0.30      0.21      0.23      0.35      0.20      0.24      0.21      0.36      0.14      0.16      0.24
  6231.05      0.24      0.30      0.21      0.23      0.35      0.20      0.24      0.21      0.36      0.15      0.16      0.24
  6232.05      0.24      0.31      0.22      0.23      0.35      0.20      0.25      0.21      0.36      0.15      0.16      0.24
  6233.05      0.24      0.31      0.22      0.23      0.35      0.20      0.25      0.21      0.36      0.15      0.16      0.24
  6234.05      0.23      0.30      0.21      0.23      0.34      0.20      0.24      0.20      0.35      0.14      0.15      0.23
  6235.05      0.20      0.25      0.18      0.19      0.29      0.17      0.21      0.17      0.30      0.12      0.13      0.20
  6236.05      0.16      0.21      0.15      0.16      0.23      0.14      0.17      0.14      0.24      0.10      0.11      0.16
  6237.05      0.15      0.18      0.13      0.14      0.21      0.12      0.15      0.13      0.22      0.09      0.10      0.14
  6238.05      0.15      0.18      0.13      0.14      0.20      0.12      0.15      0.12      0.21      0.09      0.09      0.14
  6239.05      0.18      0.22      0.16      0.17      0.24      0.15      0.18      0.15      0.26      0.11      0.11      0.17
  6240.05      0.22      0.27      0.19      0.21      0.30      0.18      0.23      0.18      0.31      0.13      0.14      0.21
  6241.05      0.22      0.27      0.20      0.21      0.30      0.18      0.23      0.19      0.31      0.14      0.14      0.21
  6242.05      0.20      0.24      0.18      0.19      0.27      0.17      0.21      0.17      0.29      0.13      0.13      0.19
  6243.05      0.20      0.24      0.18      0.19      0.27      0.17      0.21      0.17      0.28      0.12      0.13      0.19
  6244.05      0.20      0.25      0.19      0.20      0.27      0.17      0.22      0.17      0.29      0.13      0.13      0.20
  6245.05      0.20      0.24      0.18      0.19      0.26      0.16      0.21      0.17      0.28      0.12      0.13      0.19
  6246.05      0.21      0.25      0.19      0.20      0.28      0.18      0.22      0.18      0.30      0.13      0.14      0.20
  6247.05      0.24      0.29      0.22      0.23      0.31      0.20      0.25      0.20      0.33      0.15      0.15      0.23
  6248.05      0.24      0.29      0.22      0.23      0.31      0.20      0.26      0.20      0.34      0.15      0.16      0.23
  6249.05      0.23      0.27      0.21      0.22      0.29      0.19      0.24      0.19      0.32      0.15      0.15      0.22
  6250.05      0.22      0.27      0.20      0.22      0.29      0.19      0.24      0.19      0.31      0.14      0.14      0.22
  6251.05      0.24      0.28      0.21      0.23      0.30      0.20      0.25      0.20      0.32      0.15      0.15      0.23
  6252.05      0.24      0.28      0.22      0.23      0.30      0.20      0.26      0.20      0.33      0.15      0.15      0.23
  6253.05      0.24      0.28      0.22      0.23      0.30      0.20      0.26      0.20      0.33      0.15      0.15      0.23
  6254.05      0.24      0.28      0.22      0.23      0.30      0.20      0.26      0.20      0.33      0.16      0.15      0.23
  6255.05      0.24      0.28      0.22      0.23      0.30      0.20      0.26      0.21      0.33      0.16      0.16      0.23
  6256.05      0.24      0.28      0.22      0.23      0.30      0.20      0.26      0.20      0.33      0.16      0.15      0.23
  6257.05      0.24      0.27      0.21      0.23      0.29      0.20      0.26      0.20      0.32      0.15      0.15      0.22
  6258.05      0.20      0.23      0.18      0.19      0.25      0.17      0.22      0.17      0.27      0.13      0.13      0.19
  6259.05      0.14      0.16      0.13      0.13      0.17      0.12      0.16      0.12      0.19      0.09      0.09      0.13
  6260.05      0.13      0.15      0.12      0.13      0.16      0.11      0.15      0.11      0.18      0.09      0.08      0.13
  6261.05      0.20      0.23      0.18      0.19      0.23      0.17      0.22      0.17      0.26      0.13      0.12      0.18
  6262.05      0.24      0.27      0.22      0.22      0.28      0.20      0.26      0.20      0.31      0.16      0.15      0.22
  6263.05      0.23      0.26      0.21      0.22      0.27      0.19      0.26      0.19      0.30      0.15      0.15      0.22
  6264.05      0.22      0.26      0.20      0.21      0.26      0.19      0.25      0.19      0.29      0.15      0.14      0.21
  6265.05      0.23      0.26      0.21      0.22      0.27      0.19      0.25      0.19      0.29      0.15      0.14      0.21
  6266.05      0.20      0.23      0.18      0.19      0.23      0.17      0.22      0.17      0.26      0.13      0.13      0.19
  6267.05      0.18      0.20      0.16      0.17      0.20      0.15      0.20      0.15      0.22      0.12      0.11      0.16
  6268.05      0.21      0.24      0.19      0.20      0.24      0.18      0.24      0.18      0.27      0.14      0.13      0.19
  6269.05      0.23      0.25      0.21      0.21      0.26      0.19      0.26      0.19      0.29      0.15      0.14      0.21
  6270.05      0.21      0.24      0.19      0.20      0.25      0.18      0.24      0.18      0.27      0.14      0.13      0.20
  6271.05      0.23      0.25      0.21      0.21      0.26      0.19      0.26      0.19      0.28      0.15      0.14      0.21
  6272.05      0.24      0.27      0.22      0.22      0.27      0.20      0.27      0.20      0.29      0.16      0.15      0.22
  6273.05      0.24      0.26      0.21      0.22      0.27      0.20      0.27      0.20      0.29      0.16      0.15      0.22
  6274.05      0.23      0.26      0.21      0.22      0.27      0.20      0.26      0.19      0.28      0.16      0.14      0.21
  6275.05      0.23      0.26      0.21      0.22      0.26      0.20      0.26      0.19      0.28      0.16      0.14      0.21
  6276.05      0.20      0.22      0.18      0.18      0.22      0.17      0.23      0.16      0.24      0.14      0.12      0.18
  6277.05      0.17      0.18      0.15      0.16      0.19      0.14      0.19      0.14      0.20      0.12      0.10      0.15
  6278.05      0.19      0.21      0.18      0.18      0.22      0.17      0.22      0.16      0.24      0.14      0.12      0.18
  6279.05      0.21      0.24      0.20      0.20      0.24      0.18      0.25      0.18      0.26      0.15      0.13      0.19
  6280.05      0.21      0.23      0.19      0.19      0.23      0.18      0.24      0.17      0.25      0.15      0.13      0.19
  6281.05      0.22      0.25      0.21      0.21      0.25      0.19      0.26      0.19      0.27      0.16      0.14      0.20
  6282.05      0.23      0.26      0.21      0.22      0.26      0.20      0.27      0.20      0.28      0.17      0.15      0.21
  6283.05      0.23      0.25      0.21      0.22      0.26      0.20      0.27      0.19      0.28      0.17      0.14      0.21
  6284.05      0.23      0.25      0.21      0.21      0.26      0.20      0.26      0.19      0.28      0.17      0.14      0.21
  6285.05      0.23      0.25      0.21      0.21      0.25      0.20      0.26      0.19      0.27      0.17      0.14      0.21
  6286.05      0.23      0.25      0.21      0.21      0.25      0.20      0.26      0.19      0.27      0.17      0.14      0.21
  6287.05      0.23      0.24      0.21      0.21      0.25      0.20      0.26      0.19      0.27      0.17      0.14      0.20
  6288.05      0.18      0.19      0.16      0.17      0.20      0.15      0.20      0.15      0.21      0.13      0.11      0.16
  6289.05      0.13      0.14      0.12      0.12      0.14      0.11      0.15      0.11      0.16      0.10      0.08      0.12
  6290.05      0.16      0.17      0.15      0.15      0.17      0.14      0.18      0.13      0.19      0.12      0.10      0.14
  6291.05      0.21      0.23      0.19      0.20      0.23      0.18      0.24      0.18      0.25      0.16      0.13      0.19
  6292.05      0.22      0.24      0.20      0.20      0.24      0.19      0.25      0.18      0.26      0.17      0.14      0.20
  6293.05      0.22      0.24      0.20      0.21      0.24      0.19      0.26      0.19      0.26      0.18      0.14      0.20
  6294.05      0.23      0.24      0.21      0.21      0.25      0.20      0.26      0.19      0.27      0.18      0.14      0.20
  6295.05      0.23      0.24      0.21      0.21      0.25      0.20      0.26      0.19      0.27      0.18      0.14      0.20
  6296.05      0.23      0.24      0.21      0.21      0.25      0.20      0.26      0.19      0.27      0.18      0.14      0.20
  6297.05      0.22      0.24      0.21      0.21      0.24      0.20      0.26      0.19      0.26      0.18      0.14      0.20
  6298.05      0.21      0.22      0.19      0.19      0.22      0.18      0.24      0.17      0.24      0.17      0.13      0.18
  6299.05      0.17      0.18      0.16      0.16      0.18      0.15      0.20      0.14      0.20      0.14      0.11      0.15
  6300.05      0.12      0.13      0.11      0.11      0.13      0.10      0.14      0.10      0.14      0.10      0.07      0.10
  6301.05      0.04      0.04      0.04      0.04      0.04      0.04      0.05      0.03      0.05      0.03      0.02      0.04
  6302.05      0.03      0.03      0.02      0.02      0.03      0.02      0.03      0.02      0.03      0.02      0.02      0.02
  6303.05      0.04      0.04      0.04      0.04      0.04      0.04      0.05      0.03      0.05      0.03      0.02      0.04
  6304.05      0.13      0.14      0.12      0.12      0.14      0.12      0.15      0.11      0.15      0.11      0.08      0.12
  6305.05      0.22      0.23      0.20      0.20      0.23      0.19      0.25      0.18      0.25      0.19      0.13      0.19
  6306.05      0.22      0.23      0.20      0.20      0.23      0.19      0.25      0.19      0.25      0.19      0.13      0.19
  6307.05      0.20      0.21      0.18      0.18      0.21      0.18      0.23      0.17      0.23      0.17      0.12      0.17
  6308.05      0.13      0.14      0.12      0.12      0.14      0.12      0.16      0.11      0.16      0.12      0.08      0.12
  6309.05      0.13      0.13      0.12      0.12      0.13      0.11      0.14      0.11      0.14      0.11      0.08      0.11
  6310.05      0.19      0.19      0.17      0.17      0.19      0.16      0.21      0.16      0.21      0.16      0.11      0.16
  6311.05      0.22      0.23      0.20      0.20      0.23      0.20      0.26      0.19      0.25      0.20      0.14      0.19
  6312.05      0.23      0.24      0.21      0.21      0.24      0.20      0.26      0.19      0.26      0.20      0.14      0.20
  6313.05      0.23      0.24      0.21      0.21      0.24      0.20      0.26      0.20      0.26      0.21      0.14      0.20
  6314.05      0.23      0.24      0.21      0.21      0.24      0.20      0.26      0.19      0.26      0.20      0.14      0.20
  6315.05      0.22      0.23      0.21      0.20      0.23      0.20      0.26      0.19      0.25      0.20      0.14      0.19
  6316.05      0.23      0.24      0.21      0.21      0.24      0.20      0.26      0.19      0.26      0.21      0.14      0.20
  6317.05      0.23      0.24      0.21      0.21      0.24      0.20      0.26      0.20      0.26      0.21      0.14      0.20
  6318.05      0.23      0.24      0.21      0.21      0.24      0.20      0.26      0.20      0.26      0.21      0.14      0.20
  6319.05      0.23      0.24      0.21      0.21      0.24      0.21      0.27      0.20      0.26      0.22      0.14      0.20
  6320.05      0.23      0.24      0.22      0.21      0.24      0.21      0.27      0.20      0.26      0.22      0.14      0.20
  6321.05      0.23      0.24      0.21      0.21      0.24      0.20      0.26      0.20      0.26      0.22      0.14      0.20
  6322.05      0.20      0.20      0.18      0.18      0.21      0.18      0.23      0.17      0.22      0.19      0.12      0.17
  6323.05      0.17      0.17      0.15      0.15      0.17      0.15      0.19      0.14      0.19      0.16      0.10      0.14
  6324.05      0.19      0.20      0.18      0.17      0.20      0.17      0.22      0.16      0.21      0.18      0.12      0.16
  6325.05      0.22      0.23      0.21      0.20      0.23      0.20      0.25      0.19      0.25      0.22      0.13      0.19
  6326.05      0.23      0.23      0.21      0.21      0.23      0.20      0.26      0.20      0.25      0.22      0.14      0.20
  6327.05      0.23      0.23      0.21      0.21      0.23      0.20      0.26      0.20      0.25      0.22      0.14      0.19
  6328.05      0.22      0.23      0.21      0.20      0.23      0.20      0.25      0.19      0.25      0.22      0.13      0.19
  6329.05      0.22      0.23      0.21      0.20      0.23      0.20      0.25      0.19      0.24      0.22      0.13      0.19
  6330.05      0.20      0.21      0.19      0.18      0.21      0.18      0.23      0.17      0.22      0.20      0.12      0.17
  6331.05      0.14      0.14      0.13      0.13      0.14      0.12      0.16      0.12      0.15      0.14      0.08      0.12
  6332.05      0.14      0.14      0.13      0.12      0.14      0.12      0.15      0.12      0.15      0.14      0.08      0.12
  6333.05      0.20      0.20      0.19      0.18      0.20      0.18      0.22      0.17      0.22      0.21      0.12      0.17
  6334.05      0.23      0.23      0.21      0.21      0.23      0.21      0.25      0.20      0.25      0.24      0.14      0.19
  6335.05      0.23      0.23      0.21      0.21      0.23      0.20      0.25      0.20      0.25      0.24      0.14      0.19
  6336.05      0.23      0.23      0.21      0.21      0.23      0.21      0.26      0.20      0.25      0.25      0.14      0.19
  6337.05      0.23      0.24      0.22      0.21      0.24      0.21      0.26      0.20      0.25      0.25      0.14      0.20
  6338.05      0.23      0.24      0.22      0.21      0.24      0.21      0.26      0.20      0.25      0.25      0.14      0.20
  6339.05      0.23      0.23      0.21      0.21      0.23      0.21      0.25      0.20      0.25      0.25      0.14      0.19
  6340.05      0.23      0.23      0.21      0.21      0.23      0.21      0.25      0.20      0.25      0.26      0.14      0.19
  6341.05      0.21      0.21      0.19      0.19      0.21      0.19      0.23      0.18      0.23      0.24      0.12      0.18
  6342.05      0.17      0.17      0.16      0.15      0.17      0.15      0.19      0.15      0.18      0.19      0.10      0.14
  6343.05      0.18      0.19      0.17      0.17      0.19      0.17      0.20      0.16      0.20      0.21      0.11      0.16
  6344.05      0.22      0.22      0.20      0.20      0.22      0.20      0.24      0.19      0.23      0.25      0.13      0.18
  6345.05      0.22      0.22      0.21      0.20      0.22      0.20      0.24      0.19      0.24      0.26      0.13      0.19
  6346.05      0.22      0.23      0.21      0.20      0.23      0.20      0.24      0.20      0.24      0.26      0.13      0.19
  6347.05      0.22      0.23      0.21      0.20      0.23      0.20      0.24      0.20      0.24      0.27      0.13      0.19
  6348.05      0.22      0.23      0.21      0.20      0.22      0.20      0.24      0.20      0.24      0.27      0.13      0.19
  6349.05      0.21      0.21      0.20      0.19      0.21      0.19      0.23      0.18      0.22      0.25      0.12      0.18
  6350.05      0.18      0.18      0.17      0.16      0.18      0.16      0.19      0.16      0.19      0.22      0.11      0.15
  6351.05      0.19      0.20      0.18      0.18      0.19      0.17      0.21      0.17      0.20      0.24      0.11      0.16
  6352.05      0.22      0.22      0.20      0.20      0.22      0.20      0.23      0.19      0.23      0.27      0.13      0.18
  6353.05      0.22      0.22      0.21      0.20      0.22      0.20      0.24      0.19      0.23      0.28      0.13      0.18
  6354.05      0.22      0.23      0.21      0.20      0.22      0.20      0.24      0.19      0.23      0.28      0.13      0.19
  6355.05      0.22      0.23      0.21      0.20      0.23      0.20      0.24      0.20      0.23      0.29      0.13      0.19
  6356.05      0.22      0.22      0.21      0.20      0.22      0.20      0.23      0.19      0.23      0.28      0.13      0.18
  6357.05      0.18      0.18      0.17      0.16      0.18      0.16      0.19      0.16      0.19      0.23      0.11      0.15
  6358.05      0.15      0.15      0.14      0.13      0.15      0.13      0.15      0.13      0.15      0.19      0.09      0.12
  6359.05      0.18      0.18      0.17      0.16      0.18      0.16      0.19      0.16      0.18      0.24      0.11      0.15
  6360.05      0.22      0.22      0.21      0.20      0.22      0.20      0.23      0.19      0.23      0.29      0.13      0.18
  6361.05      0.22      0.22      0.21      0.20      0.22      0.20      0.23      0.19      0.23      0.30      0.13      0.19
  6362.05      0.22      0.22      0.21      0.20      0.22      0.20      0.23      0.19      0.23      0.30      0.13      0.18
  6363.05      0.21      0.21      0.20      0.19      0.21      0.19      0.22      0.18      0.22      0.29      0.12      0.18
  6364.05      0.10      0.11      0.10      0.10      0.11      0.10      0.11      0.09      0.11      0.15      0.06      0.09
  6365.05      0.05      0.05      0.05      0.04      0.05      0.04      0.05      0.04      0.05      0.07      0.03      0.04
  6366.05      0.05      0.05      0.05      0.04      0.05      0.04      0.05      0.04      0.05      0.07      0.03      0.04
  6367.05      0.11      0.11      0.10      0.10      0.11      0.10      0.11      0.09      0.11      0.15      0.06      0.09
  6368.05      0.21      0.21      0.20      0.19      0.21      0.19      0.22      0.18      0.21      0.30      0.13      0.18
  6369.05      0.22      0.22      0.21      0.20      0.22      0.20      0.22      0.19      0.22      0.31      0.13      0.18
  6370.05      0.22      0.22      0.21      0.20      0.22      0.20      0.22      0.19      0.22      0.32      0.13      0.18
  6371.05      0.22      0.22      0.21      0.20      0.22      0.20      0.23      0.19      0.22      0.32      0.13      0.18
  6372.05      0.22      0.22      0.21      0.20      0.22      0.20      0.23      0.19      0.22      0.32      0.13      0.19
  6373.05      0.22      0.22      0.21      0.20      0.22      0.20      0.23      0.19      0.22      0.33      0.13      0.19
  6374.05      0.22      0.22      0.21      0.20      0.22      0.20      0.22      0.19      0.22      0.33      0.13      0.18
  6375.05      0.22      0.22      0.21      0.20      0.22      0.20      0.22      0.19      0.22      0.33      0.13      0.18
  6376.05      0.22      0.22      0.21      0.20      0.22      0.20      0.23      0.19      0.22      0.33      0.13      0.19
  6377.05      0.22      0.22      0.21      0.20      0.22      0.20      0.23      0.19      0.22      0.34      0.13      0.19
  6378.05      0.22      0.22      0.21      0.21      0.22      0.21      0.23      0.19      0.22      0.34      0.13      0.19
  6379.05      0.22      0.22      0.21      0.21      0.22      0.21      0.23      0.19      0.22      0.34      0.14      0.19
  6380.05      0.21      0.21      0.20      0.19      0.21      0.19      0.21      0.18      0.21      0.32      0.13      0.18
  6381.05      0.19      0.19      0.18      0.18      0.19      0.18      0.19      0.16      0.19      0.32      0.12      0.16
  6382.05      0.20      0.21      0.20      0.19      0.21      0.19      0.21      0.18      0.21      0.54      0.13      0.18
  6383.05      0.22      0.22      0.21      0.20      0.22      0.21      0.22      0.19      0.22      0.86      0.13      0.19
  6384.05      0.22      0.22      0.21      0.20      0.22      0.21      0.22      0.19      0.22      0.93      0.13      0.19
  6385.05      0.22      0.22      0.21      0.21      0.22      0.21      0.22      0.19      0.22      0.94      0.14      0.19
  6386.05      0.22      0.22      0.21      0.20      0.22      0.21      0.22      0.19      0.22      0.92      0.14      0.19
  6387.05      0.20      0.20      0.19      0.19      0.20      0.19      0.20      0.17      0.20      0.83      0.12      0.17
  6388.05      0.17      0.17      0.16      0.16      0.17      0.16      0.17      0.15      0.17      0.70      0.10      0.15
  6389.05      0.19      0.19      0.18      0.18      0.19      0.18      0.19      0.16      0.19      0.77      0.12      0.16
  6390.05      0.22      0.22      0.21      0.20      0.22      0.21      0.22      0.19      0.22      0.88      0.13      0.19
  6391.05      0.22      0.22      0.21      0.21      0.22      0.21      0.22      0.19      0.22      0.89      0.14      0.19
  6392.05      0.22      0.22      0.21      0.21      0.22      0.21      0.22      0.19      0.22      0.88      0.14      0.19
  6393.05      0.22      0.22      0.21      0.21      0.22      0.21      0.22      0.19      0.22      0.86      0.14      0.19
  6394.05      0.22      0.22      0.21      0.20      0.22      0.21      0.22      0.19      0.22      0.85      0.14      0.19
  6395.05      0.22      0.22      0.21      0.21      0.22      0.21      0.22      0.19      0.22      0.85      0.14      0.19
  6396.05      0.22      0.22      0.21      0.21      0.22      0.21      0.22      0.19      0.22      0.85      0.14      0.19
  6397.05      0.22      0.22      0.21      0.21      0.22      0.21      0.22      0.19      0.22      0.85      0.14      0.20
  6398.05      0.22      0.22      0.21      0.21      0.22      0.21      0.22      0.19      0.22      0.83      0.14      0.19
  6399.05      0.22      0.22      0.21      0.21      0.23      0.21      0.22      0.19      0.22      0.83      0.14      0.20
  6400.05      0.22      0.23      0.22      0.21      0.23      0.22      0.23      0.20      0.22      0.83      0.14      0.20
  6401.05      0.23      0.23      0.22      0.22      0.23      0.22      0.23      0.20      0.23      0.83      0.14      0.20
  6402.05      0.23      0.23      0.22      0.22      0.23      0.22      0.23      0.20      0.23      0.83      0.15      0.20
  6403.05      0.23      0.23      0.22      0.22      0.23      0.22      0.23      0.20      0.22      0.81      0.14      0.20
  6404.05      0.23      0.23      0.22      0.21      0.23      0.22      0.23      0.20      0.22      0.80      0.14      0.20
  6405.05      0.22      0.22      0.22      0.21      0.23      0.22      0.22      0.19      0.22      0.78      0.14      0.20
  6406.05      0.22      0.22      0.21      0.21      0.22      0.21      0.22      0.19      0.22      0.76      0.14      0.20
  6407.05      0.22      0.22      0.22      0.21      0.22      0.22      0.22      0.19      0.22      0.76      0.14      0.20
  6408.05      0.19      0.18      0.18      0.18      0.19      0.18      0.18      0.16      0.18      0.62      0.12      0.16
  6409.05      0.15      0.15      0.15      0.15      0.16      0.15      0.15      0.13      0.15      0.52      0.10      0.14
  6410.05      0.19      0.19      0.18      0.18      0.19      0.18      0.19      0.16      0.18      0.62      0.12      0.17
  6411.05      0.23      0.22      0.22      0.21      0.23      0.22      0.22      0.20      0.22      0.73      0.14      0.20
  6412.05      0.23      0.22      0.22      0.21      0.23      0.22      0.22      0.20      0.22      0.72      0.14      0.20
  6413.05      0.23      0.22      0.22      0.21      0.23      0.22      0.22      0.20      0.22      0.71      0.14      0.20
  6414.05      0.22      0.22      0.21      0.21      0.22      0.22      0.22      0.19      0.21      0.69      0.14      0.20
  6415.05      0.20      0.20      0.20      0.19      0.21      0.20      0.20      0.18      0.20      0.63      0.13      0.18
  6416.05      0.20      0.20      0.20      0.19      0.21      0.20      0.20      0.18      0.20      0.62      0.13      0.18
  6417.05      0.22      0.22      0.21      0.21      0.22      0.22      0.22      0.19      0.21      0.66      0.14      0.20
  6418.05      0.22      0.22      0.22      0.21      0.23      0.22      0.22      0.19      0.22      0.66      0.15      0.20
  6419.05      0.22      0.22      0.22      0.21      0.23      0.22      0.22      0.19      0.22      0.65      0.15      0.20
  6420.05      0.22      0.22      0.21      0.21      0.22      0.22      0.22      0.19      0.21      0.64      0.14      0.20
  6421.05      0.21      0.21      0.20      0.20      0.21      0.21      0.20      0.18      0.20      0.59      0.14      0.18
  6422.05      0.19      0.19      0.19      0.18      0.19      0.19      0.19      0.17      0.19      0.54      0.13      0.17
  6423.05      0.21      0.21      0.20      0.20      0.21      0.21      0.21      0.18      0.20      0.58      0.14      0.19
  6424.05      0.22      0.22      0.21      0.21      0.22      0.22      0.22      0.19      0.21      0.60      0.14      0.20
  6425.05      0.22      0.22      0.22      0.21      0.22      0.22      0.22      0.19      0.21      0.59      0.15      0.20
  6426.05      0.22      0.22      0.22      0.21      0.22      0.22      0.22      0.19      0.21      0.59      0.15      0.20
  6427.05      0.22      0.22      0.22      0.21      0.22      0.22      0.22      0.19      0.21      0.57      0.15      0.20
  6428.05      0.22      0.22      0.21      0.21      0.22      0.22      0.21      0.19      0.21      0.56      0.14      0.20
  6429.05      0.22      0.22      0.22      0.21      0.22      0.22      0.22      0.19      0.21      0.56      0.15      0.20
  6430.05      0.22      0.22      0.22      0.21      0.22      0.22      0.22      0.19      0.21      0.55      0.15      0.20
  6431.05      0.22      0.22      0.22      0.21      0.22      0.22      0.21      0.19      0.21      0.54      0.15      0.20
  6432.05      0.22      0.22      0.22      0.21      0.22      0.22      0.22      0.19      0.21      0.54      0.15      0.20
  6433.05      0.22      0.22      0.22      0.21      0.22      0.22      0.22      0.19      0.21      0.54      0.15      0.20
  6434.05      0.22      0.22      0.22      0.21      0.22      0.22      0.21      0.19      0.21      0.53      0.15      0.20
  6435.05      0.22      0.22      0.21      0.21      0.22      0.22      0.21      0.19      0.21      0.53      0.15      0.20
  6436.05      0.22      0.22      0.21      0.21      0.22      0.22      0.21      0.19      0.21      0.52      0.15      0.20
  6437.05      0.22      0.22      0.21      0.21      0.22      0.22      0.21      0.19      0.21      0.52      0.15      0.19
  6438.05      0.22      0.21      0.21      0.21      0.22      0.22      0.21      0.19      0.21      0.52      0.15      0.19
  6439.05      0.22      0.22      0.22      0.21      0.22      0.22      0.21      0.19      0.21      0.52      0.15      0.20
  6440.05      0.22      0.22      0.22      0.21      0.23      0.23      0.22      0.19      0.22      0.53      0.15      0.20
  6441.05      0.23      0.23      0.23      0.22      0.23      0.23      0.22      0.19      0.22      0.54      0.15      0.20
  6442.05      0.22      0.22      0.22      0.22      0.23      0.23      0.22      0.19      0.22      0.53      0.15      0.20
  6443.05      0.22      0.22      0.22      0.21      0.22      0.23      0.21      0.19      0.21      0.53      0.15      0.20
  6444.05      0.22      0.22      0.22      0.21      0.22      0.23      0.21      0.19      0.21      0.52      0.15      0.20
  6445.05      0.22      0.22      0.22      0.21      0.22      0.23      0.21      0.19      0.21      0.52      0.15      0.20
  6446.05      0.22      0.22      0.22      0.21      0.22      0.23      0.21      0.19      0.21      0.52      0.15      0.20
  6447.05      0.22      0.22      0.22      0.21      0.22      0.23      0.21      0.19      0.21      0.52      0.15      0.20
  6448.05      0.22      0.22      0.22      0.21      0.22      0.23      0.21      0.19      0.22      0.52      0.15      0.20
  6449.05      0.22      0.22      0.22      0.21      0.22      0.23      0.21      0.19      0.21      0.52      0.15      0.20
  6450.05      0.22      0.22      0.22      0.21      0.22      0.23      0.21      0.19      0.21      0.51      0.15      0.20
  6451.05      0.22      0.22      0.22      0.21      0.22      0.23      0.21      0.19      0.21      0.51      0.15      0.20
  6452.05      0.22      0.22      0.22      0.21      0.22      0.23      0.21      0.19      0.22      0.52      0.15      0.20
  6453.05      0.21      0.21      0.21      0.21      0.22      0.23      0.21      0.18      0.21      0.49      0.15      0.19
  6454.05      0.21      0.21      0.21      0.20      0.21      0.22      0.20      0.18      0.20      0.48      0.14      0.19
  6455.05      0.21      0.21      0.21      0.21      0.22      0.23      0.20      0.18      0.21      0.49      0.15      0.19
  6456.05      0.21      0.21      0.22      0.21      0.22      0.23      0.21      0.19      0.21      0.50      0.15      0.19
  6457.05      0.21      0.21      0.22      0.21      0.22      0.23      0.21      0.19      0.21      0.50      0.15      0.20
  6458.05      0.22      0.22      0.22      0.21      0.22      0.24      0.21      0.19      0.21      0.50      0.15      0.20
  6459.05      0.21      0.21      0.22      0.21      0.22      0.23      0.20      0.18      0.21      0.49      0.15      0.19
  6460.05      0.20      0.20      0.21      0.20      0.21      0.22      0.20      0.18      0.20      0.47      0.14      0.19
  6461.05      0.22      0.22      0.22      0.21      0.22      0.24      0.21      0.19      0.21      0.50      0.15      0.20
  6462.05      0.22      0.22      0.23      0.22      0.23      0.24      0.21      0.19      0.22      0.51      0.16      0.20
  6463.05      0.22      0.22      0.23      0.22      0.23      0.25      0.22      0.19      0.22      0.51      0.16      0.20
  6464.05      0.21      0.21      0.22      0.21      0.22      0.24      0.21      0.18      0.21      0.49      0.15      0.19
  6465.05      0.18      0.18      0.18      0.17      0.18      0.20      0.17      0.15      0.17      0.40      0.13      0.16
  6466.05      0.18      0.18      0.18      0.17      0.18      0.20      0.17      0.15      0.17      0.40      0.13      0.16
  6467.05      0.16      0.16      0.17      0.16      0.17      0.18      0.16      0.14      0.16      0.37      0.11      0.15
  6468.05      0.15      0.15      0.16      0.15      0.16      0.17      0.15      0.13      0.15      0.35      0.11      0.14
  6469.05      0.19      0.19      0.20      0.19      0.20      0.22      0.18      0.17      0.19      0.43      0.14      0.18
  6470.05      0.22      0.22      0.23      0.21      0.22      0.25      0.21      0.19      0.22      0.49      0.16      0.20
  6471.05      0.20      0.20      0.21      0.19      0.20      0.22      0.19      0.17      0.20      0.45      0.14      0.18
  6472.05      0.15      0.15      0.16      0.15      0.16      0.17      0.15      0.13      0.15      0.35      0.11      0.14
  6473.05      0.15      0.15      0.16      0.15      0.16      0.17      0.15      0.13      0.15      0.34      0.11      0.14
  6474.05      0.20      0.20      0.20      0.19      0.20      0.22      0.19      0.17      0.19      0.44      0.14      0.18
  6475.05      0.21      0.22      0.22      0.21      0.22      0.25      0.21      0.19      0.21      0.48      0.15      0.20
  6476.05      0.18      0.18      0.19      0.18      0.19      0.21      0.17      0.16      0.18      0.40      0.13      0.16
  6477.05      0.14      0.14      0.15      0.14      0.14      0.16      0.13      0.12      0.14      0.31      0.10      0.13
  6478.05      0.16      0.16      0.17      0.16      0.17      0.19      0.16      0.14      0.16      0.36      0.12      0.15
  6479.05      0.19      0.19      0.20      0.19      0.20      0.22      0.18      0.17      0.19      0.42      0.14      0.17
  6480.05      0.19      0.19      0.20      0.18      0.19      0.22      0.18      0.16      0.19      0.42      0.14      0.17
  6481.05      0.21      0.22      0.23      0.21      0.22      0.25      0.21      0.19      0.21      0.47      0.16      0.20
  6482.05      0.22      0.22      0.24      0.22      0.23      0.26      0.21      0.20      0.22      0.49      0.16      0.20
  6483.05      0.22      0.22      0.23      0.21      0.23      0.26      0.21      0.19      0.22      0.48      0.16      0.20
  6484.05      0.22      0.22      0.23      0.22      0.23      0.26      0.21      0.19      0.22      0.48      0.16      0.20
  6485.05      0.23      0.23      0.24      0.22      0.23      0.27      0.22      0.20      0.23      0.49      0.16      0.20
  6486.05      0.22      0.22      0.24      0.22      0.23      0.27      0.21      0.19      0.22      0.48      0.16      0.20
  6487.05      0.22      0.22      0.23      0.22      0.23      0.26      0.21      0.19      0.22      0.48      0.16      0.20
  6488.05      0.22      0.22      0.24      0.22      0.23      0.27      0.21      0.19      0.22      0.48      0.16      0.20
  6489.05      0.22      0.22      0.24      0.22      0.23      0.27      0.21      0.20      0.22      0.48      0.16      0.20
  6490.05      0.23      0.23      0.24      0.22      0.23      0.28      0.21      0.20      0.23      0.48      0.16      0.20
  6491.05      0.23      0.23      0.24      0.22      0.23      0.28      0.21      0.20      0.23      0.48      0.16      0.20
  6492.05      0.22      0.23      0.24      0.22      0.23      0.28      0.21      0.20      0.23      0.48      0.16      0.20
  6493.05      0.22      0.23      0.24      0.22      0.23      0.28      0.21      0.20      0.23      0.48      0.16      0.20
  6494.05      0.22      0.23      0.24      0.22      0.23      0.28      0.21      0.20      0.23      0.48      0.17      0.20
  6495.05      0.22      0.22      0.24      0.22      0.23      0.28      0.21      0.20      0.23      0.47      0.16      0.20
  6496.05      0.22      0.22      0.24      0.22      0.23      0.28      0.21      0.20      0.23      0.47      0.16      0.20
  6497.05      0.23      0.23      0.24      0.22      0.24      0.29      0.22      0.20      0.23      0.48      0.17      0.21
  6498.05      0.22      0.22      0.23      0.21      0.23      0.28      0.21      0.19      0.22      0.46      0.16      0.20
  6499.05      0.17      0.17      0.18      0.17      0.18      0.22      0.16      0.15      0.17      0.36      0.13      0.15
  6500.05      0.12      0.12      0.12      0.11      0.12      0.15      0.11      0.10      0.12      0.24      0.09      0.10
  6501.05      0.12      0.12      0.13      0.12      0.12      0.16      0.11      0.11      0.12      0.25      0.09      0.11
  6502.05      0.19      0.19      0.20      0.18      0.19      0.24      0.18      0.16      0.19      0.39      0.14      0.17
  6503.05      0.22      0.22      0.23      0.21      0.22      0.28      0.21      0.19      0.22      0.45      0.16      0.20
  6504.05      0.21      0.21      0.23      0.21      0.22      0.28      0.20      0.19      0.22      0.44      0.16      0.19
  6505.05      0.21      0.21      0.23      0.21      0.22      0.28      0.20      0.18      0.21      0.43      0.16      0.19
  6506.05      0.17      0.17      0.19      0.17      0.18      0.23      0.16      0.15      0.18      0.36      0.13      0.16
  6507.05      0.16      0.16      0.17      0.16      0.17      0.21      0.15      0.14      0.16      0.33      0.12      0.14
  6508.05      0.20      0.20      0.21      0.19      0.21      0.27      0.19      0.17      0.20      0.40      0.15      0.18
  6509.05      0.22      0.22      0.24      0.21      0.23      0.29      0.21      0.19      0.22      0.44      0.16      0.20
  6510.05      0.22      0.22      0.24      0.22      0.23      0.30      0.21      0.19      0.22      0.44      0.17      0.20
  6511.05      0.22      0.22      0.24      0.22      0.23      0.30      0.21      0.19      0.23      0.45      0.17      0.20
  6512.05      0.22      0.22      0.24      0.22      0.23      0.30      0.21      0.20      0.23      0.44      0.17      0.20
  6513.05      0.22      0.22      0.24      0.22      0.23      0.30      0.21      0.19      0.23      0.44      0.17      0.20
  6514.05      0.22      0.22      0.24      0.22      0.23      0.30      0.21      0.19      0.23      0.44      0.17      0.20
  6515.05      0.21      0.21      0.22      0.20      0.22      0.29      0.20      0.18      0.21      0.41      0.16      0.19
  6516.05      0.20      0.20      0.22      0.19      0.21      0.28      0.19      0.18      0.20      0.39      0.15      0.18
  6517.05      0.22      0.22      0.23      0.21      0.23      0.30      0.20      0.19      0.22      0.43      0.16      0.19
  6518.05      0.22      0.23      0.24      0.22      0.24      0.32      0.21      0.20      0.23      0.44      0.17      0.20
  6519.05      0.23      0.23      0.25      0.22      0.24      0.32      0.22      0.20      0.24      0.45      0.17      0.20
  6520.05      0.23      0.23      0.25      0.22      0.24      0.32      0.22      0.20      0.24      0.45      0.18      0.21
  6521.05      0.23      0.23      0.25      0.22      0.24      0.32      0.21      0.20      0.23      0.44      0.17      0.20
  6522.05      0.22      0.22      0.24      0.22      0.24      0.32      0.21      0.20      0.23      0.44      0.17      0.20
  6523.05      0.20      0.20      0.22      0.20      0.21      0.29      0.19      0.18      0.21      0.40      0.16      0.18
  6524.05      0.17      0.17      0.19      0.17      0.18      0.25      0.16      0.15      0.18      0.33      0.13      0.15
  6525.05      0.19      0.19      0.21      0.19      0.20      0.28      0.18      0.17      0.20      0.37      0.15      0.17
  6526.05      0.22      0.22      0.24      0.22      0.23      0.32      0.21      0.20      0.23      0.42      0.17      0.20
  6527.05      0.22      0.22      0.24      0.22      0.23      0.32      0.21      0.19      0.23      0.42      0.17      0.20
  6528.05      0.22      0.22      0.24      0.22      0.23      0.33      0.21      0.20      0.23      0.42      0.17      0.20
  6529.05      0.23      0.23      0.25      0.23      0.24      0.35      0.22      0.20      0.24      0.44      0.18      0.21
  6530.05      0.24      0.23      0.26      0.23      0.25      0.36      0.22      0.21      0.24      0.45      0.19      0.21
  6531.05      0.24      0.23      0.26      0.23      0.25      0.36      0.22      0.21      0.24      0.45      0.19      0.21
  6532.05      0.23      0.23      0.26      0.23      0.25      0.36      0.22      0.21      0.24      0.44      0.19      0.21
  6533.05      0.22      0.22      0.24      0.21      0.23      0.34      0.20      0.19      0.22      0.41      0.18      0.19
  6534.05      0.14      0.14      0.16      0.14      0.15      0.23      0.14      0.13      0.15      0.27      0.12      0.13
  6535.05      0.12      0.12      0.13      0.12      0.13      0.19      0.11      0.11      0.12      0.23      0.10      0.11
  6536.05      0.18      0.18      0.19      0.17      0.19      0.28      0.17      0.16      0.18      0.33      0.14      0.16
  6537.05      0.23      0.23      0.25      0.23      0.24      0.37      0.21      0.20      0.23      0.42      0.19      0.20
  6538.05      0.23      0.23      0.25      0.23      0.25      0.38      0.22      0.21      0.24      0.43      0.19      0.21
  6539.05      0.23      0.23      0.25      0.23      0.24      0.38      0.22      0.21      0.23      0.42      0.19      0.21
  6540.05      0.23      0.23      0.25      0.23      0.24      0.38      0.22      0.21      0.23      0.42      0.19      0.21
  6541.05      0.23      0.23      0.25      0.23      0.24      0.38      0.21      0.21      0.23      0.41      0.19      0.20
  6542.05      0.22      0.22      0.24      0.21      0.23      0.36      0.20      0.20      0.22      0.39      0.18      0.20
  6543.05      0.21      0.21      0.23      0.21      0.23      0.36      0.20      0.19      0.22      0.38      0.18      0.19
  6544.05      0.21      0.21      0.23      0.21      0.23      0.36      0.20      0.19      0.22      0.38      0.18      0.19
  6545.05      0.17      0.17      0.19      0.17      0.18      0.30      0.16      0.16      0.17      0.31      0.14      0.15
  6546.05      0.12      0.12      0.13      0.12      0.13      0.21      0.11      0.11      0.12      0.22      0.10      0.11
  6547.05      0.12      0.12      0.13      0.12      0.12      0.20      0.11      0.11      0.12      0.21      0.10      0.11
  6548.05      0.17      0.17      0.18      0.17      0.18      0.29      0.16      0.15      0.17      0.30      0.14      0.15
  6549.05      0.22      0.22      0.24      0.21      0.23      0.38      0.20      0.20      0.22      0.38      0.19      0.20
  6550.05      0.22      0.21      0.24      0.21      0.23      0.39      0.20      0.20      0.22      0.38      0.19      0.20
  6551.05      0.22      0.22      0.24      0.22      0.23      0.39      0.21      0.20      0.22      0.38      0.19      0.20
  6552.05      0.22      0.22      0.24      0.22      0.23      0.40      0.21      0.20      0.22      0.38      0.19      0.20
  6553.05      0.22      0.22      0.24      0.22      0.23      0.40      0.21      0.20      0.22      0.38      0.19      0.20
  6554.05      0.18      0.18      0.20      0.18      0.19      0.33      0.17      0.16      0.18      0.31      0.16      0.16
  6555.05      0.12      0.12      0.13      0.12      0.12      0.22      0.11      0.11      0.12      0.20      0.10      0.11
  6556.05      0.13      0.13      0.14      0.13      0.13      0.24      0.12      0.12      0.13      0.22      0.11      0.12
  6557.05      0.20      0.19      0.22      0.19      0.21      0.37      0.19      0.18      0.20      0.33      0.17      0.18
  6558.05      0.22      0.22      0.24      0.22      0.23      0.42      0.21      0.21      0.22      0.37      0.20      0.20
  6559.05      0.22      0.22      0.25      0.22      0.23      0.43      0.21      0.21      0.22      0.38      0.20      0.20
  6560.05      0.22      0.22      0.25      0.22      0.23      0.43      0.21      0.21      0.22      0.38      0.20      0.20
  6561.05      0.22      0.22      0.25      0.22      0.23      0.43      0.21      0.21      0.22      0.37      0.20      0.20
  6562.05      0.22      0.22      0.25      0.22      0.23      0.43      0.21      0.21      0.22      0.37      0.20      0.20
  6563.05      0.21      0.21      0.23      0.21      0.22      0.41      0.20      0.20      0.21      0.35      0.19      0.19
  6564.05      0.17      0.17      0.19      0.16      0.17      0.33      0.16      0.16      0.16      0.28      0.15      0.15
  6565.05      0.16      0.16      0.19      0.16      0.17      0.33      0.16      0.16      0.16      0.27      0.15      0.15
  6566.05      0.21      0.21      0.23      0.21      0.22      0.42      0.20      0.20      0.21      0.34      0.19      0.19
  6567.05      0.22      0.22      0.25      0.22      0.23      0.45      0.21      0.21      0.22      0.37      0.21      0.21
  6568.05      0.22      0.22      0.25      0.22      0.23      0.44      0.21      0.21      0.22      0.36      0.20      0.20
  6569.05      0.21      0.21      0.24      0.21      0.22      0.42      0.20      0.20      0.21      0.34      0.20      0.19
  6570.05      0.17      0.17      0.20      0.17      0.18      0.34      0.16      0.17      0.17      0.28      0.16      0.16
  6571.05      0.17      0.17      0.19      0.17      0.18      0.34      0.16      0.16      0.17      0.27      0.16      0.16
  6572.05      0.20      0.20      0.23      0.20      0.21      0.40      0.19      0.20      0.20      0.33      0.19      0.19
  6573.05      0.21      0.21      0.24      0.21      0.22      0.42      0.20      0.21      0.21      0.34      0.20      0.20
  6574.05      0.22      0.22      0.25      0.21      0.23      0.42      0.21      0.21      0.21      0.34      0.21      0.20
  6575.05      0.22      0.22      0.25      0.22      0.23      0.42      0.21      0.21      0.21      0.34      0.21      0.20
  6576.05      0.22      0.22      0.25      0.22      0.23      0.43      0.21      0.21      0.22      0.35      0.21      0.20
  6577.05      0.22      0.22      0.25      0.22      0.23      0.42      0.21      0.21      0.21      0.34      0.21      0.20
  6578.05      0.16      0.16      0.19      0.16      0.17      0.32      0.16      0.16      0.16      0.25      0.16      0.15
  6579.05      0.12      0.12      0.14      0.12      0.13      0.24      0.12      0.12      0.12      0.19      0.12      0.11
  6580.05      0.15      0.15      0.18      0.15      0.16      0.30      0.15      0.15      0.15      0.24      0.16      0.14
  6581.05      0.21      0.21      0.24      0.21      0.22      0.40      0.20      0.21      0.20      0.32      0.21      0.19
  6582.05      0.22      0.22      0.25      0.22      0.23      0.41      0.21      0.21      0.21      0.33      0.22      0.20
  6583.05      0.22      0.22      0.25      0.22      0.23      0.41      0.21      0.21      0.21      0.33      0.23      0.20
  6584.05      0.21      0.21      0.25      0.21      0.22      0.40      0.20      0.21      0.21      0.32      0.22      0.20
  6585.05      0.20      0.20      0.24      0.20      0.21      0.38      0.19      0.20      0.20      0.30      0.21      0.19
  6586.05      0.20      0.20      0.24      0.20      0.21      0.38      0.19      0.20      0.20      0.30      0.22      0.19
  6587.05      0.21      0.21      0.25      0.21      0.22      0.40      0.20      0.21      0.21      0.32      0.23      0.20
  6588.05      0.22      0.22      0.26      0.22      0.23      0.41      0.21      0.22      0.21      0.32      0.24      0.20
  6589.05      0.22      0.22      0.26      0.22      0.23      0.41      0.21      0.22      0.22      0.33      0.24      0.21
  6590.05      0.22      0.22      0.27      0.22      0.23      0.41      0.21      0.22      0.22      0.33      0.25      0.21
  6591.05      0.22      0.22      0.26      0.22      0.23      0.40      0.21      0.22      0.21      0.32      0.25      0.21
  6592.05      0.21      0.22      0.26      0.21      0.22      0.39      0.21      0.22      0.21      0.32      0.24      0.20
  6593.05      0.21      0.21      0.25      0.21      0.22      0.38      0.20      0.21      0.21      0.31      0.24      0.20
  6594.05      0.22      0.22      0.26      0.22      0.23      0.39      0.21      0.22      0.21      0.32      0.25      0.20
  6595.05      0.22      0.23      0.27      0.22      0.23      0.40      0.22      0.23      0.22      0.33      0.26      0.21
  6596.05      0.22      0.22      0.27      0.22      0.23      0.40      0.21      0.23      0.22      0.32      0.26      0.21
  6597.05      0.21      0.21      0.25      0.21      0.22      0.37      0.20      0.21      0.20      0.30      0.24      0.20
  6598.05      0.18      0.18      0.22      0.18      0.19      0.32      0.17      0.18      0.17      0.26      0.21      0.17
  6599.05      0.19      0.19      0.23      0.18      0.19      0.33      0.18      0.19      0.18      0.27      0.22      0.17
  6600.05      0.21      0.21      0.26      0.21      0.22      0.37      0.20      0.22      0.21      0.31      0.25      0.20
  6601.05      0.22      0.22      0.27      0.22      0.23      0.38      0.21      0.22      0.21      0.31      0.26      0.21
  6602.05      0.21      0.22      0.26      0.21      0.22      0.37      0.21      0.22      0.21      0.31      0.26      0.20
  6603.05      0.22      0.22      0.27      0.21      0.22      0.37      0.21      0.22      0.21      0.31      0.26      0.20
  6604.05      0.21      0.21      0.26      0.21      0.22      0.37      0.20      0.22      0.21      0.30      0.26      0.20
  6605.05      0.17      0.18      0.22      0.17      0.18      0.30      0.17      0.18      0.17      0.25      0.22      0.17
  6606.05      0.15      0.15      0.19      0.15      0.16      0.26      0.15      0.16      0.15      0.22      0.19      0.14
  6607.05      0.19      0.19      0.23      0.18      0.19      0.32      0.18      0.20      0.18      0.27      0.24      0.18
  6608.05      0.22      0.22      0.27      0.22      0.23      0.37      0.21      0.23      0.21      0.31      0.28      0.21
  6609.05      0.22      0.22      0.28      0.22      0.23      0.38      0.22      0.24      0.22      0.32      0.29      0.21
  6610.05      0.23      0.23      0.28      0.22      0.23      0.38      0.22      0.24      0.22      0.32      0.29      0.21
  6611.05      0.22      0.22      0.28      0.22      0.23      0.37      0.21      0.23      0.21      0.31      0.29      0.21
  6612.05      0.22      0.22      0.28      0.21      0.22      0.36      0.21      0.23      0.21      0.31      0.29      0.21
  6613.05      0.22      0.22      0.28      0.22      0.23      0.36      0.21      0.23      0.21      0.31      0.29      0.21
  6614.05      0.22      0.22      0.28      0.22      0.23      0.36      0.21      0.23      0.21      0.31      0.29      0.21
  6615.05      0.22      0.22      0.28      0.22      0.23      0.36      0.22      0.24      0.21      0.31      0.30      0.21
  6616.05      0.20      0.20      0.25      0.19      0.20      0.32      0.19      0.21      0.19      0.27      0.26      0.19
  6617.05      0.10      0.10      0.13      0.10      0.11      0.17      0.10      0.11      0.10      0.14      0.14      0.10
  6618.05      0.08      0.08      0.10      0.08      0.08      0.12      0.07      0.08      0.07      0.11      0.11      0.07
  6619.05      0.11      0.11      0.14      0.11      0.11      0.18      0.11      0.12      0.11      0.15      0.15      0.11
  6620.05      0.20      0.20      0.26      0.19      0.20      0.31      0.19      0.21      0.19      0.28      0.28      0.19
  6621.05      0.22      0.22      0.28      0.21      0.23      0.34      0.21      0.24      0.21      0.30      0.31      0.21
  6622.05      0.22      0.22      0.28      0.21      0.22      0.34      0.21      0.24      0.21      0.30      0.30      0.21
  6623.05      0.22      0.22      0.28      0.21      0.22      0.34      0.21      0.24      0.21      0.30      0.31      0.21
  6624.05      0.22      0.22      0.29      0.21      0.22      0.34      0.21      0.24      0.21      0.30      0.31      0.21
  6625.05      0.22      0.22      0.29      0.21      0.22      0.33      0.21      0.24      0.21      0.30      0.31      0.21
  6626.05      0.22      0.22      0.29      0.21      0.22      0.33      0.21      0.24      0.21      0.30      0.31      0.21
  6627.05      0.22      0.22      0.29      0.22      0.23      0.34      0.22      0.24      0.21      0.30      0.32      0.21
  6628.05      0.22      0.22      0.29      0.21      0.23      0.33      0.21      0.24      0.21      0.30      0.32      0.21
  6629.05      0.20      0.20      0.27      0.20      0.21      0.30      0.20      0.22      0.19      0.27      0.29      0.19
  6630.05      0.21      0.21      0.27      0.20      0.21      0.30      0.20      0.22      0.20      0.28      0.30      0.19
  6631.05      0.22      0.22      0.29      0.22      0.23      0.33      0.21      0.24      0.21      0.30      0.33      0.21
  6632.05      0.23      0.23      0.30      0.22      0.23      0.33      0.22      0.24      0.21      0.30      0.34      0.21
  6633.05      0.23      0.23      0.30      0.22      0.23      0.33      0.22      0.24      0.21      0.30      0.34      0.21
  6634.05      0.22      0.23      0.30      0.22      0.23      0.32      0.22      0.24      0.21      0.30      0.34      0.21
  6635.05      0.21      0.21      0.28      0.20      0.21      0.29      0.20      0.22      0.20      0.27      0.31      0.19
  6636.05      0.19      0.19      0.25      0.18      0.19      0.26      0.18      0.20      0.18      0.25      0.29      0.17
  6637.05      0.21      0.21      0.28      0.20      0.21      0.29      0.20      0.22      0.20      0.28      0.32      0.19
  6638.05      0.23      0.23      0.30      0.22      0.23      0.32      0.22      0.24      0.21      0.30      0.35      0.21
  6639.05      0.22      0.22      0.30      0.22      0.23      0.31      0.21      0.24      0.21      0.29      0.35      0.21
  6640.05      0.22      0.22      0.30      0.21      0.22      0.30      0.21      0.24      0.21      0.29      0.35      0.20
  6641.05      0.22      0.22      0.30      0.21      0.23      0.30      0.21      0.24      0.21      0.29      0.36      0.21
  6642.05      0.22      0.22      0.30      0.22      0.23      0.30      0.22      0.24      0.21      0.29      0.36      0.21
  6643.05      0.22      0.23      0.31      0.22      0.23      0.30      0.22      0.24      0.21      0.29      0.37      0.21
  6644.05      0.23      0.23      0.31      0.22      0.23      0.30      0.22      0.24      0.22      0.29      0.37      0.21
  6645.05      0.23      0.23      0.31      0.22      0.23      0.31      0.22      0.25      0.22      0.30      0.38      0.21
  6646.05      0.23      0.23      0.32      0.22      0.24      0.31      0.22      0.25      0.22      0.30      0.39      0.21
  6647.05      0.23      0.23      0.32      0.23      0.24      0.31      0.23      0.25      0.22      0.30      0.39      0.21
  6648.05      0.23      0.23      0.32      0.23      0.24      0.30      0.23      0.25      0.22      0.30      0.40      0.22
  6649.05      0.23      0.23      0.32      0.23      0.24      0.30      0.23      0.25      0.22      0.30      0.40      0.22
  6650.05      0.23      0.23      0.32      0.22      0.23      0.29      0.22      0.24      0.22      0.29      0.39      0.21
  6651.05      0.23      0.23      0.31      0.22      0.23      0.29      0.22      0.24      0.22      0.29      0.39      0.21
  6652.05      0.22      0.23      0.31      0.22      0.23      0.28      0.22      0.24      0.22      0.29      0.39      0.21
  6653.05      0.23      0.23      0.31      0.22      0.23      0.29      0.22      0.24      0.22      0.29      0.40      0.21
  6654.05      0.23      0.23      0.32      0.22      0.23      0.29      0.22      0.24      0.22      0.29      0.40      0.21
  6655.05      0.23      0.23      0.32      0.22      0.23      0.29      0.22      0.24      0.22      0.29      0.41      0.21
  6656.05      0.23      0.23      0.32      0.22      0.23      0.29      0.22      0.24      0.22      0.29      0.41      0.21
  6657.05      0.23      0.23      0.33      0.22      0.24      0.29      0.23      0.25      0.22      0.29      0.42      0.21
  6658.05      0.24      0.24      0.33      0.23      0.24      0.30      0.23      0.25      0.23      0.30      0.43      0.22
  6659.05      0.25      0.25      0.35      0.24      0.25      0.31      0.24      0.26      0.24      0.31      0.45      0.23
  6660.05      0.27      0.27      0.38      0.26      0.27      0.33      0.26      0.28      0.26      0.33      0.49      0.24
  6661.05      0.18      0.18      0.26      0.18      0.18      0.22      0.18      0.19      0.18      0.23      0.34      0.17
  6662.05      0.11      0.12      0.16      0.11      0.12      0.14      0.11      0.12      0.11      0.14      0.21      0.10
  6663.05      0.10      0.10      0.14      0.09      0.10      0.12      0.09      0.10      0.09      0.12      0.18      0.09
  6664.05      0.11      0.11      0.16      0.11      0.11      0.13      0.11      0.12      0.11      0.14      0.21      0.10
  6665.05      0.19      0.19      0.28      0.19      0.19      0.23      0.19      0.20      0.19      0.24      0.37      0.17
  6666.05      0.26      0.27      0.38      0.26      0.27      0.32      0.26      0.28      0.26      0.33      0.51      0.24
  6667.05      0.27      0.27      0.38      0.26      0.27      0.32      0.26      0.28      0.26      0.33      0.51      0.24
  6668.05      0.26      0.26      0.38      0.25      0.26      0.32      0.26      0.28      0.25      0.32      0.51      0.24
  6669.05      0.25      0.25      0.36      0.24      0.25      0.30      0.24      0.26      0.24      0.31      0.49      0.23
  6670.05      0.26      0.26      0.37      0.25      0.26      0.31      0.25      0.27      0.25      0.32      0.51      0.23
  6671.05      0.28      0.28      0.40      0.27      0.28      0.33      0.27      0.29      0.27      0.34      0.55      0.25
  6672.05      0.28      0.29      0.41      0.28      0.29      0.34      0.28      0.30      0.28      0.35      0.57      0.26
  6673.05      0.29      0.30      0.42      0.28      0.30      0.35      0.29      0.31      0.29      0.36      0.59      0.27
  6674.05      0.31      0.31      0.44      0.30      0.31      0.36      0.30      0.32      0.30      0.37      0.62      0.28
  6675.05      0.32      0.33      0.45      0.31      0.32      0.38      0.32      0.34      0.31      0.39      0.65      0.29
  6676.05      0.30      0.31      0.43      0.29      0.30      0.36      0.30      0.32      0.30      0.37      0.62      0.27
  6677.05      0.19      0.19      0.27      0.18      0.19      0.22      0.18      0.20      0.18      0.23      0.39      0.17
  6678.05      0.12      0.13      0.17      0.12      0.12      0.14      0.12      0.13      0.12      0.15      0.26      0.11
  6679.05      0.10      0.10      0.14      0.09      0.10      0.11      0.10      0.10      0.10      0.12      0.20      0.09
  6680.05      0.10      0.10      0.14      0.09      0.10      0.11      0.10      0.10      0.09      0.12      0.20      0.09
  6681.05      0.18      0.18      0.25      0.17      0.18      0.21      0.17      0.18      0.17      0.21      0.37      0.16
  6682.05      0.32      0.32      0.44      0.31      0.31      0.37      0.31      0.33      0.31      0.38      0.66      0.28
  6683.05      0.33      0.34      0.46      0.32      0.33      0.38      0.33      0.34      0.32      0.39      0.69      0.30
  6684.05      0.33      0.33      0.46      0.32      0.33      0.38      0.32      0.34      0.32      0.39      0.68      0.29
  6685.05      0.32      0.33      0.44      0.31      0.32      0.37      0.32      0.33      0.31      0.38      0.74      0.29
  6686.05      0.30      0.31      0.42      0.30      0.30      0.35      0.30      0.31      0.29      0.36      1.16      0.27
  6687.05      0.28      0.29      0.39      0.27      0.28      0.32      0.28      0.29      0.27      0.33      1.56      0.25
  6688.05      0.26      0.26      0.35      0.25      0.25      0.29      0.25      0.26      0.25      0.30      1.52      0.23
  6689.05      0.21      0.22      0.29      0.21      0.21      0.24      0.21      0.22      0.21      0.25      1.26      0.19
  6690.05      0.14      0.14      0.19      0.13      0.13      0.15      0.13      0.14      0.13      0.16      0.81      0.12
  6691.05      0.12      0.12      0.17      0.12      0.12      0.14      0.12      0.12      0.12      0.14      0.72      0.11
  6692.05      0.18      0.18      0.25      0.17      0.18      0.20      0.18      0.18      0.17      0.21      1.04      0.16
  6693.05      0.25      0.26      0.34      0.24      0.25      0.28      0.25      0.25      0.24      0.29      1.43      0.22
  6694.05      0.26      0.27      0.36      0.25      0.26      0.29      0.26      0.26      0.25      0.30      1.47      0.23
  6695.05      0.26      0.27      0.36      0.26      0.26      0.29      0.26      0.26      0.25      0.30      1.47      0.23
  6696.05      0.26      0.27      0.35      0.25      0.26      0.29      0.26      0.26      0.25      0.30      1.44      0.23
  6697.05      0.26      0.27      0.35      0.25      0.25      0.29      0.26      0.26      0.25      0.30      1.42      0.23
  6698.05      0.26      0.27      0.35      0.25      0.25      0.29      0.26      0.26      0.25      0.30      1.41      0.23
  6699.05      0.26      0.26      0.35      0.25      0.25      0.28      0.25      0.26      0.25      0.30      1.38      0.23
  6700.05      0.25      0.26      0.34      0.24      0.24      0.28      0.25      0.25      0.24      0.29      1.34      0.22
  6701.05      0.24      0.25      0.33      0.24      0.24      0.27      0.24      0.24      0.23      0.28      1.28      0.21
  6702.05      0.25      0.25      0.33      0.24      0.24      0.27      0.25      0.24      0.24      0.28      1.29      0.22
  6703.05      0.25      0.26      0.34      0.24      0.25      0.28      0.25      0.25      0.24      0.29      1.31      0.22
  6704.05      0.25      0.26      0.34      0.25      0.25      0.28      0.25      0.25      0.24      0.29      1.30      0.23
  6705.05      0.25      0.26      0.33      0.24      0.24      0.27      0.25      0.24      0.24      0.29      1.27      0.22
  6706.05      0.24      0.25      0.32      0.23      0.23      0.26      0.24      0.24      0.23      0.28      1.21      0.21
  6707.05      0.24      0.25      0.32      0.24      0.24      0.27      0.24      0.24      0.24      0.28      1.22      0.22
  6708.05      0.25      0.26      0.33      0.24      0.24      0.28      0.25      0.25      0.24      0.29      1.24      0.22
  6709.05      0.25      0.26      0.33      0.24      0.24      0.27      0.25      0.24      0.24      0.29      1.23      0.22
  6710.05      0.25      0.26      0.33      0.24      0.24      0.27      0.25      0.24      0.24      0.29      1.21      0.22
  6711.05      0.25      0.26      0.33      0.24      0.24      0.27      0.25      0.24      0.24      0.29      1.20      0.22
  6712.05      0.25      0.26      0.33      0.24      0.24      0.27      0.25      0.24      0.24      0.28      1.18      0.22
  6713.05      0.25      0.26      0.32      0.24      0.24      0.27      0.25      0.24      0.24      0.28      1.16      0.22
  6714.05      0.25      0.26      0.32      0.24      0.24      0.27      0.25      0.24      0.24      0.28      1.15      0.22
  6715.05      0.25      0.26      0.32      0.24      0.24      0.27      0.25      0.24      0.24      0.28      1.13      0.22
  6716.05      0.24      0.25      0.31      0.24      0.24      0.26      0.24      0.23      0.23      0.28      1.10      0.22
  6717.05      0.24      0.25      0.31      0.23      0.23      0.26      0.24      0.23      0.23      0.27      1.08      0.21
  6718.05      0.23      0.24      0.29      0.22      0.22      0.25      0.23      0.22      0.22      0.26      1.02      0.20
  6719.05      0.22      0.23      0.28      0.22      0.21      0.24      0.22      0.21      0.21      0.25      0.97      0.20
  6720.05      0.24      0.25      0.30      0.23      0.23      0.25      0.24      0.22      0.22      0.27      1.02      0.21
  6721.05      0.25      0.26      0.31      0.24      0.24      0.27      0.25      0.23      0.24      0.28      1.06      0.22
  6722.05      0.25      0.26      0.32      0.24      0.24      0.27      0.25      0.24      0.24      0.28      1.06      0.22
  6723.05      0.25      0.26      0.32      0.25      0.24      0.27      0.25      0.24      0.24      0.29      1.05      0.22
  6724.05      0.25      0.26      0.32      0.25      0.24      0.27      0.25      0.24      0.24      0.29      1.04      0.23
  6725.05      0.25      0.26      0.31      0.24      0.24      0.27      0.25      0.24      0.24      0.28      1.02      0.22
  6726.05      0.25      0.26      0.31      0.24      0.24      0.27      0.25      0.24      0.24      0.28      1.01      0.22
  6727.05      0.25      0.27      0.32      0.25      0.24      0.27      0.26      0.24      0.24      0.29      1.00      0.23
  6728.05      0.25      0.27      0.31      0.25      0.24      0.27      0.26      0.24      0.24      0.29      0.99      0.23
  6729.05      0.25      0.26      0.31      0.24      0.24      0.27      0.25      0.24      0.24      0.28      0.97      0.22
  6730.05      0.25      0.26      0.31      0.24      0.24      0.27      0.25      0.23      0.24      0.28      0.95      0.22
  6731.05      0.25      0.26      0.31      0.24      0.24      0.26      0.25      0.23      0.24      0.28      0.93      0.22
  6732.05      0.24      0.25      0.30      0.23      0.23      0.26      0.24      0.23      0.23      0.27      0.89      0.22
  6733.05      0.23      0.24      0.28      0.22      0.22      0.24      0.23      0.22      0.22      0.26      0.84      0.21
  6734.05      0.24      0.25      0.29      0.23      0.22      0.25      0.24      0.22      0.22      0.26      0.85      0.21
  6735.05      0.25      0.26      0.30      0.24      0.24      0.26      0.25      0.23      0.24      0.28      0.89      0.22
  6736.05      0.26      0.27      0.31      0.25      0.24      0.27      0.26      0.24      0.24      0.29      0.89      0.23
  6737.05      0.26      0.27      0.31      0.25      0.24      0.27      0.26      0.24      0.24      0.28      0.87      0.23
  6738.05      0.26      0.27      0.30      0.25      0.24      0.27      0.26      0.24      0.24      0.28      0.86      0.23
  6739.05      0.26      0.27      0.30      0.25      0.24      0.27      0.26      0.24      0.24      0.28      0.86      0.23
  6740.05      0.26      0.27      0.31      0.25      0.24      0.27      0.26      0.24      0.24      0.29      0.87      0.23
  6741.05      0.25      0.26      0.30      0.24      0.24      0.26      0.25      0.23      0.24      0.28      0.84      0.22
  6742.05      0.25      0.26      0.29      0.24      0.23      0.26      0.25      0.23      0.23      0.27      0.83      0.22
  6743.05      0.25      0.26      0.30      0.24      0.24      0.26      0.26      0.23      0.24      0.28      0.84      0.22
  6744.05      0.26      0.27      0.30      0.25      0.24      0.27      0.26      0.23      0.24      0.28      0.85      0.23
  6745.05      0.25      0.27      0.30      0.25      0.24      0.26      0.26      0.23      0.24      0.28      0.85      0.22
  6746.05      0.25      0.26      0.29      0.24      0.23      0.26      0.25      0.23      0.23      0.27      0.82      0.22
  6747.05      0.25      0.26      0.29      0.24      0.23      0.26      0.25      0.23      0.23      0.27      0.82      0.22
  6748.05      0.26      0.27      0.30      0.25      0.24      0.26      0.26      0.23      0.24      0.28      0.84      0.22
  6749.05      0.26      0.27      0.30      0.25      0.24      0.27      0.26      0.23      0.24      0.28      0.85      0.23
  6750.05      0.26      0.27      0.30      0.25      0.24      0.27      0.27      0.24      0.24      0.29      0.86      0.23
  6751.05      0.26      0.27      0.30      0.25      0.24      0.27      0.26      0.24      0.24      0.29      0.85      0.23
  6752.05      0.26      0.27      0.30      0.25      0.24      0.27      0.26      0.23      0.24      0.28      0.84      0.23
  6753.05      0.26      0.27      0.30      0.25      0.24      0.27      0.26      0.23      0.24      0.28      0.84      0.23
  6754.05      0.26      0.27      0.30      0.25      0.24      0.27      0.26      0.23      0.24      0.29      0.85      0.23
  6755.05      0.26      0.27      0.30      0.25      0.24      0.27      0.26      0.23      0.24      0.28      0.84      0.23
  6756.05      0.26      0.27      0.30      0.25      0.24      0.27      0.26      0.23      0.24      0.29      0.84      0.23
  6757.05      0.26      0.27      0.30      0.25      0.24      0.27      0.27      0.23      0.24      0.29      0.84      0.23
  6758.05      0.26      0.27      0.29      0.25      0.24      0.27      0.27      0.23      0.24      0.29      0.84      0.23
  6759.05      0.26      0.27      0.29      0.25      0.24      0.27      0.27      0.23      0.24      0.29      0.84      0.23
  6760.05      0.26      0.27      0.29      0.25      0.24      0.27      0.27      0.23      0.24      0.29      0.84      0.23
  6761.05      0.26      0.27      0.29      0.25      0.24      0.27      0.26      0.23      0.24      0.28      0.83      0.23
  6762.05      0.26      0.27      0.29      0.25      0.24      0.26      0.26      0.23      0.24      0.28      0.82      0.23
  6763.05      0.24      0.24      0.26      0.23      0.22      0.24      0.24      0.21      0.22      0.26      0.75      0.21
  6764.05      0.15      0.15      0.16      0.14      0.14      0.15      0.15      0.13      0.14      0.16      0.47      0.13
  6765.05      0.11      0.11      0.12      0.10      0.10      0.11      0.11      0.10      0.10      0.12      0.35      0.10
  6766.05      0.14      0.15      0.16      0.13      0.13      0.14      0.14      0.12      0.13      0.16      0.45      0.13
  6767.05      0.23      0.24      0.26      0.22      0.22      0.24      0.24      0.20      0.21      0.26      0.73      0.21
  6768.05      0.26      0.27      0.29      0.25      0.24      0.27      0.27      0.23      0.24      0.29      0.82      0.23
  6769.05      0.26      0.27      0.29      0.25      0.24      0.27      0.27      0.23      0.24      0.29      0.82      0.24
  6770.05      0.26      0.27      0.29      0.25      0.24      0.27      0.27      0.23      0.24      0.29      0.82      0.24
  6771.05      0.26      0.27      0.28      0.25      0.24      0.26      0.27      0.23      0.24      0.29      0.81      0.23
  6772.05      0.26      0.27      0.28      0.25      0.24      0.27      0.27      0.23      0.24      0.29      0.81      0.24
  6773.05      0.26      0.27      0.28      0.25      0.24      0.27      0.27      0.23      0.24      0.29      0.81      0.24
  6774.05      0.26      0.27      0.28      0.25      0.24      0.27      0.27      0.23      0.24      0.29      0.81      0.24
  6775.05      0.26      0.27      0.28      0.25      0.24      0.27      0.27      0.23      0.24      0.29      0.81      0.24
  6776.05      0.26      0.27      0.28      0.25      0.24      0.27      0.27      0.23      0.24      0.29      0.81      0.24
  6777.05      0.27      0.27      0.29      0.25      0.24      0.27      0.27      0.23      0.24      0.29      0.81      0.24
  6778.05      0.27      0.27      0.29      0.25      0.24      0.27      0.27      0.23      0.24      0.29      0.81      0.24
  6779.05      0.27      0.27      0.29      0.25      0.25      0.27      0.27      0.23      0.24      0.29      0.82      0.24
  6780.05      0.27      0.28      0.29      0.26      0.25      0.27      0.28      0.23      0.25      0.30      0.82      0.24
  6781.05      0.27      0.27      0.28      0.25      0.25      0.27      0.27      0.23      0.24      0.29      0.81      0.24
  6782.05      0.27      0.27      0.28      0.25      0.24      0.27      0.27      0.23      0.24      0.29      0.81      0.24
  6783.05      0.27      0.27      0.28      0.25      0.24      0.27      0.27      0.23      0.24      0.29      0.80      0.24
  6784.05      0.26      0.27      0.28      0.25      0.24      0.26      0.27      0.23      0.24      0.29      0.79      0.24
  6785.05      0.26      0.26      0.27      0.24      0.24      0.26      0.27      0.22      0.24      0.28      0.77      0.24
  6786.05      0.25      0.26      0.27      0.24      0.23      0.25      0.26      0.22      0.23      0.28      0.76      0.23
  6787.05      0.26      0.26      0.27      0.24      0.24      0.26      0.27      0.22      0.24      0.28      0.77      0.24
  6788.05      0.26      0.27      0.27      0.25      0.24      0.26      0.27      0.22      0.24      0.29      0.78      0.24
  6789.05      0.26      0.26      0.27      0.24      0.24      0.26      0.27      0.22      0.23      0.28      0.76      0.23
  6790.05      0.25      0.26      0.26      0.24      0.23      0.25      0.26      0.22      0.23      0.28      0.75      0.23
  6791.05      0.26      0.26      0.27      0.24      0.24      0.26      0.27      0.22      0.23      0.28      0.76      0.24
  6792.05      0.26      0.27      0.27      0.25      0.24      0.26      0.27      0.22      0.24      0.29      0.77      0.24
  6793.05      0.26      0.27      0.27      0.25      0.24      0.26      0.27      0.22      0.24      0.29      0.77      0.24
  6794.05      0.26      0.27      0.27      0.25      0.24      0.26      0.27      0.23      0.24      0.29      0.77      0.24
  6795.05      0.27      0.27      0.28      0.25      0.24      0.26      0.28      0.23      0.24      0.29      0.77      0.24
  6796.05      0.27      0.27      0.28      0.25      0.24      0.26      0.28      0.23      0.24      0.29      0.77      0.25
  6797.05      0.27      0.27      0.27      0.25      0.24      0.26      0.28      0.23      0.24      0.29      0.77      0.25
  6798.05      0.27      0.27      0.27      0.25      0.24      0.26      0.28      0.22      0.24      0.29      0.77      0.24
  6799.05      0.27      0.27      0.27      0.25      0.24      0.26      0.28      0.22      0.24      0.29      0.76      0.25
  6800.05      0.27      0.27      0.27      0.25      0.24      0.26      0.28      0.22      0.24      0.29      0.76      0.25
  6801.05      0.26      0.27      0.27      0.25      0.24      0.26      0.28      0.22      0.24      0.29      0.76      0.24
  6802.05      0.27      0.27      0.27      0.25      0.24      0.26      0.28      0.22      0.24      0.29      0.76      0.25
  6803.05      0.26      0.27      0.27      0.25      0.24      0.26      0.28      0.22      0.24      0.29      0.75      0.25
  6804.05      0.26      0.26      0.27      0.25      0.24      0.26      0.27      0.22      0.24      0.29      0.74      0.24
  6805.05      0.26      0.26      0.27      0.25      0.24      0.26      0.27      0.22      0.24      0.29      0.74      0.24
  6806.05      0.27      0.27      0.27      0.25      0.24      0.26      0.28      0.22      0.24      0.29      0.75      0.25
  6807.05      0.27      0.27      0.27      0.25      0.24      0.26      0.28      0.22      0.24      0.29      0.75      0.25
  6808.05      0.27      0.27      0.27      0.25      0.24      0.26      0.28      0.22      0.24      0.29      0.75      0.25
  6809.05      0.27      0.27      0.27      0.25      0.24      0.26      0.28      0.22      0.24      0.29      0.74      0.25
  6810.05      0.27      0.27      0.27      0.25      0.24      0.26      0.28      0.22      0.24      0.29      0.74      0.25
  6811.05      0.26      0.26      0.27      0.25      0.24      0.26      0.28      0.22      0.24      0.29      0.73      0.25
  6812.05      0.26      0.26      0.27      0.25      0.24      0.26      0.28      0.22      0.24      0.29      0.73      0.25
  6813.05      0.26      0.26      0.27      0.25      0.24      0.26      0.28      0.22      0.24      0.29      0.73      0.25
  6814.05      0.26      0.26      0.26      0.25      0.24      0.26      0.28      0.22      0.24      0.29      0.73      0.25
  6815.05      0.26      0.26      0.26      0.25      0.24      0.26      0.28      0.22      0.24      0.29      0.72      0.25
  6816.05      0.26      0.26      0.26      0.25      0.24      0.26      0.28      0.22      0.24      0.29      0.72      0.25
  6817.05      0.27      0.26      0.27      0.25      0.24      0.26      0.28      0.22      0.24      0.29      0.73      0.25
  6818.05      0.27      0.27      0.27      0.25      0.24      0.26      0.29      0.22      0.24      0.30      0.73      0.26
  6819.05      0.27      0.27      0.27      0.25      0.24      0.26      0.29      0.22      0.24      0.30      0.72      0.26
  6820.05      0.27      0.26      0.26      0.25      0.24      0.26      0.28      0.22      0.24      0.29      0.71      0.25
  6821.05      0.26      0.26      0.26      0.25      0.24      0.26      0.28      0.22      0.24      0.29      0.71      0.25
  6822.05      0.27      0.27      0.27      0.25      0.24      0.26      0.29      0.22      0.24      0.30      0.72      0.26
  6823.05      0.27      0.26      0.27      0.25      0.24      0.26      0.29      0.22      0.24      0.30      0.72      0.26
  6824.05      0.27      0.26      0.27      0.25      0.24      0.26      0.29      0.22      0.24      0.30      0.71      0.26
  6825.05      0.27      0.27      0.27      0.25      0.24      0.26      0.29      0.22      0.24      0.30      0.71      0.26
  6826.05      0.27      0.26      0.26      0.25      0.24      0.26      0.29      0.22      0.24      0.29      0.70      0.26
  6827.05      0.26      0.26      0.26      0.24      0.24      0.26      0.28      0.22      0.24      0.29      0.69      0.26
  6828.05      0.23      0.23      0.23      0.22      0.21      0.23      0.25      0.19      0.21      0.26      0.61      0.23
  6829.05      0.17      0.16      0.16      0.16      0.15      0.16      0.18      0.14      0.15      0.19      0.44      0.17
  6830.05      0.15      0.15      0.15      0.14      0.14      0.15      0.16      0.12      0.13      0.17      0.39      0.15
  6831.05      0.12      0.12      0.12      0.12      0.11      0.12      0.14      0.10      0.11      0.14      0.32      0.12
  6832.05      0.14      0.14      0.14      0.13      0.13      0.13      0.15      0.11      0.12      0.15      0.36      0.14
  6833.05      0.22      0.21      0.21      0.20      0.20      0.21      0.24      0.18      0.19      0.24      0.56      0.22
  6834.05      0.22      0.21      0.21      0.20      0.20      0.21      0.24      0.18      0.20      0.24      0.56      0.22
  6835.05      0.16      0.16      0.16      0.15      0.15      0.16      0.18      0.13      0.15      0.18      0.42      0.16
  6836.05      0.12      0.12      0.12      0.11      0.11      0.11      0.13      0.10      0.11      0.13      0.30      0.12
  6837.05      0.15      0.14      0.14      0.13      0.13      0.14      0.16      0.12      0.13      0.16      0.37      0.15
  6838.05      0.23      0.23      0.22      0.21      0.21      0.22      0.26      0.19      0.21      0.26      0.59      0.23
  6839.05      0.26      0.26      0.26      0.24      0.24      0.25      0.29      0.21      0.24      0.29      0.66      0.27
  6840.05      0.27      0.26      0.26      0.25      0.24      0.26      0.30      0.21      0.24      0.30      0.67      0.27
  6841.05      0.25      0.24      0.24      0.23      0.22      0.24      0.28      0.20      0.22      0.28      0.62      0.25
  6842.05      0.24      0.23      0.23      0.22      0.21      0.23      0.26      0.19      0.21      0.26      0.59      0.24
  6843.05      0.21      0.20      0.20      0.19      0.19      0.20      0.23      0.17      0.19      0.23      0.52      0.21
  6844.05      0.19      0.18      0.18      0.17      0.17      0.18      0.21      0.15      0.17      0.21      0.47      0.19
  6845.05      0.24      0.23      0.23      0.22      0.21      0.23      0.27      0.19      0.21      0.26      0.59      0.25
  6846.05      0.27      0.26      0.26      0.25      0.24      0.26      0.30      0.22      0.24      0.30      0.66      0.28
  6847.05      0.27      0.26      0.26      0.25      0.24      0.26      0.30      0.22      0.24      0.30      0.66      0.28
  6848.05      0.27      0.26      0.26      0.25      0.24      0.26      0.31      0.22      0.24      0.30      0.66      0.28
  6849.05      0.27      0.26      0.26      0.25      0.24      0.26      0.31      0.22      0.24      0.30      0.66      0.28
  6850.05      0.27      0.26      0.26      0.25      0.24      0.26      0.31      0.22      0.24      0.30      0.65      0.28
  6851.05      0.26      0.25      0.25      0.24      0.24      0.25      0.30      0.21      0.24      0.30      0.64      0.28
  6852.05      0.25      0.24      0.24      0.23      0.23      0.24      0.29      0.20      0.22      0.28      0.60      0.27
  6853.05      0.25      0.24      0.24      0.23      0.23      0.24      0.29      0.20      0.23      0.28      0.61      0.27
  6854.05      0.27      0.26      0.25      0.25      0.24      0.26      0.31      0.21      0.24      0.30      0.64      0.28
  6855.05      0.27      0.26      0.26      0.25      0.25      0.26      0.31      0.22      0.24      0.30      0.64      0.29
  6856.05      0.27      0.26      0.26      0.25      0.25      0.26      0.31      0.22      0.24      0.30      0.64      0.29
  6857.05      0.27      0.26      0.26      0.25      0.25      0.26      0.32      0.22      0.24      0.30      0.64      0.29
  6858.05      0.27      0.26      0.26      0.25      0.25      0.26      0.32      0.22      0.24      0.30      0.63      0.29
  6859.05      0.27      0.26      0.26      0.25      0.25      0.26      0.32      0.22      0.24      0.30      0.63      0.30
  6860.05      0.28      0.26      0.26      0.25      0.25      0.26      0.32      0.22      0.25      0.30      0.64      0.30
  6861.05      0.28      0.26      0.26      0.25      0.25      0.26      0.32      0.22      0.25      0.30      0.63      0.30
  6862.05      0.28      0.26      0.26      0.25      0.25      0.26      0.32      0.22      0.25      0.30      0.63      0.30
  6863.05      0.26      0.25      0.24      0.24      0.23      0.25      0.30      0.20      0.23      0.28      0.59      0.28
  6864.05      0.19      0.18      0.18      0.17      0.17      0.18      0.22      0.15      0.17      0.21      0.43      0.21
  6865.05      0.11      0.11      0.10      0.10      0.10      0.11      0.13      0.09      0.10      0.12      0.25      0.12
  6866.05      0.09      0.09      0.08      0.08      0.08      0.09      0.11      0.07      0.08      0.10      0.20      0.10
  6867.05      0.13      0.13      0.12      0.12      0.12      0.13      0.16      0.10      0.12      0.14      0.30      0.15
  6868.05      0.21      0.20      0.20      0.19      0.19      0.20      0.25      0.17      0.19      0.23      0.47      0.23
  6869.05      0.24      0.22      0.22      0.22      0.21      0.22      0.28      0.19      0.21      0.25      0.52      0.26
  6870.05      0.24      0.23      0.23      0.22      0.22      0.23      0.29      0.19      0.22      0.26      0.53      0.27
  6871.05      0.24      0.23      0.23      0.22      0.22      0.23      0.30      0.19      0.22      0.26      0.54      0.27
  6872.05      0.21      0.20      0.19      0.19      0.19      0.20      0.26      0.16      0.19      0.22      0.46      0.24
  6873.05      0.18      0.17      0.17      0.16      0.16      0.17      0.22      0.14      0.16      0.19      0.39      0.20
  6874.05      0.22      0.21      0.20      0.20      0.20      0.21      0.27      0.17      0.20      0.24      0.48      0.25
  6875.05      0.26      0.24      0.24      0.23      0.23      0.24      0.32      0.20      0.23      0.27      0.55      0.30
  6876.05      0.26      0.24      0.24      0.24      0.23      0.25      0.32      0.20      0.23      0.28      0.56      0.30
  6877.05      0.26      0.24      0.24      0.24      0.23      0.25      0.32      0.20      0.23      0.28      0.55      0.30
  6878.05      0.26      0.24      0.24      0.24      0.23      0.25      0.33      0.20      0.23      0.28      0.55      0.31
  6879.05      0.26      0.24      0.24      0.24      0.23      0.25      0.33      0.20      0.23      0.28      0.55      0.31
  6880.05      0.26      0.24      0.24      0.24      0.23      0.25      0.33      0.20      0.23      0.28      0.55      0.31
  6881.05      0.27      0.25      0.24      0.24      0.24      0.25      0.34      0.21      0.24      0.28      0.55      0.32
  6882.05      0.23      0.21      0.21      0.21      0.20      0.21      0.29      0.18      0.20      0.24      0.47      0.28
  6883.05      0.19      0.18      0.17      0.17      0.17      0.18      0.24      0.15      0.17      0.20      0.39      0.23
  6884.05      0.22      0.20      0.20      0.20      0.19      0.20      0.28      0.17      0.19      0.23      0.44      0.27
  6885.05      0.25      0.23      0.23      0.23      0.22      0.23      0.32      0.19      0.22      0.26      0.51      0.31
  6886.05      0.26      0.24      0.24      0.23      0.23      0.24      0.33      0.20      0.23      0.27      0.52      0.32
  6887.05      0.26      0.24      0.24      0.24      0.23      0.25      0.34      0.20      0.24      0.27      0.53      0.33
  6888.05      0.27      0.25      0.24      0.24      0.24      0.25      0.35      0.21      0.24      0.28      0.54      0.34
  6889.05      0.25      0.24      0.23      0.23      0.23      0.24      0.33      0.20      0.23      0.26      0.51      0.33
  6890.05      0.21      0.19      0.19      0.19      0.19      0.20      0.28      0.16      0.19      0.22      0.42      0.27
  6891.05      0.16      0.15      0.15      0.15      0.15      0.15      0.22      0.13      0.15      0.17      0.32      0.21
  6892.05      0.19      0.17      0.17      0.17      0.17      0.18      0.25      0.15      0.17      0.19      0.37      0.25
  6893.05      0.25      0.23      0.22      0.22      0.22      0.23      0.33      0.19      0.22      0.25      0.48      0.32
  6894.05      0.28      0.25      0.25      0.25      0.25      0.26      0.37      0.21      0.25      0.28      0.54      0.37
  6895.05      0.28      0.25      0.25      0.25      0.24      0.26      0.37      0.21      0.25      0.28      0.53      0.37
  6896.05      0.24      0.22      0.22      0.22      0.21      0.23      0.32      0.18      0.22      0.25      0.46      0.32
  6897.05      0.25      0.23      0.22      0.23      0.22      0.23      0.34      0.19      0.23      0.25      0.47      0.34
  6898.05      0.29      0.26      0.26      0.26      0.25      0.27      0.39      0.22      0.26      0.29      0.54      0.39
  6899.05      0.29      0.26      0.26      0.26      0.25      0.27      0.39      0.22      0.26      0.29      0.54      0.39
  6900.05      0.26      0.24      0.24      0.24      0.23      0.25      0.36      0.20      0.24      0.27      0.50      0.36
  6901.05      0.25      0.23      0.22      0.23      0.22      0.23      0.34      0.19      0.23      0.25      0.46      0.34
  6902.05      0.18      0.17      0.17      0.17      0.16      0.17      0.25      0.14      0.17      0.19      0.34      0.26
  6903.05      0.17      0.15      0.15      0.15      0.15      0.16      0.23      0.13      0.15      0.17      0.31      0.24
  6904.05      0.22      0.20      0.20      0.20      0.20      0.21      0.31      0.17      0.20      0.22      0.41      0.31
  6905.05      0.25      0.23      0.23      0.23      0.23      0.24      0.36      0.20      0.23      0.26      0.47      0.36
  6906.05      0.28      0.25      0.25      0.25      0.24      0.26      0.39      0.21      0.25      0.28      0.51      0.40
  6907.05      0.29      0.26      0.26      0.26      0.25      0.27      0.40      0.22      0.26      0.29      0.53      0.41
  6908.05      0.27      0.25      0.25      0.25      0.24      0.26      0.39      0.21      0.25      0.28      0.50      0.40
  6909.05      0.27      0.24      0.24      0.25      0.24      0.25      0.38      0.20      0.25      0.27      0.49      0.39
  6910.05      0.28      0.25      0.25      0.26      0.25      0.26      0.40      0.21      0.26      0.28      0.51      0.41
  6911.05      0.29      0.26      0.26      0.27      0.26      0.27      0.42      0.22      0.27      0.29      0.53      0.43
  6912.05      0.28      0.25      0.25      0.26      0.25      0.26      0.41      0.21      0.26      0.28      0.51      0.42
  6913.05      0.23      0.21      0.21      0.21      0.21      0.22      0.34      0.18      0.22      0.23      0.42      0.35
  6914.05      0.15      0.14      0.14      0.14      0.13      0.14      0.23      0.12      0.14      0.15      0.28      0.23
  6915.05      0.16      0.15      0.14      0.15      0.14      0.15      0.24      0.12      0.15      0.16      0.29      0.24
  6916.05      0.25      0.23      0.22      0.23      0.22      0.24      0.38      0.19      0.23      0.25      0.45      0.38
  6917.05      0.28      0.26      0.25      0.26      0.25      0.27      0.43      0.22      0.26      0.28      0.51      0.43
  6918.05      0.28      0.25      0.24      0.25      0.24      0.26      0.42      0.21      0.26      0.27      0.49      0.42
  6919.05      0.27      0.25      0.24      0.25      0.24      0.26      0.42      0.21      0.26      0.27      0.49      0.42
  6920.05      0.29      0.26      0.25      0.26      0.25      0.27      0.45      0.22      0.27      0.29      0.51      0.45
  6921.05      0.29      0.26      0.26      0.27      0.26      0.27      0.46      0.22      0.27      0.29      0.52      0.46
  6922.05      0.28      0.25      0.25      0.26      0.25      0.27      0.44      0.21      0.26      0.28      0.50      0.44
  6923.05      0.26      0.23      0.23      0.24      0.23      0.24      0.41      0.20      0.24      0.26      0.46      0.41
  6924.05      0.17      0.15      0.15      0.15      0.14      0.16      0.26      0.13      0.15      0.16      0.29      0.26
  6925.05      0.12      0.10      0.10      0.11      0.10      0.11      0.19      0.09      0.11      0.12      0.21      0.19
  6926.05      0.16      0.14      0.14      0.15      0.14      0.15      0.26      0.12      0.15      0.16      0.28      0.25
  6927.05      0.26      0.23      0.23      0.24      0.23      0.24      0.42      0.19      0.24      0.25      0.45      0.41
  6928.05      0.28      0.25      0.25      0.26      0.24      0.26      0.46      0.21      0.26      0.27      0.48      0.45
  6929.05      0.27      0.24      0.24      0.25      0.24      0.25      0.45      0.21      0.26      0.27      0.47      0.44
  6930.05      0.27      0.24      0.24      0.25      0.24      0.26      0.45      0.21      0.26      0.27      0.47      0.45
  6931.05      0.28      0.25      0.25      0.26      0.24      0.26      0.47      0.21      0.27      0.27      0.48      0.47
  6932.05      0.28      0.25      0.25      0.26      0.25      0.27      0.48      0.21      0.27      0.28      0.49      0.48
  6933.05      0.28      0.25      0.25      0.26      0.25      0.27      0.48      0.21      0.27      0.28      0.49      0.48
  6934.05      0.28      0.25      0.25      0.26      0.25      0.27      0.49      0.21      0.27      0.28      0.49      0.49
  6935.05      0.28      0.25      0.25      0.27      0.25      0.27      0.49      0.22      0.27      0.28      0.49      0.49
  6936.05      0.29      0.26      0.25      0.27      0.25      0.27      0.50      0.22      0.27      0.28      0.49      0.50
  6937.05      0.29      0.26      0.25      0.27      0.25      0.27      0.50      0.22      0.28      0.28      0.49      0.51
  6938.05      0.28      0.25      0.25      0.27      0.25      0.27      0.50      0.21      0.27      0.28      0.48      0.51
  6939.05      0.28      0.25      0.24      0.26      0.24      0.26      0.49      0.21      0.27      0.27      0.47      0.50
  6940.05      0.23      0.21      0.21      0.22      0.20      0.22      0.42      0.18      0.23      0.23      0.40      0.43
  6941.05      0.16      0.15      0.14      0.15      0.14      0.15      0.29      0.12      0.16      0.16      0.28      0.30
  6942.05      0.17      0.15      0.15      0.16      0.15      0.16      0.31      0.13      0.17      0.17      0.29      0.32
  6943.05      0.25      0.22      0.22      0.23      0.22      0.23      0.45      0.19      0.24      0.24      0.42      0.47
  6944.05      0.28      0.24      0.24      0.26      0.24      0.26      0.50      0.21      0.27      0.27      0.46      0.52
  6945.05      0.28      0.25      0.25      0.27      0.25      0.27      0.52      0.21      0.28      0.27      0.47      0.54
  6946.05      0.29      0.26      0.25      0.27      0.25      0.27      0.53      0.22      0.28      0.28      0.48      0.55
  6947.05      0.29      0.25      0.25      0.27      0.25      0.27      0.53      0.22      0.28      0.28      0.48      0.56
  6948.05      0.29      0.25      0.25      0.27      0.25      0.27      0.53      0.21      0.28      0.27      0.47      0.56
  6949.05      0.26      0.23      0.23      0.25      0.23      0.25      0.50      0.20      0.26      0.25      0.43      0.52
  6950.05      0.15      0.14      0.13      0.14      0.13      0.14      0.29      0.11      0.15      0.15      0.25      0.31
  6951.05      0.11      0.10      0.10      0.11      0.10      0.11      0.22      0.08      0.11      0.11      0.19      0.23
  6952.05      0.17      0.15      0.15      0.16      0.14      0.16      0.32      0.12      0.16      0.16      0.27      0.34
  6953.05      0.26      0.23      0.23      0.24      0.22      0.24      0.49      0.19      0.25      0.25      0.42      0.53
  6954.05      0.27      0.24      0.23      0.25      0.23      0.25      0.51      0.20      0.26      0.26      0.44      0.55
  6955.05      0.28      0.25      0.25      0.27      0.24      0.26      0.53      0.21      0.28      0.27      0.46      0.58
  6956.05      0.28      0.24      0.24      0.26      0.24      0.26      0.52      0.21      0.27      0.26      0.45      0.58
  6957.05      0.27      0.24      0.24      0.26      0.24      0.25      0.51      0.20      0.27      0.26      0.44      0.57
  6958.05      0.27      0.24      0.24      0.26      0.24      0.25      0.51      0.20      0.27      0.26      0.44      0.57
  6959.05      0.27      0.24      0.24      0.26      0.24      0.25      0.51      0.20      0.27      0.26      0.44      0.58
  6960.05      0.28      0.24      0.24      0.26      0.24      0.25      0.51      0.21      0.27      0.26      0.44      0.59
  6961.05      0.28      0.24      0.24      0.26      0.24      0.26      0.51      0.21      0.27      0.26      0.44      0.60
  6962.05      0.28      0.24      0.24      0.26      0.24      0.26      0.51      0.21      0.28      0.26      0.44      0.61
  6963.05      0.28      0.25      0.24      0.26      0.24      0.26      0.51      0.21      0.28      0.27      0.45      0.62
  6964.05      0.28      0.25      0.24      0.27      0.24      0.26      0.51      0.21      0.28      0.27      0.45      0.62
  6965.05      0.28      0.25      0.24      0.27      0.24      0.26      0.51      0.21      0.28      0.27      0.45      0.63
  6966.05      0.29      0.25      0.25      0.27      0.25      0.26      0.51      0.21      0.29      0.27      0.45      0.64
  6967.05      0.28      0.24      0.24      0.26      0.24      0.26      0.50      0.21      0.28      0.27      0.44      0.63
  6968.05      0.27      0.23      0.23      0.25      0.23      0.25      0.48      0.20      0.27      0.26      0.42      0.61
  6969.05      0.28      0.24      0.24      0.26      0.24      0.25      0.49      0.21      0.28      0.26      0.43      0.63
  6970.05      0.28      0.24      0.24      0.26      0.24      0.25      0.49      0.21      0.28      0.26      0.43      0.64
  6971.05      0.22      0.19      0.18      0.20      0.18      0.19      0.38      0.16      0.22      0.20      0.33      0.50
  6972.05      0.19      0.16      0.16      0.17      0.16      0.17      0.33      0.14      0.19      0.18      0.29      0.44
  6973.05      0.25      0.21      0.21      0.23      0.21      0.22      0.43      0.18      0.25      0.23      0.38      0.58
  6974.05      0.29      0.25      0.25      0.27      0.25      0.26      0.50      0.21      0.29      0.27      0.44      0.68
  6975.05      0.29      0.25      0.25      0.27      0.25      0.26      0.50      0.21      0.29      0.28      0.45      0.69
  6976.05      0.29      0.25      0.25      0.27      0.25      0.26      0.50      0.22      0.29      0.28      0.45      0.70
  6977.05      0.29      0.25      0.25      0.27      0.25      0.26      0.49      0.21      0.29      0.27      0.44      0.69
  6978.05      0.29      0.25      0.24      0.27      0.25      0.26      0.48      0.21      0.29      0.27      0.43      0.69
  6979.05      0.22      0.19      0.19      0.21      0.19      0.20      0.38      0.17      0.23      0.21      0.34      0.55
  6980.05      0.15      0.13      0.13      0.14      0.13      0.13      0.25      0.11      0.15      0.14      0.22      0.37
  6981.05      0.17      0.14      0.14      0.16      0.14      0.15      0.28      0.12      0.17      0.16      0.25      0.42
  6982.05      0.26      0.22      0.22      0.25      0.22      0.23      0.43      0.19      0.26      0.25      0.39      0.65
  6983.05      0.29      0.25      0.25      0.28      0.25      0.26      0.49      0.22      0.29      0.28      0.44      0.73
  6984.05      0.29      0.25      0.25      0.27      0.25      0.26      0.48      0.21      0.29      0.27      0.43      0.73
  6985.05      0.28      0.24      0.24      0.27      0.24      0.25      0.46      0.21      0.28      0.27      0.42      0.72
  6986.05      0.28      0.24      0.24      0.27      0.24      0.25      0.46      0.21      0.28      0.27      0.42      0.72
  6987.05      0.28      0.24      0.24      0.27      0.24      0.25      0.46      0.21      0.28      0.27      0.42      0.73
  6988.05      0.28      0.24      0.24      0.26      0.24      0.25      0.45      0.21      0.28      0.27      0.41      0.71
  6989.05      0.28      0.24      0.24      0.26      0.24      0.25      0.45      0.21      0.28      0.27      0.41      0.80
  6990.05      0.28      0.24      0.24      0.27      0.24      0.25      0.46      0.21      0.28      0.27      0.42      1.38
  6991.05      0.29      0.25      0.25      0.27      0.25      0.26      0.46      0.21      0.29      0.28      0.43      2.07
  6992.05      0.29      0.25      0.25      0.27      0.25      0.26      0.46      0.21      0.29      0.28      0.43      2.21
  6993.05      0.29      0.25      0.25      0.27      0.25      0.25      0.46      0.21      0.29      0.27      0.42      2.18
  6994.05      0.29      0.25      0.25      0.27      0.25      0.25      0.45      0.21      0.29      0.27      0.42      2.16
  6995.05      0.29      0.25      0.25      0.28      0.25      0.26      0.46      0.22      0.29      0.28      0.43      2.19
  6996.05      0.29      0.25      0.25      0.28      0.25      0.26      0.46      0.22      0.29      0.28      0.43      2.17
  6997.05      0.29      0.24      0.25      0.27      0.25      0.25      0.45      0.21      0.29      0.28      0.42      2.11
  6998.05      0.28      0.24      0.24      0.26      0.24      0.25      0.43      0.21      0.28      0.27      0.40      2.02
  6999.05      0.27      0.23      0.23      0.26      0.23      0.24      0.42      0.20      0.27      0.26      0.40      1.98
  7000.05      0.28      0.24      0.24      0.27      0.24      0.25      0.44      0.21      0.28      0.27      0.41      2.05
  7001.05      0.28      0.24      0.25      0.27      0.25      0.25      0.44      0.21      0.28      0.28      0.41      2.04
  7002.05      0.28      0.24      0.24      0.27      0.24      0.25      0.43      0.21      0.28      0.27      0.41      1.99
  7003.05      0.28      0.24      0.24      0.27      0.24      0.25      0.43      0.21      0.28      0.27      0.40      1.96
  7004.05      0.27      0.23      0.23      0.26      0.23      0.24      0.41      0.20      0.27      0.26      0.39      1.90
  7005.05      0.23      0.20      0.20      0.22      0.20      0.21      0.35      0.17      0.23      0.23      0.33      1.61
  7006.05      0.22      0.19      0.19      0.21      0.19      0.19      0.32      0.16      0.22      0.21      0.31      1.49
  7007.05      0.27      0.23      0.23      0.25      0.23      0.24      0.40      0.20      0.26      0.26      0.38      1.80
  7008.05      0.29      0.25      0.25      0.28      0.25      0.26      0.43      0.22      0.29      0.29      0.42      1.96
  7009.05      0.30      0.26      0.26      0.29      0.26      0.26      0.44      0.22      0.30      0.29      0.42      1.97
  7010.05      0.30      0.25      0.26      0.28      0.25      0.26      0.43      0.22      0.29      0.29      0.42      1.95
  7011.05      0.29      0.25      0.25      0.28      0.25      0.26      0.42      0.22      0.29      0.28      0.41      1.89
  7012.05      0.25      0.21      0.21      0.24      0.21      0.22      0.36      0.19      0.25      0.24      0.35      1.61
  7013.05      0.19      0.16      0.16      0.18      0.16      0.17      0.27      0.14      0.19      0.18      0.27      1.21
  7014.05      0.21      0.18      0.18      0.20      0.18      0.18      0.29      0.15      0.20      0.20      0.29      1.32
  7015.05      0.28      0.24      0.24      0.27      0.24      0.25      0.39      0.21      0.28      0.27      0.39      1.74
  7016.05      0.29      0.25      0.26      0.29      0.25      0.26      0.42      0.22      0.29      0.29      0.42      1.83
  7017.05      0.30      0.26      0.26      0.29      0.26      0.27      0.42      0.23      0.30      0.29      0.42      1.83
  7018.05      0.30      0.26      0.26      0.29      0.26      0.27      0.42      0.23      0.30      0.29      0.43      1.84
  7019.05      0.30      0.26      0.26      0.29      0.26      0.27      0.42      0.23      0.30      0.29      0.43      1.81
  7020.05      0.30      0.26      0.26      0.29      0.26      0.26      0.41      0.22      0.29      0.29      0.42      1.76
  7021.05      0.29      0.25      0.25      0.28      0.25      0.26      0.40      0.22      0.29      0.28      0.41      1.72
  7022.05      0.29      0.25      0.25      0.28      0.25      0.26      0.40      0.22      0.29      0.28      0.41      1.69
  7023.05      0.29      0.25      0.25      0.28      0.25      0.26      0.39      0.22      0.29      0.28      0.41      1.66
  7024.05      0.29      0.25      0.25      0.28      0.25      0.26      0.39      0.22      0.29      0.28      0.41      1.65
  7025.05      0.29      0.25      0.25      0.29      0.25      0.26      0.39      0.22      0.29      0.28      0.41      1.65
  7026.05      0.29      0.25      0.25      0.28      0.25      0.26      0.39      0.22      0.29      0.28      0.41      1.63
  7027.05      0.29      0.25      0.25      0.28      0.25      0.26      0.38      0.22      0.29      0.28      0.41      1.59
  7028.05      0.29      0.25      0.25      0.28      0.25      0.26      0.38      0.22      0.29      0.28      0.41      1.58
  7029.05      0.29      0.25      0.25      0.28      0.25      0.26      0.38      0.22      0.29      0.28      0.41      1.57
  7030.05      0.29      0.25      0.25      0.28      0.25      0.25      0.37      0.22      0.28      0.28      0.40      1.53
  7031.05      0.28      0.24      0.24      0.27      0.24      0.25      0.36      0.21      0.27      0.27      0.39      1.47
  7032.05      0.28      0.24      0.24      0.28      0.24      0.25      0.36      0.21      0.28      0.27      0.39      1.46
  7033.05      0.29      0.25      0.25      0.29      0.25      0.26      0.37      0.22      0.28      0.28      0.41      1.49
  7034.05      0.29      0.25      0.25      0.29      0.25      0.26      0.37      0.22      0.29      0.28      0.41      1.48
  7035.05      0.29      0.25      0.25      0.29      0.25      0.26      0.37      0.22      0.29      0.28      0.41      1.46
  7036.05      0.29      0.25      0.25      0.29      0.25      0.26      0.37      0.22      0.28      0.28      0.41      1.44
  7037.05      0.29      0.25      0.25      0.29      0.25      0.26      0.36      0.22      0.28      0.28      0.41      1.41
  7038.05      0.29      0.25      0.25      0.29      0.25      0.26      0.36      0.22      0.28      0.28      0.41      1.40
  7039.05      0.29      0.25      0.25      0.29      0.25      0.26      0.36      0.22      0.28      0.28      0.41      1.38
  7040.05      0.29      0.25      0.25      0.29      0.25      0.26      0.36      0.22      0.28      0.28      0.41      1.36
  7041.05      0.29      0.25      0.25      0.29      0.25      0.26      0.35      0.22      0.28      0.28      0.40      1.34
  7042.05      0.27      0.24      0.24      0.27      0.23      0.24      0.33      0.21      0.26      0.26      0.38      1.24
  7043.05      0.24      0.21      0.21      0.24      0.21      0.21      0.29      0.18      0.23      0.23      0.33      1.08
  7044.05      0.25      0.22      0.22      0.26      0.22      0.23      0.31      0.20      0.24      0.25      0.35      1.14
  7045.05      0.29      0.25      0.25      0.29      0.25      0.26      0.34      0.22      0.27      0.28      0.40      1.27
  7046.05      0.29      0.25      0.25      0.29      0.25      0.25      0.34      0.22      0.27      0.28      0.40      1.27
  7047.05      0.27      0.23      0.23      0.27      0.23      0.24      0.32      0.21      0.26      0.26      0.37      1.19
  7048.05      0.25      0.22      0.22      0.26      0.22      0.22      0.30      0.20      0.24      0.24      0.35      1.12
  7049.05      0.22      0.20      0.20      0.23      0.19      0.20      0.27      0.17      0.21      0.22      0.31      0.99
  7050.05      0.20      0.17      0.17      0.20      0.17      0.18      0.24      0.15      0.19      0.19      0.28      0.88
  7051.05      0.22      0.19      0.19      0.23      0.19      0.20      0.26      0.17      0.21      0.21      0.31      0.98
  7052.05      0.25      0.22      0.22      0.25      0.21      0.22      0.29      0.19      0.23      0.24      0.34      1.09
  7053.05      0.25      0.22      0.22      0.26      0.22      0.22      0.30      0.20      0.24      0.24      0.35      1.11
  7054.05      0.26      0.23      0.23      0.27      0.22      0.23      0.30      0.20      0.24      0.25      0.36      1.14
  7055.05      0.26      0.23      0.23      0.27      0.23      0.23      0.31      0.21      0.25      0.25      0.36      1.15
  7056.05      0.27      0.23      0.23      0.28      0.23      0.24      0.31      0.21      0.25      0.26      0.37      1.17
  7057.05      0.27      0.24      0.24      0.29      0.24      0.25      0.32      0.21      0.26      0.27      0.38      1.20
  7058.05      0.28      0.24      0.24      0.29      0.24      0.25      0.32      0.22      0.26      0.27      0.38      1.20
  7059.05      0.28      0.25      0.25      0.30      0.24      0.25      0.33      0.22      0.26      0.27      0.39      1.23
  7060.05      0.29      0.25      0.25      0.30      0.25      0.26      0.33      0.23      0.27      0.28      0.40      1.25
  7061.05      0.28      0.25      0.25      0.30      0.24      0.25      0.33      0.22      0.26      0.27      0.39      1.23
  7062.05      0.28      0.24      0.24      0.29      0.24      0.25      0.32      0.22      0.25      0.27      0.38      1.19
  7063.05      0.27      0.24      0.24      0.29      0.23      0.25      0.31      0.22      0.25      0.26      0.38      1.18
  7064.05      0.27      0.24      0.24      0.28      0.23      0.24      0.31      0.21      0.25      0.26      0.37      1.16
  7065.05      0.26      0.23      0.23      0.27      0.22      0.23      0.30      0.20      0.24      0.25      0.36      1.12
  7066.05      0.26      0.23      0.23      0.28      0.23      0.24      0.30      0.21      0.24      0.25      0.36      1.13
  7067.05      0.27      0.24      0.24      0.29      0.23      0.24      0.31      0.21      0.25      0.26      0.37      1.17
  7068.05      0.26      0.23      0.23      0.28      0.22      0.23      0.29      0.20      0.24      0.25      0.36      1.11
  7069.05      0.26      0.23      0.22      0.27      0.22      0.23      0.29      0.20      0.23      0.25      0.35      1.10
  7070.05      0.28      0.24      0.24      0.29      0.24      0.25      0.31      0.22      0.25      0.26      0.38      1.17
  7071.05      0.27      0.24      0.24      0.29      0.23      0.24      0.30      0.21      0.25      0.26      0.37      1.15
  7072.05      0.26      0.23      0.22      0.27      0.22      0.23      0.29      0.20      0.23      0.25      0.35      1.09
  7073.05      0.27      0.24      0.23      0.29      0.23      0.24      0.30      0.21      0.24      0.26      0.37      1.13
  7074.05      0.28      0.25      0.25      0.30      0.24      0.25      0.31      0.22      0.25      0.27      0.39      1.19
  7075.05      0.27      0.23      0.23      0.29      0.23      0.24      0.30      0.21      0.24      0.26      0.37      1.13
  7076.05      0.26      0.23      0.22      0.28      0.22      0.23      0.28      0.20      0.23      0.25      0.35      1.08
  7077.05      0.27      0.24      0.24      0.30      0.23      0.24      0.30      0.21      0.24      0.26      0.37      1.14
  7078.05      0.29      0.25      0.25      0.31      0.24      0.25      0.31      0.23      0.26      0.27      0.39      1.20
  7079.05      0.27      0.24      0.24      0.30      0.23      0.24      0.30      0.22      0.24      0.26      0.38      1.14
  7080.05      0.26      0.23      0.23      0.28      0.22      0.23      0.28      0.21      0.23      0.25      0.36      1.09
  7081.05      0.27      0.24      0.23      0.29      0.23      0.24      0.29      0.21      0.24      0.26      0.37      1.12
  7082.05      0.28      0.25      0.25      0.31      0.24      0.25      0.31      0.22      0.25      0.27      0.39      1.17
  7083.05      0.27      0.24      0.24      0.30      0.23      0.24      0.30      0.22      0.24      0.26      0.38      1.14
  7084.05      0.24      0.21      0.21      0.27      0.21      0.22      0.26      0.19      0.22      0.23      0.34      1.01
  7085.05      0.25      0.22      0.22      0.27      0.21      0.22      0.27      0.20      0.22      0.24      0.34      1.02
  7086.05      0.28      0.25      0.25      0.31      0.24      0.25      0.30      0.22      0.25      0.27      0.39      1.16
  7087.05      0.29      0.25      0.25      0.32      0.25      0.26      0.31      0.23      0.26      0.28      0.40      1.19
  7088.05      0.28      0.25      0.25      0.31      0.24      0.25      0.30      0.22      0.25      0.27      0.39      1.15
  7089.05      0.26      0.23      0.23      0.30      0.22      0.23      0.28      0.21      0.23      0.25      0.36      1.08
  7090.05      0.24      0.21      0.21      0.27      0.20      0.21      0.25      0.19      0.21      0.23      0.33      0.97
  7091.05      0.24      0.21      0.21      0.27      0.20      0.21      0.25      0.19      0.21      0.23      0.33      0.97
  7092.05      0.26      0.23      0.23      0.29      0.22      0.23      0.28      0.21      0.23      0.25      0.36      1.06
  7093.05      0.27      0.24      0.24      0.31      0.23      0.24      0.29      0.22      0.24      0.26      0.38      1.10
  7094.05      0.27      0.24      0.24      0.31      0.23      0.24      0.29      0.22      0.24      0.26      0.38      1.10
  7095.05      0.28      0.24      0.24      0.32      0.24      0.24      0.29      0.22      0.24      0.27      0.39      1.12
  7096.05      0.28      0.25      0.25      0.32      0.24      0.25      0.30      0.23      0.25      0.27      0.39      1.14
  7097.05      0.29      0.25      0.25      0.33      0.24      0.25      0.30      0.23      0.25      0.27      0.40      1.15
  7098.05      0.29      0.25      0.25      0.33      0.24      0.25      0.30      0.23      0.25      0.27      0.40      1.15
  7099.05      0.28      0.25      0.25      0.33      0.24      0.25      0.30      0.23      0.25      0.27      0.39      1.13
  7100.05      0.28      0.25      0.25      0.33      0.24      0.25      0.30      0.23      0.25      0.27      0.39      1.14
  7101.05      0.29      0.25      0.25      0.33      0.25      0.25      0.30      0.23      0.25      0.27      0.40      1.15
  7102.05      0.29      0.25      0.25      0.33      0.24      0.25      0.30      0.23      0.25      0.27      0.40      1.14
  7103.05      0.28      0.25      0.25      0.33      0.24      0.25      0.30      0.23      0.24      0.27      0.39      1.12
  7104.05      0.28      0.25      0.25      0.33      0.24      0.25      0.30      0.23      0.25      0.27      0.39      1.12
  7105.05      0.28      0.25      0.25      0.33      0.24      0.25      0.29      0.23      0.24      0.27      0.39      1.11
  7106.05      0.28      0.25      0.25      0.33      0.24      0.24      0.29      0.22      0.24      0.27      0.39      1.11
  7107.05      0.28      0.25      0.25      0.33      0.24      0.25      0.30      0.23      0.25      0.27      0.40      1.12
  7108.05      0.29      0.25      0.25      0.34      0.25      0.25      0.30      0.23      0.25      0.27      0.40      1.13
  7109.05      0.28      0.25      0.25      0.34      0.24      0.25      0.30      0.23      0.24      0.27      0.40      1.11
  7110.05      0.28      0.24      0.25      0.33      0.24      0.24      0.29      0.22      0.24      0.27      0.39      1.09
  7111.05      0.28      0.25      0.25      0.33      0.24      0.24      0.29      0.23      0.24      0.27      0.39      1.10
  7112.05      0.28      0.25      0.25      0.34      0.24      0.25      0.29      0.23      0.24      0.27      0.40      1.10
  7113.05      0.28      0.25      0.25      0.34      0.24      0.25      0.29      0.23      0.24      0.27      0.40      1.10
  7114.05      0.28      0.25      0.25      0.34      0.24      0.24      0.29      0.23      0.24      0.27      0.40      1.10
  7115.05      0.29      0.25      0.25      0.34      0.24      0.25      0.29      0.23      0.24      0.27      0.40      1.10
  7116.05      0.29      0.25      0.25      0.35      0.25      0.25      0.30      0.23      0.25      0.27      0.40      1.11
  7117.05      0.29      0.25      0.25      0.34      0.25      0.25      0.29      0.23      0.24      0.27      0.40      1.10
  7118.05      0.28      0.25      0.25      0.34      0.24      0.24      0.29      0.23      0.24      0.27      0.40      1.09
  7119.05      0.28      0.25      0.25      0.34      0.24      0.24      0.29      0.23      0.24      0.27      0.40      1.08
  7120.05      0.29      0.25      0.25      0.35      0.25      0.25      0.29      0.23      0.24      0.27      0.40      1.09
  7121.05      0.29      0.25      0.25      0.35      0.25      0.25      0.29      0.23      0.25      0.27      0.40      1.10
  7122.05      0.29      0.25      0.25      0.35      0.25      0.25      0.29      0.23      0.24      0.27      0.40      1.09
  7123.05      0.29      0.25      0.25      0.35      0.25      0.25      0.29      0.23      0.24      0.27      0.40      1.09
  7124.05      0.29      0.25      0.25      0.35      0.24      0.24      0.29      0.23      0.24      0.27      0.40      1.08
  7125.05      0.28      0.25      0.25      0.35      0.24      0.24      0.29      0.23      0.24      0.27      0.40      1.07
  7126.05      0.29      0.25      0.25      0.35      0.24      0.24      0.29      0.23      0.24      0.27      0.40      1.07
  7127.05      0.29      0.25      0.25      0.35      0.24      0.24      0.29      0.23      0.24      0.27      0.40      1.07
  7128.05      0.28      0.24      0.24      0.34      0.24      0.23      0.28      0.22      0.23      0.26      0.39      1.03
  7129.05      0.25      0.22      0.22      0.31      0.22      0.22      0.26      0.21      0.21      0.24      0.36      0.94
  7130.05      0.26      0.22      0.23      0.32      0.22      0.22      0.26      0.21      0.22      0.24      0.36      0.96
  7131.05      0.27      0.24      0.24      0.34      0.24      0.23      0.28      0.22      0.23      0.26      0.39      1.02
  7132.05      0.28      0.25      0.25      0.35      0.24      0.24      0.29      0.23      0.24      0.27      0.40      1.05
  7133.05      0.28      0.25      0.25      0.35      0.24      0.24      0.28      0.23      0.24      0.27      0.40      1.04
  7134.05      0.26      0.23      0.23      0.33      0.23      0.22      0.26      0.21      0.22      0.25      0.37      0.97
  7135.05      0.25      0.22      0.22      0.32      0.22      0.21      0.25      0.20      0.21      0.24      0.36      0.93
  7136.05      0.27      0.23      0.24      0.34      0.23      0.23      0.27      0.22      0.23      0.26      0.38      0.99
  7137.05      0.28      0.24      0.25      0.35      0.24      0.24      0.28      0.23      0.24      0.27      0.40      1.03
  7138.05      0.28      0.25      0.25      0.36      0.24      0.24      0.28      0.23      0.24      0.27      0.40      1.03
  7139.05      0.29      0.25      0.25      0.36      0.25      0.24      0.29      0.23      0.24      0.27      0.41      1.04
  7140.05      0.29      0.25      0.25      0.36      0.25      0.24      0.29      0.24      0.24      0.27      0.41      1.04
  7141.05      0.29      0.25      0.26      0.37      0.25      0.24      0.29      0.24      0.24      0.28      0.41      1.04
  7142.05      0.28      0.25      0.25      0.36      0.24      0.24      0.28      0.23      0.24      0.27      0.40      1.02
  7143.05      0.27      0.23      0.23      0.34      0.23      0.22      0.26      0.22      0.22      0.25      0.38      0.95
  7144.05      0.25      0.22      0.22      0.32      0.22      0.21      0.25      0.20      0.21      0.24      0.36      0.90
  7145.05      0.25      0.21      0.22      0.31      0.21      0.21      0.24      0.20      0.20      0.23      0.35      0.88
  7146.05      0.25      0.21      0.22      0.31      0.21      0.20      0.24      0.20      0.20      0.23      0.35      0.87
  7147.05      0.25      0.21      0.22      0.31      0.21      0.21      0.24      0.20      0.20      0.23      0.35      0.87
  7148.05      0.25      0.22      0.22      0.31      0.21      0.21      0.25      0.20      0.21      0.24      0.36      0.88
  7149.05      0.26      0.22      0.23      0.32      0.22      0.21      0.25      0.21      0.21      0.24      0.37      0.90
  7150.05      0.26      0.23      0.23      0.33      0.23      0.22      0.26      0.22      0.22      0.25      0.38      0.92
  7151.05      0.27      0.23      0.23      0.33      0.23      0.22      0.26      0.22      0.22      0.25      0.38      0.93
  7152.05      0.28      0.24      0.24      0.34      0.23      0.23      0.27      0.23      0.23      0.26      0.39      0.96
  7153.05      0.28      0.24      0.25      0.35      0.24      0.23      0.28      0.23      0.23      0.26      0.40      0.97
  7154.05      0.28      0.24      0.25      0.35      0.24      0.23      0.28      0.23      0.23      0.27      0.40      0.97
  7155.05      0.29      0.25      0.25      0.36      0.24      0.24      0.28      0.24      0.24      0.27      0.41      0.99
  7156.05      0.29      0.25      0.26      0.36      0.25      0.24      0.29      0.24      0.24      0.28      0.42      1.00
  7157.05      0.29      0.25      0.25      0.36      0.25      0.24      0.28      0.24      0.24      0.27      0.41      0.99
  7158.05      0.28      0.24      0.25      0.35      0.24      0.23      0.28      0.23      0.23      0.27      0.40      0.96
  7159.05      0.28      0.24      0.25      0.35      0.24      0.23      0.28      0.23      0.23      0.27      0.40      0.96
  7160.05      0.27      0.24      0.24      0.34      0.23      0.23      0.27      0.23      0.22      0.26      0.40      0.93
  7161.05      0.27      0.23      0.24      0.33      0.23      0.22      0.26      0.22      0.22      0.25      0.39      0.90
  7162.05      0.27      0.24      0.24      0.34      0.23      0.22      0.27      0.23      0.22      0.26      0.40      0.92
  7163.05      0.27      0.23      0.24      0.33      0.23      0.22      0.27      0.22      0.22      0.26      0.39      0.91
  7164.05      0.26      0.22      0.23      0.31      0.22      0.21      0.25      0.21      0.21      0.25      0.37      0.87
  7165.05      0.27      0.23      0.24      0.33      0.23      0.22      0.26      0.22      0.22      0.25      0.39      0.89
  7166.05      0.28      0.24      0.25      0.34      0.24      0.23      0.28      0.24      0.23      0.27      0.41      0.94
  7167.05      0.26      0.23      0.23      0.32      0.22      0.21      0.26      0.22      0.21      0.25      0.38      0.87
  7168.05      0.25      0.22      0.22      0.30      0.21      0.20      0.24      0.21      0.20      0.24      0.36      0.82
  7169.05      0.27      0.23      0.24      0.33      0.23      0.22      0.27      0.23      0.22      0.26      0.39      0.89
  7170.05      0.28      0.24      0.25      0.34      0.24      0.23      0.27      0.23      0.23      0.27      0.41      0.92
  7171.05      0.26      0.23      0.23      0.32      0.22      0.21      0.26      0.22      0.21      0.25      0.38      0.85
  7172.05      0.25      0.22      0.22      0.30      0.21      0.21      0.25      0.21      0.21      0.24      0.37      0.82
  7173.05      0.26      0.23      0.23      0.31      0.22      0.21      0.25      0.22      0.21      0.25      0.38      0.84
  7174.05      0.28      0.24      0.25      0.33      0.24      0.23      0.27      0.23      0.23      0.26      0.40      0.89
  7175.05      0.27      0.24      0.24      0.33      0.23      0.22      0.27      0.23      0.22      0.26      0.40      0.87
  7176.05      0.26      0.22      0.23      0.30      0.22      0.21      0.25      0.22      0.21      0.24      0.37      0.82
  7177.05      0.25      0.22      0.22      0.30      0.21      0.20      0.24      0.21      0.20      0.24      0.36      0.79
  7178.05      0.25      0.22      0.22      0.30      0.21      0.21      0.24      0.21      0.20      0.24      0.37      0.80
  7179.05      0.27      0.23      0.24      0.32      0.23      0.22      0.26      0.23      0.22      0.26      0.39      0.85
  7180.05      0.27      0.24      0.24      0.32      0.23      0.22      0.27      0.23      0.22      0.26      0.40      0.85
  7181.05      0.26      0.23      0.23      0.31      0.22      0.21      0.25      0.22      0.21      0.25      0.38      0.82
  7182.05      0.26      0.22      0.23      0.30      0.22      0.21      0.25      0.22      0.21      0.25      0.38      0.80
  7183.05      0.26      0.22      0.23      0.30      0.22      0.21      0.25      0.22      0.21      0.24      0.37      0.79
  7184.05      0.26      0.22      0.23      0.30      0.22      0.21      0.25      0.22      0.21      0.24      0.37      0.79
  7185.05      0.26      0.22      0.23      0.30      0.22      0.21      0.25      0.22      0.21      0.25      0.37      0.79
  7186.05      0.26      0.23      0.23      0.30      0.22      0.21      0.25      0.22      0.21      0.25      0.38      0.80
  7187.05      0.27      0.23      0.24      0.31      0.22      0.22      0.26      0.23      0.21      0.25      0.38      0.81
  7188.05      0.28      0.24      0.25      0.32      0.24      0.23      0.27      0.24      0.23      0.27      0.41      0.85
  7189.05      0.30      0.26      0.26      0.34      0.25      0.24      0.29      0.25      0.24      0.28      0.43      0.89
  7190.05      0.29      0.25      0.26      0.33      0.24      0.23      0.28      0.25      0.23      0.27      0.41      0.86
  7191.05      0.27      0.23      0.24      0.31      0.23      0.22      0.26      0.23      0.21      0.26      0.38      0.80
  7192.05      0.27      0.23      0.24      0.31      0.23      0.22      0.26      0.23      0.22      0.26      0.39      0.80
  7193.05      0.28      0.24      0.25      0.31      0.23      0.23      0.27      0.24      0.22      0.27      0.40      0.82
  7194.05      0.28      0.24      0.25      0.31      0.23      0.22      0.27      0.24      0.22      0.27      0.40      0.82
  7195.05      0.29      0.25      0.25      0.32      0.24      0.23      0.27      0.24      0.23      0.27      0.40      0.83
  7196.05      0.28      0.24      0.25      0.32      0.24      0.23      0.27      0.24      0.23      0.27      0.40      0.82
  7197.05      0.28      0.24      0.25      0.31      0.24      0.23      0.27      0.24      0.22      0.27      0.40      0.81
  7198.05      0.28      0.24      0.25      0.31      0.24      0.23      0.27      0.24      0.22      0.27      0.40      0.81
  7199.05      0.29      0.25      0.25      0.32      0.24      0.23      0.28      0.25      0.23      0.27      0.40      0.82
  7200.05      0.27      0.24      0.24      0.30      0.23      0.22      0.26      0.24      0.22      0.26      0.39      0.78
  7201.05      0.26      0.23      0.23      0.29      0.22      0.21      0.25      0.23      0.21      0.25      0.37      0.74
  7202.05      0.27      0.23      0.24      0.30      0.23      0.22      0.26      0.24      0.22      0.26      0.38      0.77
  7203.05      0.28      0.24      0.25      0.30      0.23      0.22      0.27      0.24      0.22      0.26      0.39      0.78
  7204.05      0.27      0.23      0.24      0.30      0.23      0.22      0.26      0.24      0.22      0.26      0.38      0.76
  7205.05      0.28      0.24      0.24      0.30      0.23      0.22      0.26      0.24      0.22      0.26      0.38      0.76
  7206.05      0.28      0.24      0.25      0.30      0.23      0.22      0.27      0.24      0.22      0.26      0.39      0.77
  7207.05      0.29      0.24      0.25      0.30      0.24      0.23      0.27      0.25      0.22      0.27      0.40      0.78
  7208.05      0.29      0.25      0.26      0.31      0.24      0.23      0.28      0.26      0.23      0.28      0.41      0.80
  7209.05      0.29      0.25      0.26      0.31      0.24      0.23      0.28      0.26      0.23      0.27      0.40      0.78
  7210.05      0.28      0.24      0.25      0.30      0.23      0.22      0.27      0.25      0.22      0.27      0.39      0.76
  7211.05      0.29      0.25      0.26      0.30      0.24      0.23      0.27      0.25      0.22      0.27      0.40      0.77
  7212.05      0.29      0.25      0.26      0.30      0.24      0.23      0.28      0.26      0.23      0.28      0.40      0.78
  7213.05      0.29      0.25      0.26      0.30      0.24      0.23      0.28      0.26      0.23      0.28      0.40      0.78
  7214.05      0.29      0.25      0.26      0.30      0.24      0.23      0.28      0.26      0.23      0.28      0.40      0.77
  7215.05      0.29      0.25      0.26      0.30      0.24      0.23      0.28      0.26      0.23      0.28      0.40      0.76
  7216.05      0.29      0.25      0.26      0.30      0.24      0.23      0.27      0.26      0.22      0.27      0.40      0.76
  7217.05      0.29      0.25      0.26      0.30      0.24      0.23      0.28      0.26      0.23      0.28      0.40      0.76
  7218.05      0.29      0.25      0.26      0.30      0.24      0.23      0.28      0.26      0.23      0.28      0.40      0.76
  7219.05      0.29      0.25      0.26      0.30      0.24      0.23      0.28      0.27      0.23      0.28      0.40      0.77
  7220.05      0.30      0.25      0.26      0.30      0.24      0.24      0.28      0.27      0.23      0.28      0.40      0.77
  7221.05      0.30      0.25      0.26      0.30      0.24      0.24      0.28      0.27      0.23      0.28      0.40      0.77
  7222.05      0.29      0.25      0.26      0.29      0.24      0.23      0.28      0.26      0.22      0.28      0.39      0.75
  7223.05      0.27      0.23      0.24      0.28      0.22      0.22      0.26      0.25      0.21      0.26      0.37      0.70
  7224.05      0.26      0.22      0.24      0.27      0.22      0.21      0.25      0.24      0.20      0.25      0.36      0.68
  7225.05      0.28      0.23      0.25      0.28      0.23      0.22      0.26      0.25      0.21      0.26      0.37      0.71
  7226.05      0.28      0.24      0.25      0.28      0.23      0.22      0.27      0.26      0.22      0.27      0.38      0.73
  7227.05      0.28      0.24      0.25      0.28      0.23      0.22      0.26      0.25      0.21      0.26      0.37      0.71
  7228.05      0.28      0.24      0.25      0.28      0.23      0.22      0.27      0.26      0.22      0.27      0.38      0.72
  7229.05      0.30      0.25      0.26      0.29      0.24      0.23      0.28      0.27      0.23      0.28      0.39      0.75
  7230.05      0.28      0.24      0.25      0.28      0.23      0.22      0.27      0.26      0.22      0.27      0.38      0.71
  7231.05      0.26      0.22      0.24      0.26      0.22      0.21      0.25      0.24      0.20      0.25      0.35      0.67
  7232.05      0.27      0.23      0.24      0.27      0.22      0.21      0.25      0.25      0.21      0.26      0.36      0.68
  7233.05      0.28      0.24      0.25      0.27      0.23      0.22      0.26      0.26      0.21      0.27      0.37      0.70
  7234.05      0.27      0.23      0.24      0.27      0.22      0.22      0.26      0.25      0.21      0.26      0.36      0.69
  7235.05      0.25      0.21      0.22      0.24      0.20      0.20      0.23      0.23      0.19      0.24      0.33      0.62
  7236.05      0.26      0.22      0.23      0.25      0.21      0.20      0.24      0.24      0.20      0.25      0.34      0.64
  7237.05      0.29      0.24      0.25      0.28      0.23      0.23      0.27      0.27      0.22      0.28      0.38      0.71
  7238.05      0.29      0.25      0.26      0.28      0.24      0.23      0.27      0.27      0.22      0.28      0.39      0.73
  7239.05      0.27      0.22      0.24      0.26      0.22      0.21      0.25      0.25      0.20      0.26      0.35      0.66
  7240.05      0.17      0.14      0.15      0.16      0.13      0.13      0.15      0.15      0.13      0.16      0.22      0.41
  7241.05      0.11      0.09      0.10      0.11      0.09      0.09      0.11      0.11      0.09      0.11      0.15      0.28
  7242.05      0.09      0.08      0.08      0.09      0.08      0.07      0.09      0.09      0.07      0.09      0.12      0.23
  7243.05      0.10      0.08      0.09      0.09      0.08      0.08      0.09      0.09      0.08      0.10      0.13      0.25
  7244.05      0.14      0.12      0.12      0.13      0.11      0.11      0.13      0.13      0.11      0.14      0.18      0.34
  7245.05      0.20      0.17      0.18      0.19      0.16      0.16      0.19      0.19      0.15      0.19      0.26      0.49
  7246.05      0.12      0.10      0.10      0.11      0.10      0.09      0.11      0.11      0.09      0.12      0.16      0.29
  7247.05      0.09      0.07      0.08      0.08      0.07      0.07      0.08      0.08      0.07      0.09      0.11      0.21
  7248.05      0.12      0.10      0.11      0.11      0.10      0.09      0.11      0.12      0.09      0.12      0.16      0.30
  7249.05      0.18      0.15      0.16      0.17      0.15      0.14      0.17      0.17      0.14      0.18      0.24      0.44
  7250.05      0.25      0.21      0.22      0.23      0.20      0.19      0.23      0.24      0.19      0.24      0.32      0.60
  7251.05      0.27      0.22      0.24      0.25      0.22      0.21      0.25      0.26      0.20      0.26      0.35      0.64
  7252.05      0.26      0.22      0.23      0.24      0.21      0.20      0.24      0.25      0.20      0.25      0.34      0.62
  7253.05      0.26      0.21      0.22      0.23      0.21      0.20      0.24      0.25      0.19      0.25      0.33      0.61
  7254.05      0.21      0.17      0.18      0.19      0.17      0.16      0.19      0.20      0.15      0.20      0.27      0.49
  7255.05      0.16      0.13      0.14      0.14      0.13      0.12      0.15      0.15      0.12      0.15      0.20      0.37
  7256.05      0.20      0.16      0.17      0.18      0.16      0.15      0.18      0.19      0.15      0.19      0.25      0.46
  7257.05      0.23      0.19      0.20      0.21      0.18      0.18      0.21      0.22      0.17      0.22      0.29      0.53
  7258.05      0.22      0.18      0.20      0.20      0.18      0.17      0.21      0.22      0.17      0.22      0.29      0.53
  7259.05      0.27      0.22      0.24      0.24      0.22      0.21      0.25      0.27      0.20      0.26      0.35      0.63
  7260.05      0.29      0.24      0.25      0.26      0.23      0.23      0.27      0.29      0.22      0.29      0.37      0.68
  7261.05      0.28      0.23      0.25      0.25      0.23      0.22      0.26      0.28      0.21      0.28      0.36      0.65
  7262.05      0.28      0.23      0.24      0.25      0.22      0.21      0.25      0.28      0.21      0.27      0.35      0.64
  7263.05      0.29      0.23      0.25      0.26      0.23      0.22      0.26      0.29      0.21      0.28      0.36      0.66
  7264.05      0.28      0.23      0.25      0.25      0.23      0.22      0.26      0.29      0.21      0.28      0.36      0.65
  7265.05      0.27      0.22      0.23      0.24      0.21      0.21      0.24      0.27      0.20      0.26      0.34      0.61
  7266.05      0.28      0.23      0.24      0.25      0.22      0.22      0.25      0.29      0.21      0.27      0.35      0.64
  7267.05      0.30      0.24      0.26      0.26      0.24      0.23      0.27      0.31      0.22      0.29      0.38      0.68
  7268.05      0.29      0.23      0.25      0.25      0.23      0.22      0.26      0.30      0.21      0.28      0.36      0.65
  7269.05      0.26      0.22      0.23      0.23      0.21      0.20      0.24      0.27      0.20      0.26      0.33      0.60
  7270.05      0.25      0.20      0.21      0.22      0.20      0.19      0.23      0.26      0.18      0.24      0.31      0.56
  7271.05      0.25      0.20      0.22      0.22      0.20      0.19      0.23      0.26      0.19      0.25      0.32      0.57
  7272.05      0.27      0.22      0.23      0.23      0.21      0.20      0.24      0.28      0.20      0.26      0.33      0.60
  7273.05      0.26      0.21      0.23      0.23      0.21      0.20      0.24      0.28      0.19      0.26      0.33      0.59
  7274.05      0.28      0.23      0.24      0.24      0.22      0.22      0.26      0.30      0.21      0.28      0.35      0.63
  7275.05      0.29      0.23      0.25      0.25      0.23      0.22      0.26      0.31      0.21      0.29      0.36      0.64
  7276.05      0.22      0.18      0.19      0.19      0.17      0.17      0.20      0.23      0.16      0.22      0.27      0.48
  7277.05      0.12      0.09      0.10      0.10      0.09      0.09      0.11      0.12      0.09      0.12      0.14      0.26
  7278.05      0.07      0.06      0.06      0.06      0.06      0.05      0.06      0.08      0.05      0.07      0.09      0.16
  7279.05      0.08      0.07      0.07      0.07      0.07      0.06      0.08      0.09      0.06      0.08      0.10      0.19
  7280.05      0.19      0.15      0.16      0.16      0.15      0.15      0.17      0.21      0.14      0.19      0.24      0.42
  7281.05      0.29      0.23      0.25      0.25      0.23      0.22      0.26      0.31      0.21      0.29      0.36      0.63
  7282.05      0.27      0.22      0.24      0.24      0.22      0.21      0.25      0.30      0.20      0.28      0.34      0.60
  7283.05      0.24      0.20      0.21      0.21      0.19      0.19      0.22      0.27      0.18      0.25      0.30      0.54
  7284.05      0.25      0.20      0.22      0.22      0.20      0.19      0.23      0.28      0.18      0.25      0.31      0.55
  7285.05      0.21      0.17      0.18      0.18      0.17      0.16      0.19      0.23      0.16      0.21      0.26      0.46
  7286.05      0.12      0.10      0.10      0.10      0.09      0.09      0.11      0.13      0.09      0.12      0.15      0.26
  7287.05      0.12      0.10      0.10      0.10      0.09      0.09      0.11      0.13      0.09      0.12      0.15      0.26
  7288.05      0.20      0.16      0.17      0.17      0.16      0.15      0.18      0.22      0.15      0.20      0.25      0.43
  7289.05      0.27      0.22      0.23      0.23      0.21      0.21      0.25      0.30      0.20      0.28      0.33      0.59
  7290.05      0.29      0.24      0.25      0.25      0.23      0.22      0.27      0.33      0.21      0.30      0.36      0.63
  7291.05      0.27      0.22      0.24      0.23      0.22      0.21      0.25      0.31      0.20      0.28      0.34      0.60
  7292.05      0.26      0.21      0.23      0.23      0.21      0.20      0.24      0.30      0.19      0.27      0.33      0.57
  7293.05      0.26      0.21      0.23      0.22      0.21      0.20      0.24      0.30      0.19      0.27      0.33      0.57
  7294.05      0.26      0.22      0.23      0.23      0.21      0.21      0.24      0.31      0.20      0.27      0.33      0.57
  7295.05      0.28      0.23      0.25      0.24      0.23      0.22      0.26      0.34      0.21      0.30      0.36      0.61
  7296.05      0.29      0.24      0.25      0.25      0.23      0.22      0.27      0.34      0.21      0.30      0.36      0.62
  7297.05      0.21      0.17      0.18      0.18      0.17      0.16      0.20      0.25      0.16      0.22      0.27      0.46
  7298.05      0.17      0.14      0.15      0.14      0.14      0.13      0.16      0.21      0.13      0.18      0.21      0.37
  7299.05      0.22      0.18      0.19      0.19      0.18      0.17      0.20      0.27      0.16      0.23      0.28      0.48
  7300.05      0.29      0.23      0.25      0.24      0.23      0.22      0.26      0.35      0.21      0.30      0.36      0.61
  7301.05      0.30      0.24      0.26      0.25      0.24      0.23      0.27      0.37      0.22      0.31      0.37      0.63
  7302.05      0.29      0.24      0.25      0.25      0.23      0.23      0.27      0.37      0.22      0.31      0.37      0.63
  7303.05      0.29      0.24      0.25      0.25      0.23      0.23      0.27      0.36      0.21      0.31      0.37      0.62
  7304.05      0.25      0.21      0.22      0.21      0.20      0.20      0.23      0.32      0.19      0.27      0.32      0.53
  7305.05      0.15      0.13      0.13      0.13      0.12      0.12      0.14      0.19      0.11      0.16      0.19      0.32
  7306.05      0.14      0.11      0.12      0.12      0.11      0.11      0.13      0.18      0.10      0.15      0.17      0.29
  7307.05      0.22      0.18      0.19      0.18      0.17      0.17      0.20      0.28      0.16      0.23      0.27      0.46
  7308.05      0.27      0.22      0.24      0.23      0.22      0.21      0.25      0.36      0.20      0.29      0.35      0.58
  7309.05      0.27      0.22      0.23      0.23      0.21      0.21      0.25      0.35      0.20      0.29      0.34      0.56
  7310.05      0.28      0.23      0.24      0.24      0.22      0.22      0.26      0.37      0.21      0.30      0.36      0.59
  7311.05      0.29      0.24      0.26      0.25      0.24      0.23      0.27      0.39      0.22      0.32      0.38      0.62
  7312.05      0.26      0.22      0.23      0.22      0.21      0.21      0.25      0.36      0.20      0.29      0.34      0.55
  7313.05      0.23      0.19      0.20      0.20      0.19      0.18      0.22      0.32      0.17      0.25      0.30      0.49
  7314.05      0.26      0.22      0.23      0.22      0.21      0.21      0.25      0.36      0.20      0.29      0.34      0.55
  7315.05      0.29      0.24      0.25      0.25      0.24      0.23      0.27      0.40      0.22      0.32      0.37      0.61
  7316.05      0.28      0.23      0.24      0.24      0.22      0.22      0.26      0.39      0.21      0.30      0.36      0.58
  7317.05      0.14      0.12      0.12      0.12      0.11      0.11      0.13      0.20      0.11      0.16      0.18      0.30
  7318.05      0.08      0.06      0.07      0.07      0.06      0.06      0.07      0.11      0.06      0.08      0.10      0.16
  7319.05      0.10      0.08      0.08      0.08      0.08      0.08      0.09      0.14      0.07      0.11      0.12      0.20
  7320.05      0.22      0.18      0.19      0.19      0.18      0.17      0.21      0.31      0.16      0.24      0.28      0.45
  7321.05      0.29      0.24      0.25      0.25      0.23      0.23      0.27      0.42      0.22      0.32      0.37      0.60
  7322.05      0.30      0.25      0.26      0.25      0.24      0.23      0.28      0.43      0.22      0.33      0.38      0.61
  7323.05      0.30      0.25      0.26      0.26      0.24      0.24      0.28      0.44      0.23      0.34      0.39      0.62
  7324.05      0.30      0.25      0.26      0.25      0.24      0.24      0.28      0.44      0.23      0.33      0.39      0.62
  7325.05      0.30      0.25      0.26      0.25      0.24      0.24      0.28      0.44      0.22      0.33      0.39      0.61
  7326.05      0.30      0.25      0.26      0.25      0.24      0.24      0.28      0.45      0.22      0.33      0.39      0.61
  7327.05      0.30      0.25      0.26      0.25      0.24      0.23      0.28      0.44      0.22      0.33      0.38      0.61
  7328.05      0.30      0.25      0.26      0.25      0.24      0.23      0.28      0.45      0.22      0.33      0.38      0.60
  7329.05      0.28      0.24      0.24      0.24      0.23      0.22      0.27      0.43      0.21      0.31      0.37      0.57
  7330.05      0.17      0.14      0.15      0.15      0.14      0.14      0.16      0.26      0.13      0.19      0.22      0.35
  7331.05      0.11      0.09      0.10      0.09      0.09      0.09      0.10      0.17      0.08      0.12      0.14      0.23
  7332.05      0.14      0.12      0.12      0.12      0.12      0.11      0.14      0.22      0.11      0.16      0.19      0.29
  7333.05      0.24      0.20      0.21      0.20      0.20      0.19      0.23      0.38      0.18      0.27      0.32      0.49
  7334.05      0.27      0.23      0.23      0.23      0.22      0.21      0.26      0.42      0.20      0.30      0.35      0.55
  7335.05      0.28      0.24      0.24      0.24      0.23      0.22      0.27      0.44      0.21      0.31      0.37      0.57
  7336.05      0.29      0.25      0.25      0.25      0.24      0.23      0.28      0.46      0.22      0.32      0.38      0.59
  7337.05      0.30      0.25      0.26      0.25      0.24      0.23      0.28      0.47      0.22      0.33      0.39      0.59
  7338.05      0.29      0.25      0.25      0.25      0.24      0.23      0.28      0.47      0.22      0.32      0.38      0.59
  7339.05      0.29      0.24      0.25      0.24      0.24      0.23      0.28      0.47      0.22      0.32      0.38      0.58
  7340.05      0.29      0.24      0.25      0.24      0.23      0.23      0.27      0.46      0.22      0.32      0.38      0.58
  7341.05      0.23      0.19      0.19      0.19      0.18      0.18      0.21      0.36      0.17      0.25      0.29      0.45
  7342.05      0.10      0.08      0.08      0.08      0.08      0.08      0.09      0.15      0.07      0.11      0.13      0.19
  7343.05      0.07      0.06      0.06      0.06      0.06      0.06      0.07      0.11      0.05      0.08      0.09      0.14
  7344.05      0.12      0.10      0.10      0.10      0.09      0.09      0.11      0.18      0.09      0.13      0.15      0.23
  7345.05      0.26      0.22      0.22      0.21      0.21      0.20      0.25      0.41      0.19      0.28      0.34      0.51
  7346.05      0.28      0.23      0.24      0.23      0.23      0.22      0.26      0.43      0.21      0.30      0.36      0.55
  7347.05      0.26      0.22      0.23      0.22      0.22      0.21      0.25      0.41      0.20      0.29      0.35      0.53
  7348.05      0.28      0.23      0.24      0.23      0.23      0.22      0.26      0.43      0.21      0.30      0.36      0.55
  7349.05      0.27      0.23      0.23      0.22      0.22      0.21      0.26      0.42      0.20      0.30      0.35      0.53
  7350.05      0.27      0.23      0.24      0.23      0.22      0.22      0.26      0.42      0.21      0.30      0.36      0.54
  7351.05      0.28      0.24      0.25      0.24      0.23      0.23      0.27      0.44      0.21      0.31      0.37      0.57
  7352.05      0.27      0.23      0.23      0.22      0.22      0.21      0.26      0.41      0.20      0.30      0.35      0.53
  7353.05      0.26      0.22      0.22      0.21      0.21      0.20      0.24      0.39      0.19      0.28      0.33      0.51
  7354.05      0.26      0.22      0.22      0.21      0.21      0.20      0.25      0.39      0.19      0.28      0.33      0.51
  7355.05      0.27      0.23      0.23      0.22      0.22      0.21      0.26      0.41      0.20      0.30      0.35      0.54
  7356.05      0.28      0.24      0.24      0.23      0.23      0.22      0.27      0.43      0.21      0.31      0.37      0.56
  7357.05      0.28      0.24      0.24      0.23      0.23      0.22      0.27      0.43      0.21      0.31      0.37      0.56
  7358.05      0.28      0.24      0.24      0.23      0.23      0.22      0.27      0.42      0.21      0.30      0.36      0.55
  7359.05      0.24      0.20      0.20      0.20      0.20      0.19      0.23      0.36      0.18      0.26      0.31      0.47
  7360.05      0.13      0.11      0.12      0.11      0.11      0.11      0.13      0.20      0.10      0.15      0.17      0.27
  7361.05      0.12      0.10      0.10      0.10      0.10      0.09      0.11      0.18      0.09      0.13      0.16      0.24
  7362.05      0.20      0.17      0.17      0.16      0.17      0.16      0.19      0.30      0.15      0.22      0.26      0.39
  7363.05      0.28      0.24      0.24      0.23      0.23      0.22      0.27      0.41      0.21      0.30      0.36      0.55
  7364.05      0.29      0.24      0.25      0.24      0.24      0.23      0.27      0.42      0.22      0.31      0.37      0.56
  7365.05      0.28      0.24      0.24      0.23      0.23      0.22      0.27      0.41      0.21      0.31      0.37      0.55
  7366.05      0.27      0.23      0.23      0.22      0.22      0.21      0.26      0.39      0.20      0.30      0.35      0.53
  7367.05      0.27      0.23      0.23      0.22      0.23      0.21      0.26      0.39      0.20      0.30      0.35      0.53
  7368.05      0.27      0.23      0.24      0.23      0.23      0.22      0.26      0.40      0.21      0.30      0.36      0.54
  7369.05      0.27      0.23      0.23      0.22      0.22      0.21      0.26      0.39      0.20      0.29      0.35      0.52
  7370.05      0.16      0.13      0.13      0.13      0.13      0.12      0.15      0.22      0.12      0.17      0.20      0.31
  7371.05      0.08      0.07      0.07      0.07      0.07      0.07      0.08      0.12      0.06      0.09      0.11      0.16
  7372.05      0.09      0.08      0.08      0.08      0.08      0.07      0.09      0.13      0.07      0.10      0.12      0.18
  7373.05      0.20      0.17      0.17      0.16      0.16      0.16      0.19      0.28      0.15      0.21      0.25      0.38
  7374.05      0.29      0.24      0.25      0.24      0.24      0.23      0.27      0.40      0.22      0.31      0.37      0.56
  7375.05      0.27      0.23      0.23      0.22      0.23      0.22      0.26      0.38      0.21      0.30      0.35      0.53
  7376.05      0.25      0.21      0.21      0.21      0.21      0.20      0.24      0.35      0.19      0.27      0.32      0.49
  7377.05      0.27      0.23      0.23      0.22      0.23      0.21      0.26      0.38      0.21      0.29      0.35      0.52
  7378.05      0.29      0.25      0.25      0.24      0.25      0.23      0.28      0.41      0.22      0.32      0.38      0.56
  7379.05      0.29      0.25      0.25      0.24      0.24      0.23      0.28      0.40      0.22      0.31      0.37      0.56
  7380.05      0.28      0.24      0.24      0.23      0.24      0.22      0.27      0.39      0.21      0.30      0.36      0.54
  7381.05      0.28      0.24      0.24      0.23      0.23      0.22      0.26      0.38      0.21      0.30      0.36      0.54
  7382.05      0.29      0.24      0.24      0.23      0.24      0.23      0.27      0.39      0.22      0.31      0.37      0.55
  7383.05      0.29      0.25      0.25      0.24      0.25      0.23      0.27      0.40      0.22      0.31      0.37      0.56
  7384.05      0.29      0.24      0.24      0.23      0.24      0.23      0.27      0.39      0.22      0.31      0.37      0.55
  7385.05      0.28      0.24      0.24      0.23      0.24      0.22      0.26      0.38      0.21      0.30      0.36      0.54
  7386.05      0.28      0.24      0.24      0.23      0.24      0.23      0.27      0.38      0.22      0.30      0.36      0.54
  7387.05      0.30      0.25      0.25      0.24      0.25      0.24      0.28      0.39      0.22      0.31      0.38      0.56
  7388.05      0.30      0.26      0.26      0.24      0.25      0.24      0.28      0.40      0.23      0.32      0.38      0.57
  7389.05      0.29      0.25      0.25      0.24      0.25      0.23      0.27      0.38      0.22      0.31      0.37      0.55
  7390.05      0.28      0.24      0.24      0.23      0.24      0.23      0.27      0.37      0.22      0.30      0.36      0.54
  7391.05      0.28      0.24      0.24      0.23      0.24      0.22      0.26      0.36      0.21      0.29      0.35      0.53
  7392.05      0.26      0.22      0.22      0.21      0.22      0.21      0.24      0.33      0.20      0.27      0.33      0.49
  7393.05      0.20      0.17      0.17      0.16      0.17      0.16      0.19      0.26      0.15      0.21      0.25      0.38
  7394.05      0.14      0.12      0.11      0.11      0.12      0.11      0.13      0.17      0.10      0.14      0.17      0.26
  7395.05      0.16      0.14      0.14      0.13      0.14      0.13      0.15      0.21      0.13      0.17      0.21      0.31
  7396.05      0.26      0.22      0.22      0.21      0.22      0.21      0.24      0.33      0.20      0.27      0.33      0.50
  7397.05      0.29      0.25      0.24      0.23      0.25      0.23      0.27      0.36      0.22      0.30      0.37      0.55
  7398.05      0.29      0.25      0.25      0.24      0.25      0.23      0.27      0.37      0.22      0.30      0.37      0.56
  7399.05      0.30      0.25      0.25      0.24      0.25      0.24      0.28      0.37      0.23      0.31      0.38      0.57
  7400.05      0.29      0.25      0.25      0.24      0.25      0.23      0.27      0.36      0.22      0.30      0.37      0.56
  7401.05      0.29      0.25      0.24      0.23      0.25      0.23      0.27      0.36      0.22      0.30      0.37      0.55
  7402.05      0.25      0.21      0.21      0.20      0.21      0.20      0.23      0.30      0.19      0.25      0.31      0.48
  7403.05      0.13      0.11      0.11      0.10      0.11      0.10      0.12      0.16      0.10      0.13      0.16      0.25
  7404.05      0.10      0.09      0.08      0.08      0.09      0.08      0.09      0.12      0.08      0.10      0.13      0.19
  7405.05      0.16      0.13      0.13      0.13      0.13      0.12      0.14      0.19      0.12      0.16      0.20      0.30
  7406.05      0.27      0.24      0.23      0.22      0.24      0.22      0.25      0.33      0.21      0.28      0.35      0.52
  7407.05      0.29      0.25      0.24      0.23      0.25      0.23      0.27      0.35      0.22      0.29      0.37      0.56
  7408.05      0.30      0.25      0.25      0.24      0.26      0.24      0.27      0.35      0.23      0.30      0.37      0.57
  7409.05      0.30      0.26      0.25      0.24      0.26      0.24      0.28      0.35      0.23      0.30      0.38      0.57
  7410.05      0.30      0.26      0.25      0.24      0.26      0.24      0.28      0.35      0.23      0.30      0.38      0.58
  7411.05      0.30      0.26      0.25      0.24      0.26      0.24      0.28      0.35      0.23      0.30      0.38      0.58
  7412.05      0.30      0.26      0.25      0.24      0.26      0.24      0.28      0.35      0.23      0.30      0.38      0.58
  7413.05      0.29      0.25      0.24      0.23      0.25      0.23      0.27      0.33      0.22      0.29      0.36      0.55
  7414.05      0.26      0.23      0.22      0.21      0.23      0.21      0.24      0.30      0.20      0.26      0.33      0.51
  7415.05      0.27      0.23      0.22      0.21      0.23      0.22      0.25      0.30      0.21      0.27      0.34      0.51
  7416.05      0.29      0.25      0.24      0.23      0.25      0.23      0.26      0.32      0.22      0.28      0.36      0.55
  7417.05      0.29      0.25      0.24      0.23      0.25      0.23      0.27      0.33      0.23      0.29      0.37      0.56
  7418.05      0.28      0.24      0.23      0.22      0.24      0.22      0.26      0.31      0.21      0.27      0.35      0.53
  7419.05      0.28      0.24      0.23      0.22      0.24      0.22      0.25      0.31      0.21      0.27      0.35      0.53
  7420.05      0.28      0.24      0.23      0.23      0.25      0.23      0.26      0.31      0.22      0.28      0.35      0.54
  7421.05      0.29      0.25      0.25      0.24      0.26      0.24      0.27      0.32      0.23      0.29      0.37      0.56
  7422.05      0.30      0.26      0.25      0.24      0.26      0.24      0.27      0.32      0.23      0.29      0.37      0.57
  7423.05      0.30      0.26      0.25      0.24      0.26      0.24      0.27      0.32      0.23      0.29      0.37      0.57
  7424.05      0.29      0.25      0.24      0.23      0.26      0.23      0.27      0.31      0.23      0.28      0.37      0.56
  7425.05      0.28      0.24      0.23      0.23      0.25      0.23      0.26      0.30      0.22      0.27      0.35      0.54
  7426.05      0.29      0.25      0.24      0.23      0.26      0.24      0.27      0.31      0.23      0.28      0.37      0.56
  7427.05      0.30      0.26      0.25      0.24      0.26      0.24      0.27      0.32      0.23      0.29      0.37      0.58
  7428.05      0.30      0.26      0.25      0.24      0.26      0.24      0.27      0.31      0.23      0.29      0.37      0.57
  7429.05      0.30      0.26      0.25      0.24      0.26      0.24      0.27      0.31      0.23      0.29      0.37      0.57
  7430.05      0.28      0.24      0.23      0.22      0.24      0.22      0.25      0.29      0.22      0.27      0.35      0.54
  7431.05      0.19      0.17      0.16      0.15      0.17      0.15      0.18      0.20      0.15      0.18      0.24      0.37
  7432.05      0.16      0.14      0.14      0.13      0.14      0.13      0.15      0.17      0.13      0.16      0.20      0.32
  7433.05      0.23      0.20      0.19      0.18      0.20      0.19      0.21      0.23      0.18      0.22      0.29      0.45
  7434.05      0.29      0.25      0.24      0.23      0.25      0.23      0.26      0.29      0.22      0.28      0.36      0.56
  7435.05      0.29      0.25      0.24      0.23      0.26      0.23      0.27      0.29      0.23      0.28      0.36      0.56
  7436.05      0.29      0.25      0.24      0.23      0.26      0.23      0.26      0.29      0.23      0.28      0.36      0.56
  7437.05      0.29      0.25      0.24      0.23      0.26      0.23      0.27      0.29      0.23      0.28      0.36      0.56
  7438.05      0.29      0.25      0.24      0.23      0.26      0.23      0.26      0.29      0.23      0.28      0.36      0.56
  7439.05      0.23      0.20      0.19      0.18      0.20      0.18      0.21      0.23      0.18      0.22      0.28      0.44
  7440.05      0.14      0.12      0.12      0.11      0.12      0.11      0.13      0.14      0.11      0.13      0.17      0.27
  7441.05      0.14      0.12      0.12      0.11      0.12      0.11      0.13      0.14      0.11      0.13      0.17      0.27
  7442.05      0.23      0.20      0.19      0.18      0.20      0.18      0.21      0.22      0.18      0.22      0.28      0.44
  7443.05      0.29      0.26      0.24      0.24      0.26      0.24      0.27      0.29      0.23      0.28      0.37      0.57
  7444.05      0.30      0.26      0.25      0.24      0.26      0.24      0.27      0.29      0.23      0.28      0.37      0.58
  7445.05      0.29      0.26      0.24      0.24      0.26      0.24      0.27      0.29      0.23      0.28      0.37      0.57
  7446.05      0.29      0.25      0.24      0.23      0.26      0.23      0.26      0.28      0.23      0.27      0.36      0.56
  7447.05      0.29      0.26      0.24      0.24      0.26      0.24      0.27      0.29      0.23      0.28      0.37      0.57
  7448.05      0.30      0.26      0.25      0.24      0.27      0.24      0.27      0.29      0.23      0.28      0.37      0.58
  7449.05      0.30      0.26      0.25      0.24      0.26      0.24      0.27      0.29      0.23      0.28      0.37      0.57
  7450.05      0.29      0.26      0.24      0.24      0.26      0.24      0.27      0.29      0.23      0.28      0.37      0.57
  7451.05      0.29      0.26      0.24      0.24      0.26      0.24      0.27      0.28      0.23      0.28      0.36      0.57
  7452.05      0.29      0.26      0.24      0.24      0.26      0.24      0.27      0.28      0.23      0.28      0.36      0.57
  7453.05      0.29      0.26      0.24      0.23      0.26      0.23      0.27      0.28      0.23      0.27      0.36      0.57
  7454.05      0.29      0.25      0.24      0.23      0.26      0.23      0.26      0.28      0.23      0.27      0.36      0.56
  7455.05      0.29      0.26      0.24      0.23      0.26      0.23      0.27      0.28      0.23      0.27      0.36      0.57
  7456.05      0.29      0.26      0.24      0.24      0.26      0.24      0.27      0.28      0.23      0.27      0.36      0.57
  7457.05      0.29      0.26      0.24      0.24      0.26      0.24      0.27      0.28      0.23      0.27      0.36      0.57
  7458.05      0.29      0.26      0.24      0.24      0.26      0.24      0.27      0.28      0.23      0.27      0.36      0.57
  7459.05      0.29      0.25      0.24      0.23      0.26      0.23      0.26      0.27      0.23      0.27      0.36      0.56
  7460.05      0.27      0.24      0.23      0.22      0.24      0.22      0.25      0.26      0.21      0.25      0.34      0.54
  7461.05      0.28      0.25      0.23      0.22      0.25      0.22      0.25      0.26      0.22      0.26      0.34      0.54
  7462.05      0.29      0.25      0.24      0.23      0.26      0.23      0.26      0.27      0.22      0.27      0.36      0.56
  7463.05      0.26      0.23      0.22      0.21      0.24      0.21      0.24      0.25      0.21      0.24      0.33      0.52
  7464.05      0.23      0.20      0.19      0.18      0.21      0.18      0.21      0.22      0.18      0.21      0.29      0.45
  7465.05      0.23      0.21      0.19      0.19      0.21      0.19      0.21      0.22      0.18      0.22      0.29      0.46
  7466.05      0.25      0.22      0.21      0.20      0.23      0.20      0.23      0.24      0.20      0.23      0.32      0.50
  7467.05      0.24      0.22      0.20      0.19      0.22      0.19      0.22      0.23      0.19      0.22      0.30      0.48
  7468.05      0.21      0.18      0.17      0.16      0.18      0.16      0.19      0.19      0.16      0.19      0.26      0.41
  7469.05      0.20      0.18      0.16      0.16      0.18      0.16      0.18      0.18      0.16      0.18      0.25      0.39
  7470.05      0.25      0.22      0.21      0.20      0.23      0.20      0.23      0.23      0.20      0.23      0.31      0.50
  7471.05      0.27      0.24      0.22      0.22      0.24      0.22      0.25      0.25      0.21      0.25      0.34      0.54
  7472.05      0.23      0.20      0.19      0.18      0.20      0.18      0.21      0.21      0.18      0.21      0.28      0.45
  7473.05      0.18      0.16      0.15      0.14      0.16      0.14      0.16      0.16      0.14      0.16      0.22      0.35
  7474.05      0.19      0.16      0.15      0.15      0.17      0.15      0.17      0.17      0.15      0.17      0.23      0.37
  7475.05      0.17      0.15      0.14      0.14      0.15      0.14      0.16      0.15      0.14      0.16      0.21      0.34
  7476.05      0.16      0.14      0.13      0.13      0.14      0.12      0.14      0.14      0.12      0.14      0.20      0.31
  7477.05      0.23      0.20      0.19      0.18      0.21      0.18      0.21      0.21      0.18      0.21      0.29      0.46
  7478.05      0.27      0.24      0.23      0.22      0.25      0.22      0.25      0.25      0.22      0.25      0.34      0.54
  7479.05      0.27      0.24      0.23      0.22      0.25      0.22      0.25      0.24      0.22      0.25      0.34      0.54
  7480.05      0.23      0.20      0.19      0.18      0.21      0.18      0.21      0.20      0.18      0.21      0.29      0.46
  7481.05      0.16      0.14      0.13      0.13      0.14      0.13      0.15      0.14      0.13      0.15      0.20      0.32
  7482.05      0.15      0.14      0.13      0.12      0.14      0.12      0.14      0.14      0.12      0.14      0.19      0.31
  7483.05      0.21      0.18      0.17      0.17      0.19      0.16      0.19      0.18      0.16      0.19      0.26      0.41
  7484.05      0.23      0.20      0.19      0.18      0.21      0.18      0.21      0.20      0.18      0.21      0.29      0.46
  7485.05      0.15      0.13      0.12      0.12      0.13      0.12      0.13      0.13      0.12      0.13      0.18      0.30
  7486.05      0.15      0.13      0.12      0.12      0.13      0.12      0.13      0.13      0.12      0.13      0.18      0.30
  7487.05      0.24      0.21      0.19      0.19      0.21      0.19      0.21      0.21      0.19      0.21      0.29      0.47
  7488.05      0.27      0.24      0.22      0.22      0.24      0.21      0.25      0.24      0.21      0.24      0.34      0.54
  7489.05      0.27      0.24      0.22      0.21      0.24      0.21      0.24      0.23      0.21      0.24      0.33      0.53
  7490.05      0.26      0.23      0.21      0.21      0.23      0.21      0.24      0.23      0.21      0.23      0.32      0.52
  7491.05      0.27      0.24      0.22      0.22      0.24      0.21      0.24      0.24      0.21      0.24      0.33      0.54
  7492.05      0.28      0.25      0.23      0.22      0.25      0.22      0.25      0.24      0.22      0.25      0.35      0.56
  7493.05      0.28      0.25      0.23      0.22      0.25      0.22      0.25      0.24      0.22      0.25      0.35      0.56
  7494.05      0.27      0.24      0.22      0.21      0.24      0.21      0.24      0.23      0.21      0.24      0.33      0.54
  7495.05      0.21      0.19      0.17      0.17      0.19      0.16      0.19      0.18      0.17      0.19      0.26      0.42
  7496.05      0.19      0.17      0.16      0.15      0.17      0.15      0.17      0.17      0.15      0.17      0.24      0.39
  7497.05      0.25      0.22      0.20      0.20      0.22      0.20      0.22      0.22      0.20      0.22      0.31      0.50
  7498.05      0.27      0.24      0.22      0.22      0.25      0.21      0.25      0.24      0.22      0.24      0.34      0.55
  7499.05      0.27      0.24      0.22      0.22      0.24      0.21      0.24      0.23      0.22      0.24      0.34      0.55
  7500.05      0.27      0.24      0.22      0.21      0.24      0.21      0.24      0.23      0.21      0.24      0.33      0.54
  7501.05      0.26      0.23      0.21      0.21      0.23      0.20      0.23      0.22      0.21      0.23      0.32      0.52
  7502.05      0.25      0.23      0.21      0.20      0.23      0.20      0.23      0.22      0.20      0.22      0.31      0.51
  7503.05      0.26      0.23      0.21      0.21      0.23      0.20      0.23      0.22      0.21      0.23      0.32      0.52
  7504.05      0.25      0.23      0.21      0.20      0.23      0.20      0.23      0.22      0.20      0.23      0.32      0.51
  7505.05      0.25      0.23      0.21      0.20      0.23      0.20      0.23      0.22      0.20      0.22      0.31      0.51
  7506.05      0.25      0.23      0.21      0.20      0.23      0.20      0.23      0.22      0.20      0.23      0.32      0.51
  7507.05      0.26      0.23      0.21      0.20      0.23      0.20      0.23      0.22      0.21      0.23      0.32      0.52
  7508.05      0.26      0.23      0.21      0.21      0.24      0.20      0.23      0.22      0.21      0.23      0.32      0.52
  7509.05      0.25      0.23      0.21      0.20      0.23      0.20      0.23      0.22      0.20      0.23      0.32      0.51
  7510.05      0.25      0.22      0.20      0.20      0.23      0.19      0.22      0.21      0.20      0.22      0.31      0.50
  7511.05      0.24      0.22      0.20      0.19      0.23      0.19      0.22      0.21      0.20      0.22      0.30      0.49
  7512.05      0.24      0.22      0.20      0.20      0.23      0.19      0.22      0.21      0.20      0.22      0.31      0.49
  7513.05      0.25      0.22      0.20      0.20      0.23      0.19      0.22      0.21      0.20      0.22      0.31      0.49
  7514.05      0.24      0.22      0.20      0.19      0.23      0.19      0.22      0.21      0.20      0.22      0.30      0.49
  7515.05      0.24      0.22      0.20      0.19      0.22      0.19      0.21      0.20      0.19      0.21      0.30      0.48
  7516.05      0.24      0.21      0.19      0.19      0.22      0.19      0.21      0.20      0.19      0.21      0.30      0.47
  7517.05      0.23      0.21      0.19      0.19      0.22      0.18      0.21      0.20      0.19      0.21      0.29      0.46
  7518.05      0.22      0.19      0.18      0.17      0.20      0.17      0.19      0.18      0.17      0.19      0.27      0.43
  7519.05      0.18      0.16      0.15      0.14      0.17      0.14      0.16      0.15      0.14      0.16      0.22      0.35
  7520.05      0.20      0.18      0.16      0.16      0.18      0.15      0.17      0.17      0.16      0.17      0.25      0.39
  7521.05      0.24      0.22      0.20      0.19      0.23      0.19      0.21      0.20      0.19      0.21      0.30      0.48
  7522.05      0.25      0.23      0.21      0.20      0.24      0.20      0.22      0.21      0.20      0.22      0.32      0.50
  7523.05      0.24      0.22      0.20      0.20      0.23      0.19      0.22      0.21      0.20      0.22      0.31      0.49
  7524.05      0.20      0.18      0.16      0.16      0.19      0.15      0.17      0.16      0.16      0.17      0.25      0.39
  7525.05      0.12      0.11      0.10      0.10      0.11      0.09      0.11      0.10      0.10      0.11      0.15      0.24
  7526.05      0.09      0.08      0.07      0.07      0.09      0.07      0.08      0.08      0.07      0.08      0.11      0.18
  7527.05      0.12      0.11      0.10      0.10      0.12      0.10      0.11      0.10      0.10      0.11      0.16      0.24
  7528.05      0.23      0.21      0.19      0.18      0.22      0.18      0.20      0.19      0.18      0.20      0.29      0.45
  7529.05      0.27      0.25      0.22      0.22      0.26      0.21      0.24      0.23      0.22      0.24      0.34      0.53
  7530.05      0.26      0.23      0.21      0.21      0.25      0.20      0.23      0.21      0.21      0.23      0.32      0.51
  7531.05      0.24      0.22      0.20      0.19      0.23      0.19      0.21      0.20      0.20      0.22      0.31      0.48
  7532.05      0.18      0.16      0.15      0.14      0.17      0.14      0.16      0.15      0.15      0.16      0.23      0.36
  7533.05      0.16      0.15      0.13      0.13      0.15      0.13      0.14      0.13      0.13      0.14      0.20      0.32
  7534.05      0.22      0.20      0.18      0.18      0.21      0.17      0.19      0.18      0.18      0.19      0.28      0.43
  7535.05      0.28      0.25      0.23      0.22      0.27      0.22      0.24      0.23      0.23      0.24      0.35      0.54
  7536.05      0.28      0.26      0.23      0.23      0.27      0.22      0.25      0.24      0.23      0.25      0.36      0.56
  7537.05      0.28      0.26      0.23      0.23      0.28      0.22      0.25      0.24      0.23      0.25      0.36      0.56
  7538.05      0.28      0.26      0.23      0.22      0.27      0.22      0.25      0.23      0.23      0.25      0.36      0.55
  7539.05      0.28      0.25      0.23      0.22      0.27      0.22      0.24      0.23      0.23      0.24      0.35      0.54
  7540.05      0.28      0.26      0.23      0.22      0.27      0.22      0.24      0.23      0.23      0.24      0.35      0.54
  7541.05      0.26      0.24      0.22      0.21      0.26      0.21      0.23      0.22      0.22      0.23      0.34      0.52
  7542.05      0.23      0.21      0.19      0.18      0.22      0.18      0.20      0.19      0.19      0.20      0.29      0.45
  7543.05      0.23      0.22      0.19      0.19      0.23      0.18      0.20      0.19      0.19      0.21      0.30      0.46
  7544.05      0.27      0.25      0.22      0.21      0.27      0.21      0.23      0.22      0.22      0.24      0.34      0.52
  7545.05      0.28      0.26      0.23      0.23      0.28      0.22      0.25      0.23      0.24      0.25      0.36      0.55
  7546.05      0.29      0.27      0.24      0.23      0.28      0.23      0.25      0.24      0.24      0.25      0.37      0.56
  7547.05      0.29      0.27      0.24      0.23      0.29      0.23      0.25      0.24      0.24      0.25      0.37      0.56
  7548.05      0.28      0.26      0.23      0.23      0.28      0.22      0.25      0.23      0.24      0.25      0.36      0.55
  7549.05      0.28      0.26      0.23      0.22      0.28      0.22      0.24      0.23      0.23      0.25      0.36      0.54
  7550.05      0.28      0.27      0.24      0.23      0.29      0.23      0.25      0.24      0.24      0.25      0.37      0.55
  7551.05      0.29      0.27      0.24      0.23      0.29      0.23      0.25      0.24      0.24      0.25      0.37      0.55
  7552.05      0.28      0.26      0.23      0.23      0.29      0.23      0.25      0.24      0.24      0.25      0.36      0.55
  7553.05      0.28      0.27      0.23      0.23      0.29      0.23      0.25      0.24      0.24      0.25      0.37      0.55
  7554.05      0.28      0.26      0.23      0.22      0.28      0.22      0.24      0.23      0.24      0.24      0.36      0.54
  7555.05      0.27      0.25      0.22      0.21      0.27      0.21      0.23      0.22      0.23      0.23      0.34      0.52
  7556.05      0.27      0.26      0.23      0.22      0.28      0.22      0.24      0.23      0.23      0.24      0.35      0.53
  7557.05      0.29      0.27      0.24      0.23      0.29      0.23      0.25      0.24      0.24      0.25      0.37      0.55
  7558.05      0.26      0.24      0.21      0.21      0.26      0.21      0.22      0.21      0.22      0.23      0.33      0.50
  7559.05      0.19      0.18      0.16      0.15      0.19      0.15      0.16      0.16      0.16      0.17      0.24      0.36
  7560.05      0.18      0.17      0.15      0.15      0.19      0.15      0.16      0.15      0.16      0.16      0.24      0.35
  7561.05      0.25      0.23      0.20      0.20      0.25      0.20      0.21      0.20      0.21      0.22      0.32      0.47
  7562.05      0.28      0.26      0.23      0.22      0.29      0.22      0.24      0.23      0.24      0.24      0.36      0.53
  7563.05      0.28      0.26      0.23      0.22      0.29      0.22      0.24      0.23      0.24      0.24      0.36      0.54
  7564.05      0.28      0.26      0.23      0.22      0.29      0.22      0.24      0.23      0.24      0.25      0.36      0.54
  7565.05      0.28      0.26      0.23      0.23      0.29      0.23      0.24      0.23      0.24      0.25      0.37      0.54
  7566.05      0.28      0.27      0.23      0.23      0.30      0.23      0.24      0.24      0.24      0.25      0.37      0.54
  7567.05      0.29      0.27      0.24      0.23      0.30      0.23      0.25      0.24      0.25      0.25      0.37      0.55
  7568.05      0.28      0.26      0.23      0.22      0.29      0.22      0.24      0.23      0.24      0.24      0.36      0.53
  7569.05      0.24      0.23      0.20      0.19      0.26      0.19      0.21      0.20      0.21      0.21      0.32      0.47
  7570.05      0.23      0.22      0.19      0.19      0.25      0.19      0.20      0.19      0.20      0.21      0.31      0.45
  7571.05      0.26      0.25      0.22      0.21      0.28      0.21      0.23      0.22      0.23      0.23      0.34      0.50
  7572.05      0.23      0.22      0.19      0.19      0.25      0.19      0.20      0.19      0.20      0.20      0.30      0.44
  7573.05      0.13      0.13      0.11      0.11      0.14      0.11      0.11      0.11      0.12      0.12      0.18      0.26
  7574.05      0.11      0.10      0.09      0.09      0.12      0.09      0.10      0.09      0.10      0.10      0.15      0.21
  7575.05      0.16      0.15      0.13      0.13      0.17      0.13      0.14      0.13      0.14      0.14      0.21      0.31
  7576.05      0.21      0.20      0.18      0.17      0.23      0.17      0.18      0.18      0.19      0.19      0.28      0.41
  7577.05      0.24      0.22      0.20      0.19      0.26      0.19      0.21      0.20      0.21      0.21      0.32      0.46
  7578.05      0.27      0.25      0.23      0.22      0.29      0.22      0.23      0.22      0.24      0.24      0.36      0.52
  7579.05      0.28      0.26      0.23      0.22      0.30      0.22      0.24      0.23      0.25      0.24      0.37      0.53
  7580.05      0.28      0.26      0.23      0.22      0.30      0.22      0.24      0.23      0.25      0.24      0.37      0.53
  7581.05      0.28      0.26      0.23      0.22      0.30      0.22      0.24      0.23      0.25      0.24      0.37      0.53
  7582.05      0.28      0.26      0.23      0.22      0.30      0.22      0.24      0.23      0.25      0.24      0.37      0.53
  7583.05      0.28      0.26      0.23      0.22      0.30      0.22      0.24      0.23      0.25      0.24      0.37      0.53
  7584.05      0.28      0.26      0.23      0.22      0.30      0.22      0.24      0.23      0.25      0.24      0.37      0.53
  7585.05      0.28      0.26      0.23      0.22      0.31      0.22      0.24      0.23      0.25      0.24      0.37      0.53
  7586.05      0.27      0.25      0.22      0.22      0.30      0.22      0.23      0.22      0.24      0.23      0.36      0.51
  7587.05      0.21      0.20      0.17      0.17      0.23      0.17      0.18      0.17      0.19      0.18      0.28      0.40
  7588.05      0.16      0.15      0.14      0.13      0.18      0.13      0.14      0.13      0.15      0.14      0.22      0.31
  7589.05      0.19      0.18      0.16      0.16      0.21      0.16      0.17      0.16      0.18      0.17      0.26      0.37
  7590.05      0.26      0.25      0.22      0.21      0.29      0.21      0.23      0.22      0.24      0.23      0.36      0.50
  7591.05      0.28      0.26      0.23      0.23      0.31      0.23      0.24      0.23      0.26      0.25      0.38      0.53
  7592.05      0.27      0.26      0.23      0.22      0.31      0.22      0.23      0.23      0.25      0.24      0.37      0.52
  7593.05      0.26      0.25      0.22      0.21      0.29      0.21      0.22      0.22      0.24      0.23      0.36      0.50
  7594.05      0.23      0.22      0.20      0.19      0.26      0.19      0.20      0.19      0.22      0.20      0.32      0.44
  7595.05      0.21      0.19      0.17      0.17      0.23      0.17      0.18      0.17      0.19      0.18      0.28      0.39
  7596.05      0.20      0.18      0.16      0.16      0.22      0.16      0.17      0.16      0.18      0.17      0.27      0.37
  7597.05      0.20      0.19      0.17      0.16      0.23      0.16      0.17      0.17      0.19      0.17      0.27      0.38
  7598.05      0.20      0.18      0.16      0.16      0.22      0.16      0.17      0.16      0.18      0.17      0.27      0.37
  7599.05      0.17      0.15      0.14      0.13      0.19      0.13      0.14      0.14      0.15      0.14      0.23      0.31
  7600.05      0.12      0.11      0.10      0.10      0.14      0.10      0.11      0.10      0.12      0.11      0.17      0.23
  7601.05      0.12      0.11      0.10      0.09      0.13      0.09      0.10      0.10      0.11      0.10      0.16      0.22
  7602.05      0.13      0.12      0.11      0.11      0.15      0.11      0.11      0.11      0.13      0.12      0.19      0.25
  7603.05      0.15      0.14      0.12      0.12      0.17      0.12      0.12      0.12      0.14      0.13      0.20      0.27
  7604.05      0.14      0.13      0.12      0.11      0.16      0.11      0.12      0.12      0.13      0.12      0.19      0.26
  7605.05      0.14      0.13      0.11      0.11      0.16      0.11      0.12      0.11      0.13      0.12      0.19      0.26
  7606.05      0.13      0.13      0.11      0.11      0.16      0.11      0.12      0.11      0.13      0.12      0.19      0.25
  7607.05      0.13      0.13      0.11      0.11      0.16      0.11      0.12      0.11      0.13      0.12      0.19      0.25
  7608.05      0.14      0.13      0.12      0.11      0.16      0.11      0.12      0.12      0.13      0.12      0.20      0.27
  7609.05      0.14      0.13      0.12      0.12      0.17      0.12      0.12      0.12      0.14      0.13      0.20      0.27
  7610.05      0.14      0.13      0.12      0.12      0.17      0.12      0.12      0.12      0.14      0.13      0.20      0.27
  7611.05      0.16      0.15      0.13      0.13      0.18      0.13      0.13      0.13      0.15      0.14      0.22      0.29
  7612.05      0.16      0.15      0.13      0.13      0.19      0.13      0.14      0.13      0.15      0.14      0.22      0.30
  7613.05      0.17      0.16      0.14      0.14      0.20      0.14      0.15      0.14      0.17      0.15      0.24      0.32
  7614.05      0.20      0.18      0.16      0.16      0.23      0.16      0.17      0.16      0.19      0.17      0.28      0.37
  7615.05      0.20      0.18      0.16      0.16      0.23      0.16      0.17      0.16      0.19      0.17      0.28      0.37
  7616.05      0.21      0.19      0.18      0.17      0.25      0.17      0.18      0.17      0.21      0.18      0.30      0.39
  7617.05      0.25      0.23      0.21      0.20      0.30      0.20      0.22      0.21      0.25      0.22      0.36      0.47
  7618.05      0.26      0.24      0.22      0.21      0.31      0.21      0.22      0.21      0.25      0.23      0.37      0.48
  7619.05      0.19      0.18      0.16      0.15      0.23      0.16      0.16      0.16      0.19      0.17      0.27      0.36
  7620.05      0.14      0.13      0.12      0.11      0.16      0.11      0.12      0.11      0.14      0.12      0.20      0.26
  7621.05      0.15      0.14      0.12      0.12      0.18      0.12      0.13      0.12      0.15      0.13      0.21      0.28
  7622.05      0.20      0.18      0.17      0.16      0.23      0.16      0.17      0.16      0.20      0.17      0.28      0.37
  7623.05      0.19      0.18      0.16      0.15      0.23      0.15      0.16      0.16      0.19      0.17      0.27      0.36
  7624.05      0.17      0.16      0.14      0.14      0.20      0.14      0.14      0.14      0.17      0.15      0.24      0.32
  7625.05      0.21      0.19      0.17      0.17      0.24      0.17      0.17      0.17      0.21      0.18      0.30      0.39
  7626.05      0.24      0.22      0.20      0.19      0.28      0.20      0.21      0.20      0.24      0.21      0.35      0.45
  7627.05      0.21      0.19      0.17      0.17      0.24      0.17      0.18      0.17      0.21      0.18      0.30      0.39
  7628.05      0.19      0.18      0.16      0.16      0.23      0.16      0.16      0.16      0.20      0.17      0.28      0.36
  7629.05      0.21      0.19      0.18      0.17      0.25      0.17      0.18      0.17      0.22      0.18      0.31      0.40
  7630.05      0.17      0.15      0.14      0.13      0.19      0.13      0.14      0.14      0.17      0.14      0.24      0.31
  7631.05      0.13      0.12      0.11      0.10      0.15      0.10      0.11      0.10      0.13      0.11      0.18      0.24
  7632.05      0.16      0.15      0.14      0.13      0.19      0.13      0.14      0.14      0.17      0.14      0.24      0.31
  7633.05      0.26      0.24      0.21      0.21      0.30      0.21      0.22      0.21      0.27      0.22      0.37      0.48
  7634.05      0.27      0.25      0.23      0.22      0.32      0.22      0.23      0.23      0.29      0.24      0.40      0.52
  7635.05      0.22      0.20      0.18      0.18      0.25      0.18      0.19      0.18      0.23      0.19      0.32      0.42
  7636.05      0.20      0.19      0.17      0.16      0.23      0.16      0.17      0.17      0.21      0.18      0.30      0.38
  7637.05      0.27      0.25      0.23      0.22      0.31      0.22      0.23      0.23      0.29      0.24      0.40      0.51
  7638.05      0.31      0.29      0.26      0.26      0.36      0.26      0.27      0.26      0.33      0.28      0.47      0.60
  7639.05      0.26      0.24      0.21      0.21      0.29      0.21      0.22      0.21      0.27      0.22      0.38      0.49
  7640.05      0.20      0.19      0.17      0.16      0.23      0.16      0.17      0.17      0.22      0.18      0.30      0.38
  7641.05      0.23      0.22      0.20      0.19      0.27      0.19      0.20      0.19      0.25      0.21      0.35      0.44
  7642.05      0.30      0.28      0.25      0.24      0.34      0.24      0.26      0.25      0.33      0.26      0.45      0.57
  7643.05      0.29      0.27      0.24      0.23      0.33      0.23      0.25      0.24      0.31      0.25      0.43      0.55
  7644.05      0.22      0.21      0.19      0.18      0.25      0.18      0.19      0.19      0.24      0.20      0.33      0.42
  7645.05      0.21      0.19      0.18      0.17      0.24      0.17      0.18      0.17      0.23      0.18      0.32      0.40
  7646.05      0.27      0.25      0.22      0.22      0.30      0.22      0.23      0.22      0.29      0.23      0.40      0.51
  7647.05      0.31      0.28      0.26      0.25      0.35      0.25      0.26      0.26      0.34      0.27      0.47      0.59
  7648.05      0.28      0.26      0.24      0.23      0.32      0.23      0.24      0.23      0.31      0.25      0.42      0.54
  7649.05      0.23      0.21      0.19      0.19      0.26      0.19      0.20      0.19      0.26      0.20      0.35      0.44
  7650.05      0.23      0.21      0.19      0.19      0.26      0.19      0.20      0.19      0.26      0.20      0.35      0.44
  7651.05      0.28      0.26      0.24      0.23      0.32      0.23      0.24      0.24      0.32      0.25      0.43      0.54
  7652.05      0.31      0.29      0.26      0.25      0.35      0.25      0.27      0.26      0.35      0.28      0.48      0.60
  7653.05      0.28      0.26      0.24      0.23      0.32      0.23      0.24      0.24      0.32      0.25      0.43      0.55
  7654.05      0.22      0.21      0.19      0.18      0.25      0.18      0.19      0.19      0.26      0.20      0.34      0.43
  7655.05      0.19      0.17      0.16      0.15      0.21      0.15      0.16      0.15      0.21      0.16      0.28      0.36
  7656.05      0.22      0.21      0.19      0.18      0.25      0.18      0.19      0.19      0.26      0.20      0.34      0.43
  7657.05      0.29      0.27      0.25      0.24      0.33      0.24      0.25      0.25      0.34      0.26      0.45      0.57
  7658.05      0.30      0.27      0.25      0.24      0.33      0.24      0.26      0.25      0.35      0.26      0.46      0.57
  7659.05      0.27      0.25      0.22      0.22      0.30      0.22      0.23      0.22      0.31      0.24      0.41      0.51
  7660.05      0.26      0.24      0.22      0.21      0.29      0.21      0.23      0.22      0.31      0.23      0.41      0.51
  7661.05      0.30      0.27      0.25      0.24      0.33      0.24      0.26      0.25      0.35      0.26      0.46      0.57
  7662.05      0.31      0.29      0.26      0.26      0.35      0.26      0.27      0.26      0.37      0.28      0.49      0.61
  7663.05      0.24      0.23      0.21      0.20      0.27      0.20      0.21      0.20      0.29      0.22      0.38      0.47
  7664.05      0.17      0.15      0.14      0.14      0.18      0.14      0.14      0.14      0.20      0.15      0.26      0.33
  7665.05      0.16      0.15      0.14      0.13      0.18      0.13      0.14      0.14      0.20      0.14      0.26      0.32
  7666.05      0.24      0.22      0.20      0.20      0.26      0.19      0.21      0.20      0.29      0.21      0.38      0.46
  7667.05      0.31      0.29      0.26      0.25      0.34      0.25      0.27      0.26      0.38      0.27      0.49      0.60
  7668.05      0.32      0.29      0.27      0.26      0.34      0.26      0.27      0.27      0.39      0.28      0.50      0.62
  7669.05      0.30      0.28      0.25      0.25      0.33      0.25      0.26      0.25      0.37      0.27      0.48      0.59
  7670.05      0.29      0.27      0.24      0.24      0.31      0.24      0.25      0.24      0.36      0.26      0.46      0.57
  7671.05      0.29      0.27      0.24      0.24      0.31      0.23      0.25      0.24      0.36      0.26      0.46      0.56
  7672.05      0.30      0.28      0.25      0.25      0.32      0.25      0.26      0.25      0.37      0.27      0.48      0.59
  7673.05      0.32      0.29      0.27      0.26      0.34      0.26      0.27      0.27      0.39      0.28      0.50      0.62
  7674.05      0.31      0.28      0.26      0.25      0.33      0.25      0.27      0.26      0.38      0.27      0.49      0.60
  7675.05      0.29      0.27      0.25      0.24      0.31      0.24      0.25      0.25      0.37      0.26      0.47      0.57
  7676.05      0.29      0.27      0.25      0.24      0.31      0.24      0.26      0.25      0.37      0.26      0.47      0.57
  7677.05      0.30      0.28      0.25      0.24      0.31      0.24      0.26      0.25      0.38      0.26      0.47      0.58
  7678.05      0.31      0.29      0.26      0.25      0.33      0.25      0.27      0.26      0.40      0.27      0.49      0.60
  7679.05      0.32      0.30      0.27      0.26      0.34      0.26      0.28      0.27      0.41      0.28      0.51      0.62
  7680.05      0.32      0.29      0.26      0.26      0.33      0.26      0.28      0.27      0.41      0.28      0.50      0.62
  7681.05      0.31      0.29      0.26      0.26      0.32      0.25      0.27      0.26      0.41      0.28      0.49      0.60
  7682.05      0.30      0.28      0.25      0.25      0.31      0.24      0.26      0.25      0.40      0.27      0.47      0.58
  7683.05      0.27      0.25      0.22      0.22      0.28      0.22      0.23      0.23      0.36      0.24      0.43      0.52
  7684.05      0.26      0.24      0.22      0.21      0.27      0.21      0.22      0.22      0.35      0.23      0.41      0.50
  7685.05      0.28      0.26      0.23      0.23      0.29      0.23      0.24      0.23      0.37      0.25      0.44      0.54
  7686.05      0.27      0.25      0.23      0.23      0.28      0.22      0.24      0.23      0.38      0.24      0.44      0.54
  7687.05      0.26      0.24      0.22      0.21      0.27      0.21      0.23      0.22      0.36      0.23      0.41      0.51
  7688.05      0.24      0.22      0.20      0.20      0.25      0.20      0.21      0.20      0.34      0.21      0.38      0.47
  7689.05      0.23      0.21      0.19      0.19      0.24      0.19      0.20      0.20      0.32      0.21      0.37      0.45
  7690.05      0.24      0.22      0.20      0.20      0.24      0.20      0.21      0.20      0.34      0.21      0.38      0.47
  7691.05      0.26      0.24      0.22      0.21      0.26      0.21      0.23      0.22      0.37      0.23      0.41      0.51
  7692.05      0.27      0.25      0.22      0.22      0.27      0.22      0.23      0.23      0.38      0.24      0.42      0.52
  7693.05      0.25      0.23      0.21      0.20      0.25      0.20      0.22      0.21      0.35      0.22      0.39      0.48
  7694.05      0.23      0.21      0.19      0.19      0.23      0.19      0.20      0.19      0.33      0.20      0.36      0.45
  7695.05      0.25      0.23      0.21      0.21      0.25      0.20      0.22      0.21      0.36      0.22      0.39      0.48
  7696.05      0.27      0.25      0.23      0.23      0.27      0.22      0.24      0.23      0.40      0.24      0.43      0.53
  7697.05      0.28      0.26      0.23      0.23      0.28      0.23      0.25      0.24      0.41      0.25      0.44      0.54
  7698.05      0.28      0.26      0.23      0.23      0.28      0.23      0.25      0.24      0.42      0.25      0.44      0.54
  7699.05      0.28      0.26      0.23      0.23      0.27      0.23      0.24      0.23      0.41      0.25      0.44      0.54
  7700.05      0.25      0.24      0.21      0.21      0.25      0.21      0.22      0.22      0.38      0.23      0.40      0.49
  7701.05      0.21      0.20      0.18      0.18      0.21      0.18      0.19      0.18      0.32      0.19      0.34      0.41
  7702.05      0.21      0.19      0.18      0.17      0.21      0.17      0.18      0.18      0.32      0.19      0.33      0.41
  7703.05      0.25      0.23      0.21      0.21      0.25      0.21      0.22      0.21      0.39      0.23      0.40      0.49
  7704.05      0.29      0.27      0.24      0.24      0.28      0.24      0.25      0.24      0.45      0.26      0.45      0.56
  7705.05      0.29      0.27      0.25      0.24      0.29      0.24      0.26      0.25      0.46      0.26      0.46      0.57
  7706.05      0.29      0.27      0.25      0.25      0.29      0.24      0.26      0.25      0.46      0.26      0.46      0.57
  7707.05      0.30      0.28      0.25      0.25      0.29      0.25      0.27      0.26      0.48      0.27      0.48      0.58
  7708.05      0.31      0.29      0.26      0.26      0.30      0.26      0.27      0.26      0.49      0.28      0.49      0.60
  7709.05      0.31      0.29      0.26      0.26      0.30      0.26      0.28      0.27      0.50      0.28      0.49      0.61
  7710.05      0.31      0.29      0.26      0.26      0.30      0.26      0.28      0.26      0.50      0.28      0.49      0.60
  7711.05      0.30      0.28      0.26      0.26      0.29      0.25      0.27      0.26      0.49      0.27      0.48      0.59
  7712.05      0.27      0.25      0.23      0.23      0.26      0.23      0.24      0.23      0.45      0.25      0.43      0.53
  7713.05      0.16      0.14      0.13      0.13      0.15      0.13      0.14      0.13      0.26      0.14      0.25      0.30
  7714.05      0.09      0.08      0.07      0.07      0.09      0.07      0.08      0.08      0.15      0.08      0.14      0.17
  7715.05      0.09      0.08      0.07      0.07      0.08      0.07      0.08      0.07      0.14      0.08      0.14      0.17
  7716.05      0.13      0.12      0.11      0.11      0.12      0.10      0.11      0.11      0.21      0.11      0.20      0.25
  7717.05      0.13      0.12      0.11      0.11      0.12      0.10      0.11      0.11      0.21      0.11      0.20      0.24
  7718.05      0.09      0.09      0.08      0.08      0.09      0.08      0.08      0.08      0.16      0.09      0.15      0.18
  7719.05      0.08      0.08      0.07      0.07      0.08      0.07      0.07      0.07      0.14      0.07      0.13      0.16
  7720.05      0.10      0.09      0.08      0.08      0.09      0.08      0.09      0.08      0.17      0.09      0.16      0.19
  7721.05      0.16      0.15      0.13      0.13      0.15      0.13      0.14      0.13      0.27      0.14      0.25      0.30
  7722.05      0.25      0.23      0.21      0.21      0.24      0.21      0.22      0.22      0.44      0.23      0.40      0.49
  7723.05      0.28      0.26      0.23      0.23      0.26      0.23      0.25      0.24      0.49      0.25      0.44      0.54
  7724.05      0.26      0.24      0.22      0.22      0.25      0.22      0.23      0.22      0.46      0.24      0.41      0.50
  7725.05      0.20      0.18      0.17      0.17      0.19      0.16      0.18      0.17      0.35      0.18      0.31      0.38
  7726.05      0.17      0.16      0.15      0.15      0.16      0.14      0.15      0.15      0.31      0.16      0.27      0.34
  7727.05      0.17      0.16      0.15      0.15      0.16      0.14      0.15      0.15      0.30      0.16      0.27      0.33
  7728.05      0.15      0.14      0.12      0.13      0.14      0.12      0.13      0.13      0.26      0.13      0.23      0.29
  7729.05      0.18      0.17      0.15      0.15      0.17      0.15      0.16      0.15      0.31      0.16      0.28      0.34
  7730.05      0.26      0.24      0.22      0.22      0.24      0.22      0.23      0.22      0.45      0.24      0.41      0.50
  7731.05      0.28      0.26      0.24      0.24      0.26      0.23      0.25      0.24      0.49      0.25      0.44      0.54
  7732.05      0.27      0.25      0.23      0.23      0.25      0.23      0.24      0.24      0.47      0.25      0.43      0.53
  7733.05      0.28      0.26      0.24      0.24      0.26      0.23      0.25      0.24      0.48      0.26      0.44      0.54
  7734.05      0.29      0.27      0.25      0.25      0.27      0.24      0.26      0.25      0.50      0.26      0.45      0.56
  7735.05      0.27      0.26      0.23      0.24      0.25      0.23      0.25      0.24      0.47      0.25      0.43      0.53
  7736.05      0.24      0.23      0.21      0.21      0.23      0.20      0.22      0.21      0.42      0.22      0.38      0.47
  7737.05      0.22      0.21      0.19      0.19      0.20      0.19      0.20      0.19      0.38      0.20      0.34      0.43
  7738.05      0.23      0.21      0.19      0.19      0.21      0.19      0.20      0.20      0.38      0.21      0.35      0.44
  7739.05      0.26      0.25      0.23      0.23      0.24      0.22      0.24      0.23      0.45      0.24      0.41      0.51
  7740.05      0.29      0.27      0.25      0.25      0.26      0.24      0.26      0.25      0.49      0.26      0.44      0.56
  7741.05      0.28      0.26      0.24      0.24      0.26      0.24      0.25      0.25      0.47      0.26      0.43      0.54
  7742.05      0.26      0.25      0.23      0.23      0.24      0.22      0.24      0.23      0.45      0.24      0.41      0.51
  7743.05      0.26      0.25      0.22      0.23      0.24      0.22      0.24      0.23      0.44      0.24      0.40      0.51
  7744.05      0.28      0.27      0.24      0.24      0.26      0.24      0.26      0.25      0.47      0.26      0.44      0.55
  7745.05      0.30      0.28      0.26      0.26      0.27      0.25      0.27      0.26      0.50      0.27      0.46      0.58
  7746.05      0.29      0.28      0.25      0.25      0.27      0.25      0.26      0.26      0.49      0.27      0.45      0.56
  7747.05      0.28      0.26      0.24      0.24      0.25      0.23      0.25      0.24      0.46      0.25      0.42      0.53
  7748.05      0.27      0.25      0.23      0.23      0.24      0.23      0.24      0.24      0.44      0.25      0.41      0.52
  7749.05      0.28      0.26      0.24      0.24      0.25      0.24      0.25      0.25      0.46      0.26      0.43      0.54
  7750.05      0.24      0.22      0.20      0.21      0.22      0.20      0.22      0.21      0.39      0.22      0.36      0.46
  7751.05      0.13      0.12      0.11      0.11      0.12      0.11      0.12      0.11      0.21      0.12      0.20      0.25
  7752.05      0.07      0.07      0.06      0.06      0.07      0.06      0.07      0.07      0.12      0.07      0.11      0.14
  7753.05      0.07      0.06      0.06      0.06      0.06      0.06      0.06      0.06      0.11      0.06      0.10      0.13
  7754.05      0.10      0.10      0.09      0.09      0.09      0.09      0.10      0.09      0.17      0.10      0.16      0.20
  7755.05      0.22      0.20      0.19      0.19      0.20      0.18      0.20      0.19      0.35      0.20      0.33      0.42
  7756.05      0.29      0.27      0.25      0.25      0.26      0.24      0.26      0.26      0.46      0.27      0.43      0.56
  7757.05      0.29      0.27      0.25      0.25      0.26      0.24      0.26      0.26      0.46      0.27      0.43      0.55
  7758.05      0.26      0.24      0.22      0.22      0.23      0.21      0.23      0.23      0.41      0.24      0.38      0.49
  7759.05      0.23      0.22      0.20      0.20      0.21      0.20      0.21      0.21      0.37      0.22      0.35      0.45
  7760.05      0.23      0.22      0.20      0.20      0.21      0.20      0.21      0.21      0.37      0.22      0.35      0.45
  7761.05      0.14      0.14      0.12      0.12      0.13      0.12      0.13      0.13      0.23      0.13      0.21      0.28
  7762.05      0.10      0.10      0.09      0.09      0.09      0.09      0.09      0.09      0.16      0.10      0.15      0.20
  7763.05      0.13      0.12      0.11      0.11      0.12      0.11      0.12      0.12      0.20      0.12      0.19      0.25
  7764.05      0.23      0.22      0.20      0.20      0.21      0.20      0.21      0.21      0.36      0.22      0.34      0.45
  7765.05      0.30      0.28      0.26      0.26      0.27      0.25      0.27      0.27      0.46      0.28      0.44      0.57
  7766.05      0.30      0.29      0.26      0.26      0.27      0.26      0.28      0.27      0.47      0.28      0.45      0.58
  7767.05      0.31      0.29      0.26      0.27      0.27      0.26      0.28      0.27      0.47      0.29      0.45      0.59
  7768.05      0.31      0.29      0.27      0.27      0.27      0.26      0.28      0.28      0.47      0.29      0.45      0.59
  7769.05      0.30      0.29      0.26      0.26      0.27      0.26      0.28      0.27      0.46      0.28      0.44      0.58
  7770.05      0.29      0.28      0.25      0.25      0.26      0.25      0.27      0.26      0.45      0.27      0.43      0.56
  7771.05      0.28      0.27      0.24      0.24      0.25      0.24      0.26      0.25      0.42      0.26      0.41      0.54
  7772.05      0.29      0.27      0.25      0.25      0.25      0.24      0.26      0.26      0.43      0.27      0.42      0.55
  7773.05      0.26      0.25      0.23      0.23      0.23      0.22      0.24      0.23      0.39      0.24      0.38      0.50
  7774.05      0.20      0.19      0.17      0.17      0.17      0.17      0.18      0.18      0.30      0.19      0.29      0.38
  7775.05      0.15      0.15      0.13      0.13      0.13      0.13      0.14      0.14      0.23      0.14      0.22      0.29
  7776.05      0.15      0.15      0.13      0.13      0.13      0.13      0.14      0.14      0.23      0.14      0.22      0.29
  7777.05      0.20      0.19      0.18      0.18      0.18      0.17      0.19      0.18      0.30      0.19      0.29      0.39
  7778.05      0.27      0.25      0.23      0.23      0.23      0.23      0.24      0.24      0.39      0.25      0.38      0.51
  7779.05      0.30      0.29      0.26      0.26      0.26      0.26      0.28      0.27      0.44      0.28      0.43      0.58
  7780.05      0.30      0.28      0.26      0.26      0.26      0.25      0.27      0.26      0.43      0.28      0.42      0.56
  7781.05      0.21      0.20      0.18      0.18      0.18      0.18      0.19      0.19      0.31      0.20      0.30      0.40
  7782.05      0.14      0.13      0.12      0.12      0.12      0.11      0.12      0.12      0.19      0.13      0.19      0.26
  7783.05      0.13      0.13      0.12      0.12      0.12      0.11      0.12      0.12      0.19      0.13      0.19      0.25
  7784.05      0.21      0.20      0.18      0.18      0.18      0.17      0.19      0.18      0.29      0.19      0.29      0.39
  7785.05      0.28      0.27      0.24      0.25      0.25      0.24      0.26      0.25      0.40      0.27      0.40      0.54
  7786.05      0.28      0.27      0.25      0.25      0.25      0.24      0.26      0.25      0.40      0.27      0.40      0.54
  7787.05      0.27      0.26      0.23      0.23      0.23      0.23      0.24      0.24      0.38      0.25      0.38      0.51
  7788.05      0.26      0.25      0.23      0.23      0.23      0.22      0.24      0.23      0.36      0.25      0.37      0.50
  7789.05      0.27      0.25      0.23      0.23      0.23      0.23      0.24      0.23      0.37      0.25      0.38      0.51
  7790.05      0.27      0.26      0.24      0.24      0.24      0.23      0.25      0.24      0.38      0.26      0.38      0.52
  7791.05      0.27      0.26      0.23      0.23      0.23      0.23      0.25      0.24      0.37      0.25      0.38      0.51
  7792.05      0.24      0.23      0.21      0.21      0.21      0.20      0.22      0.21      0.33      0.22      0.33      0.45
  7793.05      0.21      0.20      0.18      0.19      0.19      0.18      0.19      0.19      0.29      0.20      0.30      0.41
  7794.05      0.20      0.19      0.18      0.18      0.18      0.17      0.19      0.18      0.28      0.19      0.29      0.39
  7795.05      0.11      0.11      0.10      0.10      0.10      0.10      0.10      0.10      0.15      0.11      0.16      0.22
  7796.05      0.08      0.07      0.06      0.07      0.06      0.06      0.07      0.07      0.10      0.07      0.11      0.14
  7797.05      0.09      0.09      0.08      0.08      0.08      0.08      0.08      0.08      0.12      0.08      0.13      0.17
  7798.05      0.18      0.17      0.15      0.15      0.15      0.15      0.16      0.15      0.24      0.17      0.25      0.34
  7799.05      0.28      0.27      0.24      0.25      0.24      0.24      0.26      0.25      0.37      0.27      0.39      0.54
  7800.05      0.30      0.28      0.26      0.26      0.26      0.25      0.27      0.26      0.39      0.28      0.41      0.56
  7801.05      0.30      0.29      0.26      0.26      0.26      0.26      0.28      0.26      0.39      0.29      0.42      0.57
  7802.05      0.31      0.30      0.27      0.27      0.27      0.26      0.28      0.27      0.40      0.29      0.43      0.59
  7803.05      0.31      0.30      0.27      0.27      0.27      0.27      0.29      0.27      0.41      0.30      0.44      0.60
  7804.05      0.31      0.30      0.27      0.27      0.27      0.27      0.28      0.27      0.40      0.30      0.43      0.59
  7805.05      0.30      0.29      0.26      0.26      0.26      0.26      0.27      0.26      0.38      0.28      0.42      0.57
  7806.05      0.30      0.28      0.26      0.26      0.25      0.25      0.27      0.26      0.37      0.28      0.41      0.56
  7807.05      0.31      0.29      0.26      0.26      0.26      0.26      0.28      0.27      0.39      0.29      0.42      0.58
  7808.05      0.29      0.28      0.25      0.25      0.25      0.25      0.27      0.25      0.37      0.28      0.40      0.55
  7809.05      0.20      0.19      0.17      0.17      0.17      0.17      0.18      0.17      0.25      0.19      0.27      0.37
  7810.05      0.12      0.11      0.10      0.10      0.10      0.10      0.11      0.10      0.15      0.11      0.16      0.23
  7811.05      0.11      0.11      0.10      0.10      0.10      0.10      0.10      0.10      0.14      0.11      0.16      0.22
  7812.05      0.18      0.17      0.16      0.16      0.15      0.16      0.17      0.16      0.22      0.17      0.25      0.34
  7813.05      0.26      0.25      0.23      0.23      0.23      0.23      0.24      0.23      0.32      0.25      0.36      0.50
  7814.05      0.27      0.26      0.23      0.23      0.23      0.23      0.25      0.23      0.33      0.26      0.37      0.51
  7815.05      0.27      0.26      0.23      0.23      0.23      0.23      0.25      0.23      0.33      0.26      0.37      0.52
  7816.05      0.27      0.26      0.23      0.23      0.23      0.23      0.24      0.23      0.32      0.25      0.36      0.51
  7817.05      0.25      0.24      0.22      0.22      0.22      0.22      0.23      0.22      0.30      0.24      0.35      0.48
  7818.05      0.26      0.25      0.22      0.23      0.22      0.23      0.24      0.23      0.31      0.25      0.36      0.50
  7819.05      0.29      0.28      0.25      0.25      0.24      0.25      0.26      0.25      0.34      0.27      0.39      0.55
  7820.05      0.28      0.27      0.24      0.25      0.24      0.25      0.26      0.25      0.33      0.27      0.39      0.54
  7821.05      0.24      0.23      0.21      0.21      0.20      0.21      0.22      0.21      0.28      0.23      0.33      0.46
  7822.05      0.14      0.13      0.12      0.12      0.12      0.12      0.13      0.12      0.16      0.13      0.19      0.26
  7823.05      0.08      0.07      0.06      0.06      0.06      0.07      0.07      0.06      0.09      0.07      0.10      0.14
  7824.05      0.07      0.07      0.06      0.06      0.06      0.06      0.06      0.06      0.08      0.07      0.09      0.13
  7825.05      0.12      0.11      0.10      0.10      0.10      0.10      0.11      0.10      0.13      0.11      0.16      0.23
  7826.05      0.24      0.23      0.21      0.21      0.21      0.21      0.22      0.21      0.27      0.23      0.33      0.46
  7827.05      0.28      0.27      0.24      0.24      0.24      0.25      0.26      0.24      0.32      0.27      0.38      0.54
  7828.05      0.29      0.28      0.25      0.25      0.25      0.26      0.27      0.25      0.33      0.28      0.40      0.56
  7829.05      0.30      0.29      0.26      0.26      0.25      0.26      0.28      0.26      0.34      0.29      0.40      0.57
  7830.05      0.27      0.26      0.23      0.23      0.23      0.24      0.25      0.23      0.30      0.26      0.37      0.52
  7831.05      0.25      0.25      0.22      0.22      0.21      0.22      0.23      0.22      0.28      0.24      0.34      0.48
  7832.05      0.28      0.27      0.24      0.24      0.23      0.24      0.25      0.24      0.31      0.26      0.37      0.53
  7833.05      0.30      0.29      0.26      0.26      0.26      0.27      0.28      0.26      0.34      0.29      0.41      0.58
  7834.05      0.31      0.30      0.27      0.27      0.26      0.27      0.29      0.27      0.34      0.30      0.41      0.59
  7835.05      0.29      0.28      0.25      0.25      0.24      0.25      0.26      0.25      0.32      0.28      0.38      0.55
  7836.05      0.27      0.26      0.23      0.23      0.23      0.24      0.25      0.23      0.30      0.26      0.36      0.52
  7837.05      0.28      0.28      0.24      0.24      0.24      0.25      0.26      0.24      0.31      0.27      0.38      0.54
  7838.05      0.31      0.30      0.26      0.26      0.26      0.27      0.28      0.26      0.34      0.29      0.41      0.58
  7839.05      0.32      0.31      0.27      0.27      0.27      0.28      0.29      0.27      0.35      0.30      0.42      0.60
  7840.05      0.31      0.30      0.27      0.26      0.26      0.27      0.29      0.26      0.34      0.30      0.41      0.59
  7841.05      0.28      0.28      0.24      0.24      0.24      0.25      0.26      0.24      0.31      0.27      0.38      0.54
  7842.05      0.19      0.18      0.16      0.16      0.16      0.16      0.17      0.16      0.20      0.18      0.25      0.35
  7843.05      0.12      0.12      0.10      0.10      0.10      0.11      0.11      0.10      0.13      0.11      0.16      0.23
  7844.05      0.13      0.12      0.11      0.11      0.11      0.11      0.12      0.11      0.14      0.12      0.17      0.24
  7845.05      0.22      0.21      0.19      0.18      0.18      0.19      0.20      0.18      0.23      0.21      0.29      0.41
  7846.05      0.30      0.30      0.26      0.26      0.25      0.27      0.28      0.26      0.33      0.29      0.40      0.58
  7847.05      0.31      0.30      0.27      0.26      0.26      0.27      0.29      0.26      0.33      0.30      0.41      0.59
  7848.05      0.31      0.30      0.27      0.26      0.26      0.28      0.29      0.26      0.33      0.30      0.41      0.59
  7849.05      0.31      0.30      0.27      0.26      0.26      0.28      0.29      0.26      0.33      0.30      0.41      0.59
  7850.05      0.27      0.26      0.23      0.23      0.22      0.24      0.25      0.23      0.28      0.26      0.35      0.51
  7851.05      0.19      0.19      0.17      0.16      0.16      0.17      0.18      0.16      0.21      0.19      0.26      0.37
  7852.05      0.17      0.17      0.15      0.15      0.14      0.15      0.16      0.15      0.18      0.17      0.23      0.33
  7853.05      0.19      0.18      0.16      0.16      0.16      0.17      0.17      0.16      0.20      0.18      0.25      0.36
  7854.05      0.12      0.12      0.10      0.10      0.10      0.11      0.11      0.10      0.13      0.12      0.16      0.23
  7855.05      0.07      0.07      0.06      0.06      0.06      0.06      0.07      0.06      0.08      0.07      0.09      0.14
  7856.05      0.07      0.07      0.06      0.06      0.06      0.06      0.07      0.06      0.08      0.07      0.09      0.14
  7857.05      0.13      0.13      0.11      0.11      0.11      0.12      0.12      0.11      0.13      0.12      0.17      0.24
  7858.05      0.26      0.25      0.22      0.22      0.21      0.23      0.24      0.22      0.27      0.25      0.34      0.49
  7859.05      0.23      0.22      0.19      0.19      0.19      0.20      0.21      0.19      0.23      0.22      0.30      0.43
  7860.05      0.18      0.17      0.15      0.15      0.15      0.16      0.16      0.15      0.18      0.17      0.23      0.34
  7861.05      0.17      0.17      0.15      0.15      0.14      0.16      0.16      0.15      0.18      0.17      0.23      0.33
  7862.05      0.12      0.12      0.10      0.10      0.10      0.11      0.11      0.10      0.13      0.12      0.16      0.23
  7863.05      0.11      0.10      0.09      0.09      0.09      0.10      0.10      0.09      0.11      0.10      0.14      0.20
  7864.05      0.16      0.16      0.14      0.13      0.13      0.14      0.15      0.13      0.16      0.15      0.21      0.30
  7865.05      0.27      0.27      0.24      0.23      0.23      0.25      0.25      0.23      0.28      0.27      0.36      0.52
  7866.05      0.30      0.30      0.26      0.26      0.25      0.28      0.28      0.26      0.31      0.30      0.40      0.58
  7867.05      0.31      0.30      0.26      0.26      0.25      0.28      0.28      0.26      0.31      0.30      0.40      0.59
  7868.05      0.27      0.27      0.23      0.23      0.22      0.25      0.25      0.23      0.27      0.26      0.36      0.52
  7869.05      0.18      0.18      0.16      0.15      0.15      0.17      0.17      0.15      0.18      0.18      0.24      0.35
  7870.05      0.15      0.15      0.13      0.13      0.12      0.14      0.14      0.13      0.15      0.15      0.20      0.29
  7871.05      0.17      0.17      0.15      0.15      0.14      0.16      0.16      0.15      0.17      0.17      0.23      0.33
  7872.05      0.12      0.12      0.10      0.10      0.10      0.11      0.11      0.10      0.12      0.12      0.16      0.23
  7873.05      0.10      0.10      0.09      0.08      0.08      0.09      0.09      0.08      0.10      0.10      0.13      0.19
  7874.05      0.14      0.14      0.12      0.12      0.12      0.13      0.13      0.12      0.14      0.14      0.19      0.28
  7875.05      0.26      0.26      0.22      0.22      0.21      0.24      0.24      0.22      0.26      0.25      0.34      0.50
  7876.05      0.30      0.30      0.26      0.26      0.25      0.28      0.28      0.26      0.30      0.30      0.40      0.58
  7877.05      0.31      0.31      0.27      0.26      0.25      0.28      0.28      0.26      0.31      0.30      0.40      0.59
  7878.05      0.31      0.31      0.27      0.26      0.25      0.28      0.28      0.26      0.30      0.30      0.40      0.59
  7879.05      0.26      0.26      0.22      0.22      0.21      0.24      0.24      0.22      0.25      0.25      0.33      0.50
  7880.05      0.16      0.16      0.14      0.13      0.13      0.15      0.15      0.13      0.16      0.15      0.20      0.30
  7881.05      0.13      0.13      0.11      0.11      0.11      0.12      0.12      0.11      0.13      0.13      0.17      0.25
  7882.05      0.16      0.16      0.14      0.14      0.13      0.15      0.15      0.14      0.16      0.16      0.21      0.31
  7883.05      0.16      0.16      0.14      0.13      0.13      0.15      0.15      0.13      0.16      0.15      0.20      0.31
  7884.05      0.14      0.14      0.12      0.12      0.12      0.13      0.13      0.12      0.14      0.14      0.18      0.28
  7885.05      0.19      0.19      0.17      0.16      0.16      0.18      0.18      0.16      0.19      0.19      0.25      0.37
  7886.05      0.25      0.26      0.22      0.22      0.21      0.24      0.24      0.22      0.25      0.25      0.33      0.49
  7887.05      0.26      0.26      0.22      0.22      0.21      0.24      0.24      0.22      0.25      0.25      0.33      0.50
  7888.05      0.25      0.25      0.22      0.21      0.20      0.23      0.23      0.21      0.24      0.24      0.32      0.48
  7889.05      0.24      0.25      0.21      0.21      0.20      0.23      0.23      0.21      0.24      0.24      0.32      0.47
  7890.05      0.20      0.20      0.18      0.17      0.17      0.19      0.19      0.17      0.20      0.20      0.26      0.39
  7891.05      0.12      0.12      0.10      0.10      0.10      0.11      0.11      0.10      0.11      0.11      0.15      0.23
  7892.05      0.09      0.09      0.08      0.08      0.07      0.08      0.08      0.08      0.09      0.09      0.12      0.17
  7893.05      0.12      0.12      0.10      0.10      0.10      0.11      0.11      0.10      0.12      0.12      0.15      0.23
  7894.05      0.21      0.21      0.18      0.17      0.17      0.19      0.19      0.18      0.20      0.20      0.27      0.40
  7895.05      0.25      0.25      0.22      0.21      0.21      0.23      0.23      0.21      0.24      0.25      0.32      0.49
  7896.05      0.25      0.25      0.22      0.21      0.21      0.24      0.23      0.21      0.25      0.25      0.33      0.49
  7897.05      0.26      0.26      0.23      0.22      0.21      0.24      0.24      0.22      0.25      0.26      0.33      0.50
  7898.05      0.27      0.27      0.24      0.23      0.22      0.26      0.25      0.23      0.26      0.27      0.35      0.53
  7899.05      0.28      0.28      0.24      0.23      0.23      0.26      0.26      0.24      0.27      0.28      0.36      0.54
  7900.05      0.27      0.27      0.24      0.23      0.22      0.25      0.25      0.23      0.26      0.27      0.35      0.52
  7901.05      0.28      0.28      0.24      0.23      0.23      0.26      0.26      0.24      0.27      0.28      0.36      0.54
  7902.05      0.30      0.31      0.27      0.26      0.25      0.29      0.28      0.26      0.30      0.31      0.40      0.60
  7903.05      0.31      0.31      0.28      0.27      0.26      0.30      0.29      0.27      0.30      0.31      0.41      0.61
  7904.05      0.29      0.29      0.26      0.25      0.24      0.28      0.27      0.25      0.28      0.29      0.38      0.57
  7905.05      0.27      0.27      0.24      0.23      0.22      0.26      0.25      0.23      0.26      0.27      0.35      0.53
  7906.05      0.28      0.28      0.25      0.24      0.23      0.27      0.26      0.24      0.27      0.29      0.37      0.56
  7907.05      0.29      0.29      0.26      0.25      0.24      0.28      0.27      0.25      0.28      0.29      0.38      0.57
  7908.05      0.27      0.27      0.24      0.23      0.22      0.26      0.25      0.23      0.26      0.27      0.35      0.54
  7909.05      0.27      0.27      0.24      0.23      0.22      0.26      0.25      0.23      0.26      0.27      0.35      0.53
  7910.05      0.29      0.29      0.26      0.24      0.24      0.28      0.27      0.25      0.28      0.29      0.37      0.57
  7911.05      0.28      0.28      0.25      0.24      0.23      0.27      0.26      0.24      0.27      0.29      0.37      0.56
  7912.05      0.25      0.26      0.23      0.22      0.21      0.25      0.24      0.22      0.25      0.26      0.33      0.51
  7913.05      0.21      0.21      0.19      0.18      0.17      0.20      0.19      0.18      0.20      0.21      0.27      0.41
  7914.05      0.13      0.13      0.11      0.11      0.10      0.12      0.12      0.11      0.12      0.13      0.16      0.25
  7915.05      0.07      0.07      0.06      0.06      0.06      0.07      0.07      0.06      0.07      0.07      0.09      0.14
  7916.05      0.06      0.06      0.05      0.05      0.05      0.06      0.06      0.05      0.06      0.06      0.08      0.12
  7917.05      0.09      0.09      0.08      0.08      0.07      0.09      0.08      0.08      0.09      0.09      0.12      0.18
  7918.05      0.20      0.20      0.18      0.17      0.17      0.19      0.19      0.17      0.19      0.21      0.26      0.40
  7919.05      0.27      0.27      0.24      0.23      0.22      0.26      0.25      0.23      0.26      0.28      0.35      0.54
  7920.05      0.22      0.22      0.20      0.18      0.18      0.21      0.20      0.19      0.21      0.22      0.28      0.44
  7921.05      0.19      0.19      0.17      0.16      0.16      0.18      0.17      0.16      0.18      0.19      0.24      0.38
  7922.05      0.13      0.13      0.12      0.11      0.11      0.13      0.12      0.11      0.12      0.13      0.17      0.26
  7923.05      0.09      0.09      0.08      0.08      0.07      0.09      0.08      0.08      0.09      0.09      0.12      0.18
  7924.05      0.10      0.11      0.09      0.09      0.09      0.10      0.10      0.09      0.10      0.11      0.14      0.21
  7925.05      0.19      0.19      0.17      0.16      0.16      0.18      0.18      0.16      0.18      0.20      0.25      0.39
  7926.05      0.25      0.26      0.23      0.22      0.21      0.25      0.24      0.22      0.24      0.26      0.33      0.52
  7927.05      0.27      0.27      0.24      0.23      0.23      0.26      0.25      0.23      0.26      0.28      0.35      0.55
  7928.05      0.29      0.30      0.27      0.25      0.25      0.29      0.28      0.25      0.28      0.31      0.39      0.61
  7929.05      0.29      0.30      0.27      0.25      0.24      0.29      0.27      0.25      0.28      0.31      0.38      0.60
  7930.05      0.26      0.26      0.24      0.22      0.22      0.25      0.24      0.22      0.25      0.27      0.34      0.54
  7931.05      0.23      0.24      0.21      0.20      0.20      0.23      0.22      0.20      0.22      0.25      0.31      0.48
  7932.05      0.16      0.17      0.15      0.14      0.14      0.16      0.15      0.14      0.16      0.17      0.21      0.34
  7933.05      0.11      0.11      0.10      0.09      0.09      0.11      0.10      0.09      0.11      0.12      0.14      0.23
  7934.05      0.11      0.11      0.10      0.10      0.09      0.11      0.10      0.10      0.11      0.12      0.15      0.23
  7935.05      0.17      0.17      0.16      0.15      0.14      0.17      0.16      0.15      0.16      0.18      0.22      0.36
  7936.05      0.25      0.25      0.23      0.21      0.21      0.24      0.23      0.21      0.24      0.26      0.32      0.52
  7937.05      0.27      0.28      0.25      0.23      0.23      0.27      0.25      0.23      0.26      0.29      0.36      0.57
  7938.05      0.29      0.30      0.27      0.25      0.25      0.29      0.27      0.25      0.28      0.31      0.38      0.62
  7939.05      0.30      0.31      0.28      0.26      0.25      0.30      0.28      0.26      0.29      0.32      0.40      0.64
  7940.05      0.29      0.30      0.27      0.25      0.25      0.29      0.27      0.25      0.28      0.31      0.38      0.62
  7941.05      0.28      0.29      0.26      0.25      0.24      0.28      0.27      0.25      0.27      0.31      0.37      0.61
  7942.05      0.28      0.29      0.26      0.24      0.24      0.28      0.27      0.24      0.27      0.31      0.37      0.60
  7943.05      0.28      0.29      0.26      0.24      0.24      0.28      0.27      0.24      0.27      0.31      0.37      0.60
  7944.05      0.27      0.28      0.26      0.24      0.23      0.28      0.26      0.24      0.27      0.30      0.36      0.59
  7945.05      0.27      0.28      0.25      0.23      0.23      0.27      0.25      0.23      0.26      0.29      0.35      0.58
  7946.05      0.27      0.27      0.25      0.23      0.23      0.27      0.25      0.23      0.26      0.29      0.35      0.57
  7947.05      0.25      0.25      0.23      0.21      0.21      0.25      0.23      0.21      0.24      0.27      0.32      0.53
  7948.05      0.23      0.24      0.22      0.20      0.20      0.24      0.22      0.20      0.23      0.26      0.31      0.51
  7949.05      0.25      0.26      0.23      0.21      0.21      0.25      0.23      0.21      0.24      0.27      0.33      0.54
  7950.05      0.18      0.19      0.17      0.16      0.15      0.18      0.17      0.15      0.17      0.20      0.24      0.39
  7951.05      0.12      0.12      0.11      0.10      0.10      0.12      0.11      0.10      0.11      0.13      0.16      0.26
  7952.05      0.13      0.13      0.12      0.11      0.11      0.13      0.12      0.11      0.12      0.14      0.17      0.28
  7953.05      0.21      0.22      0.20      0.18      0.18      0.22      0.20      0.18      0.21      0.24      0.28      0.47
  7954.05      0.27      0.28      0.25      0.23      0.23      0.27      0.25      0.23      0.26      0.30      0.36      0.59
  7955.05      0.27      0.28      0.26      0.23      0.23      0.28      0.26      0.23      0.26      0.30      0.36      0.60
  7956.05      0.29      0.30      0.28      0.25      0.25      0.30      0.28      0.25      0.28      0.33      0.39      0.64
  7957.05      0.30      0.31      0.28      0.26      0.26      0.31      0.29      0.26      0.29      0.34      0.40      0.66
  7958.05      0.30      0.31      0.29      0.26      0.26      0.31      0.29      0.26      0.29      0.34      0.40      0.66
  7959.05      0.30      0.31      0.28      0.26      0.26      0.31      0.29      0.26      0.29      0.34      0.40      0.66
  7960.05      0.30      0.31      0.28      0.26      0.26      0.30      0.28      0.25      0.29      0.34      0.39      0.66
  7961.05      0.29      0.30      0.28      0.25      0.25      0.30      0.28      0.25      0.28      0.33      0.39      0.65
  7962.05      0.29      0.30      0.28      0.25      0.25      0.30      0.28      0.25      0.28      0.33      0.39      0.65
  7963.05      0.29      0.31      0.28      0.25      0.25      0.30      0.28      0.25      0.29      0.34      0.39      0.66
  7964.05      0.28      0.29      0.27      0.24      0.24      0.29      0.27      0.24      0.27      0.32      0.37      0.62
  7965.05      0.16      0.17      0.15      0.14      0.14      0.17      0.16      0.14      0.16      0.19      0.22      0.37
  7966.05      0.08      0.08      0.07      0.07      0.07      0.08      0.07      0.07      0.08      0.09      0.10      0.18
  7967.05      0.07      0.07      0.06      0.06      0.06      0.07      0.06      0.06      0.06      0.07      0.09      0.15
  7968.05      0.10      0.10      0.10      0.09      0.09      0.10      0.10      0.09      0.10      0.12      0.13      0.23
  7969.05      0.20      0.21      0.19      0.17      0.17      0.20      0.19      0.17      0.19      0.23      0.27      0.45
  7970.05      0.19      0.20      0.18      0.16      0.16      0.20      0.18      0.16      0.18      0.22      0.25      0.43
  7971.05      0.20      0.21      0.20      0.18      0.18      0.21      0.19      0.17      0.20      0.24      0.27      0.46
  7972.05      0.26      0.27      0.25      0.23      0.23      0.27      0.25      0.22      0.25      0.31      0.35      0.59
  7973.05      0.29      0.29      0.27      0.25      0.25      0.29      0.27      0.24      0.27      0.33      0.38      0.65
  7974.05      0.28      0.29      0.27      0.24      0.24      0.29      0.27      0.24      0.27      0.33      0.38      0.64
  7975.05      0.28      0.29      0.27      0.24      0.24      0.29      0.27      0.24      0.27      0.33      0.37      0.64
  7976.05      0.29      0.30      0.28      0.25      0.25      0.30      0.28      0.25      0.28      0.34      0.39      0.66
  7977.05      0.29      0.30      0.28      0.25      0.25      0.30      0.27      0.25      0.28      0.34      0.38      0.66
  7978.05      0.23      0.24      0.22      0.20      0.20      0.24      0.22      0.19      0.22      0.27      0.30      0.52
  7979.05      0.17      0.17      0.16      0.14      0.14      0.17      0.16      0.14      0.16      0.20      0.22      0.38
  7980.05      0.15      0.16      0.15      0.13      0.13      0.16      0.15      0.13      0.15      0.18      0.20      0.35
  7981.05      0.12      0.13      0.12      0.11      0.11      0.13      0.12      0.10      0.12      0.15      0.17      0.29
  7982.05      0.10      0.11      0.10      0.09      0.09      0.11      0.10      0.09      0.10      0.12      0.14      0.24
  7983.05      0.14      0.15      0.14      0.12      0.12      0.15      0.14      0.12      0.14      0.17      0.19      0.33
  7984.05      0.25      0.26      0.24      0.22      0.22      0.27      0.24      0.21      0.24      0.30      0.34      0.59
  7985.05      0.30      0.31      0.29      0.26      0.26      0.31      0.28      0.25      0.29      0.36      0.39      0.69
  7986.05      0.30      0.31      0.29      0.26      0.26      0.32      0.29      0.25      0.29      0.36      0.40      0.70
  7987.05      0.30      0.31      0.28      0.25      0.25      0.31      0.28      0.25      0.28      0.36      0.39      0.69
  7988.05      0.28      0.29      0.27      0.24      0.24      0.30      0.26      0.23      0.27      0.34      0.37      0.65
  7989.05      0.26      0.27      0.25      0.22      0.22      0.28      0.25      0.22      0.25      0.32      0.35      0.61
  7990.05      0.26      0.27      0.25      0.22      0.22      0.27      0.24      0.22      0.25      0.31      0.34      0.60
  7991.05      0.27      0.28      0.26      0.23      0.23      0.29      0.26      0.23      0.26      0.33      0.36      0.63
  7992.05      0.27      0.28      0.26      0.23      0.23      0.29      0.26      0.23      0.26      0.33      0.36      0.64
  7993.05      0.24      0.25      0.23      0.20      0.21      0.25      0.23      0.20      0.23      0.29      0.32      0.56
  7994.05      0.12      0.12      0.11      0.10      0.10      0.13      0.11      0.10      0.11      0.15      0.16      0.28
  7995.05      0.07      0.07      0.06      0.06      0.06      0.07      0.06      0.06      0.06      0.08      0.09      0.16
  7996.05      0.07      0.07      0.06      0.06      0.06      0.07      0.06      0.06      0.06      0.08      0.09      0.16
  7997.05      0.12      0.12      0.12      0.10      0.10      0.13      0.11      0.10      0.12      0.15      0.16      0.29
  7998.05      0.24      0.24      0.23      0.20      0.20      0.25      0.22      0.20      0.23      0.29      0.31      0.56
  7999.05      0.26      0.27      0.25      0.22      0.22      0.28      0.25      0.22      0.25      0.32      0.34      0.62
  8000.05      0.25      0.26      0.24      0.21      0.22      0.27      0.24      0.21      0.24      0.31      0.33      0.60
  8001.05      0.26      0.27      0.25      0.22      0.22      0.28      0.24      0.21      0.25      0.32      0.34      0.61
  8002.05      0.27      0.28      0.26      0.23      0.23      0.29      0.25      0.22      0.26      0.33      0.35      0.64
  8003.05      0.27      0.28      0.26      0.23      0.23      0.29      0.25      0.22      0.26      0.33      0.35      0.64
  8004.05      0.26      0.27      0.25      0.22      0.23      0.29      0.25      0.22      0.25      0.33      0.35      0.63
  8005.05      0.27      0.28      0.26      0.23      0.23      0.29      0.25      0.22      0.26      0.34      0.36      0.64
  8006.05      0.28      0.29      0.27      0.23      0.24      0.30      0.26      0.23      0.26      0.35      0.36      0.66
  8007.05      0.28      0.29      0.27      0.24      0.24      0.30      0.26      0.23      0.27      0.35      0.37      0.67
  8008.05      0.29      0.29      0.27      0.24      0.24      0.31      0.27      0.23      0.27      0.36      0.38      0.68
  8009.05      0.29      0.30      0.28      0.25      0.25      0.32      0.28      0.24      0.28      0.37      0.39      0.70
  8010.05      0.29      0.30      0.28      0.25      0.25      0.32      0.28      0.24      0.28      0.37      0.39      0.71
  8011.05      0.30      0.31      0.29      0.25      0.25      0.32      0.28      0.24      0.28      0.38      0.39      0.71
  8012.05      0.29      0.30      0.28      0.25      0.25      0.32      0.28      0.24      0.28      0.38      0.39      0.71
  8013.05      0.28      0.29      0.27      0.24      0.24      0.31      0.26      0.23      0.27      0.36      0.37      0.67
  8014.05      0.25      0.26      0.24      0.22      0.22      0.28      0.24      0.21      0.24      0.33      0.33      0.61
  8015.05      0.17      0.17      0.16      0.14      0.14      0.18      0.16      0.14      0.16      0.22      0.22      0.41
  8016.05      0.12      0.12      0.11      0.10      0.10      0.13      0.11      0.09      0.11      0.15      0.15      0.28
  8017.05      0.13      0.14      0.13      0.11      0.11      0.15      0.12      0.11      0.13      0.17      0.17      0.32
  8018.05      0.21      0.22      0.21      0.18      0.18      0.24      0.20      0.17      0.20      0.28      0.28      0.52
  8019.05      0.28      0.29      0.27      0.24      0.24      0.31      0.26      0.23      0.26      0.37      0.37      0.68
  8020.05      0.29      0.30      0.28      0.24      0.24      0.32      0.27      0.23      0.27      0.38      0.38      0.70
  8021.05      0.25      0.26      0.24      0.21      0.21      0.28      0.23      0.20      0.24      0.33      0.33      0.61
  8022.05      0.21      0.21      0.20      0.18      0.18      0.23      0.20      0.17      0.20      0.28      0.27      0.51
  8023.05      0.22      0.23      0.21      0.19      0.19      0.25      0.21      0.18      0.21      0.29      0.29      0.54
  8024.05      0.27      0.28      0.26      0.23      0.23      0.31      0.26      0.22      0.26      0.37      0.36      0.67
  8025.05      0.28      0.29      0.27      0.24      0.24      0.32      0.26      0.23      0.27      0.38      0.37      0.69
  8026.05      0.20      0.20      0.19      0.17      0.17      0.22      0.19      0.16      0.19      0.27      0.26      0.48
  8027.05      0.10      0.10      0.10      0.08      0.08      0.11      0.09      0.08      0.09      0.14      0.13      0.24
  8028.05      0.08      0.08      0.07      0.06      0.06      0.08      0.07      0.06      0.07      0.10      0.10      0.18
  8029.05      0.10      0.11      0.10      0.09      0.09      0.12      0.10      0.08      0.10      0.14      0.13      0.25
  8030.05      0.17      0.18      0.17      0.15      0.15      0.20      0.16      0.14      0.17      0.24      0.23      0.43
  8031.05      0.19      0.20      0.19      0.16      0.16      0.22      0.18      0.16      0.18      0.26      0.25      0.47
  8032.05      0.22      0.23      0.22      0.19      0.19      0.25      0.21      0.18      0.21      0.31      0.29      0.54
  8033.05      0.25      0.26      0.25      0.21      0.21      0.29      0.24      0.21      0.24      0.35      0.33      0.62
  8034.05      0.25      0.26      0.24      0.21      0.21      0.29      0.24      0.20      0.24      0.35      0.33      0.61
  8035.05      0.27      0.28      0.26      0.23      0.23      0.31      0.26      0.22      0.26      0.38      0.36      0.66
  8036.05      0.28      0.29      0.27      0.24      0.24      0.32      0.26      0.23      0.27      0.40      0.37      0.68
  8037.05      0.28      0.28      0.27      0.23      0.23      0.32      0.26      0.22      0.26      0.39      0.36      0.67
  8038.05      0.29      0.29      0.28      0.24      0.24      0.33      0.27      0.23      0.27      0.40      0.37      0.69
  8039.05      0.30      0.31      0.29      0.25      0.25      0.35      0.28      0.24      0.28      0.43      0.39      0.72
  8040.05      0.31      0.32      0.30      0.26      0.26      0.35      0.29      0.25      0.29      0.44      0.40      0.74
  8041.05      0.30      0.31      0.29      0.25      0.26      0.35      0.28      0.24      0.29      0.43      0.39      0.73
  8042.05      0.29      0.30      0.28      0.24      0.25      0.34      0.27      0.23      0.27      0.42      0.38      0.70
  8043.05      0.28      0.29      0.27      0.24      0.24      0.33      0.26      0.23      0.26      0.41      0.37      0.68
  8044.05      0.28      0.29      0.28      0.24      0.24      0.33      0.27      0.23      0.27      0.41      0.37      0.69
  8045.05      0.30      0.31      0.29      0.25      0.25      0.35      0.28      0.24      0.28      0.43      0.39      0.72
  8046.05      0.31      0.32      0.30      0.26      0.26      0.36      0.29      0.25      0.29      0.45      0.40      0.74
  8047.05      0.31      0.32      0.30      0.26      0.26      0.36      0.29      0.25      0.29      0.45      0.40      0.74
  8048.05      0.30      0.31      0.29      0.25      0.25      0.35      0.28      0.24      0.28      0.44      0.39      0.72
  8049.05      0.30      0.31      0.29      0.25      0.25      0.35      0.28      0.24      0.28      0.44      0.39      0.72
  8050.05      0.30      0.31      0.29      0.25      0.25      0.36      0.28      0.24      0.28      0.45      0.39      0.72
  8051.05      0.28      0.29      0.27      0.24      0.24      0.33      0.26      0.23      0.27      0.42      0.37      0.68
  8052.05      0.24      0.25      0.24      0.20      0.20      0.29      0.23      0.19      0.23      0.36      0.32      0.58
  8053.05      0.19      0.19      0.18      0.16      0.16      0.22      0.17      0.15      0.18      0.28      0.24      0.45
  8054.05      0.14      0.15      0.14      0.12      0.12      0.17      0.13      0.11      0.13      0.21      0.19      0.34
  8055.05      0.17      0.17      0.16      0.14      0.14      0.20      0.16      0.13      0.16      0.25      0.22      0.40
  8056.05      0.26      0.27      0.26      0.22      0.22      0.31      0.24      0.21      0.25      0.40      0.34      0.63
  8057.05      0.31      0.31      0.30      0.25      0.26      0.36      0.28      0.25      0.29      0.46      0.40      0.73
  8058.05      0.30      0.31      0.29      0.25      0.25      0.36      0.28      0.24      0.29      0.46      0.39      0.72
  8059.05      0.31      0.31      0.30      0.25      0.26      0.37      0.28      0.25      0.29      0.47      0.40      0.73
  8060.05      0.31      0.32      0.30      0.26      0.26      0.37      0.29      0.25      0.29      0.48      0.40      0.74
  8061.05      0.31      0.32      0.30      0.26      0.26      0.37      0.28      0.25      0.29      0.48      0.40      0.73
  8062.05      0.28      0.29      0.27      0.23      0.23      0.33      0.26      0.22      0.26      0.44      0.36      0.66
  8063.05      0.17      0.17      0.16      0.14      0.14      0.20      0.16      0.14      0.16      0.27      0.22      0.40
  8064.05      0.11      0.11      0.11      0.09      0.09      0.13      0.10      0.09      0.10      0.17      0.14      0.26
  8065.05      0.12      0.12      0.11      0.10      0.10      0.14      0.11      0.09      0.11      0.19      0.15      0.28
  8066.05      0.20      0.21      0.19      0.17      0.17      0.24      0.19      0.16      0.19      0.32      0.26      0.48
  8067.05      0.29      0.30      0.29      0.24      0.25      0.36      0.27      0.24      0.28      0.48      0.38      0.70
  8068.05      0.30      0.31      0.29      0.25      0.25      0.36      0.28      0.24      0.28      0.49      0.39      0.71
  8069.05      0.30      0.30      0.29      0.25      0.25      0.36      0.27      0.24      0.28      0.49      0.39      0.70
  8070.05      0.30      0.31      0.29      0.25      0.25      0.37      0.28      0.24      0.28      0.50      0.39      0.71
  8071.05      0.31      0.32      0.30      0.26      0.26      0.38      0.29      0.25      0.29      0.52      0.41      0.74
  8072.05      0.32      0.33      0.31      0.27      0.27      0.39      0.30      0.26      0.30      0.54      0.42      0.76
  8073.05      0.32      0.33      0.31      0.27      0.27      0.40      0.30      0.26      0.30      0.54      0.42      0.76
  8074.05      0.32      0.33      0.31      0.26      0.27      0.39      0.29      0.26      0.30      0.54      0.41      0.75
  8075.05      0.31      0.32      0.30      0.26      0.26      0.38      0.29      0.25      0.29      0.53      0.40      0.73
  8076.05      0.30      0.30      0.29      0.24      0.25      0.36      0.27      0.24      0.28      0.51      0.38      0.70
  8077.05      0.29      0.30      0.28      0.24      0.24      0.36      0.27      0.23      0.27      0.50      0.38      0.68
  8078.05      0.30      0.30      0.29      0.25      0.25      0.37      0.27      0.24      0.28      0.52      0.39      0.70
  8079.05      0.27      0.28      0.26      0.22      0.23      0.34      0.25      0.22      0.25      0.48      0.35      0.64
  8080.05      0.27      0.28      0.26      0.22      0.22      0.33      0.25      0.22      0.25      0.47      0.35      0.63
  8081.05      0.31      0.31      0.30      0.25      0.25      0.38      0.28      0.24      0.28      0.54      0.40      0.71
  8082.05      0.32      0.33      0.31      0.26      0.26      0.40      0.29      0.26      0.30      0.57      0.41      0.74
  8083.05      0.32      0.32      0.31      0.26      0.26      0.39      0.29      0.25      0.29      0.56      0.41      0.73
  8084.05      0.31      0.31      0.30      0.25      0.25      0.38      0.28      0.25      0.29      0.55      0.40      0.71
  8085.05      0.30      0.30      0.29      0.24      0.24      0.37      0.27      0.24      0.28      0.53      0.38      0.68
  8086.05      0.27      0.28      0.26      0.22      0.22      0.34      0.25      0.22      0.25      0.49      0.35      0.63
  8087.05      0.25      0.25      0.24      0.20      0.20      0.31      0.22      0.20      0.23      0.45      0.32      0.57
  8088.05      0.26      0.26      0.25      0.21      0.21      0.32      0.23      0.20      0.24      0.47      0.33      0.59
  8089.05      0.30      0.31      0.29      0.25      0.25      0.38      0.27      0.24      0.28      0.55      0.39      0.69
  8090.05      0.32      0.33      0.31      0.26      0.27      0.40      0.29      0.26      0.30      0.60      0.42      0.74
  8091.05      0.32      0.33      0.31      0.26      0.27      0.41      0.29      0.26      0.30      0.60      0.42      0.74
  8092.05      0.33      0.33      0.32      0.27      0.27      0.41      0.30      0.26      0.30      0.61      0.42      0.74
  8093.05      0.33      0.33      0.31      0.27      0.27      0.41      0.29      0.26      0.30      0.61      0.42      0.74
  8094.05      0.30      0.30      0.29      0.24      0.25      0.38      0.27      0.24      0.28      0.57      0.39      0.67
  8095.05      0.22      0.23      0.22      0.18      0.18      0.28      0.20      0.18      0.21      0.43      0.29      0.50
  8096.05      0.19      0.19      0.19      0.16      0.16      0.24      0.17      0.15      0.18      0.37      0.25      0.43
  8097.05      0.23      0.24      0.23      0.19      0.19      0.30      0.21      0.19      0.22      0.45      0.30      0.53
  8098.05      0.30      0.30      0.29      0.24      0.24      0.37      0.27      0.24      0.28      0.58      0.38      0.67
  8099.05      0.32      0.32      0.31      0.26      0.26      0.40      0.29      0.25      0.29      0.62      0.41      0.71
  8100.05      0.32      0.32      0.31      0.26      0.26      0.40      0.29      0.25      0.29      0.62      0.41      0.70
  8101.05      0.31      0.31      0.30      0.25      0.25      0.39      0.28      0.25      0.29      0.61      0.40      0.69
  8102.05      0.30      0.31      0.29      0.25      0.25      0.38      0.27      0.24      0.28      0.60      0.39      0.67
  8103.05      0.25      0.25      0.24      0.20      0.20      0.31      0.22      0.20      0.23      0.49      0.32      0.55
  8104.05      0.17      0.17      0.16      0.14      0.14      0.21      0.15      0.13      0.16      0.34      0.22      0.38
  8105.05      0.16      0.16      0.15      0.13      0.13      0.19      0.14      0.12      0.14      0.32      0.20      0.35
  8106.05      0.21      0.21      0.20      0.17      0.17      0.26      0.19      0.17      0.20      0.43      0.27      0.47
  8107.05      0.28      0.28      0.27      0.22      0.22      0.34      0.25      0.22      0.25      0.56      0.35      0.60
  8108.05      0.30      0.30      0.28      0.24      0.24      0.36      0.26      0.23      0.27      0.60      0.38      0.64
  8109.05      0.30      0.30      0.29      0.24      0.25      0.37      0.27      0.24      0.28      0.62      0.39      0.66
  8110.05      0.30      0.30      0.29      0.24      0.25      0.37      0.27      0.24      0.28      0.62      0.39      0.65
  8111.05      0.30      0.31      0.29      0.25      0.25      0.37      0.27      0.24      0.28      0.63      0.39      0.66
  8112.05      0.31      0.31      0.30      0.25      0.25      0.37      0.27      0.24      0.28      0.63      0.39      0.66
  8113.05      0.31      0.31      0.29      0.25      0.25      0.37      0.27      0.24      0.28      0.63      0.39      0.66
  8114.05      0.31      0.31      0.30      0.25      0.25      0.38      0.28      0.24      0.28      0.63      0.40      0.67
  8115.05      0.32      0.32      0.31      0.25      0.26      0.38      0.28      0.25      0.29      0.64      0.41      0.68
  8116.05      0.32      0.32      0.31      0.26      0.26      0.39      0.28      0.25      0.29      0.65      0.41      0.68
  8117.05      0.32      0.32      0.31      0.26      0.26      0.38      0.28      0.25      0.29      0.64      0.41      0.68
  8118.05      0.32      0.32      0.31      0.26      0.26      0.39      0.29      0.25      0.29      0.65      0.41      0.68
  8119.05      0.33      0.33      0.31      0.26      0.26      0.39      0.29      0.26      0.30      0.65      0.42      0.69
  8120.05      0.33      0.33      0.31      0.26      0.26      0.39      0.29      0.26      0.30      0.65      0.42      0.69
  8121.05      0.32      0.32      0.31      0.26      0.26      0.39      0.29      0.25      0.30      0.64      0.41      0.68
  8122.05      0.32      0.32      0.31      0.26      0.26      0.38      0.28      0.25      0.29      0.63      0.41      0.67
  8123.05      0.32      0.32      0.31      0.26      0.26      0.38      0.28      0.25      0.29      0.63      0.41      0.67
  8124.05      0.32      0.31      0.30      0.25      0.25      0.37      0.28      0.25      0.29      0.62      0.40      0.66
  8125.05      0.31      0.31      0.30      0.25      0.25      0.37      0.28      0.24      0.28      0.61      0.40      0.65
  8126.05      0.32      0.31      0.30      0.25      0.25      0.37      0.28      0.25      0.29      0.61      0.40      0.65
  8127.05      0.32      0.32      0.31      0.26      0.26      0.38      0.28      0.25      0.29      0.63      0.41      0.67
  8128.05      0.32      0.31      0.30      0.25      0.25      0.37      0.28      0.25      0.29      0.61      0.40      0.65
  8129.05      0.30      0.30      0.29      0.24      0.24      0.35      0.27      0.24      0.28      0.58      0.39      0.62
  8130.05      0.30      0.30      0.29      0.24      0.24      0.35      0.26      0.23      0.27      0.57      0.38      0.62
  8131.05      0.31      0.31      0.30      0.25      0.25      0.36      0.28      0.24      0.29      0.60      0.40      0.64
  8132.05      0.32      0.31      0.30      0.25      0.25      0.37      0.28      0.25      0.29      0.60      0.40      0.65
  8133.05      0.30      0.30      0.29      0.24      0.24      0.35      0.26      0.23      0.27      0.57      0.38      0.61
  8134.05      0.29      0.29      0.28      0.23      0.23      0.33      0.25      0.23      0.26      0.54      0.37      0.59
  8135.05      0.30      0.30      0.29      0.24      0.24      0.35      0.26      0.24      0.27      0.56      0.38      0.61
  8136.05      0.31      0.31      0.30      0.25      0.25      0.36      0.27      0.24      0.28      0.58      0.40      0.63
  8137.05      0.31      0.30      0.29      0.24      0.24      0.35      0.27      0.24      0.28      0.57      0.39      0.62
  8138.05      0.30      0.30      0.29      0.24      0.24      0.34      0.26      0.24      0.27      0.56      0.38      0.61
  8139.05      0.30      0.29      0.29      0.24      0.24      0.34      0.26      0.23      0.27      0.55      0.38      0.60
  8140.05      0.27      0.27      0.26      0.21      0.21      0.30      0.23      0.21      0.24      0.49      0.34      0.54
  8141.05      0.23      0.22      0.22      0.18      0.18      0.26      0.20      0.18      0.21      0.41      0.29      0.45
  8142.05      0.23      0.23      0.22      0.18      0.19      0.26      0.20      0.18      0.21      0.43      0.30      0.47
  8143.05      0.28      0.28      0.27      0.22      0.22      0.31      0.24      0.22      0.25      0.51      0.36      0.56
  8144.05      0.31      0.31      0.30      0.25      0.25      0.35      0.27      0.24      0.28      0.56      0.40      0.62
  8145.05      0.32      0.32      0.31      0.25      0.26      0.36      0.28      0.25      0.29      0.58      0.41      0.64
  8146.05      0.33      0.32      0.31      0.26      0.26      0.36      0.28      0.25      0.30      0.58      0.41      0.65
  8147.05      0.30      0.30      0.29      0.24      0.24      0.33      0.26      0.24      0.27      0.54      0.38      0.60
  8148.05      0.23      0.23      0.22      0.18      0.18      0.26      0.20      0.18      0.21      0.41      0.30      0.46
  8149.05      0.20      0.20      0.19      0.16      0.16      0.22      0.17      0.15      0.18      0.35      0.25      0.39
  8150.05      0.23      0.23      0.22      0.18      0.18      0.26      0.20      0.18      0.21      0.41      0.30      0.46
  8151.05      0.31      0.30      0.29      0.24      0.24      0.33      0.26      0.24      0.28      0.53      0.39      0.60
  8152.05      0.33      0.32      0.31      0.26      0.26      0.35      0.28      0.25      0.30      0.57      0.41      0.64
  8153.05      0.32      0.31      0.30      0.25      0.25      0.35      0.28      0.25      0.29      0.55      0.41      0.63
  8154.05      0.32      0.31      0.30      0.25      0.25      0.34      0.27      0.24      0.29      0.54      0.40      0.61
  8155.05      0.32      0.31      0.30      0.25      0.25      0.34      0.28      0.25      0.29      0.55      0.40      0.62
  8156.05      0.33      0.33      0.31      0.26      0.26      0.36      0.29      0.26      0.30      0.57      0.42      0.65
  8157.05      0.34      0.33      0.32      0.26      0.27      0.36      0.29      0.26      0.30      0.57      0.43      0.65
  8158.05      0.33      0.32      0.31      0.26      0.26      0.35      0.29      0.26      0.30      0.56      0.42      0.64
  8159.05      0.34      0.33      0.32      0.26      0.26      0.35      0.29      0.26      0.30      0.56      0.42      0.65
  8160.05      0.33      0.32      0.31      0.26      0.26      0.35      0.29      0.26      0.30      0.56      0.42      0.64
  8161.05      0.32      0.31      0.30      0.25      0.25      0.33      0.27      0.24      0.29      0.53      0.40      0.61
  8162.05      0.30      0.29      0.28      0.23      0.24      0.32      0.26      0.23      0.27      0.50      0.38      0.58
  8163.05      0.31      0.30      0.29      0.24      0.25      0.32      0.27      0.24      0.28      0.52      0.39      0.60
  8164.05      0.32      0.30      0.29      0.24      0.25      0.33      0.27      0.24      0.28      0.52      0.40      0.60
  8165.05      0.32      0.31      0.30      0.25      0.25      0.33      0.27      0.24      0.29      0.52      0.40      0.61
  8166.05      0.33      0.32      0.31      0.26      0.26      0.34      0.28      0.25      0.30      0.54      0.42      0.63
  8167.05      0.34      0.32      0.31      0.26      0.26      0.34      0.29      0.26      0.30      0.54      0.42      0.64
  8168.05      0.33      0.32      0.31      0.25      0.26      0.34      0.28      0.25      0.30      0.53      0.41      0.63
  8169.05      0.32      0.31      0.29      0.25      0.25      0.32      0.27      0.24      0.29      0.51      0.40      0.60
  8170.05      0.32      0.31      0.30      0.25      0.25      0.32      0.27      0.24      0.29      0.51      0.40      0.60
  8171.05      0.34      0.32      0.31      0.26      0.26      0.34      0.29      0.26      0.30      0.53      0.42      0.64
  8172.05      0.35      0.33      0.32      0.27      0.27      0.35      0.30      0.27      0.31      0.54      0.43      0.65
  8173.05      0.34      0.33      0.32      0.26      0.27      0.34      0.29      0.26      0.31      0.53      0.43      0.64
  8174.05      0.34      0.32      0.31      0.26      0.26      0.34      0.29      0.26      0.30      0.53      0.42      0.64
  8175.05      0.34      0.32      0.31      0.26      0.26      0.34      0.29      0.26      0.31      0.52      0.43      0.64
  8176.05      0.33      0.32      0.31      0.25      0.26      0.33      0.28      0.25      0.30      0.51      0.42      0.62
  8177.05      0.32      0.30      0.29      0.24      0.25      0.31      0.27      0.24      0.29      0.49      0.40      0.60
  8178.05      0.32      0.30      0.29      0.24      0.25      0.31      0.27      0.24      0.28      0.48      0.40      0.59
  8179.05      0.33      0.31      0.30      0.25      0.26      0.32      0.28      0.25      0.29      0.49      0.41      0.61
  8180.05      0.34      0.32      0.31      0.26      0.27      0.33      0.29      0.26      0.30      0.51      0.43      0.63
  8181.05      0.34      0.33      0.31      0.26      0.27      0.33      0.29      0.26      0.30      0.51      0.43      0.63
  8182.05      0.34      0.32      0.31      0.26      0.26      0.33      0.28      0.26      0.30      0.50      0.42      0.62
  8183.05      0.34      0.33      0.31      0.26      0.27      0.33      0.29      0.26      0.30      0.51      0.43      0.63
  8184.05      0.35      0.33      0.32      0.27      0.27      0.34      0.30      0.27      0.31      0.52      0.44      0.65
  8185.05      0.35      0.33      0.32      0.27      0.27      0.34      0.30      0.27      0.31      0.51      0.44      0.65
  8186.05      0.34      0.32      0.31      0.26      0.26      0.32      0.28      0.26      0.30      0.49      0.42      0.62
  8187.05      0.34      0.32      0.30      0.25      0.26      0.32      0.28      0.25      0.30      0.48      0.42      0.61
  8188.05      0.34      0.32      0.31      0.26      0.26      0.32      0.28      0.25      0.30      0.48      0.42      0.62
  8189.05      0.31      0.30      0.28      0.24      0.24      0.30      0.26      0.24      0.28      0.45      0.39      0.57
  8190.05      0.28      0.26      0.25      0.21      0.21      0.26      0.23      0.21      0.24      0.39      0.34      0.51
  8191.05      0.29      0.27      0.26      0.22      0.22      0.27      0.24      0.22      0.25      0.40      0.36      0.52
  8192.05      0.32      0.30      0.29      0.24      0.25      0.30      0.27      0.24      0.28      0.45      0.40      0.59
  8193.05      0.33      0.31      0.30      0.25      0.26      0.31      0.28      0.25      0.29      0.46      0.41      0.60
  8194.05      0.35      0.32      0.31      0.26      0.27      0.32      0.29      0.26      0.30      0.48      0.43      0.62
  8195.05      0.35      0.33      0.32      0.27      0.27      0.33      0.30      0.27      0.31      0.48      0.44      0.64
  8196.05      0.33      0.30      0.29      0.24      0.25      0.30      0.27      0.24      0.28      0.44      0.40      0.59
  8197.05      0.27      0.26      0.24      0.21      0.21      0.25      0.23      0.21      0.24      0.37      0.34      0.49
  8198.05      0.28      0.26      0.25      0.21      0.21      0.25      0.23      0.21      0.24      0.37      0.34      0.49
  8199.05      0.32      0.30      0.29      0.24      0.25      0.30      0.27      0.24      0.28      0.43      0.40      0.58
  8200.05      0.35      0.33      0.31      0.26      0.27      0.32      0.29      0.26      0.30      0.47      0.43      0.63
  8201.05      0.36      0.33      0.32      0.27      0.27      0.33      0.30      0.27      0.31      0.47      0.44      0.64
  8202.05      0.36      0.33      0.32      0.27      0.27      0.32      0.30      0.27      0.31      0.47      0.44      0.64
  8203.05      0.35      0.33      0.31      0.26      0.27      0.32      0.29      0.26      0.30      0.46      0.44      0.63
  8204.05      0.35      0.33      0.31      0.26      0.27      0.32      0.29      0.26      0.30      0.46      0.43      0.63
  8205.05      0.35      0.33      0.31      0.26      0.27      0.32      0.29      0.26      0.30      0.45      0.43      0.62
  8206.05      0.35      0.32      0.31      0.26      0.27      0.32      0.29      0.26      0.30      0.45      0.43      0.62
  8207.05      0.35      0.32      0.31      0.26      0.27      0.31      0.29      0.26      0.30      0.44      0.43      0.62
  8208.05      0.35      0.32      0.30      0.26      0.27      0.31      0.29      0.26      0.30      0.44      0.42      0.61
  8209.05      0.33      0.31      0.29      0.25      0.26      0.30      0.27      0.25      0.28      0.42      0.41      0.59
  8210.05      0.32      0.30      0.29      0.24      0.25      0.29      0.27      0.24      0.28      0.40      0.40      0.57
  8211.05      0.33      0.31      0.29      0.25      0.26      0.30      0.27      0.25      0.28      0.41      0.41      0.59
  8212.05      0.35      0.32      0.30      0.26      0.26      0.31      0.28      0.26      0.29      0.42      0.42      0.61
  8213.05      0.36      0.33      0.31      0.26      0.27      0.31      0.29      0.26      0.30      0.43      0.43      0.63
  8214.05      0.36      0.33      0.32      0.27      0.28      0.32      0.30      0.27      0.31      0.44      0.44      0.63
  8215.05      0.36      0.33      0.31      0.26      0.27      0.32      0.29      0.27      0.30      0.43      0.44      0.63
  8216.05      0.35      0.32      0.30      0.25      0.26      0.30      0.28      0.26      0.29      0.41      0.42      0.61
  8217.05      0.34      0.31      0.30      0.25      0.26      0.30      0.28      0.25      0.29      0.40      0.41      0.59
  8218.05      0.34      0.31      0.30      0.25      0.26      0.30      0.28      0.25      0.29      0.40      0.42      0.60
  8219.05      0.36      0.33      0.31      0.26      0.27      0.31      0.29      0.26      0.30      0.42      0.43      0.62
  8220.05      0.36      0.33      0.32      0.27      0.28      0.31      0.30      0.27      0.30      0.43      0.44      0.63
  8221.05      0.36      0.33      0.31      0.27      0.28      0.31      0.30      0.27      0.30      0.43      0.44      0.63
  8222.05      0.37      0.34      0.32      0.27      0.28      0.32      0.30      0.27      0.31      0.43      0.45      0.64
  8223.05      0.37      0.34      0.32      0.27      0.28      0.32      0.30      0.27      0.31      0.43      0.45      0.64
  8224.05      0.36      0.33      0.31      0.26      0.27      0.31      0.29      0.26      0.30      0.42      0.43      0.62
  8225.05      0.34      0.31      0.30      0.25      0.26      0.29      0.28      0.25      0.28      0.40      0.42      0.59
  8226.05      0.33      0.30      0.28      0.24      0.25      0.28      0.27      0.24      0.27      0.38      0.40      0.56
  8227.05      0.32      0.29      0.27      0.23      0.24      0.27      0.26      0.23      0.26      0.36      0.38      0.55
  8228.05      0.31      0.28      0.27      0.23      0.24      0.26      0.25      0.23      0.26      0.36      0.38      0.54
  8229.05      0.34      0.31      0.29      0.24      0.26      0.28      0.27      0.25      0.28      0.38      0.41      0.58
  8230.05      0.36      0.32      0.31      0.26      0.27      0.30      0.29      0.26      0.29      0.41      0.43      0.61
  8231.05      0.35      0.31      0.30      0.25      0.26      0.29      0.28      0.25      0.28      0.39      0.42      0.59
  8232.05      0.34      0.31      0.30      0.25      0.26      0.29      0.28      0.25      0.28      0.39      0.42      0.59
  8233.05      0.35      0.32      0.30      0.26      0.27      0.30      0.29      0.26      0.29      0.40      0.43      0.61
  8234.05      0.35      0.32      0.30      0.25      0.27      0.30      0.28      0.26      0.29      0.40      0.43      0.60
  8235.05      0.35      0.32      0.30      0.26      0.27      0.30      0.29      0.26      0.29      0.40      0.43      0.60
  8236.05      0.36      0.33      0.31      0.26      0.27      0.30      0.29      0.26      0.30      0.40      0.44      0.62
  8237.05      0.36      0.33      0.31      0.26      0.28      0.30      0.29      0.26      0.30      0.40      0.44      0.62
  8238.05      0.36      0.33      0.31      0.26      0.27      0.30      0.29      0.26      0.30      0.40      0.44      0.62
  8239.05      0.36      0.33      0.31      0.26      0.28      0.30      0.29      0.26      0.30      0.40      0.44      0.62
  8240.05      0.36      0.33      0.31      0.26      0.27      0.30      0.29      0.26      0.30      0.40      0.44      0.62
  8241.05      0.36      0.33      0.31      0.26      0.28      0.30      0.29      0.26      0.30      0.40      0.44      0.62
  8242.05      0.36      0.32      0.30      0.25      0.27      0.29      0.29      0.26      0.29      0.39      0.43      0.60
  8243.05      0.32      0.29      0.27      0.23      0.24      0.26      0.26      0.23      0.26      0.35      0.38      0.54
  8244.05      0.30      0.27      0.26      0.22      0.23      0.25      0.24      0.22      0.25      0.33      0.36      0.51
  8245.05      0.34      0.30      0.28      0.24      0.25      0.27      0.27      0.24      0.27      0.36      0.40      0.56
  8246.05      0.36      0.32      0.30      0.25      0.27      0.29      0.29      0.26      0.29      0.39      0.43      0.60
  8247.05      0.36      0.32      0.30      0.26      0.27      0.29      0.29      0.26      0.29      0.39      0.43      0.60
  8248.05      0.35      0.32      0.30      0.25      0.27      0.29      0.28      0.25      0.28      0.38      0.42      0.59
  8249.05      0.32      0.29      0.27      0.23      0.24      0.26      0.26      0.23      0.26      0.35      0.39      0.54
  8250.05      0.31      0.28      0.26      0.22      0.23      0.25      0.25      0.22      0.25      0.33      0.37      0.51
  8251.05      0.33      0.29      0.28      0.23      0.25      0.27      0.26      0.24      0.27      0.35      0.40      0.55
  8252.05      0.36      0.32      0.30      0.25      0.27      0.29      0.28      0.26      0.29      0.38      0.43      0.59
  8253.05      0.36      0.32      0.30      0.26      0.27      0.29      0.29      0.26      0.29      0.38      0.43      0.60
  8254.05      0.37      0.33      0.31      0.26      0.28      0.30      0.29      0.27      0.30      0.39      0.44      0.61
  8255.05      0.37      0.33      0.31      0.26      0.28      0.30      0.29      0.27      0.30      0.39      0.44      0.61
  8256.05      0.35      0.31      0.29      0.24      0.26      0.28      0.28      0.25      0.28      0.36      0.42      0.57
  8257.05      0.32      0.29      0.27      0.23      0.24      0.26      0.26      0.23      0.26      0.33      0.39      0.53
  8258.05      0.34      0.30      0.28      0.24      0.25      0.27      0.27      0.24      0.27      0.35      0.40      0.56
  8259.05      0.37      0.32      0.30      0.26      0.27      0.29      0.29      0.26      0.29      0.38      0.44      0.60
  8260.05      0.37      0.33      0.31      0.26      0.28      0.30      0.30      0.27      0.30      0.38      0.45      0.62
  8261.05      0.38      0.33      0.31      0.26      0.28      0.30      0.30      0.27      0.30      0.39      0.45      0.62
  8262.05      0.37      0.33      0.31      0.26      0.28      0.29      0.30      0.27      0.30      0.38      0.45      0.62
  8263.05      0.37      0.33      0.31      0.26      0.28      0.29      0.29      0.26      0.29      0.38      0.44      0.61
  8264.05      0.37      0.33      0.31      0.26      0.28      0.29      0.30      0.27      0.30      0.38      0.45      0.61
  8265.05      0.38      0.34      0.31      0.27      0.28      0.30      0.30      0.27      0.30      0.38      0.45      0.62
  8266.05      0.39      0.34      0.32      0.27      0.29      0.30      0.30      0.27      0.30      0.39      0.46      0.63
  8267.05      0.38      0.34      0.31      0.27      0.28      0.30      0.30      0.27      0.30      0.38      0.45      0.62
  8268.05      0.38      0.33      0.31      0.26      0.28      0.30      0.30      0.27      0.30      0.38      0.45      0.62
  8269.05      0.38      0.34      0.31      0.27      0.29      0.30      0.30      0.27      0.30      0.38      0.46      0.62
  8270.05      0.38      0.33      0.31      0.27      0.28      0.30      0.30      0.27      0.30      0.38      0.45      0.62
  8271.05      0.37      0.32      0.30      0.26      0.28      0.29      0.29      0.26      0.29      0.37      0.44      0.60
  8272.05      0.37      0.32      0.30      0.25      0.27      0.28      0.29      0.26      0.29      0.36      0.43      0.59
  8273.05      0.37      0.32      0.30      0.26      0.27      0.28      0.29      0.26      0.29      0.36      0.44      0.60
  8274.05      0.36      0.32      0.30      0.25      0.27      0.28      0.29      0.26      0.28      0.36      0.43      0.59
  8275.05      0.37      0.32      0.30      0.26      0.27      0.28      0.29      0.26      0.29      0.36      0.44      0.59
  8276.05      0.37      0.33      0.30      0.26      0.28      0.29      0.30      0.26      0.29      0.37      0.44      0.60
  8277.05      0.37      0.32      0.30      0.25      0.27      0.28      0.29      0.26      0.29      0.36      0.44      0.59
  8278.05      0.35      0.30      0.28      0.24      0.26      0.26      0.27      0.24      0.27      0.34      0.41      0.56
  8279.05      0.26      0.22      0.21      0.18      0.19      0.20      0.20      0.18      0.20      0.25      0.30      0.41
  8280.05      0.16      0.14      0.13      0.11      0.12      0.12      0.13      0.11      0.12      0.16      0.19      0.26
  8281.05      0.15      0.13      0.12      0.10      0.11      0.11      0.12      0.10      0.11      0.14      0.17      0.24
  8282.05      0.17      0.14      0.14      0.11      0.12      0.13      0.13      0.12      0.13      0.16      0.20      0.27
  8283.05      0.13      0.11      0.10      0.09      0.09      0.10      0.10      0.09      0.10      0.12      0.15      0.20
  8284.05      0.11      0.09      0.09      0.07      0.08      0.08      0.09      0.08      0.08      0.11      0.13      0.17
  8285.05      0.15      0.13      0.12      0.10      0.11      0.11      0.12      0.10      0.11      0.14      0.18      0.24
  8286.05      0.25      0.22      0.20      0.17      0.18      0.19      0.20      0.18      0.19      0.24      0.30      0.40
  8287.05      0.27      0.23      0.22      0.19      0.20      0.20      0.21      0.19      0.21      0.26      0.32      0.43
  8288.05      0.17      0.15      0.14      0.12      0.13      0.13      0.14      0.12      0.13      0.16      0.20      0.27
  8289.05      0.14      0.12      0.12      0.10      0.11      0.11      0.11      0.10      0.11      0.14      0.17      0.23
  8290.05      0.11      0.09      0.09      0.07      0.08      0.08      0.08      0.07      0.08      0.10      0.13      0.17
  8291.05      0.09      0.08      0.07      0.06      0.07      0.07      0.07      0.06      0.07      0.09      0.11      0.15
  8292.05      0.14      0.12      0.11      0.09      0.10      0.10      0.11      0.09      0.10      0.13      0.16      0.22
  8293.05      0.24      0.20      0.19      0.16      0.17      0.18      0.19      0.17      0.18      0.22      0.28      0.38
  8294.05      0.32      0.27      0.25      0.22      0.23      0.24      0.25      0.22      0.24      0.30      0.38      0.50
  8295.05      0.38      0.32      0.30      0.26      0.28      0.28      0.30      0.26      0.29      0.35      0.45      0.59
  8296.05      0.38      0.32      0.30      0.26      0.28      0.28      0.30      0.26      0.29      0.36      0.45      0.60
  8297.05      0.25      0.21      0.20      0.17      0.18      0.19      0.20      0.17      0.19      0.24      0.30      0.40
  8298.05      0.15      0.13      0.12      0.10      0.11      0.11      0.12      0.11      0.12      0.14      0.18      0.24
  8299.05      0.15      0.12      0.11      0.10      0.10      0.11      0.11      0.10      0.11      0.13      0.17      0.23
  8300.05      0.12      0.10      0.09      0.08      0.09      0.09      0.09      0.08      0.09      0.11      0.14      0.19
  8301.05      0.09      0.07      0.07      0.06      0.06      0.06      0.07      0.06      0.07      0.08      0.10      0.13
  8302.05      0.11      0.09      0.09      0.07      0.08      0.08      0.09      0.08      0.08      0.10      0.13      0.17
  8303.05      0.23      0.19      0.18      0.15      0.16      0.17      0.18      0.16      0.17      0.21      0.27      0.35
  8304.05      0.29      0.24      0.23      0.20      0.21      0.21      0.23      0.20      0.22      0.27      0.35      0.45
  8305.05      0.28      0.24      0.22      0.19      0.20      0.20      0.22      0.19      0.21      0.26      0.33      0.43
  8306.05      0.32      0.26      0.25      0.21      0.23      0.23      0.25      0.22      0.24      0.29      0.37      0.49
  8307.05      0.34      0.28      0.27      0.23      0.24      0.25      0.26      0.23      0.25      0.31      0.40      0.52
  8308.05      0.37      0.31      0.29      0.25      0.27      0.27      0.29      0.25      0.28      0.34      0.44      0.57
  8309.05      0.40      0.33      0.31      0.27      0.28      0.29      0.31      0.27      0.30      0.36      0.47      0.60
  8310.05      0.39      0.32      0.30      0.26      0.28      0.28      0.30      0.26      0.29      0.35      0.46      0.59
  8311.05      0.32      0.27      0.25      0.21      0.23      0.23      0.25      0.22      0.24      0.29      0.38      0.49
  8312.05      0.18      0.15      0.14      0.12      0.13      0.13      0.14      0.12      0.13      0.16      0.21      0.28
  8313.05      0.14      0.12      0.11      0.09      0.10      0.10      0.11      0.09      0.10      0.13      0.17      0.21
  8314.05      0.20      0.16      0.15      0.13      0.14      0.14      0.15      0.13      0.14      0.17      0.23      0.29
  8315.05      0.35      0.28      0.27      0.23      0.24      0.24      0.27      0.23      0.25      0.31      0.41      0.52
  8316.05      0.40      0.33      0.31      0.26      0.28      0.28      0.31      0.27      0.29      0.35      0.47      0.60
  8317.05      0.41      0.33      0.31      0.27      0.28      0.28      0.31      0.27      0.29      0.35      0.47      0.60
  8318.05      0.40      0.32      0.30      0.26      0.28      0.28      0.30      0.26      0.29      0.35      0.46      0.59
  8319.05      0.37      0.30      0.28      0.24      0.25      0.25      0.28      0.24      0.26      0.32      0.42      0.54
  8320.05      0.32      0.26      0.24      0.21      0.22      0.22      0.24      0.21      0.23      0.27      0.37      0.47
  8321.05      0.31      0.25      0.23      0.20      0.21      0.21      0.24      0.20      0.22      0.27      0.36      0.46
  8322.05      0.36      0.29      0.27      0.23      0.25      0.25      0.27      0.23      0.26      0.31      0.42      0.53
  8323.05      0.41      0.33      0.31      0.26      0.28      0.28      0.31      0.27      0.29      0.35      0.47      0.60
  8324.05      0.42      0.34      0.31      0.27      0.29      0.29      0.32      0.27      0.30      0.36      0.48      0.62
  8325.05      0.41      0.33      0.31      0.27      0.28      0.28      0.31      0.27      0.30      0.35      0.48      0.61
  8326.05      0.42      0.34      0.32      0.27      0.29      0.29      0.32      0.27      0.30      0.36      0.49      0.62
  8327.05      0.44      0.34      0.32      0.28      0.30      0.30      0.33      0.28      0.31      0.37      0.50      0.63
  8328.05      0.44      0.35      0.33      0.28      0.30      0.30      0.33      0.28      0.31      0.37      0.50      0.64
  8329.05      0.45      0.35      0.33      0.28      0.30      0.30      0.33      0.28      0.31      0.37      0.51      0.64
  8330.05      0.45      0.35      0.33      0.28      0.30      0.30      0.33      0.28      0.31      0.37      0.51      0.64
  8331.05      0.44      0.35      0.32      0.28      0.30      0.30      0.33      0.28      0.31      0.37      0.50      0.63
  8332.05      0.44      0.34      0.32      0.27      0.29      0.29      0.32      0.27      0.30      0.36      0.49      0.62
  8333.05      0.43      0.33      0.31      0.27      0.29      0.29      0.32      0.27      0.30      0.35      0.49      0.61
  8334.05      0.43      0.33      0.31      0.27      0.29      0.28      0.32      0.27      0.30      0.35      0.49      0.61
  8335.05      0.44      0.33      0.31      0.27      0.29      0.29      0.32      0.27      0.30      0.36      0.49      0.61
  8336.05      0.44      0.34      0.32      0.27      0.29      0.29      0.32      0.27      0.30      0.36      0.49      0.62
  8337.05      0.45      0.34      0.32      0.27      0.29      0.29      0.33      0.28      0.30      0.36      0.50      0.62
  8338.05      0.44      0.33      0.31      0.27      0.28      0.28      0.32      0.27      0.29      0.35      0.49      0.61
  8339.05      0.39      0.29      0.28      0.24      0.25      0.25      0.28      0.24      0.26      0.31      0.43      0.54
  8340.05      0.35      0.26      0.25      0.21      0.22      0.22      0.25      0.21      0.23      0.28      0.39      0.48
  8341.05      0.37      0.27      0.26      0.22      0.23      0.23      0.26      0.22      0.24      0.29      0.41      0.50
  8342.05      0.42      0.31      0.29      0.25      0.27      0.26      0.30      0.25      0.28      0.33      0.46      0.57
  8343.05      0.42      0.31      0.29      0.25      0.26      0.26      0.30      0.25      0.27      0.33      0.46      0.56
  8344.05      0.27      0.19      0.18      0.16      0.17      0.17      0.19      0.16      0.17      0.21      0.29      0.36
  8345.05      0.14      0.10      0.10      0.08      0.09      0.09      0.10      0.08      0.09      0.11      0.16      0.19
  8346.05      0.08      0.06      0.05      0.05      0.05      0.05      0.06      0.05      0.05      0.06      0.09      0.11
  8347.05      0.07      0.05      0.04      0.04      0.04      0.04      0.05      0.04      0.04      0.05      0.07      0.09
  8348.05      0.10      0.07      0.07      0.06      0.06      0.06      0.07      0.06      0.06      0.08      0.11      0.13
  8349.05      0.26      0.19      0.18      0.15      0.16      0.16      0.18      0.15      0.17      0.20      0.29      0.35
  8350.05      0.43      0.31      0.29      0.25      0.26      0.26      0.30      0.25      0.27      0.32      0.47      0.57
  8351.05      0.35      0.25      0.24      0.20      0.22      0.21      0.25      0.20      0.22      0.27      0.38      0.46
  8352.05      0.30      0.21      0.20      0.17      0.18      0.18      0.21      0.17      0.19      0.22      0.32      0.39
  8353.05      0.29      0.20      0.19      0.17      0.18      0.17      0.20      0.17      0.18      0.22      0.31      0.38
  8354.05      0.16      0.11      0.11      0.09      0.10      0.10      0.11      0.09      0.10      0.12      0.17      0.21
  8355.05      0.11      0.08      0.07      0.06      0.07      0.07      0.08      0.06      0.07      0.08      0.12      0.14
  8356.05      0.14      0.10      0.09      0.08      0.08      0.08      0.10      0.08      0.09      0.10      0.15      0.18
  8357.05      0.29      0.20      0.19      0.16      0.17      0.17      0.20      0.16      0.18      0.21      0.31      0.38
  8358.05      0.45      0.31      0.29      0.25      0.26      0.26      0.30      0.25      0.27      0.32      0.48      0.57
  8359.05      0.47      0.32      0.30      0.26      0.28      0.27      0.32      0.26      0.28      0.34      0.50      0.59
  8360.05      0.48      0.33      0.31      0.27      0.28      0.28      0.33      0.27      0.29      0.35      0.52      0.61
  8361.05      0.47      0.32      0.30      0.26      0.27      0.27      0.31      0.26      0.28      0.34      0.50      0.59
  8362.05      0.40      0.27      0.26      0.22      0.23      0.23      0.27      0.22      0.24      0.28      0.42      0.50
  8363.05      0.34      0.23      0.22      0.18      0.20      0.19      0.22      0.18      0.20      0.24      0.36      0.42
  8364.05      0.35      0.23      0.22      0.19      0.20      0.20      0.23      0.19      0.20      0.25      0.37      0.43
  8365.05      0.35      0.23      0.22      0.19      0.20      0.20      0.23      0.19      0.20      0.24      0.37      0.43
  8366.05      0.24      0.16      0.15      0.13      0.14      0.14      0.16      0.13      0.14      0.17      0.26      0.30
  8367.05      0.19      0.13      0.12      0.10      0.11      0.11      0.13      0.10      0.11      0.13      0.20      0.24
  8368.05      0.25      0.16      0.15      0.13      0.14      0.14      0.16      0.13      0.14      0.17      0.26      0.30
  8369.05      0.39      0.25      0.24      0.20      0.21      0.21      0.25      0.20      0.22      0.26      0.40      0.46
  8370.05      0.49      0.31      0.30      0.25      0.27      0.27      0.31      0.25      0.27      0.33      0.50      0.58
  8371.05      0.52      0.33      0.32      0.27      0.28      0.28      0.33      0.27      0.29      0.35      0.53      0.61
  8372.05      0.52      0.33      0.32      0.27      0.28      0.28      0.33      0.27      0.29      0.35      0.54      0.62
  8373.05      0.53      0.34      0.32      0.27      0.29      0.28      0.33      0.27      0.29      0.35      0.54      0.62
  8374.05      0.53      0.34      0.32      0.27      0.29      0.28      0.33      0.27      0.29      0.35      0.54      0.62
  8375.05      0.53      0.33      0.32      0.27      0.28      0.28      0.33      0.27      0.29      0.35      0.54      0.62
  8376.05      0.53      0.33      0.32      0.27      0.29      0.28      0.33      0.27      0.29      0.35      0.54      0.62
  8377.05      0.54      0.33      0.32      0.27      0.28      0.28      0.33      0.27      0.29      0.35      0.54      0.62
  8378.05      0.51      0.32      0.30      0.26      0.27      0.27      0.32      0.26      0.27      0.33      0.52      0.59
  8379.05      0.52      0.32      0.30      0.26      0.27      0.27      0.32      0.26      0.27      0.33      0.52      0.59
  8380.05      0.53      0.33      0.31      0.26      0.28      0.27      0.32      0.26      0.28      0.34      0.53      0.60
  8381.05      0.47      0.29      0.27      0.23      0.24      0.24      0.28      0.23      0.25      0.30      0.47      0.53
  8382.05      0.37      0.22      0.21      0.18      0.19      0.19      0.22      0.18      0.19      0.23      0.36      0.41
  8383.05      0.28      0.17      0.16      0.13      0.14      0.14      0.17      0.13      0.14      0.17      0.27      0.31
  8384.05      0.18      0.11      0.10      0.08      0.09      0.09      0.10      0.08      0.09      0.11      0.17      0.20
  8385.05      0.16      0.10      0.09      0.08      0.08      0.08      0.10      0.08      0.08      0.10      0.16      0.18
  8386.05      0.27      0.16      0.15      0.13      0.14      0.13      0.16      0.13      0.14      0.17      0.27      0.30
  8387.05      0.50      0.30      0.29      0.24      0.26      0.25      0.30      0.24      0.26      0.31      0.50      0.56
  8388.05      0.56      0.33      0.32      0.27      0.28      0.28      0.33      0.27      0.29      0.35      0.56      0.62
  8389.05      0.54      0.33      0.31      0.26      0.28      0.27      0.32      0.26      0.28      0.34      0.54      0.60
  8390.05      0.55      0.33      0.31      0.27      0.28      0.27      0.33      0.26      0.28      0.34      0.55      0.61
  8391.05      0.55      0.33      0.32      0.27      0.28      0.28      0.33      0.26      0.28      0.35      0.56      0.61
  8392.05      0.51      0.30      0.29      0.25      0.26      0.25      0.30      0.24      0.26      0.32      0.51      0.56
  8393.05      0.47      0.28      0.27      0.23      0.24      0.24      0.28      0.23      0.24      0.30      0.48      0.52
  8394.05      0.49      0.29      0.28      0.24      0.25      0.24      0.29      0.23      0.25      0.30      0.50      0.54
  8395.05      0.54      0.32      0.31      0.26      0.27      0.27      0.32      0.26      0.27      0.34      0.55      0.60
  8396.05      0.56      0.34      0.32      0.27      0.29      0.28      0.34      0.27      0.29      0.35      0.58      0.63
  8397.05      0.56      0.33      0.32      0.27      0.28      0.28      0.33      0.27      0.28      0.35      0.58      0.62
  8398.05      0.55      0.33      0.31      0.27      0.28      0.28      0.33      0.26      0.28      0.34      0.57      0.61
  8399.05      0.44      0.26      0.25      0.21      0.22      0.22      0.26      0.21      0.22      0.27      0.46      0.49
  8400.05      0.17      0.10      0.10      0.08      0.09      0.09      0.10      0.08      0.09      0.11      0.18      0.19
  8401.05      0.10      0.06      0.05      0.05      0.05      0.05      0.06      0.05      0.05      0.06      0.10      0.11
  8402.05      0.10      0.06      0.06      0.05      0.05      0.05      0.06      0.05      0.05      0.06      0.10      0.11
  8403.05      0.19      0.12      0.11      0.09      0.10      0.10      0.12      0.09      0.10      0.12      0.21      0.22
  8404.05      0.47      0.28      0.27      0.23      0.24      0.23      0.28      0.22      0.24      0.29      0.50      0.52
  8405.05      0.57      0.34      0.32      0.27      0.29      0.28      0.34      0.27      0.29      0.35      0.61      0.63
  8406.05      0.57      0.34      0.33      0.28      0.29      0.28      0.34      0.27      0.29      0.36      0.61      0.63
  8407.05      0.57      0.34      0.33      0.28      0.29      0.29      0.34      0.27      0.29      0.36      0.61      0.63
  8408.05      0.57      0.34      0.33      0.28      0.29      0.29      0.34      0.27      0.29      0.36      0.62      0.63
  8409.05      0.56      0.34      0.32      0.27      0.28      0.28      0.34      0.27      0.28      0.35      0.61      0.62
  8410.05      0.55      0.33      0.32      0.27      0.28      0.28      0.33      0.26      0.28      0.35      0.60      0.61
  8411.05      0.55      0.33      0.32      0.27      0.28      0.28      0.33      0.26      0.28      0.35      0.60      0.61
  8412.05      0.56      0.33      0.32      0.27      0.28      0.28      0.34      0.27      0.28      0.35      0.61      0.62
  8413.05      0.56      0.34      0.32      0.27      0.28      0.28      0.34      0.27      0.28      0.35      0.62      0.62
  8414.05      0.56      0.34      0.32      0.27      0.28      0.28      0.34      0.27      0.28      0.35      0.62      0.62
  8415.05      0.52      0.31      0.30      0.25      0.26      0.26      0.31      0.25      0.26      0.32      0.58      0.58
  8416.05      0.27      0.16      0.16      0.13      0.14      0.14      0.17      0.13      0.14      0.17      0.31      0.31
  8417.05      0.15      0.09      0.09      0.07      0.08      0.08      0.09      0.07      0.08      0.09      0.17      0.17
  8418.05      0.15      0.09      0.09      0.07      0.08      0.08      0.09      0.07      0.08      0.09      0.17      0.17
  8419.05      0.27      0.16      0.16      0.13      0.14      0.14      0.16      0.13      0.14      0.17      0.31      0.30
  8420.05      0.50      0.31      0.29      0.25      0.26      0.26      0.31      0.24      0.26      0.32      0.58      0.57
  8421.05      0.54      0.33      0.32      0.27      0.28      0.28      0.34      0.27      0.28      0.35      0.63      0.62
  8422.05      0.53      0.33      0.31      0.27      0.28      0.27      0.33      0.26      0.27      0.34      0.62      0.61
  8423.05      0.53      0.33      0.32      0.27      0.28      0.27      0.33      0.26      0.27      0.34      0.63      0.61
  8424.05      0.52      0.32      0.31      0.26      0.27      0.27      0.33      0.26      0.27      0.34      0.62      0.60
  8425.05      0.48      0.30      0.29      0.24      0.25      0.25      0.30      0.24      0.25      0.31      0.58      0.55
  8426.05      0.45      0.29      0.28      0.23      0.24      0.24      0.29      0.23      0.24      0.30      0.55      0.53
  8427.05      0.47      0.30      0.29      0.24      0.25      0.25      0.30      0.23      0.25      0.31      0.57      0.55
  8428.05      0.46      0.29      0.28      0.24      0.24      0.24      0.29      0.23      0.24      0.30      0.57      0.54
  8429.05      0.41      0.26      0.25      0.21      0.22      0.22      0.26      0.21      0.22      0.27      0.51      0.48
  8430.05      0.34      0.22      0.21      0.18      0.18      0.18      0.22      0.17      0.18      0.23      0.43      0.41
  8431.05      0.15      0.10      0.09      0.08      0.08      0.08      0.10      0.08      0.08      0.10      0.19      0.18
  8432.05      0.08      0.05      0.05      0.04      0.04      0.04      0.05      0.04      0.04      0.05      0.10      0.10
  8433.05      0.08      0.05      0.05      0.04      0.05      0.05      0.05      0.04      0.05      0.06      0.11      0.10
  8434.05      0.16      0.11      0.10      0.09      0.09      0.09      0.11      0.08      0.09      0.11      0.21      0.20
  8435.05      0.38      0.25      0.24      0.20      0.21      0.21      0.25      0.20      0.21      0.26      0.50      0.46
  8436.05      0.41      0.27      0.26      0.22      0.22      0.22      0.27      0.21      0.22      0.28      0.54      0.50
  8437.05      0.40      0.26      0.26      0.22      0.22      0.22      0.27      0.21      0.22      0.28      0.53      0.49
  8438.05      0.48      0.32      0.31      0.26      0.27      0.26      0.32      0.25      0.26      0.33      0.64      0.59
  8439.05      0.53      0.36      0.35      0.29      0.30      0.30      0.36      0.28      0.30      0.37      0.72      0.66
  8440.05      0.54      0.36      0.35      0.30      0.30      0.30      0.37      0.29      0.30      0.38      0.73      0.67
  8441.05      0.53      0.36      0.35      0.29      0.30      0.30      0.36      0.28      0.30      0.37      0.73      0.67
  8442.05      0.53      0.36      0.35      0.29      0.30      0.30      0.36      0.28      0.30      0.37      0.73      0.67
  8443.05      0.52      0.35      0.35      0.29      0.30      0.30      0.36      0.28      0.29      0.37      0.73      0.66
  8444.05      0.52      0.35      0.34      0.29      0.30      0.30      0.36      0.28      0.29      0.37      0.73      0.66
  8445.05      0.51      0.35      0.34      0.29      0.30      0.29      0.36      0.28      0.29      0.37      0.74      0.66
  8446.05      0.51      0.35      0.34      0.29      0.29      0.29      0.36      0.28      0.29      0.37      0.74      0.66
  8447.05      0.48      0.34      0.33      0.27      0.28      0.28      0.34      0.27      0.28      0.35      0.71      0.62
  8448.05      0.41      0.28      0.28      0.23      0.24      0.24      0.29      0.23      0.23      0.30      0.60      0.53
  8449.05      0.39      0.27      0.26      0.22      0.22      0.22      0.28      0.21      0.22      0.28      0.58      0.50
  8450.05      0.45      0.32      0.31      0.26      0.26      0.26      0.32      0.25      0.26      0.33      0.68      0.59
  8451.05      0.50      0.35      0.34      0.28      0.29      0.29      0.36      0.28      0.29      0.36      0.76      0.65
  8452.05      0.46      0.32      0.32      0.26      0.27      0.27      0.33      0.26      0.27      0.34      0.71      0.60
  8453.05      0.25      0.18      0.17      0.15      0.15      0.15      0.18      0.14      0.15      0.19      0.39      0.33
  8454.05      0.14      0.10      0.10      0.08      0.08      0.08      0.10      0.08      0.08      0.10      0.22      0.18
  8455.05      0.14      0.10      0.09      0.08      0.08      0.08      0.10      0.08      0.08      0.10      0.22      0.18
  8456.05      0.23      0.17      0.16      0.14      0.14      0.14      0.17      0.13      0.14      0.17      0.38      0.31
  8457.05      0.42      0.30      0.30      0.25      0.25      0.25      0.32      0.24      0.25      0.32      0.69      0.57
  8458.05      0.48      0.34      0.34      0.28      0.28      0.29      0.36      0.27      0.28      0.36      0.78      0.64
  8459.05      0.47      0.34      0.34      0.28      0.28      0.29      0.36      0.27      0.28      0.36      0.78      0.64
  8460.05      0.48      0.34      0.34      0.28      0.29      0.29      0.36      0.27      0.28      0.36      0.79      0.64
  8461.05      0.48      0.35      0.34      0.29      0.29      0.29      0.36      0.28      0.29      0.36      0.81      0.65
  8462.05      0.46      0.33      0.33      0.27      0.28      0.28      0.35      0.27      0.27      0.35      0.78      0.62
  8463.05      0.43      0.31      0.31      0.26      0.26      0.26      0.33      0.25      0.26      0.33      0.74      0.59
  8464.05      0.42      0.31      0.31      0.26      0.26      0.26      0.33      0.25      0.26      0.32      0.74      0.58
  8465.05      0.39      0.29      0.29      0.24      0.24      0.24      0.30      0.23      0.24      0.30      0.69      0.54
  8466.05      0.19      0.14      0.14      0.11      0.11      0.11      0.14      0.11      0.11      0.14      0.33      0.26
  8467.05      0.09      0.07      0.07      0.06      0.06      0.06      0.07      0.05      0.06      0.07      0.17      0.13
  8468.05      0.08      0.06      0.06      0.05      0.05      0.05      0.07      0.05      0.05      0.07      0.15      0.12
  8469.05      0.14      0.11      0.11      0.09      0.09      0.09      0.11      0.08      0.09      0.11      0.26      0.20
  8470.05      0.35      0.26      0.26      0.21      0.22      0.22      0.28      0.21      0.21      0.27      0.64      0.49
  8471.05      0.47      0.35      0.35      0.29      0.29      0.29      0.37      0.28      0.29      0.37      0.86      0.66
  8472.05      0.47      0.36      0.35      0.29      0.29      0.30      0.38      0.28      0.29      0.37      0.88      0.66
  8473.05      0.47      0.36      0.35      0.29      0.29      0.30      0.38      0.28      0.29      0.37      0.88      0.67
  8474.05      0.46      0.35      0.35      0.29      0.29      0.29      0.37      0.28      0.29      0.37      0.88      0.66
  8475.05      0.44      0.34      0.33      0.28      0.28      0.28      0.36      0.27      0.27      0.35      0.84      0.63
  8476.05      0.37      0.29      0.28      0.24      0.24      0.24      0.31      0.23      0.23      0.30      0.73      0.54
  8477.05      0.34      0.26      0.26      0.21      0.21      0.22      0.28      0.21      0.21      0.27      0.66      0.49
  8478.05      0.40      0.30      0.30      0.25      0.25      0.25      0.32      0.24      0.25      0.32      0.78      0.57
  8479.05      0.45      0.35      0.35      0.29      0.29      0.29      0.37      0.28      0.29      0.36      0.90      0.66
  8480.05      0.46      0.36      0.35      0.29      0.29      0.30      0.38      0.28      0.29      0.37      0.92      0.67
  8481.05      0.46      0.36      0.36      0.29      0.29      0.30      0.38      0.28      0.29      0.37      0.93      0.67
  8482.05      0.46      0.36      0.36      0.29      0.29      0.30      0.38      0.28      0.29      0.37      0.93      0.67
  8483.05      0.46      0.36      0.36      0.29      0.29      0.30      0.39      0.28      0.29      0.37      0.94      0.67
  8484.05      0.46      0.36      0.36      0.29      0.29      0.30      0.39      0.28      0.29      0.37      0.94      0.67
  8485.05      0.46      0.36      0.36      0.30      0.29      0.30      0.39      0.28      0.29      0.37      0.95      0.67
  8486.05      0.46      0.36      0.35      0.29      0.29      0.30      0.39      0.28      0.29      0.37      0.95      0.67
  8487.05      0.45      0.35      0.35      0.29      0.29      0.29      0.38      0.28      0.28      0.36      0.94      0.65
  8488.05      0.44      0.34      0.34      0.28      0.28      0.28      0.37      0.27      0.28      0.36      0.92      0.64
  8489.05      0.44      0.35      0.35      0.29      0.28      0.29      0.38      0.28      0.28      0.36      0.94      0.65
  8490.05      0.46      0.36      0.36      0.30      0.29      0.30      0.39      0.28      0.29      0.37      0.98      0.67
  8491.05      0.46      0.36      0.36      0.30      0.30      0.30      0.40      0.29      0.30      0.38      0.99      0.68
  8492.05      0.45      0.36      0.35      0.29      0.29      0.30      0.39      0.28      0.29      0.37      0.98      0.67
  8493.05      0.43      0.34      0.34      0.28      0.28      0.28      0.38      0.27      0.28      0.36      0.95      0.64
  8494.05      0.30      0.23      0.23      0.19      0.19      0.19      0.26      0.18      0.19      0.24      0.65      0.44
  8495.05      0.16      0.13      0.13      0.11      0.10      0.11      0.14      0.10      0.10      0.13      0.36      0.24
  8496.05      0.14      0.11      0.11      0.09      0.09      0.09      0.12      0.09      0.09      0.12      0.32      0.21
  8497.05      0.21      0.17      0.17      0.14      0.14      0.14      0.19      0.13      0.14      0.18      0.48      0.32
  8498.05      0.37      0.29      0.29      0.24      0.24      0.24      0.32      0.23      0.24      0.30      0.82      0.55
  8499.05      0.39      0.31      0.30      0.25      0.25      0.26      0.34      0.24      0.25      0.32      0.87      0.58
  8500.05      0.39      0.31      0.31      0.26      0.25      0.26      0.35      0.25      0.25      0.32      0.87      0.59
  8501.05      0.42      0.33      0.33      0.28      0.27      0.28      0.37      0.26      0.27      0.35      0.93      0.63
  8502.05      0.41      0.33      0.33      0.27      0.27      0.27      0.37      0.26      0.27      0.35      0.93      0.63
  8503.05      0.37      0.30      0.30      0.25      0.24      0.25      0.34      0.24      0.25      0.31      0.84      0.57
  8504.05      0.36      0.29      0.29      0.24      0.24      0.24      0.33      0.23      0.24      0.30      0.81      0.55
  8505.05      0.28      0.23      0.22      0.19      0.18      0.19      0.26      0.18      0.19      0.24      0.63      0.43
  8506.05      0.14      0.12      0.11      0.10      0.09      0.10      0.13      0.09      0.10      0.12      0.32      0.22
  8507.05      0.10      0.08      0.08      0.07      0.07      0.07      0.09      0.06      0.07      0.08      0.22      0.15
  8508.05      0.12      0.10      0.10      0.08      0.08      0.08      0.11      0.08      0.08      0.10      0.28      0.19
  8509.05      0.25      0.21      0.20      0.17      0.17      0.17      0.23      0.16      0.17      0.21      0.57      0.39
  8510.05      0.41      0.33      0.33      0.28      0.27      0.27      0.38      0.26      0.27      0.35      0.90      0.63
  8511.05      0.42      0.34      0.34      0.28      0.28      0.28      0.39      0.27      0.28      0.36      0.92      0.65
  8512.05      0.42      0.34      0.34      0.28      0.28      0.28      0.39      0.27      0.28      0.36      0.93      0.65
  8513.05      0.42      0.35      0.34      0.29      0.28      0.29      0.40      0.27      0.28      0.36      0.93      0.66
  8514.05      0.43      0.35      0.34      0.29      0.28      0.29      0.40      0.27      0.28      0.36      0.93      0.66
  8515.05      0.42      0.35      0.34      0.29      0.28      0.29      0.40      0.27      0.28      0.36      0.93      0.66
  8516.05      0.43      0.35      0.35      0.29      0.29      0.29      0.41      0.28      0.29      0.37      0.94      0.67
  8517.05      0.44      0.36      0.35      0.30      0.29      0.30      0.41      0.28      0.29      0.37      0.95      0.68
  8518.05      0.43      0.36      0.35      0.30      0.29      0.29      0.41      0.28      0.29      0.37      0.94      0.68
  8519.05      0.43      0.36      0.35      0.30      0.29      0.29      0.41      0.28      0.29      0.37      0.94      0.68
  8520.05      0.43      0.36      0.35      0.30      0.29      0.30      0.41      0.28      0.29      0.37      0.94      0.68
  8521.05      0.42      0.35      0.34      0.29      0.28      0.29      0.40      0.27      0.28      0.36      0.91      0.66
  8522.05      0.38      0.31      0.30      0.26      0.25      0.26      0.36      0.24      0.25      0.32      0.81      0.59
  8523.05      0.35      0.29      0.28      0.24      0.23      0.24      0.33      0.22      0.23      0.30      0.75      0.54
  8524.05      0.37      0.31      0.30      0.26      0.25      0.25      0.36      0.24      0.25      0.32      0.80      0.58
  8525.05      0.41      0.34      0.33      0.28      0.27      0.28      0.39      0.26      0.27      0.35      0.87      0.64
  8526.05      0.43      0.35      0.35      0.29      0.29      0.29      0.41      0.28      0.29      0.37      0.91      0.67
  8527.05      0.44      0.37      0.36      0.31      0.30      0.30      0.43      0.29      0.30      0.38      0.94      0.70
  8528.05      0.45      0.38      0.37      0.31      0.31      0.31      0.44      0.30      0.31      0.39      0.96      0.72
  8529.05      0.47      0.40      0.39      0.33      0.32      0.33      0.47      0.31      0.32      0.41      1.01      0.75
  8530.05      0.49      0.41      0.40      0.34      0.33      0.34      0.49      0.32      0.34      0.43      1.04      0.78
  8531.05      0.50      0.42      0.41      0.35      0.34      0.34      0.49      0.33      0.34      0.43      1.05      0.79
  8532.05      0.48      0.41      0.39      0.34      0.33      0.33      0.48      0.32      0.33      0.42      1.02      0.77
  8533.05      0.46      0.39      0.38      0.32      0.31      0.32      0.46      0.30      0.32      0.40      0.97      0.74
  8534.05      0.44      0.38      0.36      0.31      0.30      0.31      0.44      0.29      0.31      0.39      0.94      0.71
  8535.05      0.43      0.37      0.36      0.31      0.30      0.30      0.43      0.29      0.30      0.38      0.91      0.70
  8536.05      0.42      0.36      0.35      0.30      0.29      0.29      0.42      0.28      0.29      0.37      0.88      0.68
  8537.05      0.42      0.35      0.34      0.29      0.28      0.29      0.42      0.28      0.29      0.37      0.87      0.67
  8538.05      0.42      0.36      0.35      0.30      0.29      0.29      0.42      0.28      0.29      0.37      0.88      0.68
  8539.05      0.38      0.32      0.31      0.27      0.26      0.26      0.39      0.25      0.26      0.34      0.79      0.62
  8540.05      0.26      0.22      0.21      0.18      0.17      0.18      0.26      0.17      0.18      0.23      0.53      0.42
  8541.05      0.21      0.17      0.17      0.15      0.14      0.14      0.21      0.14      0.14      0.18      0.43      0.33
  8542.05      0.28      0.24      0.23      0.20      0.19      0.19      0.28      0.18      0.19      0.25      0.57      0.45
  8543.05      0.46      0.39      0.38      0.33      0.31      0.32      0.47      0.30      0.32      0.41      0.94      0.74
  8544.05      0.49      0.41      0.40      0.35      0.33      0.34      0.50      0.32      0.34      0.43      0.99      0.79
  8545.05      0.50      0.42      0.41      0.36      0.34      0.35      0.51      0.33      0.35      0.45      1.02      0.81
  8546.05      0.53      0.45      0.44      0.38      0.37      0.37      0.55      0.35      0.37      0.47      1.08      0.86
  8547.05      0.52      0.44      0.43      0.37      0.36      0.36      0.54      0.35      0.36      0.46      1.05      0.85
  8548.05      0.50      0.43      0.42      0.36      0.35      0.35      0.52      0.34      0.35      0.45      1.02      0.82
  8549.05      0.43      0.37      0.36      0.31      0.30      0.30      0.45      0.29      0.31      0.39      0.88      0.71
  8550.05      0.27      0.23      0.22      0.19      0.19      0.19      0.28      0.18      0.19      0.24      0.55      0.44
  8551.05      0.21      0.18      0.18      0.15      0.15      0.15      0.23      0.14      0.15      0.19      0.43      0.35
  8552.05      0.28      0.24      0.23      0.20      0.19      0.19      0.29      0.18      0.19      0.25      0.56      0.46
  8553.05      0.44      0.37      0.36      0.32      0.30      0.31      0.46      0.29      0.31      0.39      0.88      0.72
  8554.05      0.50      0.43      0.42      0.36      0.35      0.35      0.53      0.34      0.35      0.45      1.00      0.82
  8555.05      0.50      0.43      0.41      0.36      0.35      0.35      0.53      0.33      0.35      0.45      0.99      0.82
  8556.05      0.52      0.44      0.43      0.38      0.36      0.36      0.55      0.35      0.37      0.47      1.02      0.85
  8557.05      0.54      0.46      0.45      0.40      0.38      0.38      0.58      0.37      0.38      0.49      1.07      0.89
  8558.05      0.54      0.46      0.45      0.40      0.38      0.38      0.58      0.37      0.38      0.49      1.06      0.90
  8559.05      0.54      0.46      0.45      0.40      0.38      0.38      0.58      0.36      0.38      0.49      1.06      0.89
  8560.05      0.53      0.46      0.45      0.39      0.37      0.38      0.57      0.36      0.38      0.49      1.04      0.89
  8561.05      0.53      0.46      0.45      0.39      0.37      0.38      0.57      0.36      0.38      0.49      1.04      0.89
  8562.05      0.53      0.45      0.44      0.39      0.37      0.38      0.57      0.36      0.38      0.48      1.03      0.88
  8563.05      0.53      0.46      0.45      0.39      0.37      0.38      0.58      0.36      0.38      0.49      1.03      0.88
  8564.05      0.53      0.46      0.45      0.39      0.37      0.38      0.58      0.36      0.38      0.49      1.02      0.89
  8565.05      0.53      0.45      0.44      0.39      0.37      0.37      0.57      0.36      0.38      0.48      1.01      0.88
  8566.05      0.53      0.45      0.44      0.39      0.37      0.38      0.58      0.36      0.38      0.49      1.01      0.88
  8567.05      0.53      0.46      0.45      0.40      0.37      0.38      0.58      0.36      0.38      0.49      1.02      0.89
  8568.05      0.53      0.46      0.45      0.40      0.38      0.38      0.59      0.36      0.38      0.49      1.01      0.89
  8569.05      0.52      0.45      0.44      0.39      0.37      0.37      0.58      0.36      0.38      0.48      0.99      0.88
  8570.05      0.52      0.45      0.44      0.39      0.37      0.37      0.58      0.36      0.38      0.48      0.98      0.88
  8571.05      0.53      0.46      0.45      0.39      0.37      0.38      0.59      0.36      0.38      0.49      0.99      0.89
  8572.05      0.53      0.46      0.45      0.39      0.37      0.38      0.59      0.36      0.38      0.49      0.99      0.89
  8573.05      0.52      0.45      0.44      0.39      0.37      0.38      0.58      0.36      0.38      0.49      0.97      0.88
  8574.05      0.51      0.44      0.43      0.38      0.36      0.36      0.56      0.35      0.37      0.47      0.94      0.86
  8575.05      0.48      0.41      0.41      0.36      0.34      0.34      0.53      0.33      0.35      0.45      0.89      0.81
  8576.05      0.46      0.40      0.39      0.34      0.32      0.33      0.51      0.31      0.33      0.43      0.84      0.78
  8577.05      0.48      0.41      0.40      0.36      0.34      0.34      0.53      0.33      0.35      0.44      0.87      0.81
  8578.05      0.49      0.42      0.41      0.36      0.34      0.35      0.54      0.33      0.35      0.45      0.89      0.82
  8579.05      0.49      0.42      0.42      0.37      0.35      0.35      0.54      0.34      0.36      0.46      0.89      0.83
  8580.05      0.48      0.41      0.41      0.36      0.34      0.34      0.53      0.33      0.35      0.45      0.87      0.81
  8581.05      0.49      0.42      0.42      0.37      0.35      0.35      0.54      0.34      0.36      0.46      0.88      0.83
  8582.05      0.52      0.45      0.44      0.39      0.37      0.37      0.57      0.36      0.38      0.49      0.93      0.88
  8583.05      0.53      0.45      0.45      0.40      0.37      0.38      0.58      0.36      0.38      0.49      0.94      0.89
  8584.05      0.53      0.46      0.45      0.40      0.38      0.38      0.58      0.37      0.39      0.50      0.94      0.90
  8585.05      0.53      0.45      0.45      0.40      0.37      0.38      0.58      0.36      0.39      0.50      0.93      0.90
  8586.05      0.52      0.45      0.44      0.40      0.37      0.38      0.57      0.36      0.38      0.49      0.92      0.89
  8587.05      0.52      0.45      0.45      0.40      0.37      0.38      0.57      0.36      0.38      0.49      0.92      0.89
  8588.05      0.52      0.45      0.44      0.40      0.37      0.38      0.57      0.36      0.38      0.49      0.91      0.89
  8589.05      0.45      0.39      0.39      0.34      0.32      0.33      0.50      0.31      0.33      0.43      0.79      0.78
  8590.05      0.34      0.30      0.29      0.26      0.24      0.25      0.38      0.24      0.25      0.32      0.60      0.59
  8591.05      0.34      0.29      0.29      0.26      0.24      0.25      0.37      0.23      0.25      0.32      0.59      0.59
  8592.05      0.44      0.38      0.38      0.34      0.32      0.32      0.48      0.31      0.33      0.42      0.76      0.76
  8593.05      0.50      0.43      0.43      0.38      0.36      0.36      0.54      0.35      0.37      0.47      0.85      0.86
  8594.05      0.50      0.43      0.43      0.38      0.36      0.36      0.54      0.35      0.37      0.47      0.85      0.86
  8595.05      0.50      0.44      0.43      0.39      0.36      0.37      0.55      0.35      0.37      0.48      0.86      0.87
  8596.05      0.51      0.44      0.44      0.39      0.37      0.37      0.56      0.36      0.38      0.48      0.86      0.88
  8597.05      0.49      0.43      0.42      0.38      0.35      0.36      0.54      0.34      0.37      0.47      0.83      0.85
  8598.05      0.39      0.34      0.34      0.30      0.28      0.28      0.43      0.27      0.29      0.37      0.66      0.68
  8599.05      0.30      0.26      0.26      0.23      0.21      0.22      0.33      0.21      0.22      0.28      0.50      0.52
  8600.05      0.32      0.27      0.27      0.24      0.23      0.23      0.34      0.22      0.23      0.30      0.53      0.55
  8601.05      0.42      0.37      0.36      0.33      0.30      0.31      0.46      0.29      0.31      0.40      0.70      0.73
  8602.05      0.49      0.42      0.42      0.38      0.35      0.36      0.53      0.34      0.36      0.46      0.80      0.85
  8603.05      0.49      0.43      0.43      0.38      0.35      0.36      0.53      0.34      0.37      0.46      0.80      0.86
  8604.05      0.48      0.42      0.42      0.37      0.35      0.35      0.52      0.34      0.36      0.45      0.78      0.84
  8605.05      0.48      0.42      0.42      0.37      0.34      0.35      0.52      0.34      0.36      0.45      0.77      0.84
  8606.05      0.49      0.42      0.42      0.38      0.35      0.36      0.52      0.34      0.36      0.46      0.78      0.85
  8607.05      0.49      0.43      0.43      0.38      0.35      0.36      0.53      0.35      0.37      0.46      0.79      0.86
  8608.05      0.50      0.43      0.43      0.39      0.36      0.36      0.53      0.35      0.37      0.47      0.79      0.87
  8609.05      0.49      0.43      0.43      0.39      0.36      0.36      0.53      0.35      0.37      0.47      0.79      0.87
  8610.05      0.48      0.42      0.42      0.38      0.35      0.35      0.52      0.34      0.36      0.45      0.77      0.85
  8611.05      0.47      0.41      0.41      0.37      0.34      0.35      0.51      0.33      0.35      0.45      0.75      0.83
  8612.05      0.46      0.40      0.40      0.36      0.33      0.33      0.49      0.32      0.34      0.43      0.72      0.80
  8613.05      0.44      0.38      0.38      0.35      0.32      0.32      0.47      0.31      0.33      0.42      0.70      0.78
  8614.05      0.42      0.37      0.37      0.33      0.30      0.31      0.45      0.30      0.32      0.40      0.67      0.75
  8615.05      0.39      0.34      0.34      0.30      0.28      0.28      0.41      0.27      0.29      0.37      0.61      0.69
  8616.05      0.36      0.32      0.32      0.28      0.26      0.27      0.39      0.26      0.27      0.34      0.57      0.64
  8617.05      0.31      0.27      0.27      0.24      0.22      0.22      0.33      0.22      0.23      0.29      0.48      0.54
  8618.05      0.29      0.25      0.25      0.22      0.20      0.21      0.30      0.20      0.21      0.27      0.45      0.51
  8619.05      0.28      0.24      0.24      0.22      0.20      0.20      0.30      0.20      0.21      0.26      0.44      0.50
  8620.05      0.25      0.21      0.21      0.19      0.18      0.18      0.26      0.17      0.18      0.23      0.38      0.44
  8621.05      0.23      0.20      0.20      0.18      0.17      0.17      0.25      0.16      0.18      0.22      0.36      0.42
  8622.05      0.23      0.20      0.20      0.18      0.16      0.17      0.24      0.16      0.17      0.22      0.36      0.41
  8623.05      0.21      0.18      0.18      0.16      0.15      0.15      0.22      0.15      0.16      0.20      0.32      0.37
  8624.05      0.20      0.17      0.17      0.15      0.14      0.14      0.21      0.14      0.15      0.18      0.30      0.35
  8625.05      0.20      0.17      0.17      0.15      0.14      0.14      0.21      0.14      0.15      0.19      0.30      0.35
  8626.05      0.19      0.16      0.16      0.15      0.13      0.14      0.19      0.13      0.14      0.17      0.29      0.33
  8627.05      0.17      0.15      0.15      0.13      0.12      0.12      0.18      0.12      0.13      0.16      0.26      0.30
  8628.05      0.17      0.15      0.15      0.13      0.12      0.12      0.18      0.12      0.13      0.16      0.26      0.30
  8629.05      0.17      0.15      0.15      0.14      0.13      0.13      0.18      0.12      0.13      0.16      0.27      0.31
  8630.05      0.16      0.14      0.14      0.12      0.11      0.11      0.16      0.11      0.12      0.15      0.24      0.28
  8631.05      0.15      0.13      0.13      0.12      0.11      0.11      0.15      0.11      0.11      0.14      0.23      0.27
  8632.05      0.16      0.14      0.14      0.13      0.12      0.12      0.17      0.11      0.12      0.15      0.25      0.29
  8633.05      0.16      0.14      0.14      0.13      0.12      0.12      0.17      0.12      0.12      0.15      0.25      0.30
  8634.05      0.14      0.13      0.13      0.11      0.10      0.11      0.15      0.10      0.11      0.14      0.22      0.26
  8635.05      0.15      0.13      0.13      0.12      0.11      0.11      0.15      0.10      0.11      0.14      0.22      0.27
  8636.05      0.17      0.15      0.15      0.14      0.12      0.13      0.18      0.12      0.13      0.16      0.26      0.31
  8637.05      0.16      0.14      0.15      0.13      0.12      0.12      0.17      0.12      0.12      0.15      0.25      0.30
  8638.05      0.15      0.13      0.13      0.12      0.11      0.11      0.15      0.10      0.11      0.14      0.22      0.27
  8639.05      0.16      0.14      0.14      0.13      0.12      0.12      0.16      0.12      0.12      0.15      0.24      0.29
  8640.05      0.21      0.18      0.18      0.16      0.15      0.15      0.21      0.15      0.16      0.19      0.31      0.37
  8641.05      0.19      0.17      0.17      0.15      0.14      0.14      0.20      0.14      0.15      0.18      0.29      0.35
  8642.05      0.18      0.16      0.16      0.14      0.13      0.13      0.18      0.13      0.14      0.17      0.27      0.32
  8643.05      0.20      0.17      0.17      0.16      0.14      0.15      0.20      0.14      0.15      0.19      0.30      0.36
  8644.05      0.21      0.18      0.19      0.17      0.15      0.16      0.21      0.15      0.16      0.20      0.31      0.38
  8645.05      0.25      0.22      0.22      0.20      0.18      0.18      0.25      0.18      0.19      0.23      0.37      0.45
  8646.05      0.31      0.28      0.28      0.25      0.23      0.23      0.31      0.22      0.24      0.29      0.47      0.57
  8647.05      0.33      0.29      0.29      0.26      0.24      0.24      0.33      0.23      0.25      0.31      0.49      0.60
  8648.05      0.24      0.21      0.22      0.20      0.18      0.18      0.24      0.17      0.19      0.23      0.36      0.44
  8649.05      0.18      0.16      0.16      0.14      0.13      0.13      0.17      0.13      0.13      0.17      0.26      0.32
  8650.05      0.19      0.17      0.17      0.15      0.14      0.14      0.19      0.13      0.14      0.18      0.28      0.34
  8651.05      0.16      0.14      0.14      0.13      0.12      0.12      0.16      0.11      0.12      0.15      0.23      0.29
  8652.05      0.11      0.10      0.10      0.09      0.08      0.08      0.11      0.08      0.09      0.11      0.16      0.20
  8653.05      0.11      0.10      0.10      0.09      0.08      0.08      0.11      0.08      0.08      0.10      0.16      0.20
  8654.05      0.13      0.12      0.12      0.11      0.10      0.10      0.13      0.10      0.10      0.13      0.20      0.25
  8655.05      0.19      0.16      0.17      0.15      0.14      0.14      0.18      0.13      0.14      0.17      0.27      0.34
  8656.05      0.15      0.13      0.13      0.12      0.11      0.11      0.14      0.11      0.11      0.14      0.21      0.27
  8657.05      0.12      0.10      0.10      0.09      0.09      0.09      0.11      0.08      0.09      0.11      0.17      0.22
  8658.05      0.11      0.10      0.10      0.09      0.08      0.08      0.11      0.08      0.09      0.11      0.16      0.21
  8659.05      0.14      0.13      0.13      0.12      0.11      0.11      0.14      0.10      0.11      0.14      0.21      0.27
  8660.05      0.19      0.17      0.17      0.16      0.14      0.14      0.19      0.14      0.15      0.18      0.28      0.36
  8661.05      0.14      0.12      0.12      0.11      0.10      0.10      0.13      0.10      0.10      0.13      0.20      0.25
  8662.05      0.11      0.10      0.10      0.09      0.08      0.08      0.11      0.08      0.09      0.11      0.16      0.21
  8663.05      0.11      0.10      0.10      0.09      0.08      0.09      0.11      0.08      0.09      0.11      0.17      0.21
  8664.05      0.17      0.15      0.15      0.13      0.12      0.12      0.16      0.12      0.13      0.16      0.24      0.31
  8665.05      0.22      0.19      0.20      0.18      0.16      0.16      0.21      0.16      0.17      0.21      0.31      0.41
  8666.05      0.14      0.12      0.12      0.11      0.10      0.10      0.13      0.10      0.11      0.13      0.20      0.26
  8667.05      0.11      0.10      0.10      0.09      0.08      0.09      0.11      0.08      0.09      0.11      0.16      0.21
  8668.05      0.12      0.10      0.11      0.10      0.09      0.09      0.11      0.08      0.09      0.11      0.17      0.22
  8669.05      0.17      0.15      0.15      0.14      0.12      0.13      0.16      0.12      0.13      0.16      0.24      0.32
  8670.05      0.22      0.20      0.20      0.18      0.16      0.17      0.21      0.16      0.17      0.21      0.32      0.42
  8671.05      0.15      0.13      0.13      0.12      0.11      0.11      0.14      0.11      0.12      0.14      0.21      0.28
  8672.05      0.12      0.11      0.11      0.10      0.09      0.09      0.12      0.09      0.09      0.12      0.17      0.23
  8673.05      0.12      0.11      0.11      0.10      0.09      0.09      0.12      0.09      0.10      0.12      0.18      0.23
  8674.05      0.17      0.15      0.15      0.14      0.13      0.13      0.16      0.12      0.13      0.16      0.24      0.32
  8675.05      0.27      0.25      0.25      0.23      0.20      0.21      0.26      0.20      0.21      0.26      0.39      0.52
  8676.05      0.20      0.18      0.18      0.16      0.15      0.15      0.19      0.15      0.16      0.19      0.29      0.38
  8677.05      0.14      0.13      0.13      0.12      0.11      0.11      0.14      0.10      0.11      0.14      0.21      0.28
  8678.05      0.14      0.12      0.12      0.11      0.10      0.10      0.13      0.10      0.11      0.13      0.20      0.26
  8679.05      0.16      0.15      0.15      0.14      0.12      0.13      0.16      0.12      0.13      0.16      0.24      0.32
  8680.05      0.26      0.24      0.24      0.22      0.20      0.20      0.25      0.19      0.21      0.25      0.38      0.50
  8681.05      0.28      0.25      0.25      0.23      0.20      0.21      0.26      0.20      0.22      0.26      0.39      0.53
  8682.05      0.19      0.17      0.17      0.16      0.14      0.14      0.18      0.14      0.15      0.18      0.27      0.37
  8683.05      0.16      0.15      0.15      0.13      0.12      0.12      0.15      0.12      0.13      0.15      0.23      0.31
  8684.05      0.17      0.15      0.15      0.14      0.13      0.13      0.16      0.12      0.13      0.16      0.24      0.33
  8685.05      0.23      0.21      0.21      0.20      0.17      0.18      0.22      0.17      0.18      0.22      0.33      0.45
  8686.05      0.33      0.30      0.30      0.28      0.25      0.25      0.31      0.24      0.26      0.31      0.47      0.64
  8687.05      0.28      0.26      0.26      0.24      0.21      0.22      0.26      0.21      0.22      0.27      0.40      0.55
  8688.05      0.21      0.19      0.19      0.18      0.16      0.16      0.20      0.15      0.17      0.20      0.30      0.41
  8689.05      0.19      0.17      0.17      0.16      0.14      0.15      0.18      0.14      0.15      0.18      0.27      0.37
  8690.05      0.21      0.19      0.19      0.18      0.16      0.16      0.20      0.16      0.17      0.20      0.30      0.41
  8691.05      0.30      0.27      0.27      0.25      0.22      0.23      0.27      0.22      0.23      0.28      0.42      0.58
  8692.05      0.35      0.32      0.32      0.30      0.26      0.27      0.33      0.26      0.28      0.34      0.50      0.69
  8693.05      0.31      0.28      0.28      0.26      0.23      0.24      0.29      0.23      0.24      0.29      0.44      0.60
  8694.05      0.25      0.23      0.23      0.21      0.19      0.19      0.23      0.18      0.20      0.24      0.35      0.49
  8695.05      0.23      0.21      0.21      0.19      0.17      0.18      0.21      0.17      0.18      0.22      0.32      0.45
  8696.05      0.24      0.22      0.22      0.21      0.18      0.19      0.22      0.18      0.19      0.23      0.34      0.48
  8697.05      0.29      0.27      0.27      0.24      0.22      0.22      0.27      0.21      0.23      0.28      0.41      0.57
  8698.05      0.29      0.26      0.26      0.24      0.22      0.22      0.26      0.21      0.23      0.27      0.41      0.57
  8699.05      0.26      0.24      0.24      0.22      0.20      0.20      0.24      0.19      0.21      0.25      0.37      0.52
  8700.05      0.26      0.24      0.24      0.22      0.19      0.20      0.23      0.19      0.20      0.24      0.36      0.51
  8701.05      0.26      0.23      0.23      0.22      0.19      0.20      0.23      0.19      0.20      0.24      0.36      0.51
  8702.05      0.24      0.22      0.22      0.20      0.18      0.18      0.22      0.18      0.19      0.23      0.34      0.47
  8703.05      0.25      0.23      0.23      0.21      0.18      0.19      0.22      0.18      0.20      0.24      0.35      0.49
  8704.05      0.29      0.27      0.27      0.25      0.22      0.23      0.27      0.22      0.23      0.28      0.41      0.59
  8705.05      0.33      0.31      0.31      0.28      0.25      0.26      0.30      0.25      0.27      0.32      0.47      0.66
  8706.05      0.32      0.30      0.30      0.28      0.24      0.25      0.29      0.24      0.26      0.31      0.45      0.64
  8707.05      0.30      0.28      0.28      0.26      0.23      0.24      0.28      0.23      0.24      0.29      0.43      0.61
  8708.05      0.28      0.26      0.26      0.24      0.21      0.22      0.26      0.21      0.23      0.27      0.40      0.57
  8709.05      0.25      0.23      0.23      0.21      0.19      0.19      0.22      0.18      0.20      0.24      0.35      0.49
  8710.05      0.24      0.22      0.22      0.21      0.18      0.19      0.22      0.18      0.19      0.23      0.34      0.48
  8711.05      0.28      0.26      0.26      0.24      0.21      0.22      0.25      0.21      0.23      0.27      0.39      0.57
  8712.05      0.33      0.30      0.30      0.28      0.25      0.26      0.30      0.24      0.26      0.32      0.46      0.66
  8713.05      0.33      0.31      0.31      0.29      0.25      0.26      0.30      0.25      0.27      0.32      0.46      0.67
  8714.05      0.33      0.30      0.30      0.28      0.25      0.26      0.30      0.24      0.26      0.32      0.46      0.66
  8715.05      0.34      0.31      0.31      0.29      0.25      0.26      0.30      0.25      0.27      0.32      0.47      0.68
  8716.05      0.35      0.32      0.32      0.30      0.26      0.27      0.31      0.26      0.28      0.33      0.48      0.71
  8717.05      0.35      0.32      0.32      0.30      0.26      0.27      0.31      0.26      0.28      0.33      0.48      0.71
  8718.05      0.35      0.32      0.32      0.30      0.26      0.27      0.31      0.26      0.28      0.33      0.48      0.71
  8719.05      0.34      0.32      0.32      0.30      0.26      0.27      0.31      0.26      0.28      0.33      0.48      0.70
  8720.05      0.34      0.32      0.32      0.30      0.26      0.27      0.31      0.26      0.28      0.33      0.47      0.70
  8721.05      0.35      0.32      0.32      0.30      0.26      0.27      0.31      0.26      0.28      0.33      0.48      0.71
  8722.05      0.35      0.33      0.33      0.30      0.26      0.28      0.31      0.26      0.28      0.34      0.49      0.72
  8723.05      0.35      0.33      0.33      0.30      0.27      0.28      0.31      0.26      0.28      0.34      0.49      0.73
  8724.05      0.35      0.32      0.32      0.30      0.26      0.28      0.31      0.26      0.28      0.34      0.48      0.72
  8725.05      0.35      0.32      0.32      0.30      0.26      0.27      0.31      0.26      0.28      0.33      0.48      0.72
  8726.05      0.35      0.32      0.32      0.30      0.26      0.27      0.31      0.26      0.28      0.33      0.48      0.72
  8727.05      0.34      0.31      0.31      0.29      0.25      0.27      0.30      0.25      0.27      0.32      0.47      0.70
  8728.05      0.32      0.29      0.29      0.27      0.24      0.25      0.28      0.24      0.25      0.30      0.44      0.66
  8729.05      0.30      0.28      0.28      0.26      0.23      0.24      0.27      0.23      0.24      0.29      0.41      0.63
  8730.05      0.32      0.30      0.30      0.28      0.24      0.25      0.29      0.24      0.26      0.31      0.45      0.68
  8731.05      0.35      0.33      0.33      0.30      0.27      0.28      0.31      0.27      0.28      0.34      0.49      0.74
  8732.05      0.36      0.33      0.33      0.31      0.27      0.28      0.32      0.27      0.29      0.34      0.49      0.75
  8733.05      0.36      0.33      0.33      0.31      0.27      0.28      0.32      0.27      0.29      0.34      0.49      0.75
  8734.05      0.36      0.34      0.34      0.31      0.27      0.28      0.32      0.27      0.29      0.35      0.50      0.76
  8735.05      0.36      0.33      0.33      0.31      0.27      0.28      0.31      0.27      0.29      0.34      0.49      0.76
  8736.05      0.35      0.33      0.33      0.30      0.26      0.28      0.31      0.27      0.28      0.34      0.48      0.74
  8737.05      0.35      0.33      0.33      0.30      0.26      0.28      0.31      0.26      0.28      0.34      0.48      0.74
  8738.05      0.35      0.32      0.32      0.30      0.26      0.28      0.31      0.26      0.28      0.34      0.48      0.74
  8739.05      0.33      0.31      0.31      0.28      0.25      0.26      0.29      0.25      0.27      0.32      0.45      0.71
  8740.05      0.31      0.29      0.29      0.27      0.24      0.25      0.27      0.24      0.25      0.30      0.43      0.67
  8741.05      0.31      0.29      0.29      0.27      0.24      0.25      0.27      0.24      0.25      0.30      0.43      0.67
  8742.05      0.31      0.29      0.29      0.26      0.23      0.24      0.27      0.23      0.25      0.29      0.42      0.66
  8743.05      0.31      0.28      0.28      0.26      0.23      0.24      0.27      0.23      0.25      0.29      0.42      0.66
  8744.05      0.33      0.31      0.31      0.28      0.25      0.26      0.29      0.25      0.26      0.31      0.45      0.71
  8745.05      0.33      0.31      0.30      0.28      0.25      0.26      0.28      0.25      0.26      0.31      0.45      0.71
  8746.05      0.33      0.31      0.31      0.28      0.25      0.26      0.29      0.25      0.27      0.32      0.45      0.72
  8747.05      0.34      0.32      0.32      0.30      0.26      0.27      0.30      0.26      0.28      0.33      0.47      0.75
  8748.05      0.35      0.32      0.32      0.30      0.26      0.28      0.30      0.26      0.28      0.33      0.47      0.75
  8749.05      0.34      0.32      0.32      0.30      0.26      0.27      0.30      0.26      0.28      0.33      0.47      0.75
  8750.05      0.35      0.33      0.32      0.30      0.26      0.28      0.30      0.27      0.28      0.33      0.48      0.76
  8751.05      0.35      0.33      0.32      0.30      0.26      0.28      0.30      0.27      0.28      0.33      0.48      0.76
  8752.05      0.32      0.30      0.30      0.27      0.24      0.25      0.27      0.24      0.26      0.30      0.44      0.70
  8753.05      0.31      0.29      0.29      0.27      0.23      0.25      0.27      0.24      0.25      0.30      0.43      0.69
  8754.05      0.35      0.32      0.32      0.30      0.26      0.27      0.30      0.26      0.28      0.33      0.47      0.76
  8755.05      0.36      0.34      0.34      0.31      0.27      0.29      0.31      0.28      0.29      0.34      0.49      0.79
  8756.05      0.36      0.34      0.34      0.31      0.27      0.29      0.31      0.28      0.29      0.34      0.49      0.80
  8757.05      0.36      0.34      0.34      0.31      0.27      0.29      0.31      0.28      0.29      0.34      0.49      0.80
  8758.05      0.35      0.33      0.33      0.30      0.26      0.28      0.30      0.27      0.28      0.33      0.48      0.78
  8759.05      0.30      0.28      0.28      0.26      0.22      0.24      0.26      0.23      0.24      0.28      0.41      0.67
  8760.05      0.17      0.16      0.15      0.14      0.12      0.13      0.14      0.13      0.13      0.16      0.23      0.37
  8761.05      0.12      0.11      0.11      0.10      0.09      0.09      0.10      0.09      0.09      0.11      0.16      0.26
  8762.05      0.11      0.10      0.10      0.09      0.08      0.09      0.09      0.08      0.09      0.10      0.15      0.24
  8763.05      0.08      0.07      0.07      0.07      0.06      0.06      0.07      0.06      0.06      0.07      0.11      0.18
  8764.05      0.07      0.07      0.07      0.06      0.05      0.06      0.06      0.06      0.06      0.07      0.10      0.16
  8765.05      0.11      0.11      0.10      0.10      0.08      0.09      0.10      0.09      0.09      0.11      0.15      0.25
  8766.05      0.22      0.20      0.20      0.18      0.16      0.17      0.18      0.17      0.17      0.20      0.29      0.49
  8767.05      0.21      0.20      0.20      0.18      0.16      0.17      0.18      0.16      0.17      0.20      0.29      0.48
  8768.05      0.12      0.11      0.11      0.10      0.08      0.09      0.10      0.09      0.09      0.11      0.16      0.26
  8769.05      0.08      0.07      0.07      0.07      0.06      0.06      0.07      0.06      0.06      0.07      0.11      0.18
  8770.05      0.06      0.06      0.06      0.05      0.05      0.05      0.05      0.05      0.05      0.06      0.08      0.14
  8771.05      0.08      0.07      0.07      0.06      0.06      0.06      0.06      0.06      0.06      0.07      0.10      0.17
  8772.05      0.15      0.14      0.14      0.13      0.11      0.12      0.13      0.11      0.12      0.14      0.20      0.34
  8773.05      0.26      0.24      0.24      0.22      0.19      0.21      0.22      0.20      0.21      0.24      0.35      0.60
  8774.05      0.33      0.31      0.30      0.28      0.24      0.26      0.28      0.25      0.26      0.31      0.44      0.76
  8775.05      0.36      0.33      0.33      0.30      0.26      0.29      0.30      0.28      0.28      0.33      0.48      0.83
  8776.05      0.33      0.30      0.30      0.27      0.24      0.26      0.27      0.25      0.26      0.30      0.44      0.75
  8777.05      0.19      0.17      0.17      0.16      0.14      0.15      0.15      0.14      0.15      0.17      0.25      0.43
  8778.05      0.10      0.09      0.09      0.08      0.07      0.08      0.08      0.08      0.08      0.09      0.14      0.24
  8779.05      0.09      0.08      0.08      0.07      0.06      0.07      0.07      0.07      0.07      0.08      0.11      0.20
  8780.05      0.07      0.06      0.06      0.06      0.05      0.06      0.06      0.05      0.05      0.06      0.09      0.16
  8781.05      0.07      0.06      0.06      0.05      0.05      0.05      0.05      0.05      0.05      0.06      0.09      0.15
  8782.05      0.11      0.10      0.10      0.09      0.08      0.09      0.09      0.08      0.09      0.10      0.15      0.26
  8783.05      0.27      0.25      0.25      0.23      0.20      0.22      0.23      0.21      0.21      0.25      0.36      0.64
  8784.05      0.37      0.35      0.34      0.31      0.27      0.30      0.31      0.29      0.29      0.34      0.50      0.89
  8785.05      0.38      0.35      0.35      0.32      0.28      0.30      0.32      0.29      0.30      0.35      0.51      0.91
  8786.05      0.37      0.34      0.34      0.31      0.27      0.29      0.31      0.29      0.29      0.34      0.49      0.88
  8787.05      0.35      0.33      0.32      0.29      0.26      0.28      0.29      0.27      0.28      0.32      0.47      0.85
  8788.05      0.35      0.33      0.32      0.29      0.26      0.28      0.29      0.27      0.27      0.32      0.47      0.85
  8789.05      0.35      0.33      0.32      0.29      0.26      0.28      0.29      0.27      0.28      0.32      0.47      0.85
  8790.05      0.35      0.32      0.32      0.29      0.25      0.27      0.28      0.27      0.27      0.31      0.46      0.84
  8791.05      0.31      0.29      0.28      0.26      0.23      0.25      0.26      0.24      0.24      0.28      0.41      0.76
  8792.05      0.18      0.16      0.16      0.15      0.13      0.14      0.15      0.14      0.14      0.16      0.23      0.43
  8793.05      0.10      0.10      0.09      0.09      0.08      0.08      0.09      0.08      0.08      0.09      0.14      0.25
  8794.05      0.10      0.10      0.09      0.09      0.08      0.08      0.08      0.08      0.08      0.09      0.14      0.26
  8795.05      0.18      0.17      0.17      0.15      0.13      0.14      0.15      0.14      0.14      0.16      0.24      0.45
  8796.05      0.34      0.32      0.31      0.28      0.25      0.27      0.28      0.26      0.26      0.31      0.45      0.84
  8797.05      0.37      0.35      0.34      0.31      0.27      0.29      0.30      0.29      0.29      0.33      0.49      0.92
  8798.05      0.37      0.34      0.34      0.30      0.27      0.29      0.30      0.29      0.29      0.33      0.49      0.92
  8799.05      0.37      0.34      0.34      0.30      0.27      0.29      0.30      0.29      0.29      0.33      0.49      0.92
  8800.05      0.37      0.34      0.33      0.30      0.26      0.29      0.30      0.28      0.28      0.33      0.48      0.91
  8801.05      0.36      0.34      0.33      0.30      0.26      0.29      0.30      0.28      0.28      0.32      0.48      0.91
  8802.05      0.37      0.35      0.34      0.31      0.27      0.29      0.30      0.29      0.29      0.33      0.49      0.93
  8803.05      0.37      0.34      0.33      0.30      0.27      0.29      0.30      0.29      0.28      0.33      0.48      0.93
  8804.05      0.35      0.33      0.32      0.29      0.25      0.28      0.29      0.27      0.27      0.31      0.46      0.89
  8805.05      0.36      0.33      0.32      0.29      0.26      0.28      0.29      0.28      0.27      0.32      0.47      0.91
  8806.05      0.38      0.35      0.34      0.31      0.27      0.30      0.30      0.29      0.29      0.33      0.49      0.96
  8807.05      0.38      0.36      0.34      0.31      0.28      0.30      0.31      0.30      0.29      0.34      0.50      0.97
  8808.05      0.38      0.35      0.34      0.31      0.27      0.30      0.31      0.30      0.29      0.34      0.50      0.97
  8809.05      0.38      0.35      0.34      0.31      0.27      0.30      0.31      0.30      0.29      0.33      0.49      0.97
  8810.05      0.35      0.33      0.32      0.29      0.25      0.28      0.28      0.28      0.27      0.31      0.46      0.91
  8811.05      0.28      0.26      0.25      0.23      0.20      0.22      0.23      0.22      0.21      0.25      0.37      0.72
  8812.05      0.23      0.22      0.21      0.19      0.17      0.18      0.19      0.18      0.18      0.21      0.31      0.61
  8813.05      0.25      0.23      0.22      0.20      0.18      0.19      0.20      0.19      0.19      0.22      0.32      0.65
  8814.05      0.31      0.29      0.28      0.26      0.23      0.25      0.25      0.25      0.24      0.28      0.41      0.82
  8815.05      0.36      0.34      0.33      0.30      0.26      0.29      0.29      0.28      0.28      0.32      0.47      0.95
  8816.05      0.37      0.35      0.33      0.30      0.27      0.29      0.30      0.29      0.28      0.33      0.48      0.97
  8817.05      0.38      0.35      0.34      0.31      0.27      0.30      0.30      0.29      0.29      0.33      0.49      0.99
  8818.05      0.38      0.36      0.34      0.31      0.27      0.30      0.30      0.30      0.29      0.33      0.49      1.00
  8819.05      0.37      0.35      0.34      0.30      0.27      0.29      0.30      0.29      0.28      0.33      0.49      0.99
  8820.05      0.37      0.35      0.33      0.30      0.26      0.29      0.29      0.29      0.28      0.32      0.48      0.98
  8821.05      0.36      0.34      0.33      0.30      0.26      0.28      0.29      0.28      0.28      0.32      0.47      0.97
  8822.05      0.35      0.33      0.32      0.29      0.25      0.28      0.28      0.28      0.27      0.31      0.46      0.94
  8823.05      0.33      0.31      0.29      0.26      0.23      0.26      0.26      0.26      0.25      0.28      0.42      0.88
  8824.05      0.28      0.27      0.25      0.23      0.20      0.22      0.23      0.22      0.21      0.25      0.37      0.76
  8825.05      0.27      0.25      0.24      0.21      0.19      0.21      0.21      0.21      0.20      0.23      0.35      0.72
  8826.05      0.24      0.23      0.22      0.19      0.17      0.19      0.19      0.19      0.18      0.21      0.31      0.65
  8827.05      0.13      0.13      0.12      0.11      0.10      0.10      0.11      0.10      0.10      0.12      0.17      0.37
  8828.05      0.07      0.07      0.06      0.06      0.05      0.06      0.06      0.06      0.05      0.06      0.09      0.20
  8829.05      0.04      0.04      0.04      0.04      0.03      0.03      0.03      0.03      0.03      0.04      0.06      0.12
  8830.05      0.04      0.04      0.04      0.04      0.03      0.03      0.04      0.03      0.03      0.04      0.06      0.13
  8831.05      0.09      0.08      0.08      0.07      0.06      0.07      0.07      0.07      0.07      0.08      0.11      0.25
  8832.05      0.22      0.21      0.20      0.18      0.16      0.18      0.18      0.18      0.17      0.19      0.29      0.64
  8833.05      0.24      0.22      0.21      0.19      0.17      0.18      0.19      0.18      0.18      0.20      0.31      0.67
  8834.05      0.21      0.20      0.19      0.17      0.15      0.16      0.17      0.17      0.16      0.18      0.27      0.61
  8835.05      0.17      0.16      0.15      0.14      0.12      0.13      0.14      0.14      0.13      0.15      0.22      0.50
  8836.05      0.17      0.16      0.15      0.14      0.12      0.13      0.14      0.13      0.13      0.15      0.22      0.50
  8837.05      0.16      0.15      0.14      0.13      0.11      0.12      0.12      0.12      0.12      0.13      0.20      0.45
  8838.05      0.08      0.08      0.07      0.07      0.06      0.06      0.06      0.06      0.06      0.07      0.11      0.24
  8839.05      0.07      0.06      0.06      0.05      0.05      0.05      0.05      0.05      0.05      0.06      0.09      0.20
  8840.05      0.10      0.10      0.09      0.08      0.07      0.08      0.08      0.08      0.08      0.09      0.13      0.30
  8841.05      0.23      0.22      0.21      0.19      0.17      0.18      0.18      0.18      0.17      0.20      0.30      0.69
  8842.05      0.35      0.34      0.32      0.29      0.25      0.28      0.28      0.28      0.27      0.30      0.46      1.06
  8843.05      0.37      0.35      0.33      0.30      0.27      0.29      0.29      0.29      0.28      0.32      0.49      1.12
  8844.05      0.38      0.36      0.34      0.31      0.27      0.30      0.30      0.30      0.29      0.32      0.49      1.15
  8845.05      0.38      0.36      0.34      0.30      0.27      0.29      0.30      0.30      0.28      0.32      0.49      1.15
  8846.05      0.36      0.34      0.32      0.29      0.26      0.28      0.28      0.28      0.27      0.31      0.47      1.11
  8847.05      0.30      0.28      0.27      0.24      0.21      0.23      0.23      0.23      0.22      0.25      0.39      0.92
  8848.05      0.27      0.25      0.24      0.22      0.19      0.21      0.21      0.21      0.20      0.23      0.35      0.83
  8849.05      0.30      0.29      0.27      0.24      0.22      0.23      0.24      0.24      0.23      0.26      0.39      0.94
  8850.05      0.30      0.29      0.27      0.24      0.22      0.23      0.24      0.24      0.23      0.26      0.39      0.95
  8851.05      0.17      0.16      0.15      0.14      0.12      0.13      0.13      0.14      0.13      0.15      0.22      0.55
  8852.05      0.12      0.11      0.10      0.09      0.08      0.09      0.09      0.09      0.09      0.10      0.15      0.37
  8853.05      0.14      0.13      0.12      0.11      0.10      0.11      0.11      0.11      0.10      0.12      0.18      0.44
  8854.05      0.25      0.24      0.22      0.20      0.18      0.19      0.19      0.20      0.19      0.21      0.32      0.80
  8855.05      0.36      0.34      0.32      0.29      0.26      0.28      0.28      0.28      0.27      0.31      0.47      1.16
  8856.05      0.36      0.35      0.32      0.29      0.26      0.28      0.28      0.29      0.27      0.31      0.47      1.17
  8857.05      0.36      0.34      0.32      0.29      0.26      0.28      0.28      0.28      0.27      0.30      0.46      1.16
  8858.05      0.35      0.33      0.31      0.28      0.25      0.27      0.27      0.28      0.26      0.30      0.45      1.14
  8859.05      0.35      0.33      0.31      0.28      0.25      0.27      0.27      0.28      0.26      0.30      0.45      1.15
  8860.05      0.36      0.35      0.32      0.29      0.26      0.28      0.28      0.29      0.27      0.31      0.47      1.20
  8861.05      0.36      0.35      0.33      0.29      0.26      0.28      0.29      0.29      0.27      0.31      0.47      1.22
  8862.05      0.35      0.34      0.32      0.29      0.26      0.28      0.28      0.28      0.27      0.30      0.46      1.19
  8863.05      0.32      0.30      0.28      0.25      0.23      0.25      0.25      0.25      0.24      0.27      0.41      1.07
  8864.05      0.26      0.25      0.24      0.21      0.19      0.20      0.21      0.21      0.20      0.22      0.34      0.90
  8865.05      0.25      0.24      0.22      0.20      0.18      0.19      0.19      0.19      0.18      0.21      0.32      0.84
  8866.05      0.27      0.26      0.24      0.22      0.20      0.21      0.21      0.22      0.20      0.23      0.35      0.94
  8867.05      0.33      0.32      0.29      0.26      0.24      0.25      0.26      0.26      0.25      0.28      0.43      1.13
  8868.05      0.23      0.22      0.20      0.18      0.16      0.18      0.18      0.18      0.17      0.19      0.30      0.79
  8869.05      0.11      0.10      0.09      0.09      0.08      0.08      0.08      0.08      0.08      0.09      0.14      0.37
  8870.05      0.08      0.08      0.07      0.06      0.06      0.06      0.06      0.06      0.06      0.07      0.10      0.28
  8871.05      0.11      0.11      0.10      0.09      0.08      0.09      0.09      0.09      0.08      0.09      0.14      0.39
  8872.05      0.24      0.24      0.22      0.20      0.18      0.19      0.19      0.19      0.18      0.21      0.32      0.87
  8873.05      0.36      0.35      0.32      0.29      0.26      0.28      0.28      0.29      0.27      0.31      0.47      1.28
  8874.05      0.37      0.36      0.33      0.30      0.27      0.29      0.29      0.30      0.28      0.32      0.49      1.34
  8875.05      0.38      0.37      0.34      0.31      0.28      0.30      0.30      0.31      0.29      0.33      0.50      1.38
  8876.05      0.38      0.37      0.34      0.31      0.28      0.30      0.30      0.31      0.29      0.33      0.50      1.39
  8877.05      0.38      0.37      0.34      0.31      0.28      0.30      0.30      0.31      0.29      0.33      0.50      1.39
  8878.05      0.38      0.37      0.34      0.31      0.28      0.30      0.30      0.30      0.29      0.32      0.50      1.39
  8879.05      0.38      0.37      0.34      0.31      0.28      0.30      0.30      0.31      0.29      0.33      0.50      1.41
  8880.05      0.39      0.38      0.35      0.31      0.28      0.30      0.30      0.31      0.29      0.33      0.51      1.43
  8881.05      0.39      0.38      0.35      0.31      0.28      0.30      0.30      0.31      0.29      0.33      0.51      1.44
  8882.05      0.38      0.37      0.34      0.31      0.28      0.30      0.30      0.31      0.29      0.33      0.50      1.43
  8883.05      0.38      0.37      0.34      0.31      0.27      0.29      0.30      0.30      0.29      0.32      0.50      1.42
  8884.05      0.38      0.37      0.34      0.31      0.27      0.29      0.29      0.30      0.29      0.32      0.49      1.42
  8885.05      0.37      0.36      0.33      0.30      0.27      0.29      0.29      0.30      0.28      0.32      0.49      1.39
  8886.05      0.22      0.21      0.20      0.18      0.16      0.17      0.17      0.18      0.17      0.19      0.29      0.83
  8887.05      0.08      0.08      0.07      0.06      0.06      0.06      0.06      0.06      0.06      0.07      0.10      0.30
  8888.05      0.05      0.05      0.04      0.04      0.03      0.04      0.04      0.04      0.04      0.04      0.06      0.18
  8889.05      0.06      0.06      0.05      0.05      0.04      0.04      0.04      0.05      0.04      0.05      0.07      0.21
  8890.05      0.13      0.12      0.11      0.10      0.09      0.10      0.10      0.10      0.09      0.11      0.16      0.47
  8891.05      0.27      0.27      0.24      0.22      0.20      0.21      0.21      0.22      0.21      0.23      0.36      1.01
  8892.05      0.30      0.29      0.26      0.24      0.21      0.23      0.23      0.24      0.22      0.25      0.39      1.09
  8893.05      0.32      0.32      0.29      0.26      0.23      0.25      0.25      0.26      0.24      0.27      0.42      1.19
  8894.05      0.37      0.36      0.33      0.30      0.27      0.28      0.28      0.29      0.28      0.31      0.48      1.34
  8895.05      0.38      0.38      0.34      0.31      0.28      0.30      0.30      0.31      0.29      0.33      0.50      1.39
  8896.05      0.37      0.37      0.33      0.30      0.27      0.29      0.29      0.30      0.28      0.32      0.49      1.35
  8897.05      0.32      0.32      0.29      0.26      0.23      0.25      0.25      0.26      0.24      0.27      0.42      1.17
  8898.05      0.29      0.29      0.26      0.24      0.21      0.23      0.23      0.24      0.22      0.25      0.38      1.06
  8899.05      0.29      0.29      0.26      0.24      0.21      0.23      0.23      0.24      0.22      0.25      0.39      1.06
  8900.05      0.33      0.32      0.29      0.26      0.24      0.25      0.25      0.26      0.25      0.28      0.43      1.18
  8901.05      0.38      0.37      0.34      0.30      0.27      0.29      0.29      0.30      0.28      0.32      0.49      1.34
  8902.05      0.39      0.39      0.35      0.31      0.28      0.30      0.30      0.31      0.29      0.33      0.51      1.38
  8903.05      0.34      0.33      0.30      0.27      0.24      0.26      0.26      0.27      0.25      0.29      0.44      1.20
  8904.05      0.15      0.15      0.13      0.12      0.11      0.12      0.12      0.12      0.11      0.13      0.20      0.54
  8905.05      0.08      0.08      0.07      0.06      0.06      0.06      0.06      0.06      0.06      0.07      0.10      0.28
  8906.05      0.08      0.08      0.07      0.06      0.06      0.06      0.06      0.06      0.06      0.07      0.10      0.27
  8907.05      0.14      0.14      0.12      0.11      0.10      0.11      0.11      0.11      0.11      0.12      0.18      0.49
  8908.05      0.30      0.30      0.27      0.24      0.21      0.23      0.23      0.24      0.23      0.25      0.39      1.04
  8909.05      0.36      0.36      0.32      0.29      0.26      0.27      0.28      0.29      0.27      0.30      0.47      1.24
  8910.05      0.31      0.31      0.28      0.25      0.23      0.24      0.24      0.25      0.24      0.27      0.41      1.09
  8911.05      0.28      0.28      0.25      0.22      0.20      0.21      0.22      0.23      0.21      0.24      0.37      0.97
  8912.05      0.28      0.28      0.25      0.23      0.21      0.22      0.22      0.23      0.22      0.24      0.37      0.99
  8913.05      0.31      0.31      0.28      0.25      0.22      0.24      0.24      0.25      0.23      0.26      0.41      1.07
  8914.05      0.36      0.36      0.32      0.29      0.26      0.28      0.28      0.29      0.27      0.30      0.47      1.23
  8915.05      0.38      0.38      0.34      0.31      0.27      0.29      0.30      0.31      0.29      0.32      0.50      1.30
  8916.05      0.38      0.38      0.34      0.31      0.28      0.29      0.30      0.31      0.29      0.32      0.50      1.30
  8917.05      0.37      0.37      0.33      0.30      0.27      0.28      0.29      0.30      0.28      0.31      0.49      1.25
  8918.05      0.36      0.36      0.32      0.29      0.26      0.28      0.28      0.30      0.27      0.31      0.48      1.23
  8919.05      0.34      0.34      0.30      0.27      0.24      0.26      0.26      0.28      0.26      0.29      0.44      1.14
  8920.05      0.16      0.17      0.15      0.13      0.12      0.13      0.13      0.14      0.12      0.14      0.22      0.56
  8921.05      0.06      0.06      0.06      0.05      0.05      0.05      0.05      0.05      0.05      0.05      0.08      0.22
  8922.05      0.04      0.04      0.04      0.04      0.03      0.03      0.03      0.04      0.03      0.04      0.06      0.15
  8923.05      0.06      0.06      0.05      0.05      0.04      0.05      0.05      0.05      0.05      0.05      0.08      0.20
  8924.05      0.15      0.15      0.13      0.12      0.11      0.11      0.11      0.12      0.11      0.13      0.19      0.49
  8925.05      0.31      0.32      0.28      0.26      0.23      0.24      0.25      0.26      0.24      0.27      0.42      1.05
  8926.05      0.32      0.33      0.29      0.26      0.23      0.25      0.25      0.27      0.25      0.28      0.43      1.08
  8927.05      0.32      0.33      0.29      0.26      0.23      0.25      0.25      0.27      0.25      0.28      0.43      1.07
  8928.05      0.32      0.32      0.28      0.26      0.23      0.24      0.25      0.27      0.24      0.27      0.42      1.05
  8929.05      0.28      0.28      0.25      0.23      0.20      0.21      0.22      0.23      0.21      0.24      0.37      0.91
  8930.05      0.25      0.25      0.22      0.20      0.18      0.19      0.19      0.21      0.19      0.21      0.33      0.81
  8931.05      0.26      0.26      0.23      0.21      0.19      0.20      0.20      0.22      0.20      0.22      0.34      0.84
  8932.05      0.30      0.31      0.27      0.25      0.22      0.23      0.24      0.25      0.23      0.26      0.40      0.98
  8933.05      0.33      0.34      0.30      0.27      0.24      0.26      0.26      0.28      0.25      0.29      0.44      1.08
  8934.05      0.35      0.36      0.31      0.28      0.25      0.27      0.27      0.29      0.26      0.30      0.46      1.12
  8935.05      0.34      0.35      0.31      0.28      0.25      0.26      0.27      0.29      0.26      0.29      0.45      1.10
  8936.05      0.32      0.32      0.28      0.26      0.23      0.24      0.25      0.27      0.24      0.27      0.42      1.02
  8937.05      0.30      0.31      0.27      0.25      0.22      0.23      0.24      0.26      0.23      0.26      0.40      0.97
  8938.05      0.30      0.31      0.27      0.24      0.22      0.23      0.23      0.25      0.23      0.26      0.40      0.95
  8939.05      0.31      0.32      0.28      0.25      0.23      0.24      0.24      0.27      0.24      0.27      0.41      0.99
  8940.05      0.33      0.34      0.29      0.27      0.24      0.25      0.26      0.28      0.25      0.28      0.44      1.04
  8941.05      0.33      0.34      0.30      0.27      0.24      0.25      0.26      0.28      0.25      0.28      0.44      1.04
  8942.05      0.33      0.34      0.30      0.27      0.24      0.25      0.26      0.28      0.25      0.28      0.44      1.04
  8943.05      0.34      0.35      0.30      0.28      0.24      0.26      0.26      0.29      0.26      0.29      0.45      1.06
  8944.05      0.20      0.21      0.18      0.17      0.15      0.16      0.16      0.17      0.15      0.17      0.27      0.64
  8945.05      0.09      0.10      0.09      0.08      0.07      0.07      0.07      0.08      0.07      0.08      0.13      0.30
  8946.05      0.08      0.08      0.07      0.06      0.06      0.06      0.06      0.07      0.06      0.07      0.10      0.24
  8947.05      0.12      0.12      0.11      0.10      0.09      0.09      0.09      0.10      0.09      0.10      0.16      0.37
  8948.05      0.27      0.28      0.24      0.22      0.19      0.21      0.21      0.23      0.20      0.23      0.36      0.82
  8949.05      0.35      0.37      0.32      0.29      0.26      0.27      0.28      0.31      0.27      0.31      0.48      1.08
  8950.05      0.35      0.36      0.31      0.28      0.25      0.27      0.27      0.30      0.26      0.30      0.47      1.06
  8951.05      0.34      0.36      0.31      0.28      0.25      0.26      0.27      0.30      0.26      0.30      0.46      1.04
  8952.05      0.34      0.36      0.31      0.28      0.25      0.26      0.27      0.30      0.26      0.30      0.46      1.04
  8953.05      0.31      0.33      0.28      0.26      0.23      0.24      0.25      0.28      0.24      0.27      0.42      0.95
  8954.05      0.26      0.28      0.24      0.22      0.19      0.20      0.21      0.23      0.20      0.23      0.36      0.80
  8955.05      0.26      0.27      0.23      0.21      0.19      0.20      0.21      0.23      0.20      0.23      0.35      0.78
  8956.05      0.31      0.33      0.28      0.26      0.23      0.24      0.25      0.28      0.24      0.27      0.42      0.94
  8957.05      0.35      0.37      0.32      0.29      0.26      0.27      0.28      0.31      0.27      0.31      0.48      1.05
  8958.05      0.27      0.28      0.24      0.22      0.20      0.21      0.21      0.24      0.21      0.23      0.36      0.80
  8959.05      0.10      0.11      0.09      0.08      0.07      0.08      0.08      0.09      0.08      0.09      0.14      0.31
  8960.05      0.05      0.06      0.05      0.04      0.04      0.04      0.04      0.05      0.04      0.05      0.07      0.16
  8961.05      0.05      0.06      0.05      0.04      0.04      0.04      0.04      0.05      0.04      0.05      0.07      0.16
  8962.05      0.09      0.10      0.08      0.08      0.07      0.07      0.07      0.08      0.07      0.08      0.12      0.27
  8963.05      0.24      0.25      0.22      0.20      0.18      0.18      0.19      0.21      0.18      0.21      0.33      0.70
  8964.05      0.35      0.37      0.32      0.29      0.26      0.27      0.28      0.31      0.27      0.30      0.47      1.00
  8965.05      0.34      0.36      0.31      0.28      0.25      0.27      0.27      0.31      0.26      0.30      0.47      0.99
  8966.05      0.33      0.35      0.30      0.27      0.24      0.25      0.26      0.30      0.25      0.29      0.45      0.94
  8967.05      0.34      0.36      0.31      0.28      0.25      0.26      0.27      0.31      0.26      0.30      0.46      0.97
  8968.05      0.35      0.38      0.32      0.30      0.26      0.28      0.28      0.32      0.27      0.31      0.49      1.01
  8969.05      0.37      0.40      0.34      0.31      0.27      0.29      0.30      0.34      0.29      0.33      0.51      1.05
  8970.05      0.35      0.38      0.32      0.29      0.26      0.27      0.28      0.32      0.27      0.31      0.48      0.99
  8971.05      0.31      0.33      0.28      0.26      0.23      0.24      0.25      0.29      0.24      0.27      0.43      0.88
  8972.05      0.28      0.30      0.26      0.24      0.21      0.22      0.23      0.26      0.22      0.25      0.39      0.79
  8973.05      0.24      0.26      0.22      0.20      0.18      0.19      0.19      0.22      0.19      0.21      0.33      0.68
  8974.05      0.23      0.25      0.22      0.20      0.17      0.18      0.19      0.22      0.18      0.21      0.33      0.66
  8975.05      0.30      0.32      0.27      0.25      0.22      0.23      0.24      0.28      0.23      0.26      0.41      0.83
  8976.05      0.34      0.37      0.31      0.29      0.25      0.26      0.27      0.32      0.26      0.30      0.47      0.94
  8977.05      0.34      0.37      0.32      0.29      0.25      0.27      0.28      0.32      0.27      0.31      0.48      0.94
  8978.05      0.35      0.38      0.32      0.30      0.26      0.27      0.28      0.33      0.27      0.31      0.49      0.96
  8979.05      0.35      0.38      0.32      0.30      0.26      0.28      0.28      0.33      0.27      0.31      0.49      0.96
  8980.05      0.31      0.34      0.29      0.26      0.23      0.25      0.25      0.30      0.24      0.28      0.44      0.85
  8981.05      0.29      0.32      0.27      0.25      0.22      0.23      0.24      0.28      0.23      0.26      0.41      0.80
  8982.05      0.29      0.32      0.27      0.25      0.22      0.23      0.24      0.28      0.23      0.26      0.41      0.80
  8983.05      0.27      0.29      0.25      0.23      0.20      0.21      0.22      0.25      0.21      0.24      0.38      0.72
  8984.05      0.25      0.28      0.24      0.22      0.19      0.20      0.21      0.24      0.20      0.23      0.36      0.68
  8985.05      0.28      0.31      0.26      0.24      0.21      0.22      0.23      0.27      0.22      0.25      0.40      0.75
  8986.05      0.31      0.34      0.29      0.26      0.23      0.24      0.25      0.30      0.24      0.28      0.44      0.83
  8987.05      0.27      0.30      0.25      0.23      0.20      0.21      0.22      0.26      0.21      0.24      0.38      0.71
  8988.05      0.22      0.25      0.20      0.19      0.17      0.17      0.18      0.21      0.17      0.20      0.31      0.58
  8989.05      0.20      0.22      0.18      0.17      0.15      0.15      0.16      0.19      0.15      0.18      0.28      0.51
  8990.05      0.11      0.13      0.11      0.10      0.09      0.09      0.09      0.11      0.09      0.10      0.16      0.30
  8991.05      0.09      0.10      0.08      0.08      0.07      0.07      0.07      0.09      0.07      0.08      0.12      0.23
  8992.05      0.14      0.15      0.13      0.12      0.10      0.11      0.11      0.13      0.11      0.12      0.20      0.36
  8993.05      0.28      0.32      0.26      0.24      0.22      0.22      0.23      0.28      0.22      0.26      0.40      0.73
  8994.05      0.27      0.30      0.25      0.23      0.20      0.21      0.22      0.26      0.21      0.24      0.38      0.69
  8995.05      0.24      0.27      0.22      0.21      0.18      0.19      0.20      0.24      0.19      0.22      0.34      0.62
  8996.05      0.29      0.33      0.27      0.25      0.22      0.23      0.24      0.29      0.23      0.26      0.41      0.73
  8997.05      0.35      0.40      0.32      0.30      0.27      0.28      0.29      0.35      0.28      0.32      0.50      0.88
  8998.05      0.36      0.41      0.34      0.31      0.27      0.28      0.30      0.36      0.29      0.33      0.51      0.91
  8999.05      0.32      0.36      0.30      0.27      0.24      0.25      0.26      0.32      0.25      0.29      0.45      0.79
  9000.05      0.17      0.19      0.16      0.15      0.13      0.13      0.14      0.17      0.13      0.15      0.24      0.42
  9001.05      0.03      0.04      0.03      0.03      0.02      0.02      0.03      0.03      0.02      0.03      0.04      0.08
  9002.05      0.00      0.00      0.00      0.00      0.00      0.00      0.00      0.00      0.00      0.00      0.00      0.00
  9003.05      0.00      0.00      0.00      0.00      0.00      0.00      0.00      0.00      0.00      0.00      0.00      0.00
  9004.05      0.00      0.00      0.00      0.00      0.00      0.00      0.00      0.00      0.00      0.00      0.00      0.00
  9005.05      0.00      0.00      0.00      0.00      0.00      0.00      0.00      0.00      0.00      0.00      0.00      0.00
  9006.05      0.00      0.00      0.00      0.00      0.00      0.00      0.00      0.00      0.00      0.00      0.00      0.00
  9007.05      0.00      0.00      0.00      0.00      0.00      0.00      0.00      0.00      0.00      0.00      0.00      0.00
  9008.05      0.00      0.00      0.00      0.00      0.00      0.00      0.00      0.00      0.00      0.00      0.00      0.00
  9009.05      0.00      0.00      0.00      0.00      0.00      0.00      0.00      0.00      0.00      0.00      0.00      0.00
  9010.05      0.00      0.00      0.00      0.00      0.00      0.00      0.00      0.00      0.00      0.00      0.00      0.00
  9011.05      0.00      0.00      0.00      0.00      0.00      0.00      0.00      0.00      0.00      0.00      0.00      0.00
  9012.05      0.00      0.00      0.00      0.00      0.00      0.00      0.00      0.00      0.00      0.00      0.00      0.00
  9013.05      0.00      0.00      0.00      0.00      0.00      0.00      0.00      0.00      0.00      0.00      0.00      0.00
  9014.05      0.00      0.00      0.00      0.00      0.00      0.00      0.00      0.00      0.00      0.00      0.00      0.00
  9015.05      0.00      0.00      0.00      0.00      0.00      0.00      0.00      0.00      0.00      0.00      0.00      0.00
  9016.05      0.00      0.00      0.00      0.00      0.00      0.00      0.00      0.00      0.00      0.00      0.00      0.00
  9017.05      0.00      0.00      0.00      0.00      0.00      0.00      0.00      0.00      0.00      0.00      0.00      0.00
  9018.05      0.00      0.00      0.00      0.00      0.00      0.00      0.00      0.00      0.00      0.00      0.00      0.00
  9019.05      0.00      0.00      0.00      0.00      0.00      0.00      0.00      0.00      0.00      0.00      0.00      0.00
  9020.05      0.00      0.00      0.00      0.00      0.00      0.00      0.00      0.00      0.00      0.00      0.00      0.00
  9021.05      0.00      0.00      0.00      0.00      0.00      0.00      0.00      0.00      0.00      0.00      0.00      0.00
  9022.05      0.00      0.00      0.00      0.00      0.00      0.00      0.00      0.00      0.00      0.00      0.00      0.00
  9023.05      0.00      0.00      0.00      0.00      0.00      0.00      0.00      0.00      0.00      0.00      0.00      0.00
  9024.05      0.00      0.00      0.00      0.00      0.00      0.00      0.00      0.00      0.00      0.00      0.00      0.00
  9025.05      0.00      0.00      0.00      0.00      0.00      0.00      0.00      0.00      0.00      0.00      0.00      0.00
  9026.05      0.00      0.00      0.00      0.00      0.00      0.00      0.00      0.00      0.00      0.00      0.00      0.00
  9027.05      0.00      0.00      0.00      0.00      0.00      0.00      0.00      0.00      0.00      0.00      0.00      0.00
  9028.05      0.00      0.00      0.00      0.00      0.00      0.00      0.00      0.00      0.00      0.00      0.00      0.00
  9029.05      0.00      0.00      0.00      0.00      0.00      0.00      0.00      0.00      0.00      0.00      0.00      0.00
  9030.05      0.00      0.00      0.00      0.00      0.00      0.00      0.00      0.00      0.00      0.00      0.00      0.00
  9031.05      0.00      0.00      0.00      0.00      0.00      0.00      0.00      0.00      0.00      0.00      0.00      0.00
  9032.05      0.00      0.00      0.00      0.00      0.00      0.00      0.00      0.00      0.00      0.00      0.00      0.00
  9033.05      0.00      0.00      0.00      0.00      0.00      0.00      0.00      0.00      0.00      0.00      0.00      0.00
  9034.05      0.00      0.00      0.00      0.00      0.00      0.00      0.00      0.00      0.00      0.00      0.00      0.00
  9035.05      0.00      0.00      0.00      0.00      0.00      0.00      0.00      0.00      0.00      0.00      0.00      0.00
  9036.05      0.00      0.00      0.00      0.00      0.00      0.00      0.00      0.00      0.00      0.00      0.00      0.00
  9037.05      0.00      0.00      0.00      0.00      0.00      0.00      0.00      0.00      0.00      0.00      0.00      0.00
  9038.05      0.00      0.00      0.00      0.00      0.00      0.00      0.00      0.00      0.00      0.00      0.00      0.00
  9039.05      0.00      0.00      0.00      0.00      0.00      0.00      0.00      0.00      0.00      0.00      0.00      0.00
  9040.05      0.00      0.00      0.00      0.00      0.00      0.00      0.00      0.00      0.00      0.00      0.00      0.00
  9041.05      0.00      0.00      0.00      0.00      0.00      0.00      0.00      0.00      0.00      0.00      0.00      0.00
  9042.05      0.00      0.00      0.00      0.00      0.00      0.00      0.00      0.00      0.00      0.00      0.00      0.00
  9043.05      0.00      0.00      0.00      0.00      0.00      0.00      0.00      0.00      0.00      0.00      0.00      0.00
  9044.05      0.00      0.00      0.00      0.00      0.00      0.00      0.00      0.00      0.00      0.00      0.00      0.00
  9045.05      0.00      0.00      0.00      0.00      0.00      0.00      0.00      0.00      0.00      0.00      0.00      0.00
  9046.05      0.00      0.00      0.00      0.00      0.00      0.00      0.00      0.00      0.00      0.00      0.00      0.00
  9047.05      0.00      0.00      0.00      0.00      0.00      0.00      0.00      0.00      0.00      0.00      0.00      0.00
  9048.05      0.00      0.00      0.00      0.00      0.00      0.00      0.00      0.00      0.00      0.00      0.00      0.00
  9049.05      0.00      0.00      0.00      0.00      0.00      0.00      0.00      0.00      0.00      0.00      0.00      0.00
  9050.05      0.00      0.00      0.00      0.00      0.00      0.00      0.00      0.00      0.00      0.00      0.00      0.00
  9051.05      0.00      0.00      0.00      0.00      0.00      0.00      0.00      0.00      0.00      0.00      0.00      0.00
  9052.05      0.00      0.00      0.00      0.00      0.00      0.00      0.00      0.00      0.00      0.00      0.00      0.00
  9053.05      0.00      0.00      0.00      0.00      0.00      0.00      0.00      0.00      0.00      0.00      0.00      0.00
  9054.05      0.00      0.00      0.00      0.00      0.00      0.00      0.00      0.00      0.00      0.00      0.00      0.00
  9055.05      0.00      0.00      0.00      0.00      0.00      0.00      0.00      0.00      0.00      0.00      0.00      0.00
  9056.05      0.00      0.00      0.00      0.00      0.00      0.00      0.00      0.00      0.00      0.00      0.00      0.00
  9057.05      0.00      0.00      0.00      0.00      0.00      0.00      0.00      0.00      0.00      0.00      0.00      0.00
  9058.05      0.00      0.00      0.00      0.00      0.00      0.00      0.00      0.00      0.00      0.00      0.00      0.00
  9059.05      0.00      0.00      0.00      0.00      0.00      0.00      0.00      0.00      0.00      0.00      0.00      0.00
  9060.05      0.00      0.00      0.00      0.00      0.00      0.00      0.00      0.00      0.00      0.00      0.00      0.00
  9061.05      0.00      0.00      0.00      0.00      0.00      0.00      0.00      0.00      0.00      0.00      0.00      0.00
  9062.05      0.00      0.00      0.00      0.00      0.00      0.00      0.00      0.00      0.00      0.00      0.00      0.00
  9063.05      0.00      0.00      0.00      0.00      0.00      0.00      0.00      0.00      0.00      0.00      0.00      0.00
  9064.05      0.00      0.00      0.00      0.00      0.00      0.00      0.00      0.00      0.00      0.00      0.00      0.00
  9065.05      0.00      0.00      0.00      0.00      0.00      0.00      0.00      0.00      0.00      0.00      0.00      0.00
  9066.05      0.00      0.00      0.00      0.00      0.00      0.00      0.00      0.00      0.00      0.00      0.00      0.00
  9067.05      0.00      0.00      0.00      0.00      0.00      0.00      0.00      0.00      0.00      0.00      0.00      0.00
  9068.05      0.00      0.00      0.00      0.00      0.00      0.00      0.00      0.00      0.00      0.00      0.00      0.00
  9069.05      0.00      0.00      0.00      0.00      0.00      0.00      0.00      0.00      0.00      0.00      0.00      0.00
  9070.05      0.00      0.00      0.00      0.00      0.00      0.00      0.00      0.00      0.00      0.00      0.00      0.00
  9071.05      0.00      0.00      0.00      0.00      0.00      0.00      0.00      0.00      0.00      0.00      0.00      0.00
  9072.05      0.00      0.00      0.00      0.00      0.00      0.00      0.00      0.00      0.00      0.00      0.00      0.00
  9073.05      0.00      0.00      0.00      0.00      0.00      0.00      0.00      0.00      0.00      0.00      0.00      0.00
  9074.05      0.00      0.00      0.00      0.00      0.00      0.00      0.00      0.00      0.00      0.00      0.00      0.00
  9075.05      0.00      0.00      0.00      0.00      0.00      0.00      0.00      0.00      0.00      0.00      0.00      0.00
  9076.05      0.00      0.00      0.00      0.00      0.00      0.00      0.00      0.00      0.00      0.00      0.00      0.00
  9077.05      0.00      0.00      0.00      0.00      0.00      0.00      0.00      0.00      0.00      0.00      0.00      0.00
  9078.05      0.00      0.00      0.00      0.00      0.00      0.00      0.00      0.00      0.00      0.00      0.00      0.00
  9079.05      0.00      0.00      0.00      0.00      0.00      0.00      0.00      0.00      0.00      0.00      0.00      0.00
  9080.05      0.00      0.00      0.00      0.00      0.00      0.00      0.00      0.00      0.00      0.00      0.00      0.00
  9081.05      0.00      0.00      0.00      0.00      0.00      0.00      0.00      0.00      0.00      0.00      0.00      0.00
  9082.05      0.00      0.00      0.00      0.00      0.00      0.00      0.00      0.00      0.00      0.00      0.00      0.00
  9083.05      0.00      0.00      0.00      0.00      0.00      0.00      0.00      0.00      0.00      0.00      0.00      0.00
  9084.05      0.00      0.00      0.00      0.00      0.00      0.00      0.00      0.00      0.00      0.00      0.00      0.00
  9085.05      0.00      0.00      0.00      0.00      0.00      0.00      0.00      0.00      0.00      0.00      0.00      0.00
  9086.05      0.00      0.00      0.00      0.00      0.00      0.00      0.00      0.00      0.00      0.00      0.00      0.00
  9087.05      0.00      0.00      0.00      0.00      0.00      0.00      0.00      0.00      0.00      0.00      0.00      0.00
  9088.05      0.00      0.00      0.00      0.00      0.00      0.00      0.00      0.00      0.00      0.00      0.00      0.00
  9089.05      0.00      0.00      0.00      0.00      0.00      0.00      0.00      0.00      0.00      0.00      0.00      0.00
  9090.05      0.00      0.00      0.00      0.00      0.00      0.00      0.00      0.00      0.00      0.00      0.00      0.00
  9091.05      0.00      0.00      0.00      0.00      0.00      0.00      0.00      0.00      0.00      0.00      0.00      0.00
  9092.05      0.00      0.00      0.00      0.00      0.00      0.00      0.00      0.00      0.00      0.00      0.00      0.00
  9093.05      0.00      0.00      0.00      0.00      0.00      0.00      0.00      0.00      0.00      0.00      0.00      0.00
  9094.05      0.00      0.00      0.00      0.00      0.00      0.00      0.00      0.00      0.00      0.00      0.00      0.00
  9095.05      0.00      0.00      0.00      0.00      0.00      0.00      0.00      0.00      0.00      0.00      0.00      0.00
  9096.05      0.00      0.00      0.00      0.00      0.00      0.00      0.00      0.00      0.00      0.00      0.00      0.00
  9097.05      0.00      0.00      0.00      0.00      0.00      0.00      0.00      0.00      0.00      0.00      0.00      0.00
  9098.05      0.00      0.00      0.00      0.00      0.00      0.00      0.00      0.00      0.00      0.00      0.00      0.00
  9099.05      0.00      0.00      0.00      0.00      0.00      0.00      0.00      0.00      0.00      0.00      0.00      0.00
  9100.05      0.00      0.00      0.00      0.00      0.00      0.00      0.00      0.00      0.00      0.00      0.00      0.00
  9101.05      0.00      0.00      0.00      0.00      0.00      0.00      0.00      0.00      0.00      0.00      0.00      0.00
  9102.05      0.00      0.00      0.00      0.00      0.00      0.00      0.00      0.00      0.00      0.00      0.00      0.00
  9103.05      0.00      0.00      0.00      0.00      0.00      0.00      0.00      0.00      0.00      0.00      0.00      0.00
  9104.05      0.00      0.00      0.00      0.00      0.00      0.00      0.00      0.00      0.00      0.00      0.00      0.00
  9105.05      0.00      0.00      0.00      0.00      0.00      0.00      0.00      0.00      0.00      0.00      0.00      0.00
  9106.05      0.00      0.00      0.00      0.00      0.00      0.00      0.00      0.00      0.00      0.00      0.00      0.00
  9107.05      0.00      0.00      0.00      0.00      0.00      0.00      0.00      0.00      0.00      0.00      0.00      0.00
  9108.05      0.00      0.00      0.00      0.00      0.00      0.00      0.00      0.00      0.00      0.00      0.00      0.00
  9109.05      0.00      0.00      0.00      0.00      0.00      0.00      0.00      0.00      0.00      0.00      0.00      0.00
  9110.05      0.00      0.00      0.00      0.00      0.00      0.00      0.00      0.00      0.00      0.00      0.00      0.00
  9111.05      0.00      0.00      0.00      0.00      0.00      0.00      0.00      0.00      0.00      0.00      0.00      0.00
  9112.05      0.00      0.00      0.00      0.00      0.00      0.00      0.00      0.00      0.00      0.00      0.00      0.00
  9113.05      0.00      0.00      0.00      0.00      0.00      0.00      0.00      0.00      0.00      0.00      0.00      0.00
  9114.05      0.00      0.00      0.00      0.00      0.00      0.00      0.00      0.00      0.00      0.00      0.00      0.00
  9115.05      0.00      0.00      0.00      0.00      0.00      0.00      0.00      0.00      0.00      0.00      0.00      0.00
  9116.05      0.00      0.00      0.00      0.00      0.00      0.00      0.00      0.00      0.00      0.00      0.00      0.00
  9117.05      0.00      0.00      0.00      0.00      0.00      0.00      0.00      0.00      0.00      0.00      0.00      0.00
  9118.05      0.00      0.00      0.00      0.00      0.00      0.00      0.00      0.00      0.00      0.00      0.00      0.00
  9119.05      0.00      0.00      0.00      0.00      0.00      0.00      0.00      0.00      0.00      0.00      0.00      0.00
  9120.05      0.00      0.00      0.00      0.00      0.00      0.00      0.00      0.00      0.00      0.00      0.00      0.00
  9121.05      0.00      0.00      0.00      0.00      0.00      0.00      0.00      0.00      0.00      0.00      0.00      0.00
  9122.05      0.00      0.00      0.00      0.00      0.00      0.00      0.00      0.00      0.00      0.00      0.00      0.00
  9123.05      0.00      0.00      0.00      0.00      0.00      0.00      0.00      0.00      0.00      0.00      0.00      0.00
  9124.05      0.00      0.00      0.00      0.00      0.00      0.00      0.00      0.00      0.00      0.00      0.00      0.00
  9125.05      0.00      0.00      0.00      0.00      0.00      0.00      0.00      0.00      0.00      0.00      0.00      0.00
  9126.05      0.00      0.00      0.00      0.00      0.00      0.00      0.00      0.00      0.00      0.00      0.00      0.00
  9127.05      0.00      0.00      0.00      0.00      0.00      0.00      0.00      0.00      0.00      0.00      0.00      0.00
  9128.05      0.00      0.00      0.00      0.00      0.00      0.00      0.00      0.00      0.00      0.00      0.00      0.00
  9129.05      0.00      0.00      0.00      0.00      0.00      0.00      0.00      0.00      0.00      0.00      0.00      0.00
  9130.05      0.00      0.00      0.00      0.00      0.00      0.00      0.00      0.00      0.00      0.00      0.00      0.00
  9131.05      0.00      0.00      0.00      0.00      0.00      0.00      0.00      0.00      0.00      0.00      0.00      0.00
  9132.05      0.00      0.00      0.00      0.00      0.00      0.00      0.00      0.00      0.00      0.00      0.00      0.00
  9133.05      0.00      0.00      0.00      0.00      0.00      0.00      0.00      0.00      0.00      0.00      0.00      0.00
  9134.05      0.00      0.00      0.00      0.00      0.00      0.00      0.00      0.00      0.00      0.00      0.00      0.00
  9135.05      0.00      0.00      0.00      0.00      0.00      0.00      0.00      0.00      0.00      0.00      0.00      0.00
  9136.05      0.00      0.00      0.00      0.00      0.00      0.00      0.00      0.00      0.00      0.00      0.00      0.00
  9137.05      0.00      0.00      0.00      0.00      0.00      0.00      0.00      0.00      0.00      0.00      0.00      0.00
  9138.05      0.00      0.00      0.00      0.00      0.00      0.00      0.00      0.00      0.00      0.00      0.00      0.00
  9139.05      0.00      0.00      0.00      0.00      0.00      0.00      0.00      0.00      0.00      0.00      0.00      0.00
  9140.05      0.00      0.00      0.00      0.00      0.00      0.00      0.00      0.00      0.00      0.00      0.00      0.00
  9141.05      0.00      0.00      0.00      0.00      0.00      0.00      0.00      0.00      0.00      0.00      0.00      0.00
  9142.05      0.00      0.00      0.00      0.00      0.00      0.00      0.00      0.00      0.00      0.00      0.00      0.00
  9143.05      0.00      0.00      0.00      0.00      0.00      0.00      0.00      0.00      0.00      0.00      0.00      0.00
  9144.05      0.00      0.00      0.00      0.00      0.00      0.00      0.00      0.00      0.00      0.00      0.00      0.00
  9145.05      0.00      0.00      0.00      0.00      0.00      0.00      0.00      0.00      0.00      0.00      0.00      0.00
  9146.05      0.00      0.00      0.00      0.00      0.00      0.00      0.00      0.00      0.00      0.00      0.00      0.00
  9147.05      0.00      0.00      0.00      0.00      0.00      0.00      0.00      0.00      0.00      0.00      0.00      0.00
  9148.05      0.00      0.00      0.00      0.00      0.00      0.00      0.00      0.00      0.00      0.00      0.00      0.00
  9149.05      0.00      0.00      0.00      0.00      0.00      0.00      0.00      0.00      0.00      0.00      0.00      0.00
  9150.05      0.00      0.00      0.00      0.00      0.00      0.00      0.00      0.00      0.00      0.00      0.00      0.00
  9151.05      0.00      0.00      0.00      0.00      0.00      0.00      0.00      0.00      0.00      0.00      0.00      0.00
  9152.05      0.00      0.00      0.00      0.00      0.00      0.00      0.00      0.00      0.00      0.00      0.00      0.00
  9153.05      0.00      0.00      0.00      0.00      0.00      0.00      0.00      0.00      0.00      0.00      0.00      0.00
  9154.05      0.00      0.00      0.00      0.00      0.00      0.00      0.00      0.00      0.00      0.00      0.00      0.00
  9155.05      0.00      0.00      0.00      0.00      0.00      0.00      0.00      0.00      0.00      0.00      0.00      0.00
  9156.05      0.00      0.00      0.00      0.00      0.00      0.00      0.00      0.00      0.00      0.00      0.00      0.00
  9157.05      0.00      0.00      0.00      0.00      0.00      0.00      0.00      0.00      0.00      0.00      0.00      0.00
  9158.05      0.00      0.00      0.00      0.00      0.00      0.00      0.00      0.00      0.00      0.00      0.00      0.00
  9159.05      0.00      0.00      0.00      0.00      0.00      0.00      0.00      0.00      0.00      0.00      0.00      0.00
  9160.05      0.00      0.00      0.00      0.00      0.00      0.00      0.00      0.00      0.00      0.00      0.00      0.00
  9161.05      0.00      0.00      0.00      0.00      0.00      0.00      0.00      0.00      0.00      0.00      0.00      0.00
  9162.05      0.00      0.00      0.00      0.00      0.00      0.00      0.00      0.00      0.00      0.00      0.00      0.00
  9163.05      0.00      0.00      0.00      0.00      0.00      0.00      0.00      0.00      0.00      0.00      0.00      0.00
  9164.05      0.00      0.00      0.00      0.00      0.00      0.00      0.00      0.00      0.00      0.00      0.00      0.00
  9165.05      0.00      0.00      0.00      0.00      0.00      0.00      0.00      0.00      0.00      0.00      0.00      0.00
  9166.05      0.00      0.00      0.00      0.00      0.00      0.00      0.00      0.00      0.00      0.00      0.00      0.00
  9167.05      0.00      0.00      0.00      0.00      0.00      0.00      0.00      0.00      0.00      0.00      0.00      0.00
  9168.05      0.00      0.00      0.00      0.00      0.00      0.00      0.00      0.00      0.00      0.00      0.00      0.00
  9169.05      0.00      0.00      0.00      0.00      0.00      0.00      0.00      0.00      0.00      0.00      0.00      0.00
  9170.05      0.00      0.00      0.00      0.00      0.00      0.00      0.00      0.00      0.00      0.00      0.00      0.00
  9171.05      0.00      0.00      0.00      0.00      0.00      0.00      0.00      0.00      0.00      0.00      0.00      0.00
  9172.05      0.00      0.00      0.00      0.00      0.00      0.00      0.00      0.00      0.00      0.00      0.00      0.00
  9173.05      0.00      0.00      0.00      0.00      0.00      0.00      0.00      0.00      0.00      0.00      0.00      0.00
  9174.05      0.00      0.00      0.00      0.00      0.00      0.00      0.00      0.00      0.00      0.00      0.00      0.00
  9175.05      0.00      0.00      0.00      0.00      0.00      0.00      0.00      0.00      0.00      0.00      0.00      0.00
  9176.05      0.00      0.00      0.00      0.00      0.00      0.00      0.00      0.00      0.00      0.00      0.00      0.00
  9177.05      0.00      0.00      0.00      0.00      0.00      0.00      0.00      0.00      0.00      0.00      0.00      0.00
  9178.05      0.00      0.00      0.00      0.00      0.00      0.00      0.00      0.00      0.00      0.00      0.00      0.00
  9179.05      0.00      0.00      0.00      0.00      0.00      0.00      0.00      0.00      0.00      0.00      0.00      0.00
  9180.05      0.00      0.00      0.00      0.00      0.00      0.00      0.00      0.00      0.00      0.00      0.00      0.00
  9181.05      0.00      0.00      0.00      0.00      0.00      0.00      0.00      0.00      0.00      0.00      0.00      0.00
  9182.05      0.00      0.00      0.00      0.00      0.00      0.00      0.00      0.00      0.00      0.00      0.00      0.00
  9183.05      0.00      0.00      0.00      0.00      0.00      0.00      0.00      0.00      0.00      0.00      0.00      0.00
  9184.05      0.00      0.00      0.00      0.00      0.00      0.00      0.00      0.00      0.00      0.00      0.00      0.00
  9185.05      0.00      0.00      0.00      0.00      0.00      0.00      0.00      0.00      0.00      0.00      0.00      0.00
  9186.05      0.00      0.00      0.00      0.00      0.00      0.00      0.00      0.00      0.00      0.00      0.00      0.00
  9187.05      0.00      0.00      0.00      0.00      0.00      0.00      0.00      0.00      0.00      0.00      0.00      0.00
  9188.05      0.00      0.00      0.00      0.00      0.00      0.00      0.00      0.00      0.00      0.00      0.00      0.00
  9189.05      0.00      0.00      0.00      0.00      0.00      0.00      0.00      0.00      0.00      0.00      0.00      0.00
  9190.05      0.00      0.00      0.00      0.00      0.00      0.00      0.00      0.00      0.00      0.00      0.00      0.00
  9191.05      0.00      0.00      0.00      0.00      0.00      0.00      0.00      0.00      0.00      0.00      0.00      0.00
  9192.05      0.00      0.00      0.00      0.00      0.00      0.00      0.00      0.00      0.00      0.00      0.00      0.00
  9193.05      0.00      0.00      0.00      0.00      0.00      0.00      0.00      0.00      0.00      0.00      0.00      0.00
  9194.05      0.00      0.00      0.00      0.00      0.00      0.00      0.00      0.00      0.00      0.00      0.00      0.00
  9195.05      0.00      0.00      0.00      0.00      0.00      0.00      0.00      0.00      0.00      0.00      0.00      0.00
  9196.05      0.00      0.00      0.00      0.00      0.00      0.00      0.00      0.00      0.00      0.00      0.00      0.00
  9197.05      0.00      0.00      0.00      0.00      0.00      0.00      0.00      0.00      0.00      0.00      0.00      0.00
  9198.05      0.00      0.00      0.00      0.00      0.00      0.00      0.00      0.00      0.00      0.00      0.00      0.00
  9199.05      0.00      0.00      0.00      0.00      0.00      0.00      0.00      0.00      0.00      0.00      0.00      0.00
  9200.05      0.00      0.00      0.00      0.00      0.00      0.00      0.00      0.00      0.00      0.00      0.00      0.00
  9201.05      0.00      0.00      0.00      0.00      0.00      0.00      0.00      0.00      0.00      0.00      0.00      0.00
  9202.05      0.00      0.00      0.00      0.00      0.00      0.00      0.00      0.00      0.00      0.00      0.00      0.00
  9203.05      0.00      0.00      0.00      0.00      0.00      0.00      0.00      0.00      0.00      0.00      0.00      0.00
  9204.05      0.00      0.00      0.00      0.00      0.00      0.00      0.00      0.00      0.00      0.00      0.00      0.00
  9205.05      0.00      0.00      0.00      0.00      0.00      0.00      0.00      0.00      0.00      0.00      0.00      0.00
  9206.05      0.00      0.00      0.00      0.00      0.00      0.00      0.00      0.00      0.00      0.00      0.00      0.00
  9207.05      0.00      0.00      0.00      0.00      0.00      0.00      0.00      0.00      0.00      0.00      0.00      0.00
  9208.05      0.00      0.00      0.00      0.00      0.00      0.00      0.00      0.00      0.00      0.00      0.00      0.00
  9209.05      0.00      0.00      0.00      0.00      0.00      0.00      0.00      0.00      0.00      0.00      0.00      0.00
  9210.05      0.00      0.00      0.00      0.00      0.00      0.00      0.00      0.00      0.00      0.00      0.00      0.00
  9211.05      0.00      0.00      0.00      0.00      0.00      0.00      0.00      0.00      0.00      0.00      0.00      0.00
  9212.05      0.00      0.00      0.00      0.00      0.00      0.00      0.00      0.00      0.00      0.00      0.00      0.00
  9213.05      0.00      0.00      0.00      0.00      0.00      0.00      0.00      0.00      0.00      0.00      0.00      0.00
  9214.05      0.00      0.00      0.00      0.00      0.00      0.00      0.00      0.00      0.00      0.00      0.00      0.00
  9215.05      0.00      0.00      0.00      0.00      0.00      0.00      0.00      0.00      0.00      0.00      0.00      0.00
  9216.05      0.00      0.00      0.00      0.00      0.00      0.00      0.00      0.00      0.00      0.00      0.00      0.00
  9217.05      0.00      0.00      0.00      0.00      0.00      0.00      0.00      0.00      0.00      0.00      0.00      0.00
  9218.05      0.00      0.00      0.00      0.00      0.00      0.00      0.00      0.00      0.00      0.00      0.00      0.00
  9219.05      0.00      0.00      0.00      0.00      0.00      0.00      0.00      0.00      0.00      0.00      0.00      0.00
  9220.05      0.00      0.00      0.00      0.00      0.00      0.00      0.00      0.00      0.00      0.00      0.00      0.00
  9221.05      0.00      0.00      0.00      0.00      0.00      0.00      0.00      0.00      0.00      0.00      0.00      0.00
  9222.05      0.00      0.00      0.00      0.00      0.00      0.00      0.00      0.00      0.00      0.00      0.00      0.00
  9223.05      0.00      0.00      0.00      0.00      0.00      0.00      0.00      0.00      0.00      0.00      0.00      0.00
  9224.05      0.00      0.00      0.00      0.00      0.00      0.00      0.00      0.00      0.00      0.00      0.00      0.00
  9225.05      0.00      0.00      0.00      0.00      0.00      0.00      0.00      0.00      0.00      0.00      0.00      0.00
  9226.05      0.00      0.00      0.00      0.00      0.00      0.00      0.00      0.00      0.00      0.00      0.00      0.00
  9227.05      0.00      0.00      0.00      0.00      0.00      0.00      0.00      0.00      0.00      0.00      0.00      0.00
  9228.05      0.00      0.00      0.00      0.00      0.00      0.00      0.00      0.00      0.00      0.00      0.00      0.00
  9229.05      0.00      0.00      0.00      0.00      0.00      0.00      0.00      0.00      0.00      0.00      0.00      0.00
  9230.05      0.00      0.00      0.00      0.00      0.00      0.00      0.00      0.00      0.00      0.00      0.00      0.00
  9231.05      0.00      0.00      0.00      0.00      0.00      0.00      0.00      0.00      0.00      0.00      0.00      0.00
  9232.05      0.00      0.00      0.00      0.00      0.00      0.00      0.00      0.00      0.00      0.00      0.00      0.00
  9233.05      0.00      0.00      0.00      0.00      0.00      0.00      0.00      0.00      0.00      0.00      0.00      0.00
  9234.05      0.00      0.00      0.00      0.00      0.00      0.00      0.00      0.00      0.00      0.00      0.00      0.00
  9235.05      0.00      0.00      0.00      0.00      0.00      0.00      0.00      0.00      0.00      0.00      0.00      0.00
  9236.05      0.00      0.00      0.00      0.00      0.00      0.00      0.00      0.00      0.00      0.00      0.00      0.00
  9237.05      0.00      0.00      0.00      0.00      0.00      0.00      0.00      0.00      0.00      0.00      0.00      0.00
  9238.05      0.00      0.00      0.00      0.00      0.00      0.00      0.00      0.00      0.00      0.00      0.00      0.00
  9239.05      0.00      0.00      0.00      0.00      0.00      0.00      0.00      0.00      0.00      0.00      0.00      0.00
  9240.05      0.00      0.00      0.00      0.00      0.00      0.00      0.00      0.00      0.00      0.00      0.00      0.00
  9241.05      0.00      0.00      0.00      0.00      0.00      0.00      0.00      0.00      0.00      0.00      0.00      0.00
  9242.05      0.00      0.00      0.00      0.00      0.00      0.00      0.00      0.00      0.00      0.00      0.00      0.00
  9243.05      0.00      0.00      0.00      0.00      0.00      0.00      0.00      0.00      0.00      0.00      0.00      0.00
  9244.05      0.00      0.00      0.00      0.00      0.00      0.00      0.00      0.00      0.00      0.00      0.00      0.00
  9245.05      0.00      0.00      0.00      0.00      0.00      0.00      0.00      0.00      0.00      0.00      0.00      0.00
  9246.05      0.00      0.00      0.00      0.00      0.00      0.00      0.00      0.00      0.00      0.00      0.00      0.00
  9247.05      0.00      0.00      0.00      0.00      0.00      0.00      0.00      0.00      0.00      0.00      0.00      0.00
  9248.05      0.00      0.00      0.00      0.00      0.00      0.00      0.00      0.00      0.00      0.00      0.00      0.00
  9249.05      0.00      0.00      0.00      0.00      0.00      0.00      0.00      0.00      0.00      0.00      0.00      0.00
  9250.05      0.00      0.00      0.00      0.00      0.00      0.00      0.00      0.00      0.00      0.00      0.00      0.00
  9251.05      0.00      0.00      0.00      0.00      0.00      0.00      0.00      0.00      0.00      0.00      0.00      0.00
  9252.05      0.00      0.00      0.00      0.00      0.00      0.00      0.00      0.00      0.00      0.00      0.00      0.00
  9253.05      0.00      0.00      0.00      0.00      0.00      0.00      0.00      0.00      0.00      0.00      0.00      0.00
  9254.05      0.00      0.00      0.00      0.00      0.00      0.00      0.00      0.00      0.00      0.00      0.00      0.00
  9255.05      0.00      0.00      0.00      0.00      0.00      0.00      0.00      0.00      0.00      0.00      0.00      0.00
  9256.05      0.00      0.00      0.00      0.00      0.00      0.00      0.00      0.00      0.00      0.00      0.00      0.00
  9257.05      0.00      0.00      0.00      0.00      0.00      0.00      0.00      0.00      0.00      0.00      0.00      0.00
  9258.05      0.00      0.00      0.00      0.00      0.00      0.00      0.00      0.00      0.00      0.00      0.00      0.00
  9259.05      0.00      0.00      0.00      0.00      0.00      0.00      0.00      0.00      0.00      0.00      0.00      0.00
  9260.05      0.00      0.00      0.00      0.00      0.00      0.00      0.00      0.00      0.00      0.00      0.00      0.00
  9261.05      0.00      0.00      0.00      0.00      0.00      0.00      0.00      0.00      0.00      0.00      0.00      0.00
  9262.05      0.00      0.00      0.00      0.00      0.00      0.00      0.00      0.00      0.00      0.00      0.00      0.00
  9263.05      0.00      0.00      0.00      0.00      0.00      0.00      0.00      0.00      0.00      0.00      0.00      0.00
  9264.05      0.00      0.00      0.00      0.00      0.00      0.00      0.00      0.00      0.00      0.00      0.00      0.00
  9265.05      0.00      0.00      0.00      0.00      0.00      0.00      0.00      0.00      0.00      0.00      0.00      0.00
  9266.05      0.00      0.00      0.00      0.00      0.00      0.00      0.00      0.00      0.00      0.00      0.00      0.00
  9267.05      0.00      0.00      0.00      0.00      0.00      0.00      0.00      0.00      0.00      0.00      0.00      0.00
  9268.05      0.00      0.00      0.00      0.00      0.00      0.00      0.00      0.00      0.00      0.00      0.00      0.00
  9269.05      0.00      0.00      0.00      0.00      0.00      0.00      0.00      0.00      0.00      0.00      0.00      0.00
  9270.05      0.00      0.00      0.00      0.00      0.00      0.00      0.00      0.00      0.00      0.00      0.00      0.00
  9271.05      0.00      0.00      0.00      0.00      0.00      0.00      0.00      0.00      0.00      0.00      0.00      0.00
  9272.05      0.00      0.00      0.00      0.00      0.00      0.00      0.00      0.00      0.00      0.00      0.00      0.00
  9273.05      0.00      0.00      0.00      0.00      0.00      0.00      0.00      0.00      0.00      0.00      0.00      0.00
  9274.05      0.00      0.00      0.00      0.00      0.00      0.00      0.00      0.00      0.00      0.00      0.00      0.00
  9275.05      0.00      0.00      0.00      0.00      0.00      0.00      0.00      0.00      0.00      0.00      0.00      0.00
  9276.05      0.00      0.00      0.00      0.00      0.00      0.00      0.00      0.00      0.00      0.00      0.00      0.00
  9277.05      0.00      0.00      0.00      0.00      0.00      0.00      0.00      0.00      0.00      0.00      0.00      0.00
  9278.05      0.00      0.00      0.00      0.00      0.00      0.00      0.00      0.00      0.00      0.00      0.00      0.00
  9279.05      0.00      0.00      0.00      0.00      0.00      0.00      0.00      0.00      0.00      0.00      0.00      0.00
  9280.05      0.00      0.00      0.00      0.00      0.00      0.00      0.00      0.00      0.00      0.00      0.00      0.00
  9281.05      0.00      0.00      0.00      0.00      0.00      0.00      0.00      0.00      0.00      0.00      0.00      0.00
  9282.05      0.00      0.00      0.00      0.00      0.00      0.00      0.00      0.00      0.00      0.00      0.00      0.00
  9283.05      0.00      0.00      0.00      0.00      0.00      0.00      0.00      0.00      0.00      0.00      0.00      0.00
  9284.05      0.00      0.00      0.00      0.00      0.00      0.00      0.00      0.00      0.00      0.00      0.00      0.00
  9285.05      0.00      0.00      0.00      0.00      0.00      0.00      0.00      0.00      0.00      0.00      0.00      0.00
  9286.05      0.00      0.00      0.00      0.00      0.00      0.00      0.00      0.00      0.00      0.00      0.00      0.00
  9287.05      0.00      0.00      0.00      0.00      0.00      0.00      0.00      0.00      0.00      0.00      0.00      0.00
  9288.05      0.00      0.00      0.00      0.00      0.00      0.00      0.00      0.00      0.00      0.00      0.00      0.00
  9289.05      0.00      0.00      0.00      0.00      0.00      0.00      0.00      0.00      0.00      0.00      0.00      0.00
  9290.05      0.00      0.00      0.00      0.00      0.00      0.00      0.00      0.00      0.00      0.00      0.00      0.00
  9291.05      0.00      0.00      0.00      0.00      0.00      0.00      0.00      0.00      0.00      0.00      0.00      0.00
  9292.05      0.00      0.00      0.00      0.00      0.00      0.00      0.00      0.00      0.00      0.00      0.00      0.00
  9293.05      0.00      0.00      0.00      0.00      0.00      0.00      0.00      0.00      0.00      0.00      0.00      0.00
  9294.05      0.00      0.00      0.00      0.00      0.00      0.00      0.00      0.00      0.00      0.00      0.00      0.00
  9295.05      0.00      0.00      0.00      0.00      0.00      0.00      0.00      0.00      0.00      0.00      0.00      0.00
  9296.05      0.00      0.00      0.00      0.00      0.00      0.00      0.00      0.00      0.00      0.00      0.00      0.00
  9297.05      0.00      0.00      0.00      0.00      0.00      0.00      0.00      0.00      0.00      0.00      0.00      0.00
  9298.05      0.00      0.00      0.00      0.00      0.00      0.00      0.00      0.00      0.00      0.00      0.00      0.00
  9299.05      0.00      0.00      0.00      0.00      0.00      0.00      0.00      0.00      0.00      0.00      0.00      0.00
  9300.05      0.00      0.00      0.00      0.00      0.00      0.00      0.00      0.00      0.00      0.00      0.00      0.00
  9301.05      0.00      0.00      0.00      0.00      0.00      0.00      0.00      0.00      0.00      0.00      0.00      0.00
  9302.05      0.00      0.00      0.00      0.00      0.00      0.00      0.00      0.00      0.00      0.00      0.00      0.00
  9303.05      0.00      0.00      0.00      0.00      0.00      0.00      0.00      0.00      0.00      0.00      0.00      0.00
  9304.05      0.00      0.00      0.00      0.00      0.00      0.00      0.00      0.00      0.00      0.00      0.00      0.00
  9305.05      0.00      0.00      0.00      0.00      0.00      0.00      0.00      0.00      0.00      0.00      0.00      0.00
  9306.05      0.00      0.00      0.00      0.00      0.00      0.00      0.00      0.00      0.00      0.00      0.00      0.00
  9307.05      0.00      0.00      0.00      0.00      0.00      0.00      0.00      0.00      0.00      0.00      0.00      0.00
  9308.05      0.00      0.00      0.00      0.00      0.00      0.00      0.00      0.00      0.00      0.00      0.00      0.00
  9309.05      0.00      0.00      0.00      0.00      0.00      0.00      0.00      0.00      0.00      0.00      0.00      0.00
  9310.05      0.00      0.00      0.00      0.00      0.00      0.00      0.00      0.00      0.00      0.00      0.00      0.00
  9311.05      0.00      0.00      0.00      0.00      0.00      0.00      0.00      0.00      0.00      0.00      0.00      0.00
  9312.05      0.00      0.00      0.00      0.00      0.00      0.00      0.00      0.00      0.00      0.00      0.00      0.00
  9313.05      0.00      0.00      0.00      0.00      0.00      0.00      0.00      0.00      0.00      0.00      0.00      0.00
  9314.05      0.00      0.00      0.00      0.00      0.00      0.00      0.00      0.00      0.00      0.00      0.00      0.00
  9315.05      0.00      0.00      0.00      0.00      0.00      0.00      0.00      0.00      0.00      0.00      0.00      0.00
  9316.05      0.00      0.00      0.00      0.00      0.00      0.00      0.00      0.00      0.00      0.00      0.00      0.00
  9317.05      0.00      0.00      0.00      0.00      0.00      0.00      0.00      0.00      0.00      0.00      0.00      0.00
  9318.05      0.00      0.00      0.00      0.00      0.00      0.00      0.00      0.00      0.00      0.00      0.00      0.00
  9319.05      0.00      0.00      0.00      0.00      0.00      0.00      0.00      0.00      0.00      0.00      0.00      0.00
  9320.05      0.00      0.00      0.00      0.00      0.00      0.00      0.00      0.00      0.00      0.00      0.00      0.00
  9321.05      0.00      0.00      0.00      0.00      0.00      0.00      0.00      0.00      0.00      0.00      0.00      0.00
  9322.05      0.00      0.00      0.00      0.00      0.00      0.00      0.00      0.00      0.00      0.00      0.00      0.00
  9323.05      0.00      0.00      0.00      0.00      0.00      0.00      0.00      0.00      0.00      0.00      0.00      0.00
  9324.05      0.00      0.00      0.00      0.00      0.00      0.00      0.00      0.00      0.00      0.00      0.00      0.00
  9325.05      0.00      0.00      0.00      0.00      0.00      0.00      0.00      0.00      0.00      0.00      0.00      0.00
  9326.05      0.00      0.00      0.00      0.00      0.00      0.00      0.00      0.00      0.00      0.00      0.00      0.00
  9327.05      0.00      0.00      0.00      0.00      0.00      0.00      0.00      0.00      0.00      0.00      0.00      0.00
  9328.05      0.00      0.00      0.00      0.00      0.00      0.00      0.00      0.00      0.00      0.00      0.00      0.00
  9329.05      0.00      0.00      0.00      0.00      0.00      0.00      0.00      0.00      0.00      0.00      0.00      0.00
  9330.05      0.00      0.00      0.00      0.00      0.00      0.00      0.00      0.00      0.00      0.00      0.00      0.00
  9331.05      0.00      0.00      0.00      0.00      0.00      0.00      0.00      0.00      0.00      0.00      0.00      0.00
  9332.05      0.00      0.00      0.00      0.00      0.00      0.00      0.00      0.00      0.00      0.00      0.00      0.00
  9333.05      0.00      0.00      0.00      0.00      0.00      0.00      0.00      0.00      0.00      0.00      0.00      0.00
  9334.05      0.00      0.00      0.00      0.00      0.00      0.00      0.00      0.00      0.00      0.00      0.00      0.00
  9335.05      0.00      0.00      0.00      0.00      0.00      0.00      0.00      0.00      0.00      0.00      0.00      0.00
  9336.05      0.00      0.00      0.00      0.00      0.00      0.00      0.00      0.00      0.00      0.00      0.00      0.00
  9337.05      0.00      0.00      0.00      0.00      0.00      0.00      0.00      0.00      0.00      0.00      0.00      0.00
  9338.05      0.00      0.00      0.00      0.00      0.00      0.00      0.00      0.00      0.00      0.00      0.00      0.00
  9339.05      0.00      0.00      0.00      0.00      0.00      0.00      0.00      0.00      0.00      0.00      0.00      0.00
  9340.05      0.00      0.00      0.00      0.00      0.00      0.00      0.00      0.00      0.00      0.00      0.00      0.00
  9341.05      0.00      0.00      0.00      0.00      0.00      0.00      0.00      0.00      0.00      0.00      0.00      0.00
  9342.05      0.00      0.00      0.00      0.00      0.00      0.00      0.00      0.00      0.00      0.00      0.00      0.00
  9343.05      0.00      0.00      0.00      0.00      0.00      0.00      0.00      0.00      0.00      0.00      0.00      0.00
  9344.05      0.00      0.00      0.00      0.00      0.00      0.00      0.00      0.00      0.00      0.00      0.00      0.00
  9345.05      0.00      0.00      0.00      0.00      0.00      0.00      0.00      0.00      0.00      0.00      0.00      0.00
  9346.05      0.00      0.00      0.00      0.00      0.00      0.00      0.00      0.00      0.00      0.00      0.00      0.00
  9347.05      0.00      0.00      0.00      0.00      0.00      0.00      0.00      0.00      0.00      0.00      0.00      0.00
  9348.05      0.00      0.00      0.00      0.00      0.00      0.00      0.00      0.00      0.00      0.00      0.00      0.00
  9349.05      0.00      0.00      0.00      0.00      0.00      0.00      0.00      0.00      0.00      0.00      0.00      0.00
  9350.05      0.00      0.00      0.00      0.00      0.00      0.00      0.00      0.00      0.00      0.00      0.00      0.00
  9351.05      0.00      0.00      0.00      0.00      0.00      0.00      0.00      0.00      0.00      0.00      0.00      0.00
  9352.05      0.00      0.00      0.00      0.00      0.00      0.00      0.00      0.00      0.00      0.00      0.00      0.00
  9353.05      0.00      0.00      0.00      0.00      0.00      0.00      0.00      0.00      0.00      0.00      0.00      0.00
  9354.05      0.00      0.00      0.00      0.00      0.00      0.00      0.00      0.00      0.00      0.00      0.00      0.00
  9355.05      0.00      0.00      0.00      0.00      0.00      0.00      0.00      0.00      0.00      0.00      0.00      0.00
  9356.05      0.00      0.00      0.00      0.00      0.00      0.00      0.00      0.00      0.00      0.00      0.00      0.00
  9357.05      0.00      0.00      0.00      0.00      0.00      0.00      0.00      0.00      0.00      0.00      0.00      0.00
  9358.05      0.00      0.00      0.00      0.00      0.00      0.00      0.00      0.00      0.00      0.00      0.00      0.00
  9359.05      0.00      0.00      0.00      0.00      0.00      0.00      0.00      0.00      0.00      0.00      0.00      0.00
  9360.05      0.00      0.00      0.00      0.00      0.00      0.00      0.00      0.00      0.00      0.00      0.00      0.00
  9361.05      0.00      0.00      0.00      0.00      0.00      0.00      0.00      0.00      0.00      0.00      0.00      0.00
  9362.05      0.00      0.00      0.00      0.00      0.00      0.00      0.00      0.00      0.00      0.00      0.00      0.00
  9363.05      0.00      0.00      0.00      0.00      0.00      0.00      0.00      0.00      0.00      0.00      0.00      0.00
  9364.05      0.00      0.00      0.00      0.00      0.00      0.00      0.00      0.00      0.00      0.00      0.00      0.00
  9365.05      0.00      0.00      0.00      0.00      0.00      0.00      0.00      0.00      0.00      0.00      0.00      0.00
  9366.05      0.00      0.00      0.00      0.00      0.00      0.00      0.00      0.00      0.00      0.00      0.00      0.00
  9367.05      0.00      0.00      0.00      0.00      0.00      0.00      0.00      0.00      0.00      0.00      0.00      0.00
  9368.05      0.00      0.00      0.00      0.00      0.00      0.00      0.00      0.00      0.00      0.00      0.00      0.00
  9369.05      0.00      0.00      0.00      0.00      0.00      0.00      0.00      0.00      0.00      0.00      0.00      0.00
  9370.05      0.00      0.00      0.00      0.00      0.00      0.00      0.00      0.00      0.00      0.00      0.00      0.00
  9371.05      0.00      0.00      0.00      0.00      0.00      0.00      0.00      0.00      0.00      0.00      0.00      0.00
  9372.05      0.00      0.00      0.00      0.00      0.00      0.00      0.00      0.00      0.00      0.00      0.00      0.00
  9373.05      0.00      0.00      0.00      0.00      0.00      0.00      0.00      0.00      0.00      0.00      0.00      0.00
  9374.05      0.00      0.00      0.00      0.00      0.00      0.00      0.00      0.00      0.00      0.00      0.00      0.00
  9375.05      0.00      0.00      0.00      0.00      0.00      0.00      0.00      0.00      0.00      0.00      0.00      0.00
  9376.05      0.00      0.00      0.00      0.00      0.00      0.00      0.00      0.00      0.00      0.00      0.00      0.00
  9377.05      0.00      0.00      0.00      0.00      0.00      0.00      0.00      0.00      0.00      0.00      0.00      0.00
  9378.05      0.00      0.00      0.00      0.00      0.00      0.00      0.00      0.00      0.00      0.00      0.00      0.00
  9379.05      0.00      0.00      0.00      0.00      0.00      0.00      0.00      0.00      0.00      0.00      0.00      0.00
  9380.05      0.00      0.00      0.00      0.00      0.00      0.00      0.00      0.00      0.00      0.00      0.00      0.00
  9381.05      0.00      0.00      0.00      0.00      0.00      0.00      0.00      0.00      0.00      0.00      0.00      0.00
  9382.05      0.00      0.00      0.00      0.00      0.00      0.00      0.00      0.00      0.00      0.00      0.00      0.00
  9383.05      0.00      0.00      0.00      0.00      0.00      0.00      0.00      0.00      0.00      0.00      0.00      0.00
  9384.05      0.00      0.00      0.00      0.00      0.00      0.00      0.00      0.00      0.00      0.00      0.00      0.00
  9385.05      0.00      0.00      0.00      0.00      0.00      0.00      0.00      0.00      0.00      0.00      0.00      0.00
  9386.05      0.00      0.00      0.00      0.00      0.00      0.00      0.00      0.00      0.00      0.00      0.00      0.00
  9387.05      0.00      0.00      0.00      0.00      0.00      0.00      0.00      0.00      0.00      0.00      0.00      0.00
  9388.05      0.00      0.00      0.00      0.00      0.00      0.00      0.00      0.00      0.00      0.00      0.00      0.00
  9389.05      0.00      0.00      0.00      0.00      0.00      0.00      0.00      0.00      0.00      0.00      0.00      0.00
  9390.05      0.00      0.00      0.00      0.00      0.00      0.00      0.00      0.00      0.00      0.00      0.00      0.00
  9391.05      0.00      0.00      0.00      0.00      0.00      0.00      0.00      0.00      0.00      0.00      0.00      0.00
  9392.05      0.00      0.00      0.00      0.00      0.00      0.00      0.00      0.00      0.00      0.00      0.00      0.00
  9393.05      0.00      0.00      0.00      0.00      0.00      0.00      0.00      0.00      0.00      0.00      0.00      0.00
  9394.05      0.00      0.00      0.00      0.00      0.00      0.00      0.00      0.00      0.00      0.00      0.00      0.00
  9395.05      0.00      0.00      0.00      0.00      0.00      0.00      0.00      0.00      0.00      0.00      0.00      0.00
  9396.05      0.00      0.00      0.00      0.00      0.00      0.00      0.00      0.00      0.00      0.00      0.00      0.00
  9397.05      0.00      0.00      0.00      0.00      0.00      0.00      0.00      0.00      0.00      0.00      0.00      0.00
  9398.05      0.00      0.00      0.00      0.00      0.00      0.00      0.00      0.00      0.00      0.00      0.00      0.00
  9399.05      0.00      0.00      0.00      0.00      0.00      0.00      0.00      0.00      0.00      0.00      0.00      0.00
  9400.05      0.00      0.00      0.00      0.00      0.00      0.00      0.00      0.00      0.00      0.00      0.00      0.00
  9401.05      0.00      0.00      0.00      0.00      0.00      0.00      0.00      0.00      0.00      0.00      0.00      0.00
  9402.05      0.00      0.00      0.00      0.00      0.00      0.00      0.00      0.00      0.00      0.00      0.00      0.00
  9403.05      0.00      0.00      0.00      0.00      0.00      0.00      0.00      0.00      0.00      0.00      0.00      0.00
  9404.05      0.00      0.00      0.00      0.00      0.00      0.00      0.00      0.00      0.00      0.00      0.00      0.00
  9405.05      0.00      0.00      0.00      0.00      0.00      0.00      0.00      0.00      0.00      0.00      0.00      0.00
  9406.05      0.00      0.00      0.00      0.00      0.00      0.00      0.00      0.00      0.00      0.00      0.00      0.00
  9407.05      0.00      0.00      0.00      0.00      0.00      0.00      0.00      0.00      0.00      0.00      0.00      0.00
  9408.05      0.00      0.00      0.00      0.00      0.00      0.00      0.00      0.00      0.00      0.00      0.00      0.00
  9409.05      0.00      0.00      0.00      0.00      0.00      0.00      0.00      0.00      0.00      0.00      0.00      0.00
  9410.05      0.00      0.00      0.00      0.00      0.00      0.00      0.00      0.00      0.00      0.00      0.00      0.00
  9411.05      0.00      0.00      0.00      0.00      0.00      0.00      0.00      0.00      0.00      0.00      0.00      0.00
  9412.05      0.00      0.00      0.00      0.00      0.00      0.00      0.00      0.00      0.00      0.00      0.00      0.00
  9413.05      0.00      0.00      0.00      0.00      0.00      0.00      0.00      0.00      0.00      0.00      0.00      0.00
  9414.05      0.00      0.00      0.00      0.00      0.00      0.00      0.00      0.00      0.00      0.00      0.00      0.00
  9415.05      0.00      0.00      0.00      0.00      0.00      0.00      0.00      0.00      0.00      0.00      0.00      0.00
  9416.05      0.00      0.00      0.00      0.00      0.00      0.00      0.00      0.00      0.00      0.00      0.00      0.00
  9417.05      0.00      0.00      0.00      0.00      0.00      0.00      0.00      0.00      0.00      0.00      0.00      0.00
  9418.05      0.00      0.00      0.00      0.00      0.00      0.00      0.00      0.00      0.00      0.00      0.00      0.00
  9419.05      0.00      0.00      0.00      0.00      0.00      0.00      0.00      0.00      0.00      0.00      0.00      0.00
  9420.05      0.00      0.00      0.00      0.00      0.00      0.00      0.00      0.00      0.00      0.00      0.00      0.00
  9421.05      0.00      0.00      0.00      0.00      0.00      0.00      0.00      0.00      0.00      0.00      0.00      0.00
  9422.05      0.00      0.00      0.00      0.00      0.00      0.00      0.00      0.00      0.00      0.00      0.00      0.00
  9423.05      0.00      0.00      0.00      0.00      0.00      0.00      0.00      0.00      0.00      0.00      0.00      0.00
  9424.05      0.00      0.00      0.00      0.00      0.00      0.00      0.00      0.00      0.00      0.00      0.00      0.00
  9425.05      0.00      0.00      0.00      0.00      0.00      0.00      0.00      0.00      0.00      0.00      0.00      0.00
  9426.05      0.00      0.00      0.00      0.00      0.00      0.00      0.00      0.00      0.00      0.00      0.00      0.00
  9427.05      0.00      0.00      0.00      0.00      0.00      0.00      0.00      0.00      0.00      0.00      0.00      0.00
  9428.05      0.00      0.00      0.00      0.00      0.00      0.00      0.00      0.00      0.00      0.00      0.00      0.00
  9429.05      0.00      0.00      0.00      0.00      0.00      0.00      0.00      0.00      0.00      0.00      0.00      0.00
  9430.05      0.00      0.00      0.00      0.00      0.00      0.00      0.00      0.00      0.00      0.00      0.00      0.00
  9431.05      0.00      0.00      0.00      0.00      0.00      0.00      0.00      0.00      0.00      0.00      0.00      0.00
  9432.05      0.00      0.00      0.00      0.00      0.00      0.00      0.00      0.00      0.00      0.00      0.00      0.00
  9433.05      0.00      0.00      0.00      0.00      0.00      0.00      0.00      0.00      0.00      0.00      0.00      0.00
  9434.05      0.00      0.00      0.00      0.00      0.00      0.00      0.00      0.00      0.00      0.00      0.00      0.00
  9435.05      0.00      0.00      0.00      0.00      0.00      0.00      0.00      0.00      0.00      0.00      0.00      0.00
  9436.05      0.00      0.00      0.00      0.00      0.00      0.00      0.00      0.00      0.00      0.00      0.00      0.00
  9437.05      0.00      0.00      0.00      0.00      0.00      0.00      0.00      0.00      0.00      0.00      0.00      0.00
  9438.05      0.00      0.00      0.00      0.00      0.00      0.00      0.00      0.00      0.00      0.00      0.00      0.00
  9439.05      0.00      0.00      0.00      0.00      0.00      0.00      0.00      0.00      0.00      0.00      0.00      0.00
  9440.05      0.00      0.00      0.00      0.00      0.00      0.00      0.00      0.00      0.00      0.00      0.00      0.00
  9441.05      0.00      0.00      0.00      0.00      0.00      0.00      0.00      0.00      0.00      0.00      0.00      0.00
  9442.05      0.00      0.00      0.00      0.00      0.00      0.00      0.00      0.00      0.00      0.00      0.00      0.00
  9443.05      0.00      0.00      0.00      0.00      0.00      0.00      0.00      0.00      0.00      0.00      0.00      0.00
  9444.05      0.00      0.00      0.00      0.00      0.00      0.00      0.00      0.00      0.00      0.00      0.00      0.00
  9445.05      0.00      0.00      0.00      0.00      0.00      0.00      0.00      0.00      0.00      0.00      0.00      0.00
  9446.05      0.00      0.00      0.00      0.00      0.00      0.00      0.00      0.00      0.00      0.00      0.00      0.00
  9447.05      0.00      0.00      0.00      0.00      0.00      0.00      0.00      0.00      0.00      0.00      0.00      0.00
  9448.05      0.00      0.00      0.00      0.00      0.00      0.00      0.00      0.00      0.00      0.00      0.00      0.00
  9449.05      0.00      0.00      0.00      0.00      0.00      0.00      0.00      0.00      0.00      0.00      0.00      0.00
  9450.05      0.00      0.00      0.00      0.00      0.00      0.00      0.00      0.00      0.00      0.00      0.00      0.00
  9451.05      0.00      0.00      0.00      0.00      0.00      0.00      0.00      0.00      0.00      0.00      0.00      0.00
  9452.05      0.00      0.00      0.00      0.00      0.00      0.00      0.00      0.00      0.00      0.00      0.00      0.00
  9453.05      0.00      0.00      0.00      0.00      0.00      0.00      0.00      0.00      0.00      0.00      0.00      0.00
  9454.05      0.00      0.00      0.00      0.00      0.00      0.00      0.00      0.00      0.00      0.00      0.00      0.00
  9455.05      0.00      0.00      0.00      0.00      0.00      0.00      0.00      0.00      0.00      0.00      0.00      0.00
  9456.05      0.00      0.00      0.00      0.00      0.00      0.00      0.00      0.00      0.00      0.00      0.00      0.00
  9457.05      0.00      0.00      0.00      0.00      0.00      0.00      0.00      0.00      0.00      0.00      0.00      0.00
  9458.05      0.00      0.00      0.00      0.00      0.00      0.00      0.00      0.00      0.00      0.00      0.00      0.00
  9459.05      0.00      0.00      0.00      0.00      0.00      0.00      0.00      0.00      0.00      0.00      0.00      0.00
  9460.05      0.00      0.00      0.00      0.00      0.00      0.00      0.00      0.00      0.00      0.00      0.00      0.00
  9461.05      0.00      0.00      0.00      0.00      0.00      0.00      0.00      0.00      0.00      0.00      0.00      0.00
  9462.05      0.00      0.00      0.00      0.00      0.00      0.00      0.00      0.00      0.00      0.00      0.00      0.00
  9463.05      0.00      0.00      0.00      0.00      0.00      0.00      0.00      0.00      0.00      0.00      0.00      0.00
  9464.05      0.00      0.00      0.00      0.00      0.00      0.00      0.00      0.00      0.00      0.00      0.00      0.00
  9465.05      0.00      0.00      0.00      0.00      0.00      0.00      0.00      0.00      0.00      0.00      0.00      0.00
  9466.05      0.00      0.00      0.00      0.00      0.00      0.00      0.00      0.00      0.00      0.00      0.00      0.00
  9467.05      0.00      0.00      0.00      0.00      0.00      0.00      0.00      0.00      0.00      0.00      0.00      0.00
  9468.05      0.00      0.00      0.00      0.00      0.00      0.00      0.00      0.00      0.00      0.00      0.00      0.00
  9469.05      0.00      0.00      0.00      0.00      0.00      0.00      0.00      0.00      0.00      0.00      0.00      0.00
  9470.05      0.00      0.00      0.00      0.00      0.00      0.00      0.00      0.00      0.00      0.00      0.00      0.00
  9471.05      0.00      0.00      0.00      0.00      0.00      0.00      0.00      0.00      0.00      0.00      0.00      0.00
  9472.05      0.00      0.00      0.00      0.00      0.00      0.00      0.00      0.00      0.00      0.00      0.00      0.00
  9473.05      0.00      0.00      0.00      0.00      0.00      0.00      0.00      0.00      0.00      0.00      0.00      0.00
  9474.05      0.00      0.00      0.00      0.00      0.00      0.00      0.00      0.00      0.00      0.00      0.00      0.00
  9475.05      0.00      0.00      0.00      0.00      0.00      0.00      0.00      0.00      0.00      0.00      0.00      0.00
  9476.05      0.00      0.00      0.00      0.00      0.00      0.00      0.00      0.00      0.00      0.00      0.00      0.00
  9477.05      0.00      0.00      0.00      0.00      0.00      0.00      0.00      0.00      0.00      0.00      0.00      0.00
  9478.05      0.00      0.00      0.00      0.00      0.00      0.00      0.00      0.00      0.00      0.00      0.00      0.00
  9479.05      0.00      0.00      0.00      0.00      0.00      0.00      0.00      0.00      0.00      0.00      0.00      0.00
  9480.05      0.00      0.00      0.00      0.00      0.00      0.00      0.00      0.00      0.00      0.00      0.00      0.00
  9481.05      0.00      0.00      0.00      0.00      0.00      0.00      0.00      0.00      0.00      0.00      0.00      0.00
  9482.05      0.00      0.00      0.00      0.00      0.00      0.00      0.00      0.00      0.00      0.00      0.00      0.00
  9483.05      0.00      0.00      0.00      0.00      0.00      0.00      0.00      0.00      0.00      0.00      0.00      0.00
  9484.05      0.00      0.00      0.00      0.00      0.00      0.00      0.00      0.00      0.00      0.00      0.00      0.00
  9485.05      0.00      0.00      0.00      0.00      0.00      0.00      0.00      0.00      0.00      0.00      0.00      0.00
  9486.05      0.00      0.00      0.00      0.00      0.00      0.00      0.00      0.00      0.00      0.00      0.00      0.00
  9487.05      0.00      0.00      0.00      0.00      0.00      0.00      0.00      0.00      0.00      0.00      0.00      0.00
  9488.05      0.00      0.00      0.00      0.00      0.00      0.00      0.00      0.00      0.00      0.00      0.00      0.00
  9489.05      0.00      0.00      0.00      0.00      0.00      0.00      0.00      0.00      0.00      0.00      0.00      0.00
  9490.05      0.00      0.00      0.00      0.00      0.00      0.00      0.00      0.00      0.00      0.00      0.00      0.00
  9491.05      0.00      0.00      0.00      0.00      0.00      0.00      0.00      0.00      0.00      0.00      0.00      0.00
  9492.05      0.00      0.00      0.00      0.00      0.00      0.00      0.00      0.00      0.00      0.00      0.00      0.00
  9493.05      0.00      0.00      0.00      0.00      0.00      0.00      0.00      0.00      0.00      0.00      0.00      0.00
  9494.05      0.00      0.00      0.00      0.00      0.00      0.00      0.00      0.00      0.00      0.00      0.00      0.00
  9495.05      0.00      0.00      0.00      0.00      0.00      0.00      0.00      0.00      0.00      0.00      0.00      0.00
  9496.05      0.00      0.00      0.00      0.00      0.00      0.00      0.00      0.00      0.00      0.00      0.00      0.00
  9497.05      0.00      0.00      0.00      0.00      0.00      0.00      0.00      0.00      0.00      0.00      0.00      0.00
  9498.05      0.00      0.00      0.00      0.00      0.00      0.00      0.00      0.00      0.00      0.00      0.00      0.00
  9499.05      0.00      0.00      0.00      0.00      0.00      0.00      0.00      0.00      0.00      0.00      0.00      0.00
  9500.05      0.00      0.00      0.00      0.00      0.00      0.00      0.00      0.00      0.00      0.00      0.00      0.00
  9501.05      0.00      0.00      0.00      0.00      0.00      0.00      0.00      0.00      0.00      0.00      0.00      0.00
  9502.05      0.00      0.00      0.00      0.00      0.00      0.00      0.00      0.00      0.00      0.00      0.00      0.00
  9503.05      0.00      0.00      0.00      0.00      0.00      0.00      0.00      0.00      0.00      0.00      0.00      0.00
  9504.05      0.00      0.00      0.00      0.00      0.00      0.00      0.00      0.00      0.00      0.00      0.00      0.00
  9505.05      0.00      0.00      0.00      0.00      0.00      0.00      0.00      0.00      0.00      0.00      0.00      0.00
  9506.05      0.00      0.00      0.00      0.00      0.00      0.00      0.00      0.00      0.00      0.00      0.00      0.00
  9507.05      0.00      0.00      0.00      0.00      0.00      0.00      0.00      0.00      0.00      0.00      0.00      0.00
  9508.05      0.00      0.00      0.00      0.00      0.00      0.00      0.00      0.00      0.00      0.00      0.00      0.00
  9509.05      0.00      0.00      0.00      0.00      0.00      0.00      0.00      0.00      0.00      0.00      0.00      0.00
  9510.05      0.00      0.00      0.00      0.00      0.00      0.00      0.00      0.00      0.00      0.00      0.00      0.00
  9511.05      0.00      0.00      0.00      0.00      0.00      0.00      0.00      0.00      0.00      0.00      0.00      0.00
  9512.05      0.00      0.00      0.00      0.00      0.00      0.00      0.00      0.00      0.00      0.00      0.00      0.00
  9513.05      0.00      0.00      0.00      0.00      0.00      0.00      0.00      0.00      0.00      0.00      0.00      0.00
  9514.05      0.00      0.00      0.00      0.00      0.00      0.00      0.00      0.00      0.00      0.00      0.00      0.00
  9515.05      0.00      0.00      0.00      0.00      0.00      0.00      0.00      0.00      0.00      0.00      0.00      0.00
  9516.05      0.00      0.00      0.00      0.00      0.00      0.00      0.00      0.00      0.00      0.00      0.00      0.00
  9517.05      0.00      0.00      0.00      0.00      0.00      0.00      0.00      0.00      0.00      0.00      0.00      0.00
  9518.05      0.00      0.00      0.00      0.00      0.00      0.00      0.00      0.00      0.00      0.00      0.00      0.00
  9519.05      0.00      0.00      0.00      0.00      0.00      0.00      0.00      0.00      0.00      0.00      0.00      0.00
  9520.05      0.00      0.00      0.00      0.00      0.00      0.00      0.00      0.00      0.00      0.00      0.00      0.00
  9521.05      0.00      0.00      0.00      0.00      0.00      0.00      0.00      0.00      0.00      0.00      0.00      0.00
  9522.05      0.00      0.00      0.00      0.00      0.00      0.00      0.00      0.00      0.00      0.00      0.00      0.00
  9523.05      0.00      0.00      0.00      0.00      0.00      0.00      0.00      0.00      0.00      0.00      0.00      0.00
  9524.05      0.00      0.00      0.00      0.00      0.00      0.00      0.00      0.00      0.00      0.00      0.00      0.00
  9525.05      0.00      0.00      0.00      0.00      0.00      0.00      0.00      0.00      0.00      0.00      0.00      0.00
  9526.05      0.00      0.00      0.00      0.00      0.00      0.00      0.00      0.00      0.00      0.00      0.00      0.00
  9527.05      0.00      0.00      0.00      0.00      0.00      0.00      0.00      0.00      0.00      0.00      0.00      0.00
  9528.05      0.00      0.00      0.00      0.00      0.00      0.00      0.00      0.00      0.00      0.00      0.00      0.00
  9529.05      0.00      0.00      0.00      0.00      0.00      0.00      0.00      0.00      0.00      0.00      0.00      0.00
  9530.05      0.00      0.00      0.00      0.00      0.00      0.00      0.00      0.00      0.00      0.00      0.00      0.00
  9531.05      0.00      0.00      0.00      0.00      0.00      0.00      0.00      0.00      0.00      0.00      0.00      0.00
  9532.05      0.00      0.00      0.00      0.00      0.00      0.00      0.00      0.00      0.00      0.00      0.00      0.00
  9533.05      0.00      0.00      0.00      0.00      0.00      0.00      0.00      0.00      0.00      0.00      0.00      0.00
  9534.05      0.00      0.00      0.00      0.00      0.00      0.00      0.00      0.00      0.00      0.00      0.00      0.00
  9535.05      0.00      0.00      0.00      0.00      0.00      0.00      0.00      0.00      0.00      0.00      0.00      0.00
  9536.05      0.00      0.00      0.00      0.00      0.00      0.00      0.00      0.00      0.00      0.00      0.00      0.00
  9537.05      0.00      0.00      0.00      0.00      0.00      0.00      0.00      0.00      0.00      0.00      0.00      0.00
  9538.05      0.00      0.00      0.00      0.00      0.00      0.00      0.00      0.00      0.00      0.00      0.00      0.00
  9539.05      0.00      0.00      0.00      0.00      0.00      0.00      0.00      0.00      0.00      0.00      0.00      0.00
  9540.05      0.00      0.00      0.00      0.00      0.00      0.00      0.00      0.00      0.00      0.00      0.00      0.00
  9541.05      0.00      0.00      0.00      0.00      0.00      0.00      0.00      0.00      0.00      0.00      0.00      0.00
  9542.05      0.00      0.00      0.00      0.00      0.00      0.00      0.00      0.00      0.00      0.00      0.00      0.00
  9543.05      0.00      0.00      0.00      0.00      0.00      0.00      0.00      0.00      0.00      0.00      0.00      0.00
  9544.05      0.00      0.00      0.00      0.00      0.00      0.00      0.00      0.00      0.00      0.00      0.00      0.00
  9545.05      0.00      0.00      0.00      0.00      0.00      0.00      0.00      0.00      0.00      0.00      0.00      0.00
  9546.05      0.00      0.00      0.00      0.00      0.00      0.00      0.00      0.00      0.00      0.00      0.00      0.00
  9547.05      0.00      0.00      0.00      0.00      0.00      0.00      0.00      0.00      0.00      0.00      0.00      0.00
  9548.05      0.00      0.00      0.00      0.00      0.00      0.00      0.00      0.00      0.00      0.00      0.00      0.00
  9549.05      0.00      0.00      0.00      0.00      0.00      0.00      0.00      0.00      0.00      0.00      0.00      0.00
  9550.05      0.00      0.00      0.00      0.00      0.00      0.00      0.00      0.00      0.00      0.00      0.00      0.00
  9551.05      0.00      0.00      0.00      0.00      0.00      0.00      0.00      0.00      0.00      0.00      0.00      0.00
  9552.05      0.00      0.00      0.00      0.00      0.00      0.00      0.00      0.00      0.00      0.00      0.00      0.00
  9553.05      0.00      0.00      0.00      0.00      0.00      0.00      0.00      0.00      0.00      0.00      0.00      0.00
  9554.05      0.00      0.00      0.00      0.00      0.00      0.00      0.00      0.00      0.00      0.00      0.00      0.00
  9555.05      0.00      0.00      0.00      0.00      0.00      0.00      0.00      0.00      0.00      0.00      0.00      0.00
  9556.05      0.00      0.00      0.00      0.00      0.00      0.00      0.00      0.00      0.00      0.00      0.00      0.00
  9557.05      0.00      0.00      0.00      0.00      0.00      0.00      0.00      0.00      0.00      0.00      0.00      0.00
  9558.05      0.00      0.00      0.00      0.00      0.00      0.00      0.00      0.00      0.00      0.00      0.00      0.00
  9559.05      0.00      0.00      0.00      0.00      0.00      0.00      0.00      0.00      0.00      0.00      0.00      0.00
  9560.05      0.00      0.00      0.00      0.00      0.00      0.00      0.00      0.00      0.00      0.00      0.00      0.00
  9561.05      0.00      0.00      0.00      0.00      0.00      0.00      0.00      0.00      0.00      0.00      0.00      0.00
  9562.05      0.00      0.00      0.00      0.00      0.00      0.00      0.00      0.00      0.00      0.00      0.00      0.00
  9563.05      0.00      0.00      0.00      0.00      0.00      0.00      0.00      0.00      0.00      0.00      0.00      0.00
  9564.05      0.00      0.00      0.00      0.00      0.00      0.00      0.00      0.00      0.00      0.00      0.00      0.00
  9565.05      0.00      0.00      0.00      0.00      0.00      0.00      0.00      0.00      0.00      0.00      0.00      0.00
  9566.05      0.00      0.00      0.00      0.00      0.00      0.00      0.00      0.00      0.00      0.00      0.00      0.00
  9567.05      0.00      0.00      0.00      0.00      0.00      0.00      0.00      0.00      0.00      0.00      0.00      0.00
  9568.05      0.00      0.00      0.00      0.00      0.00      0.00      0.00      0.00      0.00      0.00      0.00      0.00
  9569.05      0.00      0.00      0.00      0.00      0.00      0.00      0.00      0.00      0.00      0.00      0.00      0.00
  9570.05      0.00      0.00      0.00      0.00      0.00      0.00      0.00      0.00      0.00      0.00      0.00      0.00
  9571.05      0.00      0.00      0.00      0.00      0.00      0.00      0.00      0.00      0.00      0.00      0.00      0.00
  9572.05      0.00      0.00      0.00      0.00      0.00      0.00      0.00      0.00      0.00      0.00      0.00      0.00
  9573.05      0.00      0.00      0.00      0.00      0.00      0.00      0.00      0.00      0.00      0.00      0.00      0.00
  9574.05      0.00      0.00      0.00      0.00      0.00      0.00      0.00      0.00      0.00      0.00      0.00      0.00
  9575.05      0.00      0.00      0.00      0.00      0.00      0.00      0.00      0.00      0.00      0.00      0.00      0.00
  9576.05      0.00      0.00      0.00      0.00      0.00      0.00      0.00      0.00      0.00      0.00      0.00      0.00
  9577.05      0.00      0.00      0.00      0.00      0.00      0.00      0.00      0.00      0.00      0.00      0.00      0.00
  9578.05      0.00      0.00      0.00      0.00      0.00      0.00      0.00      0.00      0.00      0.00      0.00      0.00
  9579.05      0.00      0.00      0.00      0.00      0.00      0.00      0.00      0.00      0.00      0.00      0.00      0.00
  9580.05      0.00      0.00      0.00      0.00      0.00      0.00      0.00      0.00      0.00      0.00      0.00      0.00
  9581.05      0.00      0.00      0.00      0.00      0.00      0.00      0.00      0.00      0.00      0.00      0.00      0.00
  9582.05      0.00      0.00      0.00      0.00      0.00      0.00      0.00      0.00      0.00      0.00      0.00      0.00
  9583.05      0.00      0.00      0.00      0.00      0.00      0.00      0.00      0.00      0.00      0.00      0.00      0.00
  9584.05      0.00      0.00      0.00      0.00      0.00      0.00      0.00      0.00      0.00      0.00      0.00      0.00
  9585.05      0.00      0.00      0.00      0.00      0.00      0.00      0.00      0.00      0.00      0.00      0.00      0.00
  9586.05      0.00      0.00      0.00      0.00      0.00      0.00      0.00      0.00      0.00      0.00      0.00      0.00
  9587.05      0.00      0.00      0.00      0.00      0.00      0.00      0.00      0.00      0.00      0.00      0.00      0.00
  9588.05      0.00      0.00      0.00      0.00      0.00      0.00      0.00      0.00      0.00      0.00      0.00      0.00
  9589.05      0.00      0.00      0.00      0.00      0.00      0.00      0.00      0.00      0.00      0.00      0.00      0.00
  9590.05      0.00      0.00      0.00      0.00      0.00      0.00      0.00      0.00      0.00      0.00      0.00      0.00
  9591.05      0.00      0.00      0.00      0.00      0.00      0.00      0.00      0.00      0.00      0.00      0.00      0.00
  9592.05      0.00      0.00      0.00      0.00      0.00      0.00      0.00      0.00      0.00      0.00      0.00      0.00
  9593.05      0.00      0.00      0.00      0.00      0.00      0.00      0.00      0.00      0.00      0.00      0.00      0.00
  9594.05      0.00      0.00      0.00      0.00      0.00      0.00      0.00      0.00      0.00      0.00      0.00      0.00
  9595.05      0.00      0.00      0.00      0.00      0.00      0.00      0.00      0.00      0.00      0.00      0.00      0.00
  9596.05      0.00      0.00      0.00      0.00      0.00      0.00      0.00      0.00      0.00      0.00      0.00      0.00
  9597.05      0.00      0.00      0.00      0.00      0.00      0.00      0.00      0.00      0.00      0.00      0.00      0.00
  9598.05      0.00      0.00      0.00      0.00      0.00      0.00      0.00      0.00      0.00      0.00      0.00      0.00
  9599.05      0.00      0.00      0.00      0.00      0.00      0.00      0.00      0.00      0.00      0.00      0.00      0.00
  9600.05      0.00      0.00      0.00      0.00      0.00      0.00      0.00      0.00      0.00      0.00      0.00      0.00
  9601.05      0.00      0.00      0.00      0.00      0.00      0.00      0.00      0.00      0.00      0.00      0.00      0.00
  9602.05      0.00      0.00      0.00      0.00      0.00      0.00      0.00      0.00      0.00      0.00      0.00      0.00
  9603.05      0.00      0.00      0.00      0.00      0.00      0.00      0.00      0.00      0.00      0.00      0.00      0.00
  9604.05      0.00      0.00      0.00      0.00      0.00      0.00      0.00      0.00      0.00      0.00      0.00      0.00
  9605.05      0.00      0.00      0.00      0.00      0.00      0.00      0.00      0.00      0.00      0.00      0.00      0.00
  9606.05      0.00      0.00      0.00      0.00      0.00      0.00      0.00      0.00      0.00      0.00      0.00      0.00
  9607.05      0.00      0.00      0.00      0.00      0.00      0.00      0.00      0.00      0.00      0.00      0.00      0.00
  9608.05      0.00      0.00      0.00      0.00      0.00      0.00      0.00      0.00      0.00      0.00      0.00      0.00
  9609.05      0.00      0.00      0.00      0.00      0.00      0.00      0.00      0.00      0.00      0.00      0.00      0.00
  9610.05      0.00      0.00      0.00      0.00      0.00      0.00      0.00      0.00      0.00      0.00      0.00      0.00
  9611.05      0.00      0.00      0.00      0.00      0.00      0.00      0.00      0.00      0.00      0.00      0.00      0.00
  9612.05      0.00      0.00      0.00      0.00      0.00      0.00      0.00      0.00      0.00      0.00      0.00      0.00
  9613.05      0.00      0.00      0.00      0.00      0.00      0.00      0.00      0.00      0.00      0.00      0.00      0.00
  9614.05      0.00      0.00      0.00      0.00      0.00      0.00      0.00      0.00      0.00      0.00      0.00      0.00
  9615.05      0.00      0.00      0.00      0.00      0.00      0.00      0.00      0.00      0.00      0.00      0.00      0.00
  9616.05      0.00      0.00      0.00      0.00      0.00      0.00      0.00      0.00      0.00      0.00      0.00      0.00
  9617.05      0.00      0.00      0.00      0.00      0.00      0.00      0.00      0.00      0.00      0.00      0.00      0.00
  9618.05      0.00      0.00      0.00      0.00      0.00      0.00      0.00      0.00      0.00      0.00      0.00      0.00
  9619.05      0.00      0.00      0.00      0.00      0.00      0.00      0.00      0.00      0.00      0.00      0.00      0.00
  9620.05      0.00      0.00      0.00      0.00      0.00      0.00      0.00      0.00      0.00      0.00      0.00      0.00
  9621.05      0.00      0.00      0.00      0.00      0.00      0.00      0.00      0.00      0.00      0.00      0.00      0.00
  9622.05      0.00      0.00      0.00      0.00      0.00      0.00      0.00      0.00      0.00      0.00      0.00      0.00
  9623.05      0.00      0.00      0.00      0.00      0.00      0.00      0.00      0.00      0.00      0.00      0.00      0.00
  9624.05      0.00      0.00      0.00      0.00      0.00      0.00      0.00      0.00      0.00      0.00      0.00      0.00
  9625.05      0.00      0.00      0.00      0.00      0.00      0.00      0.00      0.00      0.00      0.00      0.00      0.00
  9626.05      0.00      0.00      0.00      0.00      0.00      0.00      0.00      0.00      0.00      0.00      0.00      0.00
  9627.05      0.00      0.00      0.00      0.00      0.00      0.00      0.00      0.00      0.00      0.00      0.00      0.00
  9628.05      0.00      0.00      0.00      0.00      0.00      0.00      0.00      0.00      0.00      0.00      0.00      0.00
  9629.05      0.00      0.00      0.00      0.00      0.00      0.00      0.00      0.00      0.00      0.00      0.00      0.00
  9630.05      0.00      0.00      0.00      0.00      0.00      0.00      0.00      0.00      0.00      0.00      0.00      0.00
  9631.05      0.00      0.00      0.00      0.00      0.00      0.00      0.00      0.00      0.00      0.00      0.00      0.00
  9632.05      0.00      0.00      0.00      0.00      0.00      0.00      0.00      0.00      0.00      0.00      0.00      0.00
  9633.05      0.00      0.00      0.00      0.00      0.00      0.00      0.00      0.00      0.00      0.00      0.00      0.00
  9634.05      0.00      0.00      0.00      0.00      0.00      0.00      0.00      0.00      0.00      0.00      0.00      0.00
  9635.05      0.00      0.00      0.00      0.00      0.00      0.00      0.00      0.00      0.00      0.00      0.00      0.00
  9636.05      0.00      0.00      0.00      0.00      0.00      0.00      0.00      0.00      0.00      0.00      0.00      0.00
  9637.05      0.00      0.00      0.00      0.00      0.00      0.00      0.00      0.00      0.00      0.00      0.00      0.00
  9638.05      0.00      0.00      0.00      0.00      0.00      0.00      0.00      0.00      0.00      0.00      0.00      0.00
  9639.05      0.00      0.00      0.00      0.00      0.00      0.00      0.00      0.00      0.00      0.00      0.00      0.00
  9640.05      0.00      0.00      0.00      0.00      0.00      0.00      0.00      0.00      0.00      0.00      0.00      0.00
  9641.05      0.00      0.00      0.00      0.00      0.00      0.00      0.00      0.00      0.00      0.00      0.00      0.00
  9642.05      0.00      0.00      0.00      0.00      0.00      0.00      0.00      0.00      0.00      0.00      0.00      0.00
  9643.05      0.00      0.00      0.00      0.00      0.00      0.00      0.00      0.00      0.00      0.00      0.00      0.00
  9644.05      0.00      0.00      0.00      0.00      0.00      0.00      0.00      0.00      0.00      0.00      0.00      0.00
  9645.05      0.00      0.00      0.00      0.00      0.00      0.00      0.00      0.00      0.00      0.00      0.00      0.00
  9646.05      0.00      0.00      0.00      0.00      0.00      0.00      0.00      0.00      0.00      0.00      0.00      0.00
  9647.05      0.00      0.00      0.00      0.00      0.00      0.00      0.00      0.00      0.00      0.00      0.00      0.00
  9648.05      0.00      0.00      0.00      0.00      0.00      0.00      0.00      0.00      0.00      0.00      0.00      0.00
  9649.05      0.00      0.00      0.00      0.00      0.00      0.00      0.00      0.00      0.00      0.00      0.00      0.00
  9650.05      0.00      0.00      0.00      0.00      0.00      0.00      0.00      0.00      0.00      0.00      0.00      0.00
  9651.05      0.00      0.00      0.00      0.00      0.00      0.00      0.00      0.00      0.00      0.00      0.00      0.00
  9652.05      0.00      0.00      0.00      0.00      0.00      0.00      0.00      0.00      0.00      0.00      0.00      0.00
  9653.05      0.00      0.00      0.00      0.00      0.00      0.00      0.00      0.00      0.00      0.00      0.00      0.00
  9654.05      0.00      0.00      0.00      0.00      0.00      0.00      0.00      0.00      0.00      0.00      0.00      0.00
  9655.05      0.00      0.00      0.00      0.00      0.00      0.00      0.00      0.00      0.00      0.00      0.00      0.00
  9656.05      0.00      0.00      0.00      0.00      0.00      0.00      0.00      0.00      0.00      0.00      0.00      0.00
  9657.05      0.00      0.00      0.00      0.00      0.00      0.00      0.00      0.00      0.00      0.00      0.00      0.00
  9658.05      0.00      0.00      0.00      0.00      0.00      0.00      0.00      0.00      0.00      0.00      0.00      0.00
  9659.05      0.00      0.00      0.00      0.00      0.00      0.00      0.00      0.00      0.00      0.00      0.00      0.00
  9660.05      0.00      0.00      0.00      0.00      0.00      0.00      0.00      0.00      0.00      0.00      0.00      0.00
  9661.05      0.00      0.00      0.00      0.00      0.00      0.00      0.00      0.00      0.00      0.00      0.00      0.00
  9662.05      0.00      0.00      0.00      0.00      0.00      0.00      0.00      0.00      0.00      0.00      0.00      0.00
  9663.05      0.00      0.00      0.00      0.00      0.00      0.00      0.00      0.00      0.00      0.00      0.00      0.00
  9664.05      0.00      0.00      0.00      0.00      0.00      0.00      0.00      0.00      0.00      0.00      0.00      0.00
  9665.05      0.00      0.00      0.00      0.00      0.00      0.00      0.00      0.00      0.00      0.00      0.00      0.00
  9666.05      0.00      0.00      0.00      0.00      0.00      0.00      0.00      0.00      0.00      0.00      0.00      0.00
  9667.05      0.00      0.00      0.00      0.00      0.00      0.00      0.00      0.00      0.00      0.00      0.00      0.00
  9668.05      0.00      0.00      0.00      0.00      0.00      0.00      0.00      0.00      0.00      0.00      0.00      0.00
  9669.05      0.00      0.00      0.00      0.00      0.00      0.00      0.00      0.00      0.00      0.00      0.00      0.00
  9670.05      0.00      0.00      0.00      0.00      0.00      0.00      0.00      0.00      0.00      0.00      0.00      0.00
  9671.05      0.00      0.00      0.00      0.00      0.00      0.00      0.00      0.00      0.00      0.00      0.00      0.00
  9672.05      0.00      0.00      0.00      0.00      0.00      0.00      0.00      0.00      0.00      0.00      0.00      0.00
  9673.05      0.00      0.00      0.00      0.00      0.00      0.00      0.00      0.00      0.00      0.00      0.00      0.00
  9674.05      0.00      0.00      0.00      0.00      0.00      0.00      0.00      0.00      0.00      0.00      0.00      0.00
  9675.05      0.00      0.00      0.00      0.00      0.00      0.00      0.00      0.00      0.00      0.00      0.00      0.00
  9676.05      0.00      0.00      0.00      0.00      0.00      0.00      0.00      0.00      0.00      0.00      0.00      0.00
  9677.05      0.00      0.00      0.00      0.00      0.00      0.00      0.00      0.00      0.00      0.00      0.00      0.00
  9678.05      0.00      0.00      0.00      0.00      0.00      0.00      0.00      0.00      0.00      0.00      0.00      0.00
  9679.05      0.00      0.00      0.00      0.00      0.00      0.00      0.00      0.00      0.00      0.00      0.00      0.00
  9680.05      0.00      0.00      0.00      0.00      0.00      0.00      0.00      0.00      0.00      0.00      0.00      0.00
  9681.05      0.00      0.00      0.00      0.00      0.00      0.00      0.00      0.00      0.00      0.00      0.00      0.00
  9682.05      0.00      0.00      0.00      0.00      0.00      0.00      0.00      0.00      0.00      0.00      0.00      0.00
  9683.05      0.00      0.00      0.00      0.00      0.00      0.00      0.00      0.00      0.00      0.00      0.00      0.00
  9684.05      0.00      0.00      0.00      0.00      0.00      0.00      0.00      0.00      0.00      0.00      0.00      0.00
  9685.05      0.00      0.00      0.00      0.00      0.00      0.00      0.00      0.00      0.00      0.00      0.00      0.00
  9686.05      0.00      0.00      0.00      0.00      0.00      0.00      0.00      0.00      0.00      0.00      0.00      0.00
  9687.05      0.00      0.00      0.00      0.00      0.00      0.00      0.00      0.00      0.00      0.00      0.00      0.00
  9688.05      0.00      0.00      0.00      0.00      0.00      0.00      0.00      0.00      0.00      0.00      0.00      0.00
  9689.05      0.00      0.00      0.00      0.00      0.00      0.00      0.00      0.00      0.00      0.00      0.00      0.00
  9690.05      0.00      0.00      0.00      0.00      0.00      0.00      0.00      0.00      0.00      0.00      0.00      0.00
  9691.05      0.00      0.00      0.00      0.00      0.00      0.00      0.00      0.00      0.00      0.00      0.00      0.00
  9692.05      0.00      0.00      0.00      0.00      0.00      0.00      0.00      0.00      0.00      0.00      0.00      0.00
  9693.05      0.00      0.00      0.00      0.00      0.00      0.00      0.00      0.00      0.00      0.00      0.00      0.00
  9694.05      0.00      0.00      0.00      0.00      0.00      0.00      0.00      0.00      0.00      0.00      0.00      0.00
  9695.05      0.00      0.00      0.00      0.00      0.00      0.00      0.00      0.00      0.00      0.00      0.00      0.00
  9696.05      0.00      0.00      0.00      0.00      0.00      0.00      0.00      0.00      0.00      0.00      0.00      0.00
  9697.05      0.00      0.00      0.00      0.00      0.00      0.00      0.00      0.00      0.00      0.00      0.00      0.00
  9698.05      0.00      0.00      0.00      0.00      0.00      0.00      0.00      0.00      0.00      0.00      0.00      0.00
  9699.05      0.00      0.00      0.00      0.00      0.00      0.00      0.00      0.00      0.00      0.00      0.00      0.00
  9700.05      0.00      0.00      0.00      0.00      0.00      0.00      0.00      0.00      0.00      0.00      0.00      0.00
  9701.05      0.00      0.00      0.00      0.00      0.00      0.00      0.00      0.00      0.00      0.00      0.00      0.00
  9702.05      0.00      0.00      0.00      0.00      0.00      0.00      0.00      0.00      0.00      0.00      0.00      0.00
  9703.05      0.00      0.00      0.00      0.00      0.00      0.00      0.00      0.00      0.00      0.00      0.00      0.00
  9704.05      0.00      0.00      0.00      0.00      0.00      0.00      0.00      0.00      0.00      0.00      0.00      0.00
  9705.05      0.00      0.00      0.00      0.00      0.00      0.00      0.00      0.00      0.00      0.00      0.00      0.00
  9706.05      0.00      0.00      0.00      0.00      0.00      0.00      0.00      0.00      0.00      0.00      0.00      0.00
  9707.05      0.00      0.00      0.00      0.00      0.00      0.00      0.00      0.00      0.00      0.00      0.00      0.00
  9708.05      0.00      0.00      0.00      0.00      0.00      0.00      0.00      0.00      0.00      0.00      0.00      0.00
  9709.05      0.00      0.00      0.00      0.00      0.00      0.00      0.00      0.00      0.00      0.00      0.00      0.00
  9710.05      0.00      0.00      0.00      0.00      0.00      0.00      0.00      0.00      0.00      0.00      0.00      0.00
  9711.05      0.00      0.00      0.00      0.00      0.00      0.00      0.00      0.00      0.00      0.00      0.00      0.00
  9712.05      0.00      0.00      0.00      0.00      0.00      0.00      0.00      0.00      0.00      0.00      0.00      0.00
  9713.05      0.00      0.00      0.00      0.00      0.00      0.00      0.00      0.00      0.00      0.00      0.00      0.00
  9714.05      0.00      0.00      0.00      0.00      0.00      0.00      0.00      0.00      0.00      0.00      0.00      0.00
  9715.05      0.00      0.00      0.00      0.00      0.00      0.00      0.00      0.00      0.00      0.00      0.00      0.00
  9716.05      0.00      0.00      0.00      0.00      0.00      0.00      0.00      0.00      0.00      0.00      0.00      0.00
  9717.05      0.00      0.00      0.00      0.00      0.00      0.00      0.00      0.00      0.00      0.00      0.00      0.00
  9718.05      0.00      0.00      0.00      0.00      0.00      0.00      0.00      0.00      0.00      0.00      0.00      0.00
  9719.05      0.00      0.00      0.00      0.00      0.00      0.00      0.00      0.00      0.00      0.00      0.00      0.00
  9720.05      0.00      0.00      0.00      0.00      0.00      0.00      0.00      0.00      0.00      0.00      0.00      0.00
  9721.05      0.00      0.00      0.00      0.00      0.00      0.00      0.00      0.00      0.00      0.00      0.00      0.00
  9722.05      0.00      0.00      0.00      0.00      0.00      0.00      0.00      0.00      0.00      0.00      0.00      0.00
  9723.05      0.00      0.00      0.00      0.00      0.00      0.00      0.00      0.00      0.00      0.00      0.00      0.00
  9724.05      0.00      0.00      0.00      0.00      0.00      0.00      0.00      0.00      0.00      0.00      0.00      0.00
  9725.05      0.00      0.00      0.00      0.00      0.00      0.00      0.00      0.00      0.00      0.00      0.00      0.00
  9726.05      0.00      0.00      0.00      0.00      0.00      0.00      0.00      0.00      0.00      0.00      0.00      0.00
  9727.05      0.00      0.00      0.00      0.00      0.00      0.00      0.00      0.00      0.00      0.00      0.00      0.00
  9728.05      0.00      0.00      0.00      0.00      0.00      0.00      0.00      0.00      0.00      0.00      0.00      0.00
  9729.05      0.00      0.00      0.00      0.00      0.00      0.00      0.00      0.00      0.00      0.00      0.00      0.00
  9730.05      0.00      0.00      0.00      0.00      0.00      0.00      0.00      0.00      0.00      0.00      0.00      0.00
  9731.05      0.00      0.00      0.00      0.00      0.00      0.00      0.00      0.00      0.00      0.00      0.00      0.00
  9732.05      0.00      0.00      0.00      0.00      0.00      0.00      0.00      0.00      0.00      0.00      0.00      0.00
  9733.05      0.00      0.00      0.00      0.00      0.00      0.00      0.00      0.00      0.00      0.00      0.00      0.00
  9734.05      0.00      0.00      0.00      0.00      0.00      0.00      0.00      0.00      0.00      0.00      0.00      0.00
  9735.05      0.00      0.00      0.00      0.00      0.00      0.00      0.00      0.00      0.00      0.00      0.00      0.00
  9736.05      0.00      0.00      0.00      0.00      0.00      0.00      0.00      0.00      0.00      0.00      0.00      0.00
  9737.05      0.00      0.00      0.00      0.00      0.00      0.00      0.00      0.00      0.00      0.00      0.00      0.00
  9738.05      0.00      0.00      0.00      0.00      0.00      0.00      0.00      0.00      0.00      0.00      0.00      0.00
  9739.05      0.00      0.00      0.00      0.00      0.00      0.00      0.00      0.00      0.00      0.00      0.00      0.00
  9740.05      0.00      0.00      0.00      0.00      0.00      0.00      0.00      0.00      0.00      0.00      0.00      0.00
  9741.05      0.00      0.00      0.00      0.00      0.00      0.00      0.00      0.00      0.00      0.00      0.00      0.00
  9742.05      0.00      0.00      0.00      0.00      0.00      0.00      0.00      0.00      0.00      0.00      0.00      0.00
  9743.05      0.00      0.00      0.00      0.00      0.00      0.00      0.00      0.00      0.00      0.00      0.00      0.00
  9744.05      0.00      0.00      0.00      0.00      0.00      0.00      0.00      0.00      0.00      0.00      0.00      0.00
  9745.05      0.00      0.00      0.00      0.00      0.00      0.00      0.00      0.00      0.00      0.00      0.00      0.00
  9746.05      0.00      0.00      0.00      0.00      0.00      0.00      0.00      0.00      0.00      0.00      0.00      0.00
  9747.05      0.00      0.00      0.00      0.00      0.00      0.00      0.00      0.00      0.00      0.00      0.00      0.00
  9748.05      0.00      0.00      0.00      0.00      0.00      0.00      0.00      0.00      0.00      0.00      0.00      0.00
  9749.05      0.00      0.00      0.00      0.00      0.00      0.00      0.00      0.00      0.00      0.00      0.00      0.00
  9750.05      0.00      0.00      0.00      0.00      0.00      0.00      0.00      0.00      0.00      0.00      0.00      0.00
  9751.05      0.00      0.00      0.00      0.00      0.00      0.00      0.00      0.00      0.00      0.00      0.00      0.00
  9752.05      0.00      0.00      0.00      0.00      0.00      0.00      0.00      0.00      0.00      0.00      0.00      0.00
  9753.05      0.00      0.00      0.00      0.00      0.00      0.00      0.00      0.00      0.00      0.00      0.00      0.00
  9754.05      0.00      0.00      0.00      0.00      0.00      0.00      0.00      0.00      0.00      0.00      0.00      0.00
  9755.05      0.00      0.00      0.00      0.00      0.00      0.00      0.00      0.00      0.00      0.00      0.00      0.00
  9756.05      0.00      0.00      0.00      0.00      0.00      0.00      0.00      0.00      0.00      0.00      0.00      0.00
  9757.05      0.00      0.00      0.00      0.00      0.00      0.00      0.00      0.00      0.00      0.00      0.00      0.00
  9758.05      0.00      0.00      0.00      0.00      0.00      0.00      0.00      0.00      0.00      0.00      0.00      0.00
  9759.05      0.00      0.00      0.00      0.00      0.00      0.00      0.00      0.00      0.00      0.00      0.00      0.00
  9760.05      0.00      0.00      0.00      0.00      0.00      0.00      0.00      0.00      0.00      0.00      0.00      0.00
  9761.05      0.00      0.00      0.00      0.00      0.00      0.00      0.00      0.00      0.00      0.00      0.00      0.00
  9762.05      0.00      0.00      0.00      0.00      0.00      0.00      0.00      0.00      0.00      0.00      0.00      0.00
  9763.05      0.00      0.00      0.00      0.00      0.00      0.00      0.00      0.00      0.00      0.00      0.00      0.00
  9764.05      0.00      0.00      0.00      0.00      0.00      0.00      0.00      0.00      0.00      0.00      0.00      0.00
  9765.05      0.00      0.00      0.00      0.00      0.00      0.00      0.00      0.00      0.00      0.00      0.00      0.00
  9766.05      0.00      0.00      0.00      0.00      0.00      0.00      0.00      0.00      0.00      0.00      0.00      0.00
  9767.05      0.00      0.00      0.00      0.00      0.00      0.00      0.00      0.00      0.00      0.00      0.00      0.00
  9768.05      0.00      0.00      0.00      0.00      0.00      0.00      0.00      0.00      0.00      0.00      0.00      0.00
  9769.05      0.00      0.00      0.00      0.00      0.00      0.00      0.00      0.00      0.00      0.00      0.00      0.00
  9770.05      0.00      0.00      0.00      0.00      0.00      0.00      0.00      0.00      0.00      0.00      0.00      0.00
  9771.05      0.00      0.00      0.00      0.00      0.00      0.00      0.00      0.00      0.00      0.00      0.00      0.00
  9772.05      0.00      0.00      0.00      0.00      0.00      0.00      0.00      0.00      0.00      0.00      0.00      0.00
  9773.05      0.00      0.00      0.00      0.00      0.00      0.00      0.00      0.00      0.00      0.00      0.00      0.00
  9774.05      0.00      0.00      0.00      0.00      0.00      0.00      0.00      0.00      0.00      0.00      0.00      0.00
  9775.05      0.00      0.00      0.00      0.00      0.00      0.00      0.00      0.00      0.00      0.00      0.00      0.00
  9776.05      0.00      0.00      0.00      0.00      0.00      0.00      0.00      0.00      0.00      0.00      0.00      0.00
  9777.05      0.00      0.00      0.00      0.00      0.00      0.00      0.00      0.00      0.00      0.00      0.00      0.00
  9778.05      0.00      0.00      0.00      0.00      0.00      0.00      0.00      0.00      0.00      0.00      0.00      0.00
  9779.05      0.00      0.00      0.00      0.00      0.00      0.00      0.00      0.00      0.00      0.00      0.00      0.00
  9780.05      0.00      0.00      0.00      0.00      0.00      0.00      0.00      0.00      0.00      0.00      0.00      0.00
  9781.05      0.00      0.00      0.00      0.00      0.00      0.00      0.00      0.00      0.00      0.00      0.00      0.00
  9782.05      0.00      0.00      0.00      0.00      0.00      0.00      0.00      0.00      0.00      0.00      0.00      0.00
  9783.05      0.00      0.00      0.00      0.00      0.00      0.00      0.00      0.00      0.00      0.00      0.00      0.00
  9784.05      0.00      0.00      0.00      0.00      0.00      0.00      0.00      0.00      0.00      0.00      0.00      0.00
  9785.05      0.00      0.00      0.00      0.00      0.00      0.00      0.00      0.00      0.00      0.00      0.00      0.00
  9786.05      0.00      0.00      0.00      0.00      0.00      0.00      0.00      0.00      0.00      0.00      0.00      0.00
  9787.05      0.00      0.00      0.00      0.00      0.00      0.00      0.00      0.00      0.00      0.00      0.00      0.00
  9788.05      0.00      0.00      0.00      0.00      0.00      0.00      0.00      0.00      0.00      0.00      0.00      0.00
  9789.05      0.00      0.00      0.00      0.00      0.00      0.00      0.00      0.00      0.00      0.00      0.00      0.00
  9790.05      0.00      0.00      0.00      0.00      0.00      0.00      0.00      0.00      0.00      0.00      0.00      0.00
  9791.05      0.00      0.00      0.00      0.00      0.00      0.00      0.00      0.00      0.00      0.00      0.00      0.00
  9792.05      0.00      0.00      0.00      0.00      0.00      0.00      0.00      0.00      0.00      0.00      0.00      0.00
  9793.05      0.00      0.00      0.00      0.00      0.00      0.00      0.00      0.00      0.00      0.00      0.00      0.00
  9794.05      0.00      0.00      0.00      0.00      0.00      0.00      0.00      0.00      0.00      0.00      0.00      0.00
  9795.05      0.00      0.00      0.00      0.00      0.00      0.00      0.00      0.00      0.00      0.00      0.00      0.00
  9796.05      0.00      0.00      0.00      0.00      0.00      0.00      0.00      0.00      0.00      0.00      0.00      0.00
  9797.05      0.00      0.00      0.00      0.00      0.00      0.00      0.00      0.00      0.00      0.00      0.00      0.00
  9798.05      0.00      0.00      0.00      0.00      0.00      0.00      0.00      0.00      0.00      0.00      0.00      0.00
  9799.05      0.00      0.00      0.00      0.00      0.00      0.00      0.00      0.00      0.00      0.00      0.00      0.00
  9800.05      0.00      0.00      0.00      0.00      0.00      0.00      0.00      0.00      0.00      0.00      0.00      0.00
  9801.05      0.00      0.00      0.00      0.00      0.00      0.00      0.00      0.00      0.00      0.00      0.00      0.00
  9802.05      0.00      0.00      0.00      0.00      0.00      0.00      0.00      0.00      0.00      0.00      0.00      0.00
  9803.05      0.00      0.00      0.00      0.00      0.00      0.00      0.00      0.00      0.00      0.00      0.00      0.00
  9804.05      0.00      0.00      0.00      0.00      0.00      0.00      0.00      0.00      0.00      0.00      0.00      0.00
  9805.05      0.00      0.00      0.00      0.00      0.00      0.00      0.00      0.00      0.00      0.00      0.00      0.00
  9806.05      0.00      0.00      0.00      0.00      0.00      0.00      0.00      0.00      0.00      0.00      0.00      0.00
  9807.05      0.00      0.00      0.00      0.00      0.00      0.00      0.00      0.00      0.00      0.00      0.00      0.00
  9808.05      0.00      0.00      0.00      0.00      0.00      0.00      0.00      0.00      0.00      0.00      0.00      0.00
  9809.05      0.00      0.00      0.00      0.00      0.00      0.00      0.00      0.00      0.00      0.00      0.00      0.00
  9810.05      0.00      0.00      0.00      0.00      0.00      0.00      0.00      0.00      0.00      0.00      0.00      0.00
  9811.05      0.00      0.00      0.00      0.00      0.00      0.00      0.00      0.00      0.00      0.00      0.00      0.00
  9812.05      0.00      0.00      0.00      0.00      0.00      0.00      0.00      0.00      0.00      0.00      0.00      0.00
  9813.05      0.00      0.00      0.00      0.00      0.00      0.00      0.00      0.00      0.00      0.00      0.00      0.00
  9814.05      0.00      0.00      0.00      0.00      0.00      0.00      0.00      0.00      0.00      0.00      0.00      0.00
  9815.05      0.00      0.00      0.00      0.00      0.00      0.00      0.00      0.00      0.00      0.00      0.00      0.00
  9816.05      0.00      0.00      0.00      0.00      0.00      0.00      0.00      0.00      0.00      0.00      0.00      0.00
  9817.05      0.00      0.00      0.00      0.00      0.00      0.00      0.00      0.00      0.00      0.00      0.00      0.00
  9818.05      0.00      0.00      0.00      0.00      0.00      0.00      0.00      0.00      0.00      0.00      0.00      0.00
  9819.05      0.00      0.00      0.00      0.00      0.00      0.00      0.00      0.00      0.00      0.00      0.00      0.00
  9820.05      0.00      0.00      0.00      0.00      0.00      0.00      0.00      0.00      0.00      0.00      0.00      0.00
  9821.05      0.00      0.00      0.00      0.00      0.00      0.00      0.00      0.00      0.00      0.00      0.00      0.00
  9822.05      0.00      0.00      0.00      0.00      0.00      0.00      0.00      0.00      0.00      0.00      0.00      0.00
  9823.05      0.00      0.00      0.00      0.00      0.00      0.00      0.00      0.00      0.00      0.00      0.00      0.00
  9824.05      0.00      0.00      0.00      0.00      0.00      0.00      0.00      0.00      0.00      0.00      0.00      0.00
